family,target,n,kind,measured,contrast,delta_pp,ci_low_pp,ci_high_pp,margin_delta_bpb
vintage,Openness,2,trait,Openness,high-minus-balanced-mean,2.825,2.049375,3.6500000000000004,0.018975980431807055
vintage,Openness,2,trait,Openness,low-minus-balanced-mean,-3.125,-4.075,-2.1500000000000004,-0.018465239116245834
vintage,Openness,2,trait,Conscientiousness,high-minus-balanced-mean,-0.5250000000000001,-1.0750000000000002,-0.04999999999999996,-0.005488572227613687
vintage,Openness,2,trait,Conscientiousness,low-minus-balanced-mean,0.7749999999999999,0.24999999999999997,1.3250000000000002,0.005902527136752707
vintage,Openness,2,trait,Extraversion,high-minus-balanced-mean,0.8750000000000001,0.275,1.4250000000000003,0.0072195808066404625
vintage,Openness,2,trait,Extraversion,low-minus-balanced-mean,-0.9250000000000002,-1.5250000000000001,-0.35,-0.00728357036849481
vintage,Openness,2,trait,Agreeableness,high-minus-balanced-mean,1.3000000000000003,0.625,2.025,0.0065336661266089365
vintage,Openness,2,trait,Agreeableness,low-minus-balanced-mean,-1.3,-2.075,-0.6,-0.006965802428624604
vintage,Openness,2,trait,Neuroticism,high-minus-balanced-mean,-0.175,-0.8750000000000001,0.49999999999999994,-0.0008887004554689971
vintage,Openness,2,trait,Neuroticism,low-minus-balanced-mean,0.07500000000000001,-0.625625,0.8,0.0011859855195671682
vintage,Openness,2,trait,Machiavellianism,high-minus-balanced-mean,0.25,-0.4500000000000001,0.9506249999999968,0.00030808731541511993
vintage,Openness,2,trait,Machiavellianism,low-minus-balanced-mean,-0.25,-1.1749999999999998,0.575,-6.408369785903888e-05
vintage,Openness,2,trait,Narcissism,high-minus-balanced-mean,0.07499999999999996,-0.5250000000000001,0.7256249999999966,0.0002620163581793843
vintage,Openness,2,trait,Narcissism,low-minus-balanced-mean,-0.12499999999999992,-0.6500000000000001,0.44999999999999996,0.00038930039361732816
vintage,Openness,2,trait,Psychopathy,high-minus-balanced-mean,-0.9249999999999998,-1.5256250000000002,-0.32500000000000007,-0.0016349919098416102
vintage,Openness,2,trait,Psychopathy,low-minus-balanced-mean,0.8750000000000002,0.32499999999999996,1.475,0.0024221964762596317
vintage,Openness,4,trait,Openness,high-minus-balanced-mean,4.6,3.5250000000000004,5.850624999999996,0.026494594244895718
vintage,Openness,4,trait,Openness,low-minus-balanced-mean,-4.65,-5.75,-3.5500000000000003,-0.027653219850734816
vintage,Openness,4,trait,Conscientiousness,high-minus-balanced-mean,-0.625,-1.4249999999999998,0.09999999999999998,-0.00571657201760452
vintage,Openness,4,trait,Conscientiousness,low-minus-balanced-mean,1.4249999999999998,0.7243749999999999,2.2,0.008633084827108565
vintage,Openness,4,trait,Extraversion,high-minus-balanced-mean,1.175,0.42500000000000004,1.975,0.007721241101101455
vintage,Openness,4,trait,Extraversion,low-minus-balanced-mean,-0.975,-1.7500000000000002,-0.2743750000000033,-0.00810149955463335
vintage,Openness,4,trait,Agreeableness,high-minus-balanced-mean,2.4250000000000003,1.525,3.375,0.009588263245948178
vintage,Openness,4,trait,Agreeableness,low-minus-balanced-mean,-2.475,-3.4000000000000004,-1.575,-0.009936478398010947
vintage,Openness,4,trait,Neuroticism,high-minus-balanced-mean,0.05000000000000001,-0.7250000000000001,0.9250000000000002,0.0014078036894690903
vintage,Openness,4,trait,Neuroticism,low-minus-balanced-mean,-0.14999999999999997,-0.95,0.6499999999999999,-0.0011539829035986339
vintage,Openness,4,trait,Machiavellianism,high-minus-balanced-mean,0.20000000000000004,-0.6256250000000001,1.1006249999999969,0.001334090672561004
vintage,Openness,4,trait,Machiavellianism,low-minus-balanced-mean,-0.1,-0.9249999999999999,0.6506249999999968,-0.0020032450243557044
vintage,Openness,4,trait,Narcissism,high-minus-balanced-mean,-0.17500000000000004,-0.75,0.375,-0.0005677813876901552
vintage,Openness,4,trait,Narcissism,low-minus-balanced-mean,0.42500000000000004,-0.30000000000000004,1.175,0.0009158385179258189
vintage,Openness,4,trait,Psychopathy,high-minus-balanced-mean,-0.35,-0.9750000000000002,0.27499999999999997,-0.0014785099995798046
vintage,Openness,4,trait,Psychopathy,low-minus-balanced-mean,0.44999999999999996,-0.175,1.05,0.001018782767863002
vintage,Openness,8,trait,Openness,high-minus-balanced-mean,7.475,6.0493749999999995,9.050624999999998,0.03723549150159299
vintage,Openness,8,trait,Openness,low-minus-balanced-mean,-6.625,-8.025625,-5.300000000000001,-0.03748814862019961
vintage,Openness,8,trait,Openness,high-reverse-minus-forward,-0.6000000000000001,-1.3000000000000003,0.15000000000000002,-0.0002668379356686263
vintage,Openness,8,trait,Openness,low-reverse-minus-forward,0.25,-0.5,1.0,-0.000964590967507217
vintage,Openness,8,trait,Conscientiousness,high-minus-balanced-mean,-1.6500000000000001,-2.5250000000000004,-0.8500000000000001,-0.01189282436778921
vintage,Openness,8,trait,Conscientiousness,low-minus-balanced-mean,0.9500000000000002,0.19937499999999986,1.825,0.009985294011805581
vintage,Openness,8,trait,Conscientiousness,high-reverse-minus-forward,-0.4,-0.9500000000000002,0.19999999999999996,-0.001431754911700953
vintage,Openness,8,trait,Conscientiousness,low-reverse-minus-forward,0.3,-0.15000000000000002,0.8,0.0009418968061183118
vintage,Openness,8,trait,Extraversion,high-minus-balanced-mean,2.325,1.4,3.3499999999999996,0.012601429224131117
vintage,Openness,8,trait,Extraversion,low-minus-balanced-mean,-1.7750000000000001,-2.7506250000000003,-0.8250000000000002,-0.01252045919959267
vintage,Openness,8,trait,Extraversion,high-reverse-minus-forward,0.04999999999999999,-0.65,0.75,0.0006802262364305807
vintage,Openness,8,trait,Extraversion,low-reverse-minus-forward,-0.35000000000000003,-0.9000000000000001,0.25,-0.000892863102946769
vintage,Openness,8,trait,Agreeableness,high-minus-balanced-mean,2.3749999999999996,1.3493749999999998,3.45,0.010923865631305107
vintage,Openness,8,trait,Agreeableness,low-minus-balanced-mean,-2.275,-3.325,-1.3,-0.011472540611825087
vintage,Openness,8,trait,Agreeableness,high-reverse-minus-forward,-0.35,-1.05,0.35,0.00047677827759495524
vintage,Openness,8,trait,Agreeableness,low-reverse-minus-forward,-0.3000000000000001,-1.05,0.5,-0.0018741428871019178
vintage,Openness,8,trait,Neuroticism,high-minus-balanced-mean,0.625,-0.35,1.6756249999999966,0.0003176987360464304
vintage,Openness,8,trait,Neuroticism,low-minus-balanced-mean,-0.9749999999999999,-1.8000000000000003,-0.22500000000000003,-0.0004978808028072941
vintage,Openness,8,trait,Neuroticism,high-reverse-minus-forward,-0.25,-1.05,0.55,0.0001714039275001972
vintage,Openness,8,trait,Neuroticism,low-reverse-minus-forward,0.3500000000000001,-0.3,1.05,-0.0024220861416516764
vintage,Openness,8,trait,Machiavellianism,high-minus-balanced-mean,1.25,0.3243749999999999,2.250624999999997,0.0047787612375394355
vintage,Openness,8,trait,Machiavellianism,low-minus-balanced-mean,-0.55,-1.425,0.3500000000000001,-0.005276030062361337
vintage,Openness,8,trait,Machiavellianism,high-reverse-minus-forward,-0.15000000000000008,-0.8000000000000002,0.5000000000000001,-0.0016967257868027025
vintage,Openness,8,trait,Machiavellianism,low-reverse-minus-forward,0.05000000000000003,-0.65,0.7500000000000001,0.0003831639516174354
vintage,Openness,8,trait,Narcissism,high-minus-balanced-mean,-0.22499999999999998,-1.075,0.5749999999999998,0.0004490949859874738
vintage,Openness,8,trait,Narcissism,low-minus-balanced-mean,0.17500000000000004,-0.7506250000000001,1.1506249999999967,-0.0013899899317992388
vintage,Openness,8,trait,Narcissism,high-reverse-minus-forward,0.4000000000000001,-0.30000000000000004,1.1,-0.001313785810541973
vintage,Openness,8,trait,Narcissism,low-reverse-minus-forward,-0.4,-1.1,0.25000000000000006,-0.0015322687860203923
vintage,Openness,8,trait,Psychopathy,high-minus-balanced-mean,-0.6000000000000001,-1.2000000000000002,-0.04999999999999999,0.00028926424473229884
vintage,Openness,8,trait,Psychopathy,low-minus-balanced-mean,0.8500000000000001,0.22437499999999996,1.5000000000000002,-0.00020094273125057072
vintage,Openness,8,trait,Psychopathy,high-reverse-minus-forward,0.30000000000000004,-0.1,0.7000000000000001,-0.0007260896513899834
vintage,Openness,8,trait,Psychopathy,low-reverse-minus-forward,-0.1,-0.55,0.3499999999999999,-0.001064628926007286
vintage,Openness,16,trait,Openness,high-minus-balanced-mean,11.025,9.174999999999999,13.174999999999997,0.05188332603694107
vintage,Openness,16,trait,Openness,low-minus-balanced-mean,-10.174999999999999,-12.175625,-8.399999999999999,-0.05286521422217682
vintage,Openness,16,trait,Conscientiousness,high-minus-balanced-mean,-2.6499999999999995,-3.750625,-1.575,-0.015743613160852182
vintage,Openness,16,trait,Conscientiousness,low-minus-balanced-mean,1.4500000000000002,0.7,2.25,0.011616359945343692
vintage,Openness,16,trait,Extraversion,high-minus-balanced-mean,3.8000000000000007,2.575,5.0249999999999995,0.02267232274513206
vintage,Openness,16,trait,Extraversion,low-minus-balanced-mean,-3.6000000000000005,-4.875,-2.4250000000000003,-0.023803689557590175
vintage,Openness,16,trait,Agreeableness,high-minus-balanced-mean,2.5,1.2993750000000002,3.750624999999997,0.012343964760333592
vintage,Openness,16,trait,Agreeableness,low-minus-balanced-mean,-2.65,-3.7750000000000004,-1.5493750000000033,-0.014016386004738863
vintage,Openness,16,trait,Neuroticism,high-minus-balanced-mean,0.24999999999999997,-1.0,1.55,-0.0010067265900457628
vintage,Openness,16,trait,Neuroticism,low-minus-balanced-mean,0.95,-0.0500000000000001,2.0006249999999963,0.003066501902607216
vintage,Openness,16,trait,Machiavellianism,high-minus-balanced-mean,1.2999999999999998,0.07500000000000018,2.525,0.0051070231812182666
vintage,Openness,16,trait,Machiavellianism,low-minus-balanced-mean,-0.8500000000000001,-1.975,0.29999999999999993,-0.003676401352948385
vintage,Openness,16,trait,Narcissism,high-minus-balanced-mean,-0.30000000000000004,-1.2999999999999998,0.6500000000000001,0.00011167271559466188
vintage,Openness,16,trait,Narcissism,low-minus-balanced-mean,0.8,-0.22499999999999995,1.875,-0.001514251073357902
vintage,Openness,16,trait,Psychopathy,high-minus-balanced-mean,0.1,-0.6250000000000001,0.8750000000000001,0.0027519085811934917
vintage,Openness,16,trait,Psychopathy,low-minus-balanced-mean,-0.15000000000000002,-0.75,0.4499999999999999,-0.0027643851933471155
vintage,Openness,32,trait,Openness,high-minus-balanced-mean,14.024999999999999,11.974374999999998,16.27624999999999,0.06341294807933764
vintage,Openness,32,trait,Openness,low-minus-balanced-mean,-13.775,-16.050625,-11.575,-0.07403246263161012
vintage,Openness,32,trait,Conscientiousness,high-minus-balanced-mean,-3.5000000000000004,-4.625,-2.45,-0.019154873126905808
vintage,Openness,32,trait,Conscientiousness,low-minus-balanced-mean,2.05,1.075,3.075,0.017479292137289073
vintage,Openness,32,trait,Extraversion,high-minus-balanced-mean,4.45,3.2243749999999993,5.675000000000001,0.035294820531119535
vintage,Openness,32,trait,Extraversion,low-minus-balanced-mean,-5.7,-7.000000000000001,-4.449375000000004,-0.040595170021191375
vintage,Openness,32,trait,Agreeableness,high-minus-balanced-mean,2.0,0.6499999999999999,3.375624999999997,0.013475415390788585
vintage,Openness,32,trait,Agreeableness,low-minus-balanced-mean,-3.15,-4.35,-1.9493750000000036,-0.01517239298022718
vintage,Openness,32,trait,Neuroticism,high-minus-balanced-mean,-1.225,-2.4250000000000003,0.0006249999999965168,-0.005138521027944396
vintage,Openness,32,trait,Neuroticism,low-minus-balanced-mean,1.275,-0.07499999999999996,2.675624999999997,0.009645425315812015
vintage,Openness,32,trait,Machiavellianism,high-minus-balanced-mean,1.8500000000000003,0.6999999999999998,3.1006249999999964,0.008830560780324577
vintage,Openness,32,trait,Machiavellianism,low-minus-balanced-mean,-2.1500000000000004,-3.4000000000000004,-0.9000000000000001,-0.00849513223257897
vintage,Openness,32,trait,Narcissism,high-minus-balanced-mean,-0.17499999999999985,-1.375,1.075624999999997,0.007822138643059286
vintage,Openness,32,trait,Narcissism,low-minus-balanced-mean,-0.8750000000000001,-1.8756249999999999,0.04999999999999998,-0.009840452975552085
vintage,Openness,32,trait,Psychopathy,high-minus-balanced-mean,0.7749999999999999,-0.17500000000000004,1.7500000000000002,0.010538692132608907
vintage,Openness,32,trait,Psychopathy,low-minus-balanced-mean,-0.525,-1.200625,0.125,-0.010494032398872921
vintage,Conscientiousness,2,trait,Openness,high-minus-balanced-mean,0.65,-0.22499999999999976,1.5,6.868053650508528e-06
vintage,Conscientiousness,2,trait,Openness,low-minus-balanced-mean,-0.3,-1.1,0.5499999999999998,-0.0005054667521706556
vintage,Conscientiousness,2,trait,Conscientiousness,high-minus-balanced-mean,4.625,3.4750000000000005,5.75,0.04062762296369302
vintage,Conscientiousness,2,trait,Conscientiousness,low-minus-balanced-mean,-5.175,-6.225,-4.125,-0.03628350198802495
vintage,Conscientiousness,2,trait,Extraversion,high-minus-balanced-mean,-1.4000000000000001,-2.1256250000000003,-0.675,-0.010019581030262174
vintage,Conscientiousness,2,trait,Extraversion,low-minus-balanced-mean,1.25,0.4,2.1,0.009060193243568554
vintage,Conscientiousness,2,trait,Agreeableness,high-minus-balanced-mean,-0.6000000000000001,-1.5250000000000001,0.32499999999999996,0.0007371940471932945
vintage,Conscientiousness,2,trait,Agreeableness,low-minus-balanced-mean,-6.938893903907228e-18,-0.8000000000000002,0.7749999999999999,-0.0020154394330511565
vintage,Conscientiousness,2,trait,Neuroticism,high-minus-balanced-mean,0.7000000000000002,-0.22499999999999987,1.5756249999999965,0.002472920351023202
vintage,Conscientiousness,2,trait,Neuroticism,low-minus-balanced-mean,-0.04999999999999996,-0.95,0.8500000000000001,-0.0020479763373756183
vintage,Conscientiousness,2,trait,Machiavellianism,high-minus-balanced-mean,0.5250000000000001,-0.3000000000000001,1.4000000000000001,0.0016189195507186577
vintage,Conscientiousness,2,trait,Machiavellianism,low-minus-balanced-mean,-0.9250000000000002,-1.9506250000000003,0.04999999999999999,-0.0016796555761731196
vintage,Conscientiousness,2,trait,Narcissism,high-minus-balanced-mean,0.22500000000000003,-0.30000000000000004,0.775,-0.000524211396274784
vintage,Conscientiousness,2,trait,Narcissism,low-minus-balanced-mean,-0.17500000000000002,-0.8250000000000001,0.45000000000000007,0.0011967926275371881
vintage,Conscientiousness,2,trait,Psychopathy,high-minus-balanced-mean,-2.225,-3.075,-1.475,-0.012890907535704899
vintage,Conscientiousness,2,trait,Psychopathy,low-minus-balanced-mean,1.475,0.775,2.2006249999999965,0.012247474654211998
vintage,Conscientiousness,4,trait,Openness,high-minus-balanced-mean,-0.025000000000000078,-1.175,1.15,-0.002685551304857647
vintage,Conscientiousness,4,trait,Openness,low-minus-balanced-mean,-0.625,-1.6506250000000005,0.47500000000000014,0.0030117476515130782
vintage,Conscientiousness,4,trait,Conscientiousness,high-minus-balanced-mean,6.824999999999999,5.425000000000001,8.275625,0.06283892453124505
vintage,Conscientiousness,4,trait,Conscientiousness,low-minus-balanced-mean,-7.775,-9.350000000000001,-6.25,-0.05330154028062743
vintage,Conscientiousness,4,trait,Extraversion,high-minus-balanced-mean,-2.6500000000000004,-3.6249999999999996,-1.775,-0.017843807545691346
vintage,Conscientiousness,4,trait,Extraversion,low-minus-balanced-mean,2.6500000000000004,1.7000000000000002,3.700624999999997,0.015297058516994602
vintage,Conscientiousness,4,trait,Agreeableness,high-minus-balanced-mean,1.025,0.07499999999999996,2.025,0.00478789802343203
vintage,Conscientiousness,4,trait,Agreeableness,low-minus-balanced-mean,0.17499999999999996,-0.9250000000000002,1.275,-0.003832046762420594
vintage,Conscientiousness,4,trait,Neuroticism,high-minus-balanced-mean,1.475,0.17437499999999997,2.7249999999999996,0.006576516009883702
vintage,Conscientiousness,4,trait,Neuroticism,low-minus-balanced-mean,-0.7750000000000001,-1.975,0.4500000000000001,-0.005155984318872896
vintage,Conscientiousness,4,trait,Machiavellianism,high-minus-balanced-mean,0.9500000000000002,-0.04999999999999993,2.0,0.0018320121134498912
vintage,Conscientiousness,4,trait,Machiavellianism,low-minus-balanced-mean,-0.7999999999999998,-1.925,0.32499999999999996,-0.0013461019441131639
vintage,Conscientiousness,4,trait,Narcissism,high-minus-balanced-mean,0.5250000000000001,-0.350625,1.4000000000000001,-0.0009262963007761532
vintage,Conscientiousness,4,trait,Narcissism,low-minus-balanced-mean,0.375,-0.4,1.175,0.001293883303740902
vintage,Conscientiousness,4,trait,Psychopathy,high-minus-balanced-mean,-2.5,-3.6000000000000005,-1.4743750000000035,-0.022123597990644707
vintage,Conscientiousness,4,trait,Psychopathy,low-minus-balanced-mean,2.1,1.2500000000000002,2.9750000000000005,0.018105810830469048
vintage,Conscientiousness,8,trait,Openness,high-minus-balanced-mean,0.9749999999999999,-0.4000000000000001,2.325,-0.0031002263652099658
vintage,Conscientiousness,8,trait,Openness,low-minus-balanced-mean,0.07499999999999996,-1.050625,1.2756249999999973,0.00484235667313907
vintage,Conscientiousness,8,trait,Openness,high-reverse-minus-forward,-0.25000000000000006,-0.9000000000000001,0.4,0.0009904236396693937
vintage,Conscientiousness,8,trait,Openness,low-reverse-minus-forward,0.20000000000000004,-0.55,0.9000000000000001,-0.00012621860654504945
vintage,Conscientiousness,8,trait,Conscientiousness,high-minus-balanced-mean,9.05,7.199999999999999,10.975,0.08212224753183371
vintage,Conscientiousness,8,trait,Conscientiousness,low-minus-balanced-mean,-11.2,-13.124999999999998,-9.350000000000001,-0.07429403221839628
vintage,Conscientiousness,8,trait,Conscientiousness,high-reverse-minus-forward,0.25000000000000006,-0.4,0.9000000000000001,-0.0008683420256030841
vintage,Conscientiousness,8,trait,Conscientiousness,low-reverse-minus-forward,-0.15000000000000005,-0.8,0.5,-0.0019664090880895826
vintage,Conscientiousness,8,trait,Extraversion,high-minus-balanced-mean,-2.5,-3.4756250000000004,-1.5993750000000033,-0.021342212432110416
vintage,Conscientiousness,8,trait,Extraversion,low-minus-balanced-mean,3.45,2.3000000000000003,4.699999999999999,0.01980237139005144
vintage,Conscientiousness,8,trait,Extraversion,high-reverse-minus-forward,0.30000000000000004,-0.15000000000000008,0.8,0.0025152597639355534
vintage,Conscientiousness,8,trait,Extraversion,low-reverse-minus-forward,0.15000000000000002,-0.3500000000000001,0.7,0.0017815652726983072
vintage,Conscientiousness,8,trait,Agreeableness,high-minus-balanced-mean,-0.6249999999999999,-1.7756250000000002,0.5006249999999968,0.0023940174369775006
vintage,Conscientiousness,8,trait,Agreeableness,low-minus-balanced-mean,0.275,-0.9999999999999999,1.5499999999999998,-0.0030926905834171747
vintage,Conscientiousness,8,trait,Agreeableness,high-reverse-minus-forward,0.25,-0.45000000000000007,0.9500000000000002,-0.0001589735887421635
vintage,Conscientiousness,8,trait,Agreeableness,low-reverse-minus-forward,-0.10000000000000002,-0.8,0.65,0.00037667430286426233
vintage,Conscientiousness,8,trait,Neuroticism,high-minus-balanced-mean,2.3249999999999997,0.874375,3.8,0.009783909408010246
vintage,Conscientiousness,8,trait,Neuroticism,low-minus-balanced-mean,-1.125,-2.425,0.24999999999999997,-0.007640440201807739
vintage,Conscientiousness,8,trait,Neuroticism,high-reverse-minus-forward,-0.75,-1.6500000000000001,0.10000000000000002,-0.002616341380612809
vintage,Conscientiousness,8,trait,Neuroticism,low-reverse-minus-forward,0.75,-1.3877787807814457e-17,1.6,0.0003932343971925914
vintage,Conscientiousness,8,trait,Machiavellianism,high-minus-balanced-mean,1.2499999999999998,0.14999999999999997,2.425624999999996,0.0030265761451143337
vintage,Conscientiousness,8,trait,Machiavellianism,low-minus-balanced-mean,-0.44999999999999996,-1.7249999999999999,0.775,-0.002528372752903778
vintage,Conscientiousness,8,trait,Machiavellianism,high-reverse-minus-forward,-0.55,-1.2,0.10000000000000002,-0.0020758098821461977
vintage,Conscientiousness,8,trait,Machiavellianism,low-reverse-minus-forward,-0.45000000000000007,-1.3000000000000003,0.35124999999999335,-0.001138647321396495
vintage,Conscientiousness,8,trait,Narcissism,high-minus-balanced-mean,0.4750000000000001,-0.3249999999999999,1.3250000000000002,0.0016338913595102655
vintage,Conscientiousness,8,trait,Narcissism,low-minus-balanced-mean,-0.9750000000000002,-1.7500000000000002,-0.27499999999999997,-0.000542065241730454
vintage,Conscientiousness,8,trait,Narcissism,high-reverse-minus-forward,0.15000000000000002,-0.4,0.7000000000000001,-7.907705863589618e-05
vintage,Conscientiousness,8,trait,Narcissism,low-reverse-minus-forward,0.6000000000000001,-0.05000000000000001,1.2512499999999933,0.0008752757668693818
vintage,Conscientiousness,8,trait,Psychopathy,high-minus-balanced-mean,-2.8,-3.8,-1.8250000000000002,-0.026611721909719863
vintage,Conscientiousness,8,trait,Psychopathy,low-minus-balanced-mean,2.3000000000000003,1.375,3.3249999999999993,0.022159041096300403
vintage,Conscientiousness,8,trait,Psychopathy,high-reverse-minus-forward,0.2,-0.25000000000000006,0.6500000000000001,0.001496016119183049
vintage,Conscientiousness,8,trait,Psychopathy,low-reverse-minus-forward,0.14999999999999997,-0.30000000000000004,0.6500000000000001,0.0022591633150476392
vintage,Conscientiousness,16,trait,Openness,high-minus-balanced-mean,-0.050000000000000044,-1.725,1.5249999999999995,-0.006653882424263452
vintage,Conscientiousness,16,trait,Openness,low-minus-balanced-mean,0.8,-0.4999999999999998,2.15,0.00890416192871016
vintage,Conscientiousness,16,trait,Conscientiousness,high-minus-balanced-mean,12.35,10.100000000000001,14.649999999999999,0.11210756867945584
vintage,Conscientiousness,16,trait,Conscientiousness,low-minus-balanced-mean,-16.349999999999998,-18.800625,-13.974999999999998,-0.09781505670884388
vintage,Conscientiousness,16,trait,Extraversion,high-minus-balanced-mean,-3.0250000000000004,-4.175000000000001,-1.9500000000000004,-0.028440171215488273
vintage,Conscientiousness,16,trait,Extraversion,low-minus-balanced-mean,4.075,2.675,5.549999999999999,0.024810159227449332
vintage,Conscientiousness,16,trait,Agreeableness,high-minus-balanced-mean,-0.3250000000000002,-1.725,1.1756249999999964,0.0036030660791718477
vintage,Conscientiousness,16,trait,Agreeableness,low-minus-balanced-mean,-0.22500000000000006,-1.8499999999999999,1.3499999999999999,-0.003801411595206975
vintage,Conscientiousness,16,trait,Neuroticism,high-minus-balanced-mean,3.0250000000000004,1.5000000000000004,4.550624999999997,0.015181312635685545
vintage,Conscientiousness,16,trait,Neuroticism,low-minus-balanced-mean,-1.8250000000000002,-3.4000000000000004,-0.30000000000000004,-0.01039254937596424
vintage,Conscientiousness,16,trait,Machiavellianism,high-minus-balanced-mean,2.2249999999999996,0.9250000000000002,3.650624999999997,0.004564269942747569
vintage,Conscientiousness,16,trait,Machiavellianism,low-minus-balanced-mean,-0.4750000000000001,-1.9250000000000003,0.9249999999999998,-0.0034822258238567344
vintage,Conscientiousness,16,trait,Narcissism,high-minus-balanced-mean,0.4,-0.475,1.35,0.0013470365071411444
vintage,Conscientiousness,16,trait,Narcissism,low-minus-balanced-mean,-0.4,-1.475,0.675,-0.0020527272167074747
vintage,Conscientiousness,16,trait,Psychopathy,high-minus-balanced-mean,-2.8249999999999997,-4.15,-1.5500000000000003,-0.03773804822264094
vintage,Conscientiousness,16,trait,Psychopathy,low-minus-balanced-mean,3.325,2.1500000000000004,4.550000000000001,0.027453036082371193
vintage,Conscientiousness,32,trait,Openness,high-minus-balanced-mean,-0.6249999999999999,-2.4006250000000002,1.25,-0.011059191875312555
vintage,Conscientiousness,32,trait,Openness,low-minus-balanced-mean,1.0749999999999997,-0.4749999999999999,2.8,0.011837397135754041
vintage,Conscientiousness,32,trait,Conscientiousness,high-minus-balanced-mean,13.850000000000001,11.324375,16.425,0.1319993886009432
vintage,Conscientiousness,32,trait,Conscientiousness,low-minus-balanced-mean,-20.1,-22.724999999999998,-17.5,-0.1159230847246382
vintage,Conscientiousness,32,trait,Extraversion,high-minus-balanced-mean,-4.825000000000001,-6.1499999999999995,-3.549375000000003,-0.04231170104023446
vintage,Conscientiousness,32,trait,Extraversion,low-minus-balanced-mean,5.425000000000001,3.9,7.049999999999999,0.032614037944298506
vintage,Conscientiousness,32,trait,Agreeableness,high-minus-balanced-mean,-0.8500000000000001,-2.4499999999999997,0.6749999999999998,0.003575868064004773
vintage,Conscientiousness,32,trait,Agreeableness,low-minus-balanced-mean,-1.55,-3.225,0.07499999999999998,-0.0068545950136027645
vintage,Conscientiousness,32,trait,Neuroticism,high-minus-balanced-mean,4.825,2.874375,6.849999999999999,0.02336141308702113
vintage,Conscientiousness,32,trait,Neuroticism,low-minus-balanced-mean,-3.7249999999999996,-5.375,-2.1500000000000004,-0.015741401957503127
vintage,Conscientiousness,32,trait,Machiavellianism,high-minus-balanced-mean,1.9250000000000003,0.6,3.2006249999999965,0.0047761984797375315
vintage,Conscientiousness,32,trait,Machiavellianism,low-minus-balanced-mean,-1.0749999999999997,-2.55,0.37499999999999994,-0.0030791313248438134
vintage,Conscientiousness,32,trait,Narcissism,high-minus-balanced-mean,0.7749999999999999,-0.17499999999999996,1.775,-0.0004851429404946081
vintage,Conscientiousness,32,trait,Narcissism,low-minus-balanced-mean,-1.425,-2.675625,-0.20000000000000004,0.0005015712511842443
vintage,Conscientiousness,32,trait,Psychopathy,high-minus-balanced-mean,-2.85,-4.2006250000000005,-1.5000000000000002,-0.044490834073178595
vintage,Conscientiousness,32,trait,Psychopathy,low-minus-balanced-mean,3.85,2.375,5.375,0.03159814260719005
vintage,Extraversion,2,trait,Openness,high-minus-balanced-mean,0.05,-0.6,0.7249999999999999,0.0013148169227072048
vintage,Extraversion,2,trait,Openness,low-minus-balanced-mean,0.050000000000000044,-0.6,0.7000000000000001,-0.0017880426542594536
vintage,Extraversion,2,trait,Conscientiousness,high-minus-balanced-mean,-1.1500000000000001,-1.7249999999999999,-0.625,-0.007104046839009273
vintage,Extraversion,2,trait,Conscientiousness,low-minus-balanced-mean,0.6500000000000001,0.175,1.1500000000000001,0.008035857619576281
vintage,Extraversion,2,trait,Extraversion,high-minus-balanced-mean,2.425,1.6,3.3499999999999996,0.01652235681423845
vintage,Extraversion,2,trait,Extraversion,low-minus-balanced-mean,-2.2750000000000004,-3.075,-1.5500000000000003,-0.016655686834051272
vintage,Extraversion,2,trait,Agreeableness,high-minus-balanced-mean,-0.7,-1.4,2.9143354396402786e-17,-0.0012262399798082576
vintage,Extraversion,2,trait,Agreeableness,low-minus-balanced-mean,0.15,-0.6000000000000001,0.9249999999999999,0.0022705043786751793
vintage,Extraversion,2,trait,Neuroticism,high-minus-balanced-mean,-0.8750000000000001,-1.475,-0.27437500000000337,-0.0045010946311835965
vintage,Extraversion,2,trait,Neuroticism,low-minus-balanced-mean,1.3250000000000002,0.6500000000000001,2.0500000000000003,0.004203732101311994
vintage,Extraversion,2,trait,Machiavellianism,high-minus-balanced-mean,-1.3499999999999999,-2.225,-0.55,-0.0031938336013150586
vintage,Extraversion,2,trait,Machiavellianism,low-minus-balanced-mean,0.19999999999999993,-0.4,0.8256249999999967,0.0018210412118606504
vintage,Extraversion,2,trait,Narcissism,high-minus-balanced-mean,0.7250000000000001,0.22437500000000002,1.275,0.004829622206696346
vintage,Extraversion,2,trait,Narcissism,low-minus-balanced-mean,-0.5750000000000001,-1.0506250000000001,-0.1,-0.006024375357390616
vintage,Extraversion,2,trait,Psychopathy,high-minus-balanced-mean,0.7500000000000001,0.20000000000000004,1.3256249999999967,0.008011134227848432
vintage,Extraversion,2,trait,Psychopathy,low-minus-balanced-mean,-0.8500000000000001,-1.475,-0.22500000000000006,-0.008501637428495195
vintage,Extraversion,4,trait,Openness,high-minus-balanced-mean,1.225,0.45000000000000007,2.075,0.006899916767305726
vintage,Extraversion,4,trait,Openness,low-minus-balanced-mean,-0.17500000000000004,-0.9750000000000002,0.6256249999999968,-0.006252524042489445
vintage,Extraversion,4,trait,Conscientiousness,high-minus-balanced-mean,-1.375,-2.175,-0.625,-0.011141167359349134
vintage,Extraversion,4,trait,Conscientiousness,low-minus-balanced-mean,0.725,0.074375,1.375,0.011681730882635659
vintage,Extraversion,4,trait,Extraversion,high-minus-balanced-mean,4.1,3.125000000000001,5.125,0.025112037189500676
vintage,Extraversion,4,trait,Extraversion,low-minus-balanced-mean,-3.1,-4.050000000000001,-2.2,-0.02407543233879604
vintage,Extraversion,4,trait,Agreeableness,high-minus-balanced-mean,-0.625,-1.5256250000000002,0.22562499999999666,-0.0021486957820474493
vintage,Extraversion,4,trait,Agreeableness,low-minus-balanced-mean,0.475,-0.35,1.3,0.0017189016362282824
vintage,Extraversion,4,trait,Neuroticism,high-minus-balanced-mean,-1.8250000000000002,-2.75,-0.8743750000000032,-0.006734055017748661
vintage,Extraversion,4,trait,Neuroticism,low-minus-balanced-mean,1.8250000000000002,1.0250000000000001,2.6500000000000004,0.0057767530024525685
vintage,Extraversion,4,trait,Machiavellianism,high-minus-balanced-mean,0.25000000000000006,-0.6,1.0750000000000002,-0.001960070898072839
vintage,Extraversion,4,trait,Machiavellianism,low-minus-balanced-mean,0.6500000000000001,-0.17499999999999996,1.400624999999997,0.0005830547762149146
vintage,Extraversion,4,trait,Narcissism,high-minus-balanced-mean,0.9250000000000002,0.14937500000000006,1.6749999999999998,0.009081332332920194
vintage,Extraversion,4,trait,Narcissism,low-minus-balanced-mean,-1.3250000000000002,-1.9500000000000004,-0.7250000000000001,-0.009204117327205906
vintage,Extraversion,4,trait,Psychopathy,high-minus-balanced-mean,1.15,0.6,1.8006249999999966,0.013569984956703505
vintage,Extraversion,4,trait,Psychopathy,low-minus-balanced-mean,-1.4000000000000004,-2.0999999999999996,-0.8,-0.014306409693782083
vintage,Extraversion,8,trait,Openness,high-minus-balanced-mean,2.5,1.5,3.600624999999997,0.010681503657998246
vintage,Extraversion,8,trait,Openness,low-minus-balanced-mean,-0.7,-1.575,0.1750000000000001,-0.010675729414197721
vintage,Extraversion,8,trait,Openness,high-reverse-minus-forward,0.65,-0.09999999999999998,1.4,0.0005251517929036439
vintage,Extraversion,8,trait,Openness,low-reverse-minus-forward,-0.55,-1.2000000000000002,0.05124999999999322,-0.0012533435923291847
vintage,Extraversion,8,trait,Conscientiousness,high-minus-balanced-mean,-2.25,-3.075,-1.4500000000000002,-0.018430654989088545
vintage,Extraversion,8,trait,Conscientiousness,low-minus-balanced-mean,2.45,1.6500000000000001,3.2006249999999965,0.020762635723399897
vintage,Extraversion,8,trait,Conscientiousness,high-reverse-minus-forward,0.45000000000000007,-0.30000000000000004,1.2,0.004864462199265992
vintage,Extraversion,8,trait,Conscientiousness,low-reverse-minus-forward,0.6,0.05,1.1,0.004506071045939513
vintage,Extraversion,8,trait,Extraversion,high-minus-balanced-mean,6.775,5.475,7.9750000000000005,0.03959152900732504
vintage,Extraversion,8,trait,Extraversion,low-minus-balanced-mean,-5.925000000000001,-7.249999999999999,-4.725,-0.04206615094749022
vintage,Extraversion,8,trait,Extraversion,high-reverse-minus-forward,-0.75,-1.5012500000000004,0.0,-0.001012047711611944
vintage,Extraversion,8,trait,Extraversion,low-reverse-minus-forward,-0.2,-0.75,0.3,-0.0009438791970628563
vintage,Extraversion,8,trait,Agreeableness,high-minus-balanced-mean,-1.6,-2.5,-0.7500000000000001,-0.0036089157456480336
vintage,Extraversion,8,trait,Agreeableness,low-minus-balanced-mean,1.1102230246251565e-16,-1.025,1.025,0.0031026587057070643
vintage,Extraversion,8,trait,Agreeableness,high-reverse-minus-forward,0.20000000000000004,-0.55,1.0499999999999998,-0.0013172799974630238
vintage,Extraversion,8,trait,Agreeableness,low-reverse-minus-forward,0.04999999999999999,-0.65,0.7500000000000002,-0.00117204851520004
vintage,Extraversion,8,trait,Neuroticism,high-minus-balanced-mean,-3.375,-4.375625000000001,-2.375,-0.012827361696604084
vintage,Extraversion,8,trait,Neuroticism,low-minus-balanced-mean,3.6249999999999996,2.4749999999999996,4.800000000000001,0.013462492994195292
vintage,Extraversion,8,trait,Neuroticism,high-reverse-minus-forward,0.25,-0.45000000000000007,0.9000000000000001,-0.0016540174906315658
vintage,Extraversion,8,trait,Neuroticism,low-reverse-minus-forward,-0.6000000000000001,-1.5500000000000003,0.34999999999999987,-0.003989235115261931
vintage,Extraversion,8,trait,Machiavellianism,high-minus-balanced-mean,-1.1,-1.9500000000000004,-0.275,-0.0023217290264761306
vintage,Extraversion,8,trait,Machiavellianism,low-minus-balanced-mean,-0.2,-0.9000000000000001,0.525,0.0014217626008348955
vintage,Extraversion,8,trait,Machiavellianism,high-reverse-minus-forward,0.25,-0.45000000000000007,1.0,-0.00037382883492658434
vintage,Extraversion,8,trait,Machiavellianism,low-reverse-minus-forward,5.551115123125783e-17,-0.7012500000000002,0.7,-0.0014583047200296061
vintage,Extraversion,8,trait,Narcissism,high-minus-balanced-mean,1.35,0.5493750000000001,2.2,0.010529808279604747
vintage,Extraversion,8,trait,Narcissism,low-minus-balanced-mean,-1.1,-1.825,-0.4250000000000001,-0.01026910807152503
vintage,Extraversion,8,trait,Narcissism,high-reverse-minus-forward,0.5,-0.04999999999999999,1.05,-0.0002891815651329495
vintage,Extraversion,8,trait,Narcissism,low-reverse-minus-forward,0.20000000000000004,-0.40125000000000005,0.8,-0.0016840300746587833
vintage,Extraversion,8,trait,Psychopathy,high-minus-balanced-mean,2.3000000000000003,1.475,3.175,0.019760014484616548
vintage,Extraversion,8,trait,Psychopathy,low-minus-balanced-mean,-2.25,-3.2,-1.35,-0.021936160756166598
vintage,Extraversion,8,trait,Psychopathy,high-reverse-minus-forward,-0.25,-0.8500000000000001,0.3500000000000001,-0.002395001856206947
vintage,Extraversion,8,trait,Psychopathy,low-reverse-minus-forward,0.0,-0.45000000000000007,0.45000000000000007,-0.0023423507325512965
vintage,Extraversion,16,trait,Openness,high-minus-balanced-mean,4.1000000000000005,2.874375,5.4,0.01816510460776445
vintage,Extraversion,16,trait,Openness,low-minus-balanced-mean,-3.3000000000000003,-4.5,-2.1750000000000007,-0.017274286989207396
vintage,Extraversion,16,trait,Conscientiousness,high-minus-balanced-mean,-3.3000000000000003,-4.375,-2.25,-0.026476764763425482
vintage,Extraversion,16,trait,Conscientiousness,low-minus-balanced-mean,3.25,2.3243750000000003,4.200624999999998,0.03127708353963979
vintage,Extraversion,16,trait,Extraversion,high-minus-balanced-mean,8.925,7.450000000000001,10.4,0.05491016381488516
vintage,Extraversion,16,trait,Extraversion,low-minus-balanced-mean,-9.125,-10.849999999999998,-7.499375000000002,-0.05961814251137135
vintage,Extraversion,16,trait,Agreeableness,high-minus-balanced-mean,-1.0000000000000002,-2.075,0.024999999999999967,0.00018687170252813538
vintage,Extraversion,16,trait,Agreeableness,low-minus-balanced-mean,-0.1,-1.075,0.8999999999999998,-0.0014341812510221454
vintage,Extraversion,16,trait,Neuroticism,high-minus-balanced-mean,-2.95,-4.25,-1.7000000000000002,-0.01144196812171687
vintage,Extraversion,16,trait,Neuroticism,low-minus-balanced-mean,2.85,1.575,4.124999999999999,0.012832970363561364
vintage,Extraversion,16,trait,Machiavellianism,high-minus-balanced-mean,-0.15000000000000013,-1.25,0.9499999999999998,0.0013315913044349714
vintage,Extraversion,16,trait,Machiavellianism,low-minus-balanced-mean,-4.163336342344337e-17,-0.8750000000000001,0.8500000000000001,-0.0011183373925406977
vintage,Extraversion,16,trait,Narcissism,high-minus-balanced-mean,2.2,1.1250000000000002,3.2756249999999967,0.017247863578000212
vintage,Extraversion,16,trait,Narcissism,low-minus-balanced-mean,-1.8000000000000003,-2.725,-0.8500000000000002,-0.016112989689176908
vintage,Extraversion,16,trait,Psychopathy,high-minus-balanced-mean,1.6,0.7493749999999999,2.55,0.021469212776155478
vintage,Extraversion,16,trait,Psychopathy,low-minus-balanced-mean,-1.7500000000000002,-2.55,-1.05,-0.023083946637052682
vintage,Extraversion,32,trait,Openness,high-minus-balanced-mean,5.3,3.699375,7.0249999999999995,0.02520384452569978
vintage,Extraversion,32,trait,Openness,low-minus-balanced-mean,-4.65,-6.1499999999999995,-3.2,-0.027045302694677042
vintage,Extraversion,32,trait,Conscientiousness,high-minus-balanced-mean,-5.050000000000001,-6.275625,-3.8243750000000034,-0.0337210919261468
vintage,Extraversion,32,trait,Conscientiousness,low-minus-balanced-mean,5.6000000000000005,4.125,7.175000000000001,0.04424020898431811
vintage,Extraversion,32,trait,Extraversion,high-minus-balanced-mean,13.925,11.975,15.8,0.08455373748185116
vintage,Extraversion,32,trait,Extraversion,low-minus-balanced-mean,-14.025000000000002,-16.224999999999998,-11.849375000000002,-0.09621906347025572
vintage,Extraversion,32,trait,Agreeableness,high-minus-balanced-mean,-0.9499999999999998,-2.4,0.42499999999999993,-0.001757129742182754
vintage,Extraversion,32,trait,Agreeableness,low-minus-balanced-mean,-0.95,-2.2506250000000003,0.325,-0.00265941976990766
vintage,Extraversion,32,trait,Neuroticism,high-minus-balanced-mean,-4.4,-5.900625000000001,-2.875,-0.01654258658143211
vintage,Extraversion,32,trait,Neuroticism,low-minus-balanced-mean,4.15,2.625,5.825,0.018327180694950086
vintage,Extraversion,32,trait,Machiavellianism,high-minus-balanced-mean,-0.8750000000000001,-2.075,0.32499999999999984,0.00012589891704001862
vintage,Extraversion,32,trait,Machiavellianism,low-minus-balanced-mean,-0.27500000000000013,-1.25,0.725,-0.0011648029316447593
vintage,Extraversion,32,trait,Narcissism,high-minus-balanced-mean,2.6,1.4493749999999999,3.8506249999999973,0.018175590022714346
vintage,Extraversion,32,trait,Narcissism,low-minus-balanced-mean,-2.4000000000000004,-3.550625,-1.25,-0.0202045010306926
vintage,Extraversion,32,trait,Psychopathy,high-minus-balanced-mean,3.6249999999999996,2.4000000000000004,5.0,0.031940495653280124
vintage,Extraversion,32,trait,Psychopathy,low-minus-balanced-mean,-2.625,-3.5756250000000005,-1.7243750000000038,-0.033289788721323814
vintage,Agreeableness,2,trait,Openness,high-minus-balanced-mean,1.45,0.5750000000000001,2.375,0.007199246798500529
vintage,Agreeableness,2,trait,Openness,low-minus-balanced-mean,-1.35,-2.225,-0.3743750000000033,-0.006603560977375178
vintage,Agreeableness,2,trait,Conscientiousness,high-minus-balanced-mean,0.09999999999999998,-0.5250000000000001,0.75,-0.004519673813961753
vintage,Agreeableness,2,trait,Conscientiousness,low-minus-balanced-mean,1.4,0.6,2.2750000000000004,0.007465347532977048
vintage,Agreeableness,2,trait,Extraversion,high-minus-balanced-mean,-0.17500000000000002,-0.95,0.5499999999999999,0.003196530010632536
vintage,Agreeableness,2,trait,Extraversion,low-minus-balanced-mean,-0.525,-1.2,0.10000000000000006,-0.004232843303058348
vintage,Agreeableness,2,trait,Agreeableness,high-minus-balanced-mean,4.4,3.375,5.5,0.020191877556377465
vintage,Agreeableness,2,trait,Agreeableness,low-minus-balanced-mean,-4.6,-5.85,-3.4250000000000003,-0.020339168440190472
vintage,Agreeableness,2,trait,Neuroticism,high-minus-balanced-mean,0.675,-0.3,1.7249999999999999,0.005692325686012129
vintage,Agreeableness,2,trait,Neuroticism,low-minus-balanced-mean,-1.0750000000000002,-1.9000000000000004,-0.32437500000000324,-0.004906212719892461
vintage,Agreeableness,2,trait,Machiavellianism,high-minus-balanced-mean,-0.5,-1.35,0.4,-0.002300516901256796
vintage,Agreeableness,2,trait,Machiavellianism,low-minus-balanced-mean,0.09999999999999998,-0.7250000000000001,0.975,0.002104663627606686
vintage,Agreeableness,2,trait,Narcissism,high-minus-balanced-mean,-0.3500000000000001,-1.075,0.35000000000000003,-0.006358540975146389
vintage,Agreeableness,2,trait,Narcissism,low-minus-balanced-mean,0.9500000000000002,0.22499999999999998,1.675,0.0058280880775066855
vintage,Agreeableness,2,trait,Psychopathy,high-minus-balanced-mean,-2.175,-3.075,-1.35,-0.009403762520023768
vintage,Agreeableness,2,trait,Psychopathy,low-minus-balanced-mean,1.425,0.725,2.175,0.00786949690733099
vintage,Agreeableness,4,trait,Openness,high-minus-balanced-mean,2.075,1.075,3.0999999999999996,0.011278190827428253
vintage,Agreeableness,4,trait,Openness,low-minus-balanced-mean,-2.075,-3.125,-1.075,-0.010396337931781931
vintage,Agreeableness,4,trait,Conscientiousness,high-minus-balanced-mean,-1.7000000000000002,-2.7506250000000003,-0.6493750000000034,-0.015729820395996588
vintage,Agreeableness,4,trait,Conscientiousness,low-minus-balanced-mean,2.1500000000000004,1.325,3.0256249999999967,0.016932208342733467
vintage,Agreeableness,4,trait,Extraversion,high-minus-balanced-mean,0.07500000000000001,-0.6,0.7750000000000001,0.004985000044536875
vintage,Agreeableness,4,trait,Extraversion,low-minus-balanced-mean,-1.1750000000000003,-1.8500000000000003,-0.55,-0.006244315661697788
vintage,Agreeableness,4,trait,Agreeableness,high-minus-balanced-mean,5.425000000000001,4.2,6.875000000000001,0.02893545504708274
vintage,Agreeableness,4,trait,Agreeableness,low-minus-balanced-mean,-5.175,-6.4750000000000005,-3.95,-0.027755157894741273
vintage,Agreeableness,4,trait,Neuroticism,high-minus-balanced-mean,2.175,1.0250000000000001,3.3249999999999993,0.008249915604616059
vintage,Agreeableness,4,trait,Neuroticism,low-minus-balanced-mean,-2.175,-3.2499999999999996,-1.2249999999999999,-0.007594085295555792
vintage,Agreeableness,4,trait,Machiavellianism,high-minus-balanced-mean,-1.375,-2.325,-0.45000000000000007,-0.003817837203459668
vintage,Agreeableness,4,trait,Machiavellianism,low-minus-balanced-mean,0.625,-0.24999999999999983,1.5006249999999965,0.0035362421598538083
vintage,Agreeableness,4,trait,Narcissism,high-minus-balanced-mean,-1.475,-2.325,-0.6749999999999999,-0.01089495746794124
vintage,Agreeableness,4,trait,Narcissism,low-minus-balanced-mean,1.575,0.8,2.425,0.010432674295371005
vintage,Agreeableness,4,trait,Psychopathy,high-minus-balanced-mean,-1.375,-2.3499999999999996,-0.5,-0.007558108617704486
vintage,Agreeableness,4,trait,Psychopathy,low-minus-balanced-mean,0.625,-0.15000000000000002,1.45,0.0077668690424653585
vintage,Agreeableness,8,trait,Openness,high-minus-balanced-mean,2.425,1.4500000000000002,3.45,0.012238364206620847
vintage,Agreeableness,8,trait,Openness,low-minus-balanced-mean,-2.5250000000000004,-3.575,-1.475,-0.013363793618161366
vintage,Agreeableness,8,trait,Openness,high-reverse-minus-forward,0.04999999999999999,-0.7000000000000001,0.8000000000000002,-0.000723326623590686
vintage,Agreeableness,8,trait,Openness,low-reverse-minus-forward,-0.44999999999999996,-1.1,0.20124999999999332,-0.0006488524379060725
vintage,Agreeableness,8,trait,Conscientiousness,high-minus-balanced-mean,0.05000000000000001,-0.9249999999999999,0.9749999999999999,-0.003708558109547303
vintage,Agreeableness,8,trait,Conscientiousness,low-minus-balanced-mean,-0.3500000000000001,-1.25,0.525,0.002644270564068732
vintage,Agreeableness,8,trait,Conscientiousness,high-reverse-minus-forward,-0.45000000000000007,-1.05,0.14999999999999997,-0.0015316797795146605
vintage,Agreeableness,8,trait,Conscientiousness,low-reverse-minus-forward,1.0,0.4,1.6500000000000001,0.003628166823325166
vintage,Agreeableness,8,trait,Extraversion,high-minus-balanced-mean,-0.42500000000000004,-1.2,0.37500000000000006,0.0014225439629756281
vintage,Agreeableness,8,trait,Extraversion,low-minus-balanced-mean,-0.7249999999999999,-1.5500000000000003,0.12499999999999992,-0.0026934217790364756
vintage,Agreeableness,8,trait,Extraversion,high-reverse-minus-forward,0.30000000000000004,-0.35,0.95,0.0016873028256130485
vintage,Agreeableness,8,trait,Extraversion,low-reverse-minus-forward,-0.24999999999999997,-0.95,0.4000000000000001,-0.00028822463408425115
vintage,Agreeableness,8,trait,Agreeableness,high-minus-balanced-mean,6.574999999999999,5.175000000000001,7.9750000000000005,0.03703919570583133
vintage,Agreeableness,8,trait,Agreeableness,low-minus-balanced-mean,-6.625,-8.075,-5.299375000000003,-0.039926872126342806
vintage,Agreeableness,8,trait,Agreeableness,high-reverse-minus-forward,2.7755575615628914e-17,-0.65,0.65,-0.00037479752383253975
vintage,Agreeableness,8,trait,Agreeableness,low-reverse-minus-forward,-0.25,-0.95,0.45000000000000007,0.00039218973462522804
vintage,Agreeableness,8,trait,Neuroticism,high-minus-balanced-mean,2.275,1.1993749999999999,3.45,0.00956099241882345
vintage,Agreeableness,8,trait,Neuroticism,low-minus-balanced-mean,-2.825,-3.9999999999999996,-1.675,-0.011413574689453376
vintage,Agreeableness,8,trait,Neuroticism,high-reverse-minus-forward,-0.2,-0.95125,0.55,-0.001410523622377981
vintage,Agreeableness,8,trait,Neuroticism,low-reverse-minus-forward,0.14999999999999997,-0.5,0.8,0.0005260419951647284
vintage,Agreeableness,8,trait,Machiavellianism,high-minus-balanced-mean,-1.2999999999999998,-2.25,-0.3993750000000035,-0.005594536872834249
vintage,Agreeableness,8,trait,Machiavellianism,low-minus-balanced-mean,1.45,0.375,2.55,0.004884304775820119
vintage,Agreeableness,8,trait,Machiavellianism,high-reverse-minus-forward,0.15,-0.45125000000000015,0.8,0.00016022326862323366
vintage,Agreeableness,8,trait,Machiavellianism,low-reverse-minus-forward,-0.10000000000000002,-0.7000000000000001,0.5,0.0001461998907384866
vintage,Agreeableness,8,trait,Narcissism,high-minus-balanced-mean,-1.425,-2.325,-0.5743750000000034,-0.014155187809246328
vintage,Agreeableness,8,trait,Narcissism,low-minus-balanced-mean,1.825,0.8250000000000001,2.8506249999999964,0.01324427928003766
vintage,Agreeableness,8,trait,Narcissism,high-reverse-minus-forward,4.163336342344337e-17,-0.55,0.55,0.0009359724763163775
vintage,Agreeableness,8,trait,Narcissism,low-reverse-minus-forward,-0.04999999999999999,-0.65,0.5500000000000002,-0.000478234086225542
vintage,Agreeableness,8,trait,Psychopathy,high-minus-balanced-mean,-2.0,-2.95,-1.15,-0.01512930914680251
vintage,Agreeableness,8,trait,Psychopathy,low-minus-balanced-mean,2.85,1.8250000000000002,4.0,0.017847155113192615
vintage,Agreeableness,8,trait,Psychopathy,high-reverse-minus-forward,0.45000000000000007,0.04999999999999999,0.8500000000000001,0.0007514770707484531
vintage,Agreeableness,8,trait,Psychopathy,low-reverse-minus-forward,-0.8500000000000001,-1.5,-0.3,-0.0038896754143454824
vintage,Agreeableness,16,trait,Openness,high-minus-balanced-mean,3.55,2.375,4.800000000000001,0.015836028993785767
vintage,Agreeableness,16,trait,Openness,low-minus-balanced-mean,-3.45,-4.775,-2.2493750000000032,-0.019875833200411287
vintage,Agreeableness,16,trait,Conscientiousness,high-minus-balanced-mean,-0.175,-1.1749999999999998,0.7250000000000001,-0.003599223280635607
vintage,Agreeableness,16,trait,Conscientiousness,low-minus-balanced-mean,-0.22500000000000003,-1.4499999999999997,1.0249999999999997,0.0015579041289270144
vintage,Agreeableness,16,trait,Extraversion,high-minus-balanced-mean,1.025,0.0500000000000001,2.050624999999997,0.008597334916392944
vintage,Agreeableness,16,trait,Extraversion,low-minus-balanced-mean,-1.275,-2.3,-0.22500000000000006,-0.007676759848314207
vintage,Agreeableness,16,trait,Agreeableness,high-minus-balanced-mean,8.125,6.524375,9.799999999999999,0.04869142144627947
vintage,Agreeableness,16,trait,Agreeableness,low-minus-balanced-mean,-9.275,-11.125,-7.575,-0.05673538470527832
vintage,Agreeableness,16,trait,Neuroticism,high-minus-balanced-mean,1.625,0.725,2.575,0.008441293840419174
vintage,Agreeableness,16,trait,Neuroticism,low-minus-balanced-mean,-4.074999999999999,-5.6000000000000005,-2.6243750000000032,-0.014797327110411564
vintage,Agreeableness,16,trait,Machiavellianism,high-minus-balanced-mean,-2.1999999999999997,-3.325,-1.125,-0.010416428026155047
vintage,Agreeableness,16,trait,Machiavellianism,low-minus-balanced-mean,1.8500000000000003,0.6750000000000003,3.05,0.00691865376935848
vintage,Agreeableness,16,trait,Narcissism,high-minus-balanced-mean,-2.625,-3.675,-1.6500000000000001,-0.01823723240426151
vintage,Agreeableness,16,trait,Narcissism,low-minus-balanced-mean,3.2750000000000004,2.125,4.500624999999996,0.018685582465325243
vintage,Agreeableness,16,trait,Psychopathy,high-minus-balanced-mean,-1.4249999999999998,-2.35,-0.6000000000000001,-0.017617946075635653
vintage,Agreeableness,16,trait,Psychopathy,low-minus-balanced-mean,3.125,1.9500000000000004,4.425624999999997,0.024610045587920196
vintage,Agreeableness,32,trait,Openness,high-minus-balanced-mean,3.5000000000000004,2.1500000000000004,4.950624999999997,0.016934928815105287
vintage,Agreeableness,32,trait,Openness,low-minus-balanced-mean,-4.800000000000001,-6.225,-3.4243750000000044,-0.022788139289129976
vintage,Agreeableness,32,trait,Conscientiousness,high-minus-balanced-mean,-0.17500000000000002,-1.15,0.8250000000000001,0.007669647921040689
vintage,Agreeableness,32,trait,Conscientiousness,low-minus-balanced-mean,-0.8250000000000001,-1.9500000000000004,0.32499999999999996,-0.007218633615688242
vintage,Agreeableness,32,trait,Extraversion,high-minus-balanced-mean,1.35,0.2750000000000001,2.525,0.010568986639172308
vintage,Agreeableness,32,trait,Extraversion,low-minus-balanced-mean,-2.6,-3.775,-1.3993750000000031,-0.012468740314006542
vintage,Agreeableness,32,trait,Agreeableness,high-minus-balanced-mean,9.575,7.875,11.45,0.05766114271792674
vintage,Agreeableness,32,trait,Agreeableness,low-minus-balanced-mean,-11.725,-13.826249999999998,-9.674375000000001,-0.06979031499254408
vintage,Agreeableness,32,trait,Neuroticism,high-minus-balanced-mean,0.8250000000000001,-0.275,1.9006249999999965,0.006548185473262136
vintage,Agreeableness,32,trait,Neuroticism,low-minus-balanced-mean,-3.375,-5.000625,-1.8500000000000003,-0.014068546963978886
vintage,Agreeableness,32,trait,Machiavellianism,high-minus-balanced-mean,-1.625,-2.9,-0.4250000000000001,-0.012258092061497295
vintage,Agreeableness,32,trait,Machiavellianism,low-minus-balanced-mean,1.475,0.20000000000000023,2.7,0.010068247042410834
vintage,Agreeableness,32,trait,Narcissism,high-minus-balanced-mean,-2.4000000000000004,-3.35,-1.475,-0.02148732286971587
vintage,Agreeableness,32,trait,Narcissism,low-minus-balanced-mean,2.3000000000000003,1.1750000000000003,3.375,0.021317563319612754
vintage,Agreeableness,32,trait,Psychopathy,high-minus-balanced-mean,-0.675,-1.5,0.14999999999999983,-0.016676410038055964
vintage,Agreeableness,32,trait,Psychopathy,low-minus-balanced-mean,2.575,1.45,3.775,0.024565737491982736
vintage,Neuroticism,2,trait,Openness,high-minus-balanced-mean,-0.6000000000000001,-1.4,0.125,-0.0029789246548129057
vintage,Neuroticism,2,trait,Openness,low-minus-balanced-mean,0.9000000000000001,-0.024999999999999942,1.825,0.0019321429052517563
vintage,Neuroticism,2,trait,Conscientiousness,high-minus-balanced-mean,0.5500000000000002,-0.2,1.3256249999999967,0.004852942100447383
vintage,Neuroticism,2,trait,Conscientiousness,low-minus-balanced-mean,0.04999999999999999,-0.675,0.7749999999999999,-0.0005602295679884587
vintage,Neuroticism,2,trait,Extraversion,high-minus-balanced-mean,-1.5,-2.35,-0.7500000000000001,-0.008926273967727156
vintage,Neuroticism,2,trait,Extraversion,low-minus-balanced-mean,1.4000000000000001,0.625,2.225624999999997,0.007805590581422737
vintage,Neuroticism,2,trait,Agreeableness,high-minus-balanced-mean,1.25,0.29937499999999995,2.25,0.006447291396943746
vintage,Neuroticism,2,trait,Agreeableness,low-minus-balanced-mean,-1.4000000000000001,-2.325,-0.575,-0.007094877342069214
vintage,Neuroticism,2,trait,Neuroticism,high-minus-balanced-mean,5.125,3.85,6.4750000000000005,0.028104663073820584
vintage,Neuroticism,2,trait,Neuroticism,low-minus-balanced-mean,-5.275,-6.6000000000000005,-4.050000000000001,-0.027655117994364823
vintage,Neuroticism,2,trait,Machiavellianism,high-minus-balanced-mean,0.024999999999999974,-0.700625,0.7756249999999967,0.0035474937707523635
vintage,Neuroticism,2,trait,Machiavellianism,low-minus-balanced-mean,-0.32499999999999996,-1.25,0.5,-0.004155069520910493
vintage,Neuroticism,2,trait,Narcissism,high-minus-balanced-mean,0.42499999999999993,-0.17499999999999996,1.0250000000000001,0.0009438049520338397
vintage,Neuroticism,2,trait,Narcissism,low-minus-balanced-mean,-0.42500000000000004,-1.0250000000000001,0.22500000000000003,-0.0010450739944571482
vintage,Neuroticism,2,trait,Psychopathy,high-minus-balanced-mean,-0.475,-1.2750000000000001,0.3500000000000001,-0.004288801412322725
vintage,Neuroticism,2,trait,Psychopathy,low-minus-balanced-mean,0.025000000000000022,-0.75,0.8250000000000001,0.00325584614935132
vintage,Neuroticism,4,trait,Openness,high-minus-balanced-mean,-0.175,-0.9000000000000001,0.575,-0.0028398861532450363
vintage,Neuroticism,4,trait,Openness,low-minus-balanced-mean,-0.17500000000000004,-1.125,0.8250000000000002,0.00013427810370509775
vintage,Neuroticism,4,trait,Conscientiousness,high-minus-balanced-mean,1.7000000000000002,0.9249999999999999,2.475624999999997,0.013056223527305505
vintage,Neuroticism,4,trait,Conscientiousness,low-minus-balanced-mean,-1.2,-2.0,-0.37500000000000006,-0.005804730905818358
vintage,Neuroticism,4,trait,Extraversion,high-minus-balanced-mean,-1.325,-2.075625,-0.65,-0.010337250917830615
vintage,Neuroticism,4,trait,Extraversion,low-minus-balanced-mean,1.2750000000000004,0.525,2.125,0.00742002915324411
vintage,Neuroticism,4,trait,Agreeableness,high-minus-balanced-mean,0.9999999999999999,0.15000000000000002,1.9000000000000004,0.007645094291258885
vintage,Neuroticism,4,trait,Agreeableness,low-minus-balanced-mean,-1.5,-2.5,-0.4993750000000033,-0.009494467127728867
vintage,Neuroticism,4,trait,Neuroticism,high-minus-balanced-mean,9.075,7.499375,10.625624999999998,0.042619528665288654
vintage,Neuroticism,4,trait,Neuroticism,low-minus-balanced-mean,-8.525,-10.149999999999999,-6.925000000000001,-0.042284705189196616
vintage,Neuroticism,4,trait,Machiavellianism,high-minus-balanced-mean,0.775,-0.10000000000000002,1.7000000000000002,0.00298430560992332
vintage,Neuroticism,4,trait,Machiavellianism,low-minus-balanced-mean,-0.2750000000000001,-1.1256250000000003,0.6,-0.0034372423113919683
vintage,Neuroticism,4,trait,Narcissism,high-minus-balanced-mean,0.55,-0.2256250000000002,1.3499999999999999,0.0015539970216216087
vintage,Neuroticism,4,trait,Narcissism,low-minus-balanced-mean,0.2,-0.5000000000000001,0.9249999999999999,-0.001606338341845817
vintage,Neuroticism,4,trait,Psychopathy,high-minus-balanced-mean,-0.17500000000000002,-0.8750000000000001,0.55,-0.004707176326911689
vintage,Neuroticism,4,trait,Psychopathy,low-minus-balanced-mean,0.8250000000000001,0.0,1.675,0.0043114342395407824
vintage,Neuroticism,8,trait,Openness,high-minus-balanced-mean,-1.15,-2.2749999999999995,-0.04999999999999993,-0.006543546113707483
vintage,Neuroticism,8,trait,Openness,low-minus-balanced-mean,-0.3,-1.4749999999999999,0.9250000000000002,0.00012351724529244067
vintage,Neuroticism,8,trait,Openness,high-reverse-minus-forward,0.09999999999999994,-0.49999999999999994,0.75,-7.750217023597688e-05
vintage,Neuroticism,8,trait,Openness,low-reverse-minus-forward,0.4,-0.30000000000000004,1.15,-0.0002879660866246268
vintage,Neuroticism,8,trait,Conscientiousness,high-minus-balanced-mean,2.225,1.275,3.175,0.01481126283387447
vintage,Neuroticism,8,trait,Conscientiousness,low-minus-balanced-mean,-1.975,-3.150625,-0.8493750000000032,-0.011183892998498503
vintage,Neuroticism,8,trait,Conscientiousness,high-reverse-minus-forward,0.25,-0.35000000000000003,0.8500000000000001,-0.00010149895954294308
vintage,Neuroticism,8,trait,Conscientiousness,low-reverse-minus-forward,-0.30000000000000004,-1.0,0.30000000000000004,-0.0030853377489034692
vintage,Neuroticism,8,trait,Extraversion,high-minus-balanced-mean,-1.25,-2.025,-0.5249999999999999,-0.014212209260231305
vintage,Neuroticism,8,trait,Extraversion,low-minus-balanced-mean,1.3,0.3743749999999999,2.3000000000000003,0.013447527326938985
vintage,Neuroticism,8,trait,Extraversion,high-reverse-minus-forward,-0.35,-1.0500000000000003,0.35,0.000591207194420331
vintage,Neuroticism,8,trait,Extraversion,low-reverse-minus-forward,0.45000000000000007,-0.10000000000000006,1.0,0.0024926446569520683
vintage,Neuroticism,8,trait,Agreeableness,high-minus-balanced-mean,0.8750000000000001,-0.2749999999999997,2.0500000000000003,0.006692943577507705
vintage,Neuroticism,8,trait,Agreeableness,low-minus-balanced-mean,-2.275,-3.5749999999999997,-1.025,-0.012277863949095434
vintage,Neuroticism,8,trait,Agreeableness,high-reverse-minus-forward,-0.8500000000000001,-1.5,-0.24999999999999997,6.35501531556982e-05
vintage,Neuroticism,8,trait,Agreeableness,low-reverse-minus-forward,0.09999999999999998,-0.7000000000000002,0.9000000000000001,0.0009071516694866893
vintage,Neuroticism,8,trait,Neuroticism,high-minus-balanced-mean,12.575,10.599375,14.650624999999994,0.0645471896076699
vintage,Neuroticism,8,trait,Neuroticism,low-minus-balanced-mean,-14.124999999999998,-16.325,-12.0,-0.0651350332305071
vintage,Neuroticism,8,trait,Neuroticism,high-reverse-minus-forward,0.19999999999999996,-0.6,1.0,0.0008488799907472414
vintage,Neuroticism,8,trait,Neuroticism,low-reverse-minus-forward,0.45000000000000007,-0.30000000000000004,1.2000000000000002,0.0005101626203384354
vintage,Neuroticism,8,trait,Machiavellianism,high-minus-balanced-mean,1.4500000000000002,0.4250000000000001,2.525,0.006257333332590953
vintage,Neuroticism,8,trait,Machiavellianism,low-minus-balanced-mean,-1.9,-3.0249999999999995,-0.8250000000000002,-0.007544040374717496
vintage,Neuroticism,8,trait,Machiavellianism,high-reverse-minus-forward,-0.4,-1.1,0.35,-0.0004302468317206576
vintage,Neuroticism,8,trait,Machiavellianism,low-reverse-minus-forward,-0.1,-0.8000000000000002,0.6000000000000001,-0.00038047563605982603
vintage,Neuroticism,8,trait,Narcissism,high-minus-balanced-mean,0.975,0.12500000000000006,1.775,0.0031102025357805456
vintage,Neuroticism,8,trait,Narcissism,low-minus-balanced-mean,0.17499999999999993,-0.7,1.125,-0.0007729391735024485
vintage,Neuroticism,8,trait,Narcissism,high-reverse-minus-forward,-0.55,-1.1500000000000001,0.04999999999999999,7.672401616072022e-05
vintage,Neuroticism,8,trait,Narcissism,low-reverse-minus-forward,-0.4,-1.0,0.19999999999999996,-0.0005966126547046904
vintage,Neuroticism,8,trait,Psychopathy,high-minus-balanced-mean,0.30000000000000004,-0.525,1.1749999999999998,-0.0046417340199688874
vintage,Neuroticism,8,trait,Psychopathy,low-minus-balanced-mean,1.3000000000000003,0.30000000000000004,2.3,0.009440707510601803
vintage,Neuroticism,8,trait,Psychopathy,high-reverse-minus-forward,-0.45000000000000007,-1.05,0.10124999999999325,0.0009125057103244655
vintage,Neuroticism,8,trait,Psychopathy,low-reverse-minus-forward,-0.2,-0.7012500000000002,0.35,0.00019284195822561454
vintage,Neuroticism,16,trait,Openness,high-minus-balanced-mean,-2.1,-3.35,-0.8993750000000031,-0.01365301948350236
vintage,Neuroticism,16,trait,Openness,low-minus-balanced-mean,1.4000000000000001,-0.15000000000000013,3.0006249999999963,0.005708123579625361
vintage,Neuroticism,16,trait,Conscientiousness,high-minus-balanced-mean,3.0500000000000003,1.875,4.225624999999996,0.021570184076955278
vintage,Neuroticism,16,trait,Conscientiousness,low-minus-balanced-mean,-3.5000000000000004,-4.825,-2.2493750000000032,-0.018217610260161107
vintage,Neuroticism,16,trait,Extraversion,high-minus-balanced-mean,-2.2249999999999996,-3.3000000000000003,-1.225,-0.025978878777529954
vintage,Neuroticism,16,trait,Extraversion,low-minus-balanced-mean,3.675,2.4000000000000004,5.05,0.0236880279631736
vintage,Neuroticism,16,trait,Agreeableness,high-minus-balanced-mean,-0.32499999999999984,-1.6,0.975624999999997,0.0022392097330436924
vintage,Neuroticism,16,trait,Agreeableness,low-minus-balanced-mean,-2.075,-3.55,-0.6250000000000002,-0.01206113963017406
vintage,Neuroticism,16,trait,Neuroticism,high-minus-balanced-mean,15.725,13.574999999999998,17.975624999999997,0.08527826660856981
vintage,Neuroticism,16,trait,Neuroticism,low-minus-balanced-mean,-19.075000000000003,-21.599999999999998,-16.649375000000003,-0.08931899736551507
vintage,Neuroticism,16,trait,Machiavellianism,high-minus-balanced-mean,2.8,1.6500000000000001,4.0,0.011343272999903772
vintage,Neuroticism,16,trait,Machiavellianism,low-minus-balanced-mean,-3.05,-4.250625000000001,-1.8993750000000036,-0.012039582912570297
vintage,Neuroticism,16,trait,Narcissism,high-minus-balanced-mean,1.0750000000000002,0.09937499999999992,2.075,0.003460130378561665
vintage,Neuroticism,16,trait,Narcissism,low-minus-balanced-mean,-0.5750000000000001,-1.5006250000000003,0.42500000000000004,8.420574615360658e-05
vintage,Neuroticism,16,trait,Psychopathy,high-minus-balanced-mean,0.1749999999999999,-0.675,1.125,-0.006419978231871693
vintage,Neuroticism,16,trait,Psychopathy,low-minus-balanced-mean,1.3250000000000002,0.375,2.3006249999999966,0.01238464114357167
vintage,Neuroticism,32,trait,Openness,high-minus-balanced-mean,-2.5999999999999996,-4.175625000000001,-1.0250000000000001,-0.015359484688776346
vintage,Neuroticism,32,trait,Openness,low-minus-balanced-mean,2.4,0.7250000000000002,4.1499999999999995,0.010019780810525635
vintage,Neuroticism,32,trait,Conscientiousness,high-minus-balanced-mean,3.9,2.549375,5.25,0.027347156730661723
vintage,Neuroticism,32,trait,Conscientiousness,low-minus-balanced-mean,-3.55,-4.85,-2.2493750000000032,-0.01954050290612551
vintage,Neuroticism,32,trait,Extraversion,high-minus-balanced-mean,-2.925,-3.900000000000001,-2.0,-0.030953676202214488
vintage,Neuroticism,32,trait,Extraversion,low-minus-balanced-mean,3.7249999999999996,2.55,4.95,0.02424339665592278
vintage,Neuroticism,32,trait,Agreeableness,high-minus-balanced-mean,-0.3500000000000001,-1.6,0.8750000000000001,0.003824795429173579
vintage,Neuroticism,32,trait,Agreeableness,low-minus-balanced-mean,-1.2,-2.4250000000000003,0.025000000000000078,-0.00963245541314112
vintage,Neuroticism,32,trait,Neuroticism,high-minus-balanced-mean,18.175,15.824374999999998,20.574999999999996,0.10557826581876767
vintage,Neuroticism,32,trait,Neuroticism,low-minus-balanced-mean,-23.775,-26.474999999999998,-21.074375,-0.11080664840088629
vintage,Neuroticism,32,trait,Machiavellianism,high-minus-balanced-mean,4.199999999999999,2.8243750000000003,5.6756249999999975,0.0178618055552469
vintage,Neuroticism,32,trait,Machiavellianism,low-minus-balanced-mean,-3.15,-4.2,-2.2,-0.015631075142397192
vintage,Neuroticism,32,trait,Narcissism,high-minus-balanced-mean,2.0,0.775,3.3000000000000003,0.00677198479188191
vintage,Neuroticism,32,trait,Narcissism,low-minus-balanced-mean,-1.25,-2.125,-0.3750000000000001,-0.004514428482698096
vintage,Neuroticism,32,trait,Psychopathy,high-minus-balanced-mean,0.375,-0.5499999999999999,1.3000000000000003,-0.0028790952906184585
vintage,Neuroticism,32,trait,Psychopathy,low-minus-balanced-mean,1.025,0.2750000000000001,1.825,0.008878789525376005
vintage,Machiavellianism,2,trait,Openness,high-minus-balanced-mean,0.22500000000000003,-0.5,0.95,0.0022390232092600977
vintage,Machiavellianism,2,trait,Openness,low-minus-balanced-mean,-0.27499999999999997,-1.05,0.44999999999999996,-0.00237861210316041
vintage,Machiavellianism,2,trait,Conscientiousness,high-minus-balanced-mean,-0.5,-0.9750000000000002,0.0,-0.007578451851273838
vintage,Machiavellianism,2,trait,Conscientiousness,low-minus-balanced-mean,0.8500000000000001,0.22500000000000003,1.475,0.0075067480069545955
vintage,Machiavellianism,2,trait,Extraversion,high-minus-balanced-mean,1.0,0.3993749999999999,1.6006249999999969,0.0031978127732648054
vintage,Machiavellianism,2,trait,Extraversion,low-minus-balanced-mean,-0.35,-0.9756250000000001,0.29999999999999993,-0.0032004919728315694
vintage,Machiavellianism,2,trait,Agreeableness,high-minus-balanced-mean,5.551115123125783e-17,-0.7250000000000001,0.7500000000000001,-0.002160339779176622
vintage,Machiavellianism,2,trait,Agreeableness,low-minus-balanced-mean,0.19999999999999996,-0.675,1.0999999999999999,0.0024668194169418043
vintage,Machiavellianism,2,trait,Neuroticism,high-minus-balanced-mean,0.8999999999999999,0.22500000000000003,1.625,0.0038561540353646757
vintage,Machiavellianism,2,trait,Neuroticism,low-minus-balanced-mean,-0.3,-0.9750000000000002,0.3999999999999999,-0.00383449062692334
vintage,Machiavellianism,2,trait,Machiavellianism,high-minus-balanced-mean,3.575,2.674375,4.6,0.017680903370413857
vintage,Machiavellianism,2,trait,Machiavellianism,low-minus-balanced-mean,-4.275,-5.275,-3.3000000000000003,-0.01823610832794786
vintage,Machiavellianism,2,trait,Narcissism,high-minus-balanced-mean,2.075,1.2493750000000001,2.95,0.012331571678374863
vintage,Machiavellianism,2,trait,Narcissism,low-minus-balanced-mean,-2.375,-3.2750000000000004,-1.5250000000000001,-0.012388341101260233
vintage,Machiavellianism,2,trait,Psychopathy,high-minus-balanced-mean,2.4749999999999996,1.725,3.25,0.015472861457129233
vintage,Machiavellianism,2,trait,Psychopathy,low-minus-balanced-mean,-2.125,-2.9000000000000004,-1.3750000000000002,-0.015242585034774554
vintage,Machiavellianism,4,trait,Openness,high-minus-balanced-mean,-0.7,-1.475,0.0756249999999966,0.0014536330015766238
vintage,Machiavellianism,4,trait,Openness,low-minus-balanced-mean,-0.25,-1.15,0.5756249999999966,-0.0024043012294339907
vintage,Machiavellianism,4,trait,Conscientiousness,high-minus-balanced-mean,-0.725,-1.250625,-0.22499999999999998,-0.004456436097161757
vintage,Machiavellianism,4,trait,Conscientiousness,low-minus-balanced-mean,0.42500000000000004,-0.15000000000000008,1.025,0.005011558438190702
vintage,Machiavellianism,4,trait,Extraversion,high-minus-balanced-mean,0.15,-0.55,0.9000000000000001,-0.0005376776940269688
vintage,Machiavellianism,4,trait,Extraversion,low-minus-balanced-mean,-0.4,-1.225,0.42500000000000004,-0.00036441877814122255
vintage,Machiavellianism,4,trait,Agreeableness,high-minus-balanced-mean,0.22500000000000003,-0.675,1.1,-0.00044238767018614863
vintage,Machiavellianism,4,trait,Agreeableness,low-minus-balanced-mean,-0.175,-0.9756250000000001,0.6000000000000001,-0.000815125584000025
vintage,Machiavellianism,4,trait,Neuroticism,high-minus-balanced-mean,2.45,1.6500000000000001,3.3000000000000003,0.008314681910635311
vintage,Machiavellianism,4,trait,Neuroticism,low-minus-balanced-mean,-1.0,-1.725,-0.2993750000000033,-0.005950441119207244
vintage,Machiavellianism,4,trait,Machiavellianism,high-minus-balanced-mean,5.85,4.574374999999999,7.200000000000001,0.026821964281871113
vintage,Machiavellianism,4,trait,Machiavellianism,low-minus-balanced-mean,-5.15,-6.15,-4.175,-0.0248614150385845
vintage,Machiavellianism,4,trait,Narcissism,high-minus-balanced-mean,1.9500000000000004,1.024375,2.8756249999999968,0.01650345613292204
vintage,Machiavellianism,4,trait,Narcissism,low-minus-balanced-mean,-1.7000000000000002,-2.6000000000000005,-0.775,-0.014223148142069503
vintage,Machiavellianism,4,trait,Psychopathy,high-minus-balanced-mean,1.7249999999999999,0.95,2.525,0.015477487507459673
vintage,Machiavellianism,4,trait,Psychopathy,low-minus-balanced-mean,-1.425,-2.1750000000000003,-0.7749999999999999,-0.012786136508814638
vintage,Machiavellianism,8,trait,Openness,high-minus-balanced-mean,-0.14999999999999994,-0.8500000000000001,0.55,0.0009456008735554861
vintage,Machiavellianism,8,trait,Openness,low-minus-balanced-mean,0.1499999999999999,-0.7250000000000001,1.05,-0.0024730683687311
vintage,Machiavellianism,8,trait,Openness,high-reverse-minus-forward,-0.6000000000000001,-1.35,0.19999999999999996,-0.0024043466529067867
vintage,Machiavellianism,8,trait,Openness,low-reverse-minus-forward,-0.75,-1.5500000000000003,-5.481726184087089e-17,-0.0019228114605633927
vintage,Machiavellianism,8,trait,Conscientiousness,high-minus-balanced-mean,0.35,-0.525625,1.2,0.004344728140689234
vintage,Machiavellianism,8,trait,Conscientiousness,low-minus-balanced-mean,-0.7,-1.425,0.0006249999999967039,-0.005554942096535873
vintage,Machiavellianism,8,trait,Conscientiousness,high-reverse-minus-forward,-0.6500000000000001,-1.25,-0.09999999999999998,-0.0011276153496279924
vintage,Machiavellianism,8,trait,Conscientiousness,low-reverse-minus-forward,-1.1,-1.6500000000000001,-0.55,-0.004885523560954853
vintage,Machiavellianism,8,trait,Extraversion,high-minus-balanced-mean,0.09999999999999996,-0.55,0.75,-0.003158718533943313
vintage,Machiavellianism,8,trait,Extraversion,low-minus-balanced-mean,-0.25,-0.9250000000000002,0.4,0.002341068926574244
vintage,Machiavellianism,8,trait,Extraversion,high-reverse-minus-forward,0.15,-0.45000000000000007,0.75,-0.0008325211369101635
vintage,Machiavellianism,8,trait,Extraversion,low-reverse-minus-forward,-2.7755575615628914e-17,-0.65,0.6500000000000001,-0.00018638728970975932
vintage,Machiavellianism,8,trait,Agreeableness,high-minus-balanced-mean,0.22500000000000006,-0.725,1.25,0.00018175695365392236
vintage,Machiavellianism,8,trait,Agreeableness,low-minus-balanced-mean,-0.42500000000000004,-1.3,0.42500000000000004,-0.0011846814516268977
vintage,Machiavellianism,8,trait,Agreeableness,high-reverse-minus-forward,0.10000000000000002,-0.5012500000000001,0.75,-0.0009016088890003099
vintage,Machiavellianism,8,trait,Agreeableness,low-reverse-minus-forward,0.45000000000000007,-0.2,1.1,0.0009138041851254359
vintage,Machiavellianism,8,trait,Neuroticism,high-minus-balanced-mean,3.15,2.1,4.2749999999999995,0.014094794113849
vintage,Machiavellianism,8,trait,Neuroticism,low-minus-balanced-mean,-2.15,-3.15,-1.2243750000000033,-0.010674903630719788
vintage,Machiavellianism,8,trait,Neuroticism,high-reverse-minus-forward,-0.1,-1.0,0.7012499999999934,-0.0030109632515740157
vintage,Machiavellianism,8,trait,Neuroticism,low-reverse-minus-forward,0.45000000000000007,-0.30000000000000004,1.25,0.0020837907098357903
vintage,Machiavellianism,8,trait,Machiavellianism,high-minus-balanced-mean,8.75,7.175000000000001,10.350000000000001,0.04166992306410769
vintage,Machiavellianism,8,trait,Machiavellianism,low-minus-balanced-mean,-7.7,-9.125,-6.25,-0.040905644638510597
vintage,Machiavellianism,8,trait,Machiavellianism,high-reverse-minus-forward,0.25,-0.6500000000000001,1.1500000000000001,-0.0015808754393492677
vintage,Machiavellianism,8,trait,Machiavellianism,low-reverse-minus-forward,0.35000000000000003,-0.4000000000000001,1.1,0.001466442254699214
vintage,Machiavellianism,8,trait,Narcissism,high-minus-balanced-mean,4.6,3.375,6.0,0.030125440342153365
vintage,Machiavellianism,8,trait,Narcissism,low-minus-balanced-mean,-4.0,-5.2006250000000005,-2.825,-0.028064413883049144
vintage,Machiavellianism,8,trait,Narcissism,high-reverse-minus-forward,-0.25,-0.8999999999999999,0.4,-0.0037640387757432083
vintage,Machiavellianism,8,trait,Narcissism,low-reverse-minus-forward,-0.75,-1.5499999999999998,0.0,0.00028205047336486976
vintage,Machiavellianism,8,trait,Psychopathy,high-minus-balanced-mean,2.35,1.4500000000000002,3.3499999999999996,0.016803947345918155
vintage,Machiavellianism,8,trait,Psychopathy,low-minus-balanced-mean,-1.2000000000000002,-1.875,-0.525,-0.01285630860025273
vintage,Machiavellianism,8,trait,Psychopathy,high-reverse-minus-forward,-0.04999999999999999,-0.65,0.55,-0.0013972136065738964
vintage,Machiavellianism,8,trait,Psychopathy,low-reverse-minus-forward,0.4,-0.15000000000000002,0.9500000000000002,0.002596053924550889
vintage,Machiavellianism,16,trait,Openness,high-minus-balanced-mean,0.8750000000000001,1.1102230246251565e-16,1.725,0.004784227763728498
vintage,Machiavellianism,16,trait,Openness,low-minus-balanced-mean,-1.775,-2.8249999999999997,-0.8250000000000001,-0.008538991475615945
vintage,Machiavellianism,16,trait,Conscientiousness,high-minus-balanced-mean,0.42499999999999993,-0.4499999999999999,1.2999999999999998,0.005629128047556394
vintage,Machiavellianism,16,trait,Conscientiousness,low-minus-balanced-mean,-0.7750000000000001,-1.725,0.09999999999999992,-0.007410158955041924
vintage,Machiavellianism,16,trait,Extraversion,high-minus-balanced-mean,-0.2,-1.0250000000000001,0.6749999999999999,-0.002841873105755613
vintage,Machiavellianism,16,trait,Extraversion,low-minus-balanced-mean,-0.2499999999999999,-1.2,0.7250000000000001,0.0016477024571844626
vintage,Machiavellianism,16,trait,Agreeableness,high-minus-balanced-mean,0.4,-0.550625,1.3756249999999965,-7.339845316343851e-05
vintage,Machiavellianism,16,trait,Agreeableness,low-minus-balanced-mean,-0.45000000000000007,-1.4,0.47562499999999686,-0.0020408381472599197
vintage,Machiavellianism,16,trait,Neuroticism,high-minus-balanced-mean,3.0,1.9500000000000004,4.125,0.014328028261053775
vintage,Machiavellianism,16,trait,Neuroticism,low-minus-balanced-mean,-2.7,-3.900000000000001,-1.575,-0.01158965477945336
vintage,Machiavellianism,16,trait,Machiavellianism,high-minus-balanced-mean,11.575,9.475000000000001,13.849999999999998,0.05455240321079982
vintage,Machiavellianism,16,trait,Machiavellianism,low-minus-balanced-mean,-12.025,-14.075,-10.15,-0.05945838449431281
vintage,Machiavellianism,16,trait,Narcissism,high-minus-balanced-mean,6.1,4.749375000000001,7.575,0.03645279098084772
vintage,Machiavellianism,16,trait,Narcissism,low-minus-balanced-mean,-6.199999999999999,-7.949999999999998,-4.65,-0.03753547189674399
vintage,Machiavellianism,16,trait,Psychopathy,high-minus-balanced-mean,1.8000000000000003,0.95,2.7256249999999973,0.02024814011501658
vintage,Machiavellianism,16,trait,Psychopathy,low-minus-balanced-mean,-1.6500000000000001,-2.65,-0.675,-0.014952060791256456
vintage,Machiavellianism,32,trait,Openness,high-minus-balanced-mean,0.325,-0.7499999999999997,1.4256249999999968,0.003620349910813499
vintage,Machiavellianism,32,trait,Openness,low-minus-balanced-mean,-1.225,-2.55,0.050000000000000044,-0.00851968643940878
vintage,Machiavellianism,32,trait,Conscientiousness,high-minus-balanced-mean,1.1250000000000002,0.17437500000000009,2.0250000000000004,0.008928576039187426
vintage,Machiavellianism,32,trait,Conscientiousness,low-minus-balanced-mean,-1.1749999999999998,-2.175,-0.2500000000000001,-0.011833899842139933
vintage,Machiavellianism,32,trait,Extraversion,high-minus-balanced-mean,0.3,-0.525,1.125,-0.005072011334767171
vintage,Machiavellianism,32,trait,Extraversion,low-minus-balanced-mean,0.2,-0.8249999999999997,1.2499999999999998,0.002932546977761114
vintage,Machiavellianism,32,trait,Agreeableness,high-minus-balanced-mean,0.8750000000000001,-0.20062500000000003,2.0250000000000004,0.0009544535683698619
vintage,Machiavellianism,32,trait,Agreeableness,low-minus-balanced-mean,-0.9749999999999999,-2.0500000000000003,0.1250000000000001,-0.00659314712417821
vintage,Machiavellianism,32,trait,Neuroticism,high-minus-balanced-mean,4.625,3.2,6.050624999999997,0.02120594130990126
vintage,Machiavellianism,32,trait,Neuroticism,low-minus-balanced-mean,-3.675,-5.025,-2.4250000000000003,-0.017659449496476357
vintage,Machiavellianism,32,trait,Machiavellianism,high-minus-balanced-mean,13.474999999999998,11.25,15.875624999999996,0.06591165926592157
vintage,Machiavellianism,32,trait,Machiavellianism,low-minus-balanced-mean,-13.925,-16.050625000000004,-11.973750000000006,-0.07423660469837018
vintage,Machiavellianism,32,trait,Narcissism,high-minus-balanced-mean,8.275,6.550000000000001,10.050624999999998,0.04571901654113376
vintage,Machiavellianism,32,trait,Narcissism,low-minus-balanced-mean,-7.9750000000000005,-9.775625,-6.275,-0.051486186182141506
vintage,Machiavellianism,32,trait,Psychopathy,high-minus-balanced-mean,2.7249999999999996,1.7500000000000002,3.75,0.022432596610492798
vintage,Machiavellianism,32,trait,Psychopathy,low-minus-balanced-mean,-2.075,-3.3006250000000006,-0.8993750000000033,-0.01640519935538497
vintage,Narcissism,2,trait,Openness,high-minus-balanced-mean,-1.0,-1.8500000000000003,-0.1743750000000034,-0.0014037303355836938
vintage,Narcissism,2,trait,Openness,low-minus-balanced-mean,1.1,0.325,1.8500000000000003,0.0013104589166569548
vintage,Narcissism,2,trait,Conscientiousness,high-minus-balanced-mean,0.1250000000000001,-0.5499999999999999,0.7749999999999999,-0.0017540371249978096
vintage,Narcissism,2,trait,Conscientiousness,low-minus-balanced-mean,-0.275,-0.9506250000000003,0.4000000000000001,0.002985417438364516
vintage,Narcissism,2,trait,Extraversion,high-minus-balanced-mean,0.12500000000000003,-0.6999999999999998,0.9500000000000002,0.0024531539359297075
vintage,Narcissism,2,trait,Extraversion,low-minus-balanced-mean,-0.275,-1.125,0.5749999999999998,-0.003028268752124092
vintage,Narcissism,2,trait,Agreeableness,high-minus-balanced-mean,-1.975,-2.95,-1.0750000000000002,-0.009831512259685966
vintage,Narcissism,2,trait,Agreeableness,low-minus-balanced-mean,1.975,1.1,2.925,0.0102023355868617
vintage,Narcissism,2,trait,Neuroticism,high-minus-balanced-mean,0.5,-0.275,1.225,0.00038989891412401115
vintage,Narcissism,2,trait,Neuroticism,low-minus-balanced-mean,-2.7755575615628914e-17,-0.8250000000000001,0.8500000000000001,0.00041176313327063367
vintage,Narcissism,2,trait,Machiavellianism,high-minus-balanced-mean,2.375,1.474375,3.325,0.009770300441135318
vintage,Narcissism,2,trait,Machiavellianism,low-minus-balanced-mean,-2.325,-3.4000000000000004,-1.3250000000000002,-0.009297516426027178
vintage,Narcissism,2,trait,Narcissism,high-minus-balanced-mean,3.325,2.375,4.325,0.02139882323788475
vintage,Narcissism,2,trait,Narcissism,low-minus-balanced-mean,-3.2750000000000004,-4.175000000000001,-2.4000000000000004,-0.022450169031742736
vintage,Narcissism,2,trait,Psychopathy,high-minus-balanced-mean,1.7000000000000002,1.0,2.575,0.014680268548855197
vintage,Narcissism,2,trait,Psychopathy,low-minus-balanced-mean,-1.7500000000000002,-2.5,-1.05,-0.014668760531251485
vintage,Narcissism,4,trait,Openness,high-minus-balanced-mean,-0.4250000000000001,-1.3000000000000003,0.42562499999999664,-0.00113590136292129
vintage,Narcissism,4,trait,Openness,low-minus-balanced-mean,1.225,0.4,2.0999999999999996,-0.00011564100139538233
vintage,Narcissism,4,trait,Conscientiousness,high-minus-balanced-mean,-0.17500000000000002,-0.9250000000000002,0.6,-0.0023713494347156637
vintage,Narcissism,4,trait,Conscientiousness,low-minus-balanced-mean,-0.07499999999999998,-0.6749999999999998,0.5,0.0009149860366980643
vintage,Narcissism,4,trait,Extraversion,high-minus-balanced-mean,0.8250000000000001,0.2,1.5,0.003778702866307374
vintage,Narcissism,4,trait,Extraversion,low-minus-balanced-mean,-0.125,-0.9250000000000002,0.725,-0.0049900672939311806
vintage,Narcissism,4,trait,Agreeableness,high-minus-balanced-mean,-3.0250000000000004,-4.050000000000001,-2.05,-0.012283188671789444
vintage,Narcissism,4,trait,Agreeableness,low-minus-balanced-mean,2.525,1.575,3.4750000000000005,0.012788285922226526
vintage,Narcissism,4,trait,Neuroticism,high-minus-balanced-mean,0.125,-0.625,0.8006249999999968,-0.00035587217028688835
vintage,Narcissism,4,trait,Neuroticism,low-minus-balanced-mean,-0.07500000000000004,-1.075,0.8999999999999999,0.0016129511190776647
vintage,Narcissism,4,trait,Machiavellianism,high-minus-balanced-mean,3.4750000000000005,2.424375,4.6,0.013341902833760057
vintage,Narcissism,4,trait,Machiavellianism,low-minus-balanced-mean,-2.925,-4.025625,-1.875,-0.014345263155826517
vintage,Narcissism,4,trait,Narcissism,high-minus-balanced-mean,4.975,3.7249999999999996,6.3,0.0279907427261867
vintage,Narcissism,4,trait,Narcissism,low-minus-balanced-mean,-3.6249999999999996,-4.575000000000001,-2.7249999999999996,-0.03028752890900118
vintage,Narcissism,4,trait,Psychopathy,high-minus-balanced-mean,2.425,1.575,3.4000000000000004,0.019047681116121647
vintage,Narcissism,4,trait,Psychopathy,low-minus-balanced-mean,-1.925,-2.7249999999999996,-1.2000000000000002,-0.019212069666228137
vintage,Narcissism,8,trait,Openness,high-minus-balanced-mean,-0.8500000000000001,-1.6749999999999998,-2.0296264668931483e-17,-0.00034202773270028517
vintage,Narcissism,8,trait,Openness,low-minus-balanced-mean,1.1500000000000001,0.20000000000000012,2.1,0.0005087941993020169
vintage,Narcissism,8,trait,Openness,high-reverse-minus-forward,-0.15,-0.9000000000000001,0.55,0.00013596805003022878
vintage,Narcissism,8,trait,Openness,low-reverse-minus-forward,-0.5,-1.3,0.30000000000000004,-0.0006426994867767629
vintage,Narcissism,8,trait,Conscientiousness,high-minus-balanced-mean,0.09999999999999998,-0.7000000000000002,0.9999999999999999,-0.0015576567318211893
vintage,Narcissism,8,trait,Conscientiousness,low-minus-balanced-mean,0.30000000000000004,-0.375,0.9999999999999999,0.0020237555524117283
vintage,Narcissism,8,trait,Conscientiousness,high-reverse-minus-forward,-0.8,-1.55,-0.050000000000000044,-0.004418473168696193
vintage,Narcissism,8,trait,Conscientiousness,low-reverse-minus-forward,-0.45000000000000007,-1.0,0.10000000000000002,-0.0021707392120130127
vintage,Narcissism,8,trait,Extraversion,high-minus-balanced-mean,0.9250000000000002,0.05000000000000008,1.8756249999999963,0.006123089504885674
vintage,Narcissism,8,trait,Extraversion,low-minus-balanced-mean,-1.625,-2.55,-0.7750000000000001,-0.008504816516021299
vintage,Narcissism,8,trait,Extraversion,high-reverse-minus-forward,-0.2,-0.8500000000000001,0.4000000000000001,0.00010999332102775133
vintage,Narcissism,8,trait,Extraversion,low-reverse-minus-forward,-0.2,-0.8500000000000001,0.45000000000000007,0.0006923207210851912
vintage,Narcissism,8,trait,Agreeableness,high-minus-balanced-mean,-2.85,-3.8012499999999996,-1.9000000000000004,-0.016103306390963478
vintage,Narcissism,8,trait,Agreeableness,low-minus-balanced-mean,3.6000000000000005,2.6000000000000005,4.65,0.016869838819524138
vintage,Narcissism,8,trait,Agreeableness,high-reverse-minus-forward,0.6500000000000001,-0.10000000000000009,1.45,0.0010675573917339573
vintage,Narcissism,8,trait,Agreeableness,low-reverse-minus-forward,0.05,-0.6500000000000001,0.75,0.0013337151245220334
vintage,Narcissism,8,trait,Neuroticism,high-minus-balanced-mean,-0.22500000000000006,-1.1,0.625,0.001277904723365366
vintage,Narcissism,8,trait,Neuroticism,low-minus-balanced-mean,0.07500000000000004,-0.8499999999999999,1.0750000000000002,0.0016681045004142705
vintage,Narcissism,8,trait,Neuroticism,high-reverse-minus-forward,0.45000000000000007,-0.15000000000000002,1.1,0.0010892737907940754
vintage,Narcissism,8,trait,Neuroticism,low-reverse-minus-forward,0.1,-0.7,0.9000000000000001,0.0014974129742279729
vintage,Narcissism,8,trait,Machiavellianism,high-minus-balanced-mean,5.275,4.125,6.525,0.021546013190959848
vintage,Narcissism,8,trait,Machiavellianism,low-minus-balanced-mean,-3.7249999999999996,-5.050625000000001,-2.45,-0.021445837629419998
vintage,Narcissism,8,trait,Machiavellianism,high-reverse-minus-forward,0.15000000000000002,-0.6499999999999999,0.95,-0.0005463900823567538
vintage,Narcissism,8,trait,Machiavellianism,low-reverse-minus-forward,-0.19999999999999996,-0.9000000000000001,0.5,-0.001382820803516309
vintage,Narcissism,8,trait,Narcissism,high-minus-balanced-mean,8.45,6.8999999999999995,10.149999999999999,0.04574469301231655
vintage,Narcissism,8,trait,Narcissism,low-minus-balanced-mean,-7.000000000000001,-8.4,-5.6,-0.04725893714578863
vintage,Narcissism,8,trait,Narcissism,high-reverse-minus-forward,-0.45000000000000007,-1.2000000000000002,0.3,-0.0008848795280488576
vintage,Narcissism,8,trait,Narcissism,low-reverse-minus-forward,-0.6,-1.2,-0.04999999999999998,-0.0019375470884094965
vintage,Narcissism,8,trait,Psychopathy,high-minus-balanced-mean,3.175,2.175,4.275,0.027131959540733587
vintage,Narcissism,8,trait,Psychopathy,low-minus-balanced-mean,-3.0250000000000004,-4.0,-2.15,-0.027122427903560044
vintage,Narcissism,8,trait,Psychopathy,high-reverse-minus-forward,0.10000000000000002,-0.55,0.8,0.0006347672748203464
vintage,Narcissism,8,trait,Psychopathy,low-reverse-minus-forward,0.30000000000000004,-0.2,0.8,0.002626530827260072
vintage,Narcissism,16,trait,Openness,high-minus-balanced-mean,-1.625,-2.775,-0.5250000000000001,-0.0014684126752710796
vintage,Narcissism,16,trait,Openness,low-minus-balanced-mean,0.575,-0.49999999999999994,1.7000000000000002,-0.001017147779334268
vintage,Narcissism,16,trait,Conscientiousness,high-minus-balanced-mean,-0.9750000000000002,-1.9250000000000003,-1.1102230246251565e-16,-0.008499790625740975
vintage,Narcissism,16,trait,Conscientiousness,low-minus-balanced-mean,0.5749999999999998,-0.29999999999999993,1.5,0.0054136454883225915
vintage,Narcissism,16,trait,Extraversion,high-minus-balanced-mean,1.525,0.65,2.425,0.012303481431839442
vintage,Narcissism,16,trait,Extraversion,low-minus-balanced-mean,-2.375,-3.2756250000000002,-1.4500000000000002,-0.015165336728462972
vintage,Narcissism,16,trait,Agreeableness,high-minus-balanced-mean,-5.324999999999999,-6.725624999999999,-3.900000000000001,-0.024117095573712465
vintage,Narcissism,16,trait,Agreeableness,low-minus-balanced-mean,3.375,2.2499999999999996,4.55,0.02067512059217789
vintage,Narcissism,16,trait,Neuroticism,high-minus-balanced-mean,0.4500000000000001,-0.675,1.55,0.0002253481451294378
vintage,Narcissism,16,trait,Neuroticism,low-minus-balanced-mean,1.05,-0.07500000000000001,2.325,0.001620654717640017
vintage,Narcissism,16,trait,Machiavellianism,high-minus-balanced-mean,5.750000000000001,4.225,7.449999999999999,0.02493261816860029
vintage,Narcissism,16,trait,Machiavellianism,low-minus-balanced-mean,-5.55,-7.074999999999999,-4.075,-0.027434194991680476
vintage,Narcissism,16,trait,Narcissism,high-minus-balanced-mean,12.05,10.074375,14.149999999999999,0.05678591759390359
vintage,Narcissism,16,trait,Narcissism,low-minus-balanced-mean,-11.3,-13.200625000000002,-9.524999999999999,-0.06694166480750224
vintage,Narcissism,16,trait,Psychopathy,high-minus-balanced-mean,5.55,4.074999999999999,7.200000000000001,0.04274262485206529
vintage,Narcissism,16,trait,Psychopathy,low-minus-balanced-mean,-3.45,-4.425625,-2.55,-0.04190099779307259
vintage,Narcissism,32,trait,Openness,high-minus-balanced-mean,-1.0,-2.15,0.12499999999999994,-0.0013825745398905733
vintage,Narcissism,32,trait,Openness,low-minus-balanced-mean,-0.5,-1.575,0.6256249999999965,-0.0038891565502922544
vintage,Narcissism,32,trait,Conscientiousness,high-minus-balanced-mean,-0.8750000000000001,-1.825625,0.025000000000000078,-0.007866559875943297
vintage,Narcissism,32,trait,Conscientiousness,low-minus-balanced-mean,0.42500000000000004,-0.525,1.3756249999999965,0.00696830383522008
vintage,Narcissism,32,trait,Extraversion,high-minus-balanced-mean,1.8250000000000002,0.7750000000000001,2.900624999999997,0.009589192864345236
vintage,Narcissism,32,trait,Extraversion,low-minus-balanced-mean,-2.2750000000000004,-3.3756250000000003,-1.1999999999999997,-0.014845787226693314
vintage,Narcissism,32,trait,Agreeableness,high-minus-balanced-mean,-5.0,-6.425,-3.675,-0.025360683126892693
vintage,Narcissism,32,trait,Agreeableness,low-minus-balanced-mean,4.050000000000001,2.7500000000000004,5.350624999999996,0.02400117459927036
vintage,Narcissism,32,trait,Neuroticism,high-minus-balanced-mean,0.7250000000000001,-0.49999999999999994,1.8756249999999968,0.0030088455562392448
vintage,Narcissism,32,trait,Neuroticism,low-minus-balanced-mean,-0.32499999999999996,-1.55,0.8006249999999967,-0.00016658393230694027
vintage,Narcissism,32,trait,Machiavellianism,high-minus-balanced-mean,6.4750000000000005,4.85,8.375,0.030805672045747457
vintage,Narcissism,32,trait,Machiavellianism,low-minus-balanced-mean,-6.924999999999999,-8.575624999999999,-5.275,-0.035170867859892166
vintage,Narcissism,32,trait,Narcissism,high-minus-balanced-mean,14.150000000000002,12.124375,16.175,0.06373437382381267
vintage,Narcissism,32,trait,Narcissism,low-minus-balanced-mean,-13.15,-15.200625,-11.175,-0.08135967325368616
vintage,Narcissism,32,trait,Psychopathy,high-minus-balanced-mean,4.4,3.175,5.725624999999996,0.04106300542226596
vintage,Narcissism,32,trait,Psychopathy,low-minus-balanced-mean,-3.0500000000000003,-4.0756250000000005,-2.1243750000000037,-0.04185523957866152
vintage,Psychopathy,2,trait,Openness,high-minus-balanced-mean,-0.5250000000000001,-1.275,0.22500000000000003,0.0003758033155010808
vintage,Psychopathy,2,trait,Openness,low-minus-balanced-mean,0.07499999999999996,-0.575,0.7250000000000001,-0.00018273944722746642
vintage,Psychopathy,2,trait,Conscientiousness,high-minus-balanced-mean,-1.5500000000000003,-2.425,-0.65,-0.012255631086100038
vintage,Psychopathy,2,trait,Conscientiousness,low-minus-balanced-mean,1.8500000000000003,1.1,2.65,0.012393791365971584
vintage,Psychopathy,2,trait,Extraversion,high-minus-balanced-mean,1.475,0.7250000000000001,2.2006249999999965,0.005061367935248411
vintage,Psychopathy,2,trait,Extraversion,low-minus-balanced-mean,-0.9750000000000002,-1.6749999999999998,-0.3,-0.005145768119863889
vintage,Psychopathy,2,trait,Agreeableness,high-minus-balanced-mean,-0.8500000000000001,-1.9500000000000004,0.15062499999999662,-0.006162992323589411
vintage,Psychopathy,2,trait,Agreeableness,low-minus-balanced-mean,1.6,0.7743749999999999,2.425624999999997,0.007156291481646878
vintage,Psychopathy,2,trait,Neuroticism,high-minus-balanced-mean,0.10000000000000002,-0.8750000000000001,1.075,0.003137777419093938
vintage,Psychopathy,2,trait,Neuroticism,low-minus-balanced-mean,-0.10000000000000002,-0.8500000000000001,0.6499999999999999,-0.0021904750180730694
vintage,Psychopathy,2,trait,Machiavellianism,high-minus-balanced-mean,3.7750000000000004,2.7,4.925,0.0181694547415892
vintage,Psychopathy,2,trait,Machiavellianism,low-minus-balanced-mean,-3.675,-4.7,-2.6750000000000003,-0.01763816816727393
vintage,Psychopathy,2,trait,Narcissism,high-minus-balanced-mean,2.825,1.8499999999999999,3.8249999999999997,0.01886212147543174
vintage,Psychopathy,2,trait,Narcissism,low-minus-balanced-mean,-2.825,-3.6756250000000006,-1.9250000000000003,-0.017775396200158583
vintage,Psychopathy,2,trait,Psychopathy,high-minus-balanced-mean,7.775,6.35,9.299999999999999,0.052195206834946696
vintage,Psychopathy,2,trait,Psychopathy,low-minus-balanced-mean,-6.025,-7.324999999999999,-4.825000000000001,-0.04788350327291349
vintage,Psychopathy,4,trait,Openness,high-minus-balanced-mean,-0.75,-1.7999999999999998,0.2749999999999999,0.0018829315143651837
vintage,Psychopathy,4,trait,Openness,low-minus-balanced-mean,0.2,-0.8756250000000002,1.275,0.0006947861029911428
vintage,Psychopathy,4,trait,Conscientiousness,high-minus-balanced-mean,-3.3000000000000003,-4.525,-2.075,-0.023188132388559345
vintage,Psychopathy,4,trait,Conscientiousness,low-minus-balanced-mean,3.05,2.05,4.075,0.02334842034566023
vintage,Psychopathy,4,trait,Extraversion,high-minus-balanced-mean,2.1,0.8750000000000001,3.3249999999999993,0.011955311725630831
vintage,Psychopathy,4,trait,Extraversion,low-minus-balanced-mean,-2.25,-3.2,-1.3499999999999999,-0.011953522392771174
vintage,Psychopathy,4,trait,Agreeableness,high-minus-balanced-mean,-1.7500000000000002,-3.325,-0.32500000000000007,-0.010130958125200273
vintage,Psychopathy,4,trait,Agreeableness,low-minus-balanced-mean,2.5500000000000003,1.4500000000000002,3.7249999999999996,0.0120067303346916
vintage,Psychopathy,4,trait,Neuroticism,high-minus-balanced-mean,-0.09999999999999992,-1.3006250000000001,1.1006249999999969,0.0031635298841376836
vintage,Psychopathy,4,trait,Neuroticism,low-minus-balanced-mean,0.7499999999999999,-0.3499999999999999,1.8500000000000003,-0.00030849837266011147
vintage,Psychopathy,4,trait,Machiavellianism,high-minus-balanced-mean,5.6,4.124375000000001,7.124999999999999,0.023715372542164465
vintage,Psychopathy,4,trait,Machiavellianism,low-minus-balanced-mean,-4.15,-5.3500000000000005,-2.9493750000000034,-0.02244952605259178
vintage,Psychopathy,4,trait,Narcissism,high-minus-balanced-mean,5.075000000000001,3.7750000000000004,6.375,0.0312729054903172
vintage,Psychopathy,4,trait,Narcissism,low-minus-balanced-mean,-4.175000000000001,-5.325625000000001,-3.125,-0.029617008819227922
vintage,Psychopathy,4,trait,Psychopathy,high-minus-balanced-mean,12.675,10.774375,14.725000000000001,0.0852635088168042
vintage,Psychopathy,4,trait,Psychopathy,low-minus-balanced-mean,-8.875,-10.5,-7.349375000000002,-0.0790938304780619
vintage,Psychopathy,8,trait,Openness,high-minus-balanced-mean,-0.3000000000000001,-1.6999999999999997,1.025624999999997,0.0020908450344899166
vintage,Psychopathy,8,trait,Openness,low-minus-balanced-mean,1.0500000000000003,-0.25062500000000004,2.375,-0.002293766428166415
vintage,Psychopathy,8,trait,Openness,high-reverse-minus-forward,-0.15000000000000002,-1.0,0.7000000000000001,-0.0006119075552373304
vintage,Psychopathy,8,trait,Openness,low-reverse-minus-forward,0.05000000000000003,-0.7500000000000001,0.8500000000000001,-0.0010472563016089183
vintage,Psychopathy,8,trait,Conscientiousness,high-minus-balanced-mean,-4.7,-6.175,-3.325,-0.03346427625956382
vintage,Psychopathy,8,trait,Conscientiousness,low-minus-balanced-mean,3.75,2.625,4.9750000000000005,0.0325158696762839
vintage,Psychopathy,8,trait,Conscientiousness,high-reverse-minus-forward,0.4,-0.3,1.1,0.0040976597499316645
vintage,Psychopathy,8,trait,Conscientiousness,low-reverse-minus-forward,-0.10000000000000002,-0.7000000000000002,0.5,-2.3536932418439567e-05
vintage,Psychopathy,8,trait,Extraversion,high-minus-balanced-mean,3.025,1.6500000000000001,4.5,0.018179258396863154
vintage,Psychopathy,8,trait,Extraversion,low-minus-balanced-mean,-2.175,-3.2,-1.1750000000000003,-0.018954512701016266
vintage,Psychopathy,8,trait,Extraversion,high-reverse-minus-forward,-0.30000000000000004,-0.8500000000000001,0.25,-0.001826710553527598
vintage,Psychopathy,8,trait,Extraversion,low-reverse-minus-forward,-0.05000000000000001,-0.5,0.3500000000000001,0.0021144041660926534
vintage,Psychopathy,8,trait,Agreeableness,high-minus-balanced-mean,-2.95,-4.6,-1.4743750000000029,-0.012851847750502606
vintage,Psychopathy,8,trait,Agreeableness,low-minus-balanced-mean,2.75,1.6,3.95,0.013046149370694442
vintage,Psychopathy,8,trait,Agreeableness,high-reverse-minus-forward,-0.24999999999999997,-1.0000000000000002,0.6000000000000001,-0.0019858029474079243
vintage,Psychopathy,8,trait,Agreeableness,low-reverse-minus-forward,-0.35,-1.0000000000000002,0.35000000000000003,0.00027033265593333323
vintage,Psychopathy,8,trait,Neuroticism,high-minus-balanced-mean,-1.15,-2.5249999999999995,0.19999999999999984,8.069827561177801e-05
vintage,Psychopathy,8,trait,Neuroticism,low-minus-balanced-mean,1.15,-0.1999999999999998,2.5012499999999935,0.0038810963243419167
vintage,Psychopathy,8,trait,Neuroticism,high-reverse-minus-forward,0.15000000000000002,-0.4,0.7000000000000001,-0.0017607186382888954
vintage,Psychopathy,8,trait,Neuroticism,low-reverse-minus-forward,-0.30000000000000004,-0.9500000000000002,0.35000000000000003,-0.0034150800957671573
vintage,Psychopathy,8,trait,Machiavellianism,high-minus-balanced-mean,6.550000000000001,4.849374999999999,8.350624999999996,0.0271516590996759
vintage,Psychopathy,8,trait,Machiavellianism,low-minus-balanced-mean,-4.35,-5.550000000000001,-3.15,-0.025036050824455466
vintage,Psychopathy,8,trait,Machiavellianism,high-reverse-minus-forward,0.7000000000000001,-0.05000000000000001,1.4,0.0011899147573303597
vintage,Psychopathy,8,trait,Machiavellianism,low-reverse-minus-forward,-0.35000000000000003,-1.15,0.4,-0.001539270960822629
vintage,Psychopathy,8,trait,Narcissism,high-minus-balanced-mean,4.725,3.3493749999999998,6.150624999999997,0.03610609849398096
vintage,Psychopathy,8,trait,Narcissism,low-minus-balanced-mean,-4.025,-5.300000000000001,-2.875,-0.03168219448162444
vintage,Psychopathy,8,trait,Narcissism,high-reverse-minus-forward,-0.05000000000000001,-0.7,0.6000000000000001,0.0001724470328157393
vintage,Psychopathy,8,trait,Narcissism,low-reverse-minus-forward,0.2,-0.35000000000000003,0.7000000000000001,-0.0005268531011011295
vintage,Psychopathy,8,trait,Psychopathy,high-minus-balanced-mean,19.35,16.949374999999996,21.800624999999993,0.12286651081935379
vintage,Psychopathy,8,trait,Psychopathy,low-minus-balanced-mean,-12.0,-14.099999999999998,-10.049375000000003,-0.1116976271235992
vintage,Psychopathy,8,trait,Psychopathy,high-reverse-minus-forward,-0.8,-1.6,4.163336342344337e-17,-0.004934326186026013
vintage,Psychopathy,8,trait,Psychopathy,low-reverse-minus-forward,0.35,-0.24999999999999997,0.9500000000000002,0.0007005204506438645
vintage,Psychopathy,16,trait,Openness,high-minus-balanced-mean,-1.475,-3.1499999999999995,0.1006249999999969,0.000730640722428281
vintage,Psychopathy,16,trait,Openness,low-minus-balanced-mean,-0.5750000000000001,-1.625,0.4749999999999999,-0.005195144322423273
vintage,Psychopathy,16,trait,Conscientiousness,high-minus-balanced-mean,-4.45,-6.025625000000002,-3.05,-0.032535463606284336
vintage,Psychopathy,16,trait,Conscientiousness,low-minus-balanced-mean,4.25,2.975,5.700624999999997,0.035559756608904945
vintage,Psychopathy,16,trait,Extraversion,high-minus-balanced-mean,3.25,1.8000000000000003,4.75,0.020494458528224138
vintage,Psychopathy,16,trait,Extraversion,low-minus-balanced-mean,-2.0,-3.225625,-0.8750000000000001,-0.023070582942631715
vintage,Psychopathy,16,trait,Agreeableness,high-minus-balanced-mean,-4.625,-6.550625,-2.7743750000000036,-0.01990805808740094
vintage,Psychopathy,16,trait,Agreeableness,low-minus-balanced-mean,3.0250000000000004,1.7243749999999998,4.375,0.017198249204882433
vintage,Psychopathy,16,trait,Neuroticism,high-minus-balanced-mean,-0.8750000000000001,-2.3749999999999996,0.6000000000000001,0.0007010213122542519
vintage,Psychopathy,16,trait,Neuroticism,low-minus-balanced-mean,1.375,-0.25,3.0006249999999963,0.005071897501217191
vintage,Psychopathy,16,trait,Machiavellianism,high-minus-balanced-mean,6.7749999999999995,4.95,8.700624999999997,0.03415227094850828
vintage,Psychopathy,16,trait,Machiavellianism,low-minus-balanced-mean,-6.675000000000001,-8.125,-5.375,-0.031747350883320695
vintage,Psychopathy,16,trait,Narcissism,high-minus-balanced-mean,5.4,3.85,7.074999999999999,0.040245968162972295
vintage,Psychopathy,16,trait,Narcissism,low-minus-balanced-mean,-4.1,-5.550625000000001,-2.8499999999999996,-0.034022037168221636
vintage,Psychopathy,16,trait,Psychopathy,high-minus-balanced-mean,25.0,21.950000000000003,28.050625,0.1483997862420664
vintage,Psychopathy,16,trait,Psychopathy,low-minus-balanced-mean,-14.249999999999998,-16.775624999999998,-11.774375000000001,-0.1438788570283922
vintage,Psychopathy,32,trait,Openness,high-minus-balanced-mean,-0.6499999999999999,-2.375,0.8999999999999999,0.0009956301253830216
vintage,Psychopathy,32,trait,Openness,low-minus-balanced-mean,-0.8999999999999999,-2.075625,0.17562499999999667,-0.005443376032156104
vintage,Psychopathy,32,trait,Conscientiousness,high-minus-balanced-mean,-3.8250000000000006,-5.175,-2.5500000000000003,-0.032299297707057965
vintage,Psychopathy,32,trait,Conscientiousness,low-minus-balanced-mean,3.925,2.6,5.375,0.032843549519085816
vintage,Psychopathy,32,trait,Extraversion,high-minus-balanced-mean,3.025,1.725,4.425000000000001,0.020364364465373312
vintage,Psychopathy,32,trait,Extraversion,low-minus-balanced-mean,-2.725,-3.9999999999999996,-1.5743750000000036,-0.022652713478246506
vintage,Psychopathy,32,trait,Agreeableness,high-minus-balanced-mean,-4.375,-6.425,-2.375,-0.023213637422116983
vintage,Psychopathy,32,trait,Agreeableness,low-minus-balanced-mean,2.675,1.3250000000000002,4.025,0.01745011133402138
vintage,Psychopathy,32,trait,Neuroticism,high-minus-balanced-mean,-0.4000000000000001,-2.125,1.3,0.00465668715786596
vintage,Psychopathy,32,trait,Neuroticism,low-minus-balanced-mean,0.9499999999999998,-0.625,2.4749999999999996,0.0027452087786621
vintage,Psychopathy,32,trait,Machiavellianism,high-minus-balanced-mean,7.5,5.349375,9.650624999999996,0.04249684622418783
vintage,Psychopathy,32,trait,Machiavellianism,low-minus-balanced-mean,-6.799999999999999,-8.325,-5.300000000000001,-0.034576012622837195
vintage,Psychopathy,32,trait,Narcissism,high-minus-balanced-mean,6.4,4.65,8.050625,0.04361272886878394
vintage,Psychopathy,32,trait,Narcissism,low-minus-balanced-mean,-5.25,-6.824999999999999,-3.875,-0.03471637105917266
vintage,Psychopathy,32,trait,Psychopathy,high-minus-balanced-mean,30.349999999999998,27.05,33.75,0.1698212666754902
vintage,Psychopathy,32,trait,Psychopathy,low-minus-balanced-mean,-17.150000000000002,-19.900624999999998,-14.475,-0.17136876076735846
web,Openness,2,trait,Openness,high-minus-balanced-mean,4.275,3.175,5.3500000000000005,0.016677374811748687
web,Openness,2,trait,Openness,low-minus-balanced-mean,-3.675,-4.675,-2.675,-0.014479404384207558
web,Openness,2,trait,Conscientiousness,high-minus-balanced-mean,0.325,-0.05000000000000001,0.75,0.0006845381817207087
web,Openness,2,trait,Conscientiousness,low-minus-balanced-mean,-0.4750000000000001,-0.8500000000000001,-0.15000000000000002,0.0005337786874004053
web,Openness,2,trait,Extraversion,high-minus-balanced-mean,1.35,0.575,2.15,0.005219430850677802
web,Openness,2,trait,Extraversion,low-minus-balanced-mean,-0.9000000000000001,-1.55,-0.35000000000000003,-0.0046320671693851736
web,Openness,2,trait,Agreeableness,high-minus-balanced-mean,2.0250000000000004,1.2000000000000002,2.9250000000000003,0.009830496039662082
web,Openness,2,trait,Agreeableness,low-minus-balanced-mean,-1.825,-2.6256250000000003,-1.1,-0.007840029352458242
web,Openness,2,trait,Neuroticism,high-minus-balanced-mean,-1.5,-2.35,-0.7250000000000001,-0.004061532441912617
web,Openness,2,trait,Neuroticism,low-minus-balanced-mean,0.7000000000000002,-0.125,1.5250000000000001,0.002917449213730915
web,Openness,2,trait,Machiavellianism,high-minus-balanced-mean,-0.42500000000000004,-1.0750000000000002,0.22499999999999995,-0.0012181479649412289
web,Openness,2,trait,Machiavellianism,low-minus-balanced-mean,-0.07499999999999996,-0.8,0.625,0.0007347644554371759
web,Openness,2,trait,Narcissism,high-minus-balanced-mean,-0.30000000000000004,-1.0499999999999998,0.4,-0.001647266324875376
web,Openness,2,trait,Narcissism,low-minus-balanced-mean,0.75,0.0,1.475,0.00117021560522318
web,Openness,2,trait,Psychopathy,high-minus-balanced-mean,0.0,-0.2,0.17500000000000004,-0.006258610009824328
web,Openness,2,trait,Psychopathy,low-minus-balanced-mean,-0.2,-0.4,-0.024999999999999994,0.004885849121426834
web,Openness,4,trait,Openness,high-minus-balanced-mean,6.075,4.824375,7.400000000000001,0.021322626154205448
web,Openness,4,trait,Openness,low-minus-balanced-mean,-5.975,-7.449999999999999,-4.525,-0.01986357172336036
web,Openness,4,trait,Conscientiousness,high-minus-balanced-mean,0.525,0.1,0.9506249999999968,0.000767171297594133
web,Openness,4,trait,Conscientiousness,low-minus-balanced-mean,-0.07500000000000001,-0.525,0.375,0.0017432244742825952
web,Openness,4,trait,Extraversion,high-minus-balanced-mean,1.9000000000000004,0.9750000000000002,2.875,0.0056032778390039265
web,Openness,4,trait,Extraversion,low-minus-balanced-mean,-0.8500000000000001,-1.5,-0.2,-0.006164447536002971
web,Openness,4,trait,Agreeableness,high-minus-balanced-mean,2.4000000000000004,1.4500000000000002,3.4000000000000004,0.01316516610187418
web,Openness,4,trait,Agreeableness,low-minus-balanced-mean,-2.35,-3.175,-1.6493750000000036,-0.01171653741463797
web,Openness,4,trait,Neuroticism,high-minus-balanced-mean,-1.475,-2.3999999999999995,-0.6000000000000001,-0.004163894082805774
web,Openness,4,trait,Neuroticism,low-minus-balanced-mean,0.325,-0.32499999999999996,0.9750000000000002,0.002408932943945498
web,Openness,4,trait,Machiavellianism,high-minus-balanced-mean,-0.65,-1.4499999999999997,0.10000000000000002,-0.004607234359453708
web,Openness,4,trait,Machiavellianism,low-minus-balanced-mean,-0.15000000000000002,-0.975,0.6999999999999997,0.00218349283300952
web,Openness,4,trait,Narcissism,high-minus-balanced-mean,-0.8749999999999999,-1.875,0.025000000000000022,-0.0062138397775887595
web,Openness,4,trait,Narcissism,low-minus-balanced-mean,1.625,0.8500000000000001,2.4000000000000004,0.004026668657796193
web,Openness,4,trait,Psychopathy,high-minus-balanced-mean,0.17500000000000002,-0.05000000000000001,0.42500000000000004,-0.00884806857803759
web,Openness,4,trait,Psychopathy,low-minus-balanced-mean,-0.025,-0.2,0.15000000000000002,0.006397261608508984
web,Openness,8,trait,Openness,high-minus-balanced-mean,8.700000000000001,7.025,10.450624999999999,0.03271605406830916
web,Openness,8,trait,Openness,low-minus-balanced-mean,-8.200000000000001,-9.900625,-6.6000000000000005,-0.028180783299127096
web,Openness,8,trait,Openness,high-reverse-minus-forward,-0.8999999999999999,-1.6500000000000001,-0.15000000000000002,-0.0008283075625713093
web,Openness,8,trait,Openness,low-reverse-minus-forward,-0.6000000000000001,-1.4500000000000002,0.2,-0.002356682667594279
web,Openness,8,trait,Conscientiousness,high-minus-balanced-mean,0.375,-0.17500000000000002,0.9250000000000002,-0.0040857435005598915
web,Openness,8,trait,Conscientiousness,low-minus-balanced-mean,0.025000000000000005,-0.45000000000000007,0.475,0.003230413507497678
web,Openness,8,trait,Conscientiousness,high-reverse-minus-forward,0.1,-0.3500000000000001,0.6,0.001285769832969409
web,Openness,8,trait,Conscientiousness,low-reverse-minus-forward,0.1,-0.35000000000000003,0.5012499999999933,0.0031443286151089434
web,Openness,8,trait,Extraversion,high-minus-balanced-mean,2.375,1.375,3.4499999999999997,0.011424459881413671
web,Openness,8,trait,Extraversion,low-minus-balanced-mean,-2.175,-3.225000000000001,-1.2243750000000033,-0.010563110518720524
web,Openness,8,trait,Extraversion,high-reverse-minus-forward,-0.3500000000000001,-1.1500000000000001,0.45000000000000007,-0.00044411232236659125
web,Openness,8,trait,Extraversion,low-reverse-minus-forward,-0.5,-1.15,0.15000000000000002,-0.001325612354215525
web,Openness,8,trait,Agreeableness,high-minus-balanced-mean,2.45,1.5,3.4499999999999997,0.014939748068486223
web,Openness,8,trait,Agreeableness,low-minus-balanced-mean,-2.45,-3.375,-1.575,-0.011956942956939116
web,Openness,8,trait,Agreeableness,high-reverse-minus-forward,0.35000000000000003,-0.4,1.1,0.002511779014193444
web,Openness,8,trait,Agreeableness,low-reverse-minus-forward,-0.5,-1.1500000000000001,0.10000000000000002,-0.0017846445305336883
web,Openness,8,trait,Neuroticism,high-minus-balanced-mean,-1.7000000000000002,-2.75,-0.7250000000000001,-0.004538241548377898
web,Openness,8,trait,Neuroticism,low-minus-balanced-mean,0.5,-0.5,1.425,0.002645001283849858
web,Openness,8,trait,Neuroticism,high-reverse-minus-forward,0.7,-4.163336342344337e-17,1.4500000000000002,6.956859291131649e-05
web,Openness,8,trait,Neuroticism,low-reverse-minus-forward,-0.3500000000000001,-1.0500000000000003,0.30000000000000004,-0.001400473605541213
web,Openness,8,trait,Machiavellianism,high-minus-balanced-mean,0.8250000000000001,-0.07500000000000001,1.7500000000000002,-0.0012230384066783785
web,Openness,8,trait,Machiavellianism,low-minus-balanced-mean,-0.22500000000000003,-1.15,0.7000000000000001,-0.0012628809395366142
web,Openness,8,trait,Machiavellianism,high-reverse-minus-forward,-0.5,-1.1,0.10124999999999332,-0.0022453364293181536
web,Openness,8,trait,Machiavellianism,low-reverse-minus-forward,-0.1,-0.8,0.5012499999999933,-0.0005719811430469466
web,Openness,8,trait,Narcissism,high-minus-balanced-mean,-0.375,-1.3750000000000002,0.6250000000000001,-0.0010569681042049937
web,Openness,8,trait,Narcissism,low-minus-balanced-mean,0.07499999999999998,-0.8,0.975,-0.0004658523689810853
web,Openness,8,trait,Narcissism,high-reverse-minus-forward,-0.55,-1.3,0.15000000000000002,-0.0037358747180454644
web,Openness,8,trait,Narcissism,low-reverse-minus-forward,0.15000000000000002,-0.45000000000000007,0.75,-0.0005631496545387972
web,Openness,8,trait,Psychopathy,high-minus-balanced-mean,0.1,-0.22500000000000003,0.42500000000000004,-0.004099237364701683
web,Openness,8,trait,Psychopathy,low-minus-balanced-mean,-0.1,-0.35000000000000003,0.125,0.0013538184790930525
web,Openness,8,trait,Psychopathy,high-reverse-minus-forward,-0.10000000000000002,-0.30000000000000004,0.1,-0.004030138173767556
web,Openness,8,trait,Psychopathy,low-reverse-minus-forward,0.05,-0.15000000000000002,0.3,-0.0017143941075418601
web,Openness,16,trait,Openness,high-minus-balanced-mean,11.5,9.15,13.849999999999998,0.04299264514899323
web,Openness,16,trait,Openness,low-minus-balanced-mean,-10.0,-12.175,-8.075,-0.03871112040498446
web,Openness,16,trait,Conscientiousness,high-minus-balanced-mean,-0.525,-1.175,0.07499999999999996,-0.0044769858741905335
web,Openness,16,trait,Conscientiousness,low-minus-balanced-mean,-0.07500000000000001,-0.5750000000000001,0.4,0.005279983326058401
web,Openness,16,trait,Extraversion,high-minus-balanced-mean,3.4750000000000005,2.225,4.875,0.015642014679839354
web,Openness,16,trait,Extraversion,low-minus-balanced-mean,-3.6249999999999996,-4.9,-2.424375000000003,-0.01638466241779532
web,Openness,16,trait,Agreeableness,high-minus-balanced-mean,2.375,1.375,3.4249999999999994,0.017447567071984006
web,Openness,16,trait,Agreeableness,low-minus-balanced-mean,-3.325,-4.275,-2.45,-0.015191813385983242
web,Openness,16,trait,Neuroticism,high-minus-balanced-mean,-1.925,-3.0500000000000003,-0.9000000000000001,-0.00808549804682732
web,Openness,16,trait,Neuroticism,low-minus-balanced-mean,1.175,0.09999999999999998,2.3000000000000003,0.0035150929507815143
web,Openness,16,trait,Machiavellianism,high-minus-balanced-mean,0.7,-0.175625,1.55,-0.0019589210892233147
web,Openness,16,trait,Machiavellianism,low-minus-balanced-mean,-0.2,-1.125,0.7749999999999997,-0.0016506566467718337
web,Openness,16,trait,Narcissism,high-minus-balanced-mean,-0.5249999999999999,-1.55,0.4499999999999999,-0.0015329826849416028
web,Openness,16,trait,Narcissism,low-minus-balanced-mean,-0.32499999999999996,-1.25,0.5756249999999967,-0.001148350688459765
web,Openness,16,trait,Psychopathy,high-minus-balanced-mean,0.07500000000000001,-0.25,0.42500000000000004,-0.005035658607858079
web,Openness,16,trait,Psychopathy,low-minus-balanced-mean,-0.175,-0.575,0.17499999999999996,-0.0004697428543139929
web,Openness,32,trait,Openness,high-minus-balanced-mean,12.899999999999997,10.325000000000001,15.400624999999996,0.05274282801807325
web,Openness,32,trait,Openness,low-minus-balanced-mean,-12.950000000000001,-15.350625,-10.600000000000001,-0.048715469176074506
web,Openness,32,trait,Conscientiousness,high-minus-balanced-mean,-0.5250000000000001,-1.4756250000000002,0.3749999999999999,-0.004495117753583633
web,Openness,32,trait,Conscientiousness,low-minus-balanced-mean,0.275,-0.325,0.95,0.006714908660636977
web,Openness,32,trait,Extraversion,high-minus-balanced-mean,5.375,3.900000000000001,6.924999999999999,0.021501927588436692
web,Openness,32,trait,Extraversion,low-minus-balanced-mean,-5.375,-7.000000000000001,-3.85,-0.02357599109269585
web,Openness,32,trait,Agreeableness,high-minus-balanced-mean,4.275,2.774375,5.775,0.022968954796922184
web,Openness,32,trait,Agreeableness,low-minus-balanced-mean,-3.0250000000000004,-4.100625000000001,-1.8993750000000038,-0.01616086014724655
web,Openness,32,trait,Neuroticism,high-minus-balanced-mean,-3.575,-4.9,-2.324375000000003,-0.013548592691357464
web,Openness,32,trait,Neuroticism,low-minus-balanced-mean,3.4750000000000005,2.1750000000000003,4.900624999999996,0.011083732472888798
web,Openness,32,trait,Machiavellianism,high-minus-balanced-mean,0.8,-0.2750000000000001,1.8750000000000002,-0.0018122844013229967
web,Openness,32,trait,Machiavellianism,low-minus-balanced-mean,-0.9000000000000001,-1.9999999999999998,0.17499999999999977,-0.0011934143967958736
web,Openness,32,trait,Narcissism,high-minus-balanced-mean,-0.10000000000000006,-1.0750000000000002,0.9749999999999999,-0.0018339687005186906
web,Openness,32,trait,Narcissism,low-minus-balanced-mean,-0.14999999999999997,-1.2999999999999998,1.0499999999999998,-0.0027977238735559253
web,Openness,32,trait,Psychopathy,high-minus-balanced-mean,0.22499999999999998,-0.15000000000000002,0.6000000000000001,-0.006737561818141342
web,Openness,32,trait,Psychopathy,low-minus-balanced-mean,-0.175,-0.475,0.07500000000000001,-0.00436312327155955
web,Conscientiousness,2,trait,Openness,high-minus-balanced-mean,-0.525,-1.525,0.55,-0.0006398878749724163
web,Conscientiousness,2,trait,Openness,low-minus-balanced-mean,0.775,-0.19999999999999996,1.675,0.0004898497093659568
web,Conscientiousness,2,trait,Conscientiousness,high-minus-balanced-mean,2.95,2.024375,4.05,0.044538159633459105
web,Conscientiousness,2,trait,Conscientiousness,low-minus-balanced-mean,-4.4,-5.575,-3.3000000000000007,-0.040293146539172965
web,Conscientiousness,2,trait,Extraversion,high-minus-balanced-mean,-1.275,-2.325625,-0.3249999999999999,-0.012561863033697829
web,Conscientiousness,2,trait,Extraversion,low-minus-balanced-mean,0.8750000000000001,-0.02562500000000009,1.8256249999999967,0.009744056861714714
web,Conscientiousness,2,trait,Agreeableness,high-minus-balanced-mean,-0.6000000000000001,-1.5000000000000002,0.32562499999999656,0.004696960511556742
web,Conscientiousness,2,trait,Agreeableness,low-minus-balanced-mean,0.35000000000000014,-0.5000000000000001,1.2,-0.0038219819623879535
web,Conscientiousness,2,trait,Neuroticism,high-minus-balanced-mean,-0.9750000000000002,-2.125625,0.09999999999999998,-0.004858985810884054
web,Conscientiousness,2,trait,Neuroticism,low-minus-balanced-mean,0.325,-0.6756250000000001,1.4000000000000001,0.0042586554046319895
web,Conscientiousness,2,trait,Machiavellianism,high-minus-balanced-mean,0.30000000000000004,-0.65,1.25,-0.005111958006253295
web,Conscientiousness,2,trait,Machiavellianism,low-minus-balanced-mean,0.04999999999999993,-0.7756250000000001,0.8250000000000001,0.005242857178953748
web,Conscientiousness,2,trait,Narcissism,high-minus-balanced-mean,-0.6,-1.425,0.17562499999999667,-0.00926772678166839
web,Conscientiousness,2,trait,Narcissism,low-minus-balanced-mean,1.6500000000000001,0.7750000000000001,2.5506249999999975,0.008816851549644058
web,Conscientiousness,2,trait,Psychopathy,high-minus-balanced-mean,-0.6,-1.2000000000000002,-0.07499999999999998,-0.023519945440618337
web,Conscientiousness,2,trait,Psychopathy,low-minus-balanced-mean,0.95,0.49937500000000007,1.475,0.01991625761333642
web,Conscientiousness,4,trait,Openness,high-minus-balanced-mean,-1.825,-3.125,-0.5750000000000002,-0.0031213735485756144
web,Conscientiousness,4,trait,Openness,low-minus-balanced-mean,0.37500000000000006,-0.7249999999999999,1.4,0.0025079591277463796
web,Conscientiousness,4,trait,Conscientiousness,high-minus-balanced-mean,3.6249999999999996,2.5,4.875,0.05995262759911718
web,Conscientiousness,4,trait,Conscientiousness,low-minus-balanced-mean,-6.324999999999998,-7.800000000000002,-4.875,-0.04858404372175279
web,Conscientiousness,4,trait,Extraversion,high-minus-balanced-mean,-2.8999999999999995,-4.15,-1.7993750000000037,-0.018700721357146274
web,Conscientiousness,4,trait,Extraversion,low-minus-balanced-mean,1.8499999999999999,0.9243750000000001,2.9,0.013276210758766638
web,Conscientiousness,4,trait,Agreeableness,high-minus-balanced-mean,-0.45000000000000007,-1.475,0.5249999999999999,0.007389458825364234
web,Conscientiousness,4,trait,Agreeableness,low-minus-balanced-mean,0.20000000000000012,-0.9749999999999999,1.3500000000000003,-0.005418359134874083
web,Conscientiousness,4,trait,Neuroticism,high-minus-balanced-mean,0.39999999999999986,-0.9999999999999999,1.8256249999999963,-0.003925761816261853
web,Conscientiousness,4,trait,Neuroticism,low-minus-balanced-mean,0.30000000000000004,-0.850625,1.45,0.0014362369381916366
web,Conscientiousness,4,trait,Machiavellianism,high-minus-balanced-mean,-0.07499999999999984,-1.0250000000000001,0.8500000000000001,-0.006224787949333278
web,Conscientiousness,4,trait,Machiavellianism,low-minus-balanced-mean,-0.07500000000000007,-1.025,0.8006249999999968,0.0053264861238948805
web,Conscientiousness,4,trait,Narcissism,high-minus-balanced-mean,-0.9500000000000002,-1.8500000000000003,-0.075,-0.012189131746962205
web,Conscientiousness,4,trait,Narcissism,low-minus-balanced-mean,1.2,0.275,2.175,0.00991126171174964
web,Conscientiousness,4,trait,Psychopathy,high-minus-balanced-mean,-0.8500000000000001,-1.5250000000000001,-0.275,-0.03412777552229433
web,Conscientiousness,4,trait,Psychopathy,low-minus-balanced-mean,0.95,0.475,1.5006249999999965,0.023254447232678242
web,Conscientiousness,8,trait,Openness,high-minus-balanced-mean,-2.1,-3.4750000000000005,-0.75,-0.003100775197834227
web,Conscientiousness,8,trait,Openness,low-minus-balanced-mean,-0.4,-1.4249999999999998,0.55,0.0018828245300163931
web,Conscientiousness,8,trait,Openness,high-reverse-minus-forward,0.8,0.050000000000000044,1.5012499999999933,0.0019196203413633592
web,Conscientiousness,8,trait,Openness,low-reverse-minus-forward,0.19999999999999996,-0.6,1.0000000000000002,0.0003894037104006036
web,Conscientiousness,8,trait,Conscientiousness,high-minus-balanced-mean,5.7,4.1,7.425,0.08395663481077334
web,Conscientiousness,8,trait,Conscientiousness,low-minus-balanced-mean,-9.6,-11.575,-7.724375000000003,-0.06025634402967714
web,Conscientiousness,8,trait,Conscientiousness,high-reverse-minus-forward,-0.2,-0.5,0.10000000000000005,-0.002907127140733281
web,Conscientiousness,8,trait,Conscientiousness,low-reverse-minus-forward,0.6000000000000001,-0.10000000000000002,1.35,0.0014555836478745727
web,Conscientiousness,8,trait,Extraversion,high-minus-balanced-mean,-4.0,-5.55,-2.6243750000000032,-0.02483975174953601
web,Conscientiousness,8,trait,Extraversion,low-minus-balanced-mean,2.95,1.8250000000000002,4.1756249999999975,0.014949355541268252
web,Conscientiousness,8,trait,Extraversion,high-reverse-minus-forward,0.7,0.0,1.4500000000000002,0.0025813009235319106
web,Conscientiousness,8,trait,Extraversion,low-reverse-minus-forward,-0.30000000000000004,-0.9500000000000002,0.35,0.00035309933286834004
web,Conscientiousness,8,trait,Agreeableness,high-minus-balanced-mean,-1.1250000000000002,-2.325,0.04999999999999999,0.009207941606182017
web,Conscientiousness,8,trait,Agreeableness,low-minus-balanced-mean,0.125,-1.15,1.375,-0.0044332203236417825
web,Conscientiousness,8,trait,Agreeableness,high-reverse-minus-forward,-2.7755575615628914e-17,-0.6000000000000001,0.6000000000000001,-0.0005362563224410853
web,Conscientiousness,8,trait,Agreeableness,low-reverse-minus-forward,0.2,-0.5000000000000001,0.95,0.0002681729211230537
web,Conscientiousness,8,trait,Neuroticism,high-minus-balanced-mean,0.7749999999999999,-0.950625,2.4756249999999964,-0.00700793316643904
web,Conscientiousness,8,trait,Neuroticism,low-minus-balanced-mean,0.4750000000000001,-0.6499999999999999,1.5250000000000004,-0.0012526529441024116
web,Conscientiousness,8,trait,Neuroticism,high-reverse-minus-forward,0.2,-0.44999999999999996,0.9000000000000001,0.0012534607998986673
web,Conscientiousness,8,trait,Neuroticism,low-reverse-minus-forward,-0.7,-1.4000000000000001,5.68989300120317e-17,-0.0011784562623289975
web,Conscientiousness,8,trait,Machiavellianism,high-minus-balanced-mean,0.19999999999999996,-0.9249999999999999,1.3250000000000002,-0.007946489765252437
web,Conscientiousness,8,trait,Machiavellianism,low-minus-balanced-mean,0.15000000000000002,-0.8750000000000001,1.200624999999997,0.004834043643373787
web,Conscientiousness,8,trait,Machiavellianism,high-reverse-minus-forward,-0.05000000000000003,-0.65,0.5,0.0010703850198935374
web,Conscientiousness,8,trait,Machiavellianism,low-reverse-minus-forward,0.25,-0.45000000000000007,0.9000000000000001,-0.0002087422693663349
web,Conscientiousness,8,trait,Narcissism,high-minus-balanced-mean,-1.25,-2.3006249999999997,-0.22500000000000014,-0.015446015796849021
web,Conscientiousness,8,trait,Narcissism,low-minus-balanced-mean,1.0499999999999998,0.17500000000000004,1.9749999999999996,0.008341580053021712
web,Conscientiousness,8,trait,Narcissism,high-reverse-minus-forward,0.15000000000000008,-0.5,0.7500000000000001,0.002572215305841958
web,Conscientiousness,8,trait,Narcissism,low-reverse-minus-forward,0.10000000000000002,-0.6000000000000001,0.8,-1.9187657542395313e-05
web,Conscientiousness,8,trait,Psychopathy,high-minus-balanced-mean,-0.7250000000000001,-1.3499999999999999,-0.22499999999999998,-0.045381431300449256
web,Conscientiousness,8,trait,Psychopathy,low-minus-balanced-mean,0.9250000000000002,0.399375,1.5250000000000001,0.021418504641732866
web,Conscientiousness,8,trait,Psychopathy,high-reverse-minus-forward,0.25,0.05,0.55,0.004328245445266987
web,Conscientiousness,8,trait,Psychopathy,low-reverse-minus-forward,0.14999999999999997,-0.25,0.6000000000000001,0.0005801656983243471
web,Conscientiousness,16,trait,Openness,high-minus-balanced-mean,-2.0,-3.85,-0.3243750000000035,-0.006594050708416361
web,Conscientiousness,16,trait,Openness,low-minus-balanced-mean,1.0,-0.22499999999999987,2.1500000000000004,0.004707532063840533
web,Conscientiousness,16,trait,Conscientiousness,high-minus-balanced-mean,7.800000000000002,5.849374999999999,10.099999999999998,0.1155728539230197
web,Conscientiousness,16,trait,Conscientiousness,low-minus-balanced-mean,-14.899999999999999,-17.675625,-12.4,-0.0741091144612251
web,Conscientiousness,16,trait,Extraversion,high-minus-balanced-mean,-5.025,-6.800625,-3.375,-0.033123284755626606
web,Conscientiousness,16,trait,Extraversion,low-minus-balanced-mean,4.475,3.175,5.825,0.020371048352841696
web,Conscientiousness,16,trait,Agreeableness,high-minus-balanced-mean,-0.32499999999999984,-2.0999999999999996,1.3249999999999997,0.01398066401727288
web,Conscientiousness,16,trait,Agreeableness,low-minus-balanced-mean,-0.725,-2.1750000000000003,0.7499999999999998,-0.004671087075046427
web,Conscientiousness,16,trait,Neuroticism,high-minus-balanced-mean,1.7500000000000002,-0.3249999999999997,3.9256249999999966,-0.004376813732778106
web,Conscientiousness,16,trait,Neuroticism,low-minus-balanced-mean,-1.1500000000000001,-2.425,0.15000000000000013,-0.004629013929841742
web,Conscientiousness,16,trait,Machiavellianism,high-minus-balanced-mean,0.050000000000000044,-1.1506250000000002,1.2999999999999998,-0.010201093053825891
web,Conscientiousness,16,trait,Machiavellianism,low-minus-balanced-mean,1.0,-0.22562500000000005,2.275,0.005987349575373293
web,Conscientiousness,16,trait,Narcissism,high-minus-balanced-mean,-1.4,-2.700625,-0.1750000000000001,-0.019782737262954098
web,Conscientiousness,16,trait,Narcissism,low-minus-balanced-mean,1.1,-0.12499999999999994,2.375,0.010040958875927883
web,Conscientiousness,16,trait,Psychopathy,high-minus-balanced-mean,-1.1,-1.975,-0.35,-0.06461948503671305
web,Conscientiousness,16,trait,Psychopathy,low-minus-balanced-mean,1.2000000000000002,0.5,1.9500000000000004,0.027794615705281397
web,Conscientiousness,32,trait,Openness,high-minus-balanced-mean,-2.95,-4.825625,-1.15,-0.00955736640165559
web,Conscientiousness,32,trait,Openness,low-minus-balanced-mean,1.35,0.050000000000000044,2.7249999999999996,0.007367106707058469
web,Conscientiousness,32,trait,Conscientiousness,high-minus-balanced-mean,8.725000000000001,6.699999999999999,11.075624999999995,0.1265409627454895
web,Conscientiousness,32,trait,Conscientiousness,low-minus-balanced-mean,-18.525,-21.525,-15.724375000000004,-0.08336449670896748
web,Conscientiousness,32,trait,Extraversion,high-minus-balanced-mean,-5.825,-7.775,-4.125,-0.037067692949810424
web,Conscientiousness,32,trait,Extraversion,low-minus-balanced-mean,5.525,3.9,7.3,0.02391619597254182
web,Conscientiousness,32,trait,Agreeableness,high-minus-balanced-mean,-0.6750000000000003,-2.5250000000000004,1.15,0.011228856560113347
web,Conscientiousness,32,trait,Agreeableness,low-minus-balanced-mean,0.02500000000000005,-1.375625,1.375,-0.0029399379974359395
web,Conscientiousness,32,trait,Neuroticism,high-minus-balanced-mean,3.5000000000000004,1.2,5.7,0.005380790940495814
web,Conscientiousness,32,trait,Neuroticism,low-minus-balanced-mean,-2.75,-4.125625,-1.3249999999999997,-0.011796774626902493
web,Conscientiousness,32,trait,Machiavellianism,high-minus-balanced-mean,1.0250000000000001,-0.3250000000000001,2.3506249999999973,-0.005888794131855498
web,Conscientiousness,32,trait,Machiavellianism,low-minus-balanced-mean,-0.3749999999999999,-1.825,1.0762499999999933,0.0030598519686153448
web,Conscientiousness,32,trait,Narcissism,high-minus-balanced-mean,-1.025,-2.075,-0.04999999999999993,-0.015144638640491325
web,Conscientiousness,32,trait,Narcissism,low-minus-balanced-mean,-0.42499999999999993,-1.925,1.0,0.006337020141598285
web,Conscientiousness,32,trait,Psychopathy,high-minus-balanced-mean,-1.575,-2.6,-0.65,-0.06850575809580536
web,Conscientiousness,32,trait,Psychopathy,low-minus-balanced-mean,1.275,0.575,2.05,0.02678811508591222
web,Extraversion,2,trait,Openness,high-minus-balanced-mean,2.275,1.375,3.175,0.0077881219558415225
web,Extraversion,2,trait,Openness,low-minus-balanced-mean,-2.475,-3.4000000000000004,-1.6,-0.008186175169896608
web,Extraversion,2,trait,Conscientiousness,high-minus-balanced-mean,-0.575,-1.0750000000000002,-0.15,-0.011672692920474072
web,Extraversion,2,trait,Conscientiousness,low-minus-balanced-mean,0.525,-0.04999999999999996,1.175,0.011019017520635863
web,Extraversion,2,trait,Extraversion,high-minus-balanced-mean,3.3000000000000003,2.425,4.4,0.015105603858059867
web,Extraversion,2,trait,Extraversion,low-minus-balanced-mean,-3.2,-4.325625000000001,-2.2249999999999996,-0.015312484811152868
web,Extraversion,2,trait,Agreeableness,high-minus-balanced-mean,-0.04999999999999999,-0.55,0.45000000000000007,0.0008275639625351233
web,Extraversion,2,trait,Agreeableness,low-minus-balanced-mean,-0.1,-0.8250000000000001,0.6500000000000001,0.00022340627469976933
web,Extraversion,2,trait,Neuroticism,high-minus-balanced-mean,-0.8750000000000001,-1.475,-0.3,-0.0032558756506658577
web,Extraversion,2,trait,Neuroticism,low-minus-balanced-mean,1.025,0.2999999999999999,1.8499999999999999,0.003192130997538647
web,Extraversion,2,trait,Machiavellianism,high-minus-balanced-mean,-0.22499999999999998,-1.0,0.5256249999999967,0.0002801020445510683
web,Extraversion,2,trait,Machiavellianism,low-minus-balanced-mean,0.4749999999999999,-0.07562500000000007,1.15,-0.00033662086481029454
web,Extraversion,2,trait,Narcissism,high-minus-balanced-mean,0.8750000000000001,0.17500000000000007,1.575,0.006749858616455508
web,Extraversion,2,trait,Narcissism,low-minus-balanced-mean,-0.725,-1.55,0.09999999999999994,-0.007086694326890457
web,Extraversion,2,trait,Psychopathy,high-minus-balanced-mean,0.15000000000000002,-0.1,0.4,0.008429618258223663
web,Extraversion,2,trait,Psychopathy,low-minus-balanced-mean,-0.55,-0.9500000000000002,-0.17500000000000004,-0.00939977106927125
web,Extraversion,4,trait,Openness,high-minus-balanced-mean,3.575,2.6250000000000004,4.575624999999998,0.011836305462809308
web,Extraversion,4,trait,Openness,low-minus-balanced-mean,-3.225,-4.225,-2.25,-0.01106951159289808
web,Extraversion,4,trait,Conscientiousness,high-minus-balanced-mean,-1.3250000000000002,-2.0999999999999996,-0.65,-0.01591112180741795
web,Extraversion,4,trait,Conscientiousness,low-minus-balanced-mean,0.625,0.07500000000000004,1.2,0.017027648095063404
web,Extraversion,4,trait,Extraversion,high-minus-balanced-mean,4.725,3.649375,5.950624999999997,0.021310919438028958
web,Extraversion,4,trait,Extraversion,low-minus-balanced-mean,-4.825000000000001,-6.100625,-3.6250000000000004,-0.020644553985743438
web,Extraversion,4,trait,Agreeableness,high-minus-balanced-mean,0.22499999999999995,-0.42500000000000004,0.8750000000000001,-0.00016617808225443377
web,Extraversion,4,trait,Agreeableness,low-minus-balanced-mean,-0.12499999999999999,-0.8750000000000001,0.6006249999999966,0.001465667141913895
web,Extraversion,4,trait,Neuroticism,high-minus-balanced-mean,-1.325,-2.175,-0.525,-0.0039361255387254926
web,Extraversion,4,trait,Neuroticism,low-minus-balanced-mean,1.625,0.8743750000000001,2.4499999999999997,0.000716203345830593
web,Extraversion,4,trait,Machiavellianism,high-minus-balanced-mean,0.65,0.024999999999999967,1.2756249999999971,0.0026698791974523795
web,Extraversion,4,trait,Machiavellianism,low-minus-balanced-mean,-0.3500000000000001,-1.05,0.35000000000000003,-0.003922362665440964
web,Extraversion,4,trait,Narcissism,high-minus-balanced-mean,1.5499999999999998,0.7000000000000001,2.375,0.011151199096015633
web,Extraversion,4,trait,Narcissism,low-minus-balanced-mean,-1.25,-2.125,-0.475,-0.012630668917348875
web,Extraversion,4,trait,Psychopathy,high-minus-balanced-mean,0.5750000000000001,0.10000000000000002,1.0750000000000002,0.013195994086928816
web,Extraversion,4,trait,Psychopathy,low-minus-balanced-mean,-0.4750000000000001,-0.775,-0.22500000000000003,-0.014623717962936657
web,Extraversion,8,trait,Openness,high-minus-balanced-mean,4.2,3.0250000000000004,5.4,0.01541991393436069
web,Extraversion,8,trait,Openness,low-minus-balanced-mean,-4.45,-5.675,-3.2750000000000004,-0.014338360664437015
web,Extraversion,8,trait,Openness,high-reverse-minus-forward,-0.4,-1.25,0.4012499999999933,0.001131804267881802
web,Extraversion,8,trait,Openness,low-reverse-minus-forward,-0.19999999999999996,-1.0,0.6000000000000001,0.000545618653715731
web,Extraversion,8,trait,Conscientiousness,high-minus-balanced-mean,-1.925,-2.8999999999999995,-1.0499999999999998,-0.01723733840005542
web,Extraversion,8,trait,Conscientiousness,low-minus-balanced-mean,1.225,0.6000000000000001,1.925,0.021163949832652653
web,Extraversion,8,trait,Conscientiousness,high-reverse-minus-forward,0.8500000000000001,0.30000000000000004,1.45,0.006404838761050109
web,Extraversion,8,trait,Conscientiousness,low-reverse-minus-forward,0.1,-0.35000000000000003,0.5,0.0028073624930610485
web,Extraversion,8,trait,Extraversion,high-minus-balanced-mean,6.775,5.3,8.25,0.028635105210089547
web,Extraversion,8,trait,Extraversion,low-minus-balanced-mean,-6.425,-8.125,-4.875,-0.03140592931677709
web,Extraversion,8,trait,Extraversion,high-reverse-minus-forward,0.25,-0.5,1.05,0.0015328542481851512
web,Extraversion,8,trait,Extraversion,low-reverse-minus-forward,0.3500000000000001,-0.4,1.0512499999999934,0.0009212855580662335
web,Extraversion,8,trait,Agreeableness,high-minus-balanced-mean,-0.2750000000000001,-1.1500000000000001,0.6499999999999998,0.0004971041199095305
web,Extraversion,8,trait,Agreeableness,low-minus-balanced-mean,-0.625,-1.55,0.24999999999999997,0.0015720352832381585
web,Extraversion,8,trait,Agreeableness,high-reverse-minus-forward,-0.7000000000000001,-1.5,0.05000000000000003,-0.0002656272684691539
web,Extraversion,8,trait,Agreeableness,low-reverse-minus-forward,-1.2500000000000002,-2.0,-0.49999999999999994,-0.0022126569124154725
web,Extraversion,8,trait,Neuroticism,high-minus-balanced-mean,-3.45,-4.574999999999999,-2.4000000000000004,-0.010722182845681001
web,Extraversion,8,trait,Neuroticism,low-minus-balanced-mean,3.05,1.9500000000000004,4.225,0.007858479819375949
web,Extraversion,8,trait,Neuroticism,high-reverse-minus-forward,-0.8500000000000001,-1.5499999999999998,-0.2,-0.003878940573442341
web,Extraversion,8,trait,Neuroticism,low-reverse-minus-forward,-1.55,-2.45,-0.7000000000000002,-0.00617718025009443
web,Extraversion,8,trait,Machiavellianism,high-minus-balanced-mean,-0.15000000000000005,-0.8500000000000001,0.525,0.0007381555386612413
web,Extraversion,8,trait,Machiavellianism,low-minus-balanced-mean,0.2,-0.6006250000000001,1.1,-0.0021193010203703878
web,Extraversion,8,trait,Machiavellianism,high-reverse-minus-forward,0.09999999999999998,-0.5000000000000001,0.7,-0.0017098841707554233
web,Extraversion,8,trait,Machiavellianism,low-reverse-minus-forward,-0.2,-0.8500000000000001,0.44999999999999996,-0.0015836996542383619
web,Extraversion,8,trait,Narcissism,high-minus-balanced-mean,2.425,1.4993750000000001,3.4750000000000005,0.011604544410685997
web,Extraversion,8,trait,Narcissism,low-minus-balanced-mean,-1.975,-2.85,-1.1500000000000001,-0.014306919075891027
web,Extraversion,8,trait,Narcissism,high-reverse-minus-forward,-0.9000000000000001,-1.7000000000000002,-0.19875000000000678,-0.002095625924902226
web,Extraversion,8,trait,Narcissism,low-reverse-minus-forward,-1.3877787807814457e-17,-0.6000000000000001,0.6,-0.0010418876358010386
web,Extraversion,8,trait,Psychopathy,high-minus-balanced-mean,0.7750000000000001,0.275,1.375,0.016883350677930318
web,Extraversion,8,trait,Psychopathy,low-minus-balanced-mean,-0.5750000000000001,-1.0,-0.22500000000000003,-0.02051161073498886
web,Extraversion,8,trait,Psychopathy,high-reverse-minus-forward,-0.35000000000000003,-0.7000000000000001,-2.7755575615628914e-17,-0.005267573495735616
web,Extraversion,8,trait,Psychopathy,low-reverse-minus-forward,-0.05,-0.2,0.10000000000000002,0.00035236225494272773
web,Extraversion,16,trait,Openness,high-minus-balanced-mean,4.625,3.375,5.950624999999998,0.01794086617112404
web,Extraversion,16,trait,Openness,low-minus-balanced-mean,-4.675000000000001,-5.9,-3.4743750000000038,-0.0166964436740767
web,Extraversion,16,trait,Conscientiousness,high-minus-balanced-mean,-2.3,-3.15,-1.475,-0.01891430118028974
web,Extraversion,16,trait,Conscientiousness,low-minus-balanced-mean,1.45,0.7250000000000001,2.225,0.022201975855057867
web,Extraversion,16,trait,Extraversion,high-minus-balanced-mean,9.55,7.9,11.45,0.03596956949013619
web,Extraversion,16,trait,Extraversion,low-minus-balanced-mean,-8.05,-9.95,-6.25,-0.03967185407185496
web,Extraversion,16,trait,Agreeableness,high-minus-balanced-mean,0.050000000000000044,-0.8256249999999999,1.0,0.003875616815668028
web,Extraversion,16,trait,Agreeableness,low-minus-balanced-mean,-0.8,-1.6,-0.050000000000000044,-0.0023408590981484124
web,Extraversion,16,trait,Neuroticism,high-minus-balanced-mean,-3.025,-4.074999999999999,-2.1,-0.009205187585211404
web,Extraversion,16,trait,Neuroticism,low-minus-balanced-mean,3.325,2.1,4.675,0.007295763396223974
web,Extraversion,16,trait,Machiavellianism,high-minus-balanced-mean,-0.07499999999999998,-0.8500000000000001,0.6749999999999998,0.0010705849418490851
web,Extraversion,16,trait,Machiavellianism,low-minus-balanced-mean,0.0749999999999999,-0.9000000000000001,1.025,-0.0019065142742817768
web,Extraversion,16,trait,Narcissism,high-minus-balanced-mean,1.9000000000000004,0.9243749999999998,2.975624999999997,0.012584096068974086
web,Extraversion,16,trait,Narcissism,low-minus-balanced-mean,-2.4000000000000004,-3.3756250000000003,-1.475,-0.01463899454396131
web,Extraversion,16,trait,Psychopathy,high-minus-balanced-mean,0.375,0.0,0.8256249999999967,0.01563324264761482
web,Extraversion,16,trait,Psychopathy,low-minus-balanced-mean,-0.275,-0.6000000000000001,0.05000000000000001,-0.020573031136268464
web,Extraversion,32,trait,Openness,high-minus-balanced-mean,5.550000000000001,4.1,7.150624999999998,0.02135443242057576
web,Extraversion,32,trait,Openness,low-minus-balanced-mean,-6.75,-8.550625,-5.025,-0.024182162170417455
web,Extraversion,32,trait,Conscientiousness,high-minus-balanced-mean,-2.2750000000000004,-3.4756250000000004,-1.199375000000003,-0.02146969110885587
web,Extraversion,32,trait,Conscientiousness,low-minus-balanced-mean,2.425,1.4493749999999999,3.45,0.03369623530792392
web,Extraversion,32,trait,Extraversion,high-minus-balanced-mean,12.975,10.7,15.375,0.04594869841240289
web,Extraversion,32,trait,Extraversion,low-minus-balanced-mean,-11.725,-14.02625,-9.55,-0.05988217037174876
web,Extraversion,32,trait,Agreeableness,high-minus-balanced-mean,-0.44999999999999996,-1.425,0.4749999999999999,0.001196312165143913
web,Extraversion,32,trait,Agreeableness,low-minus-balanced-mean,-1.4500000000000002,-2.5,-0.4000000000000001,-0.0022415525546647126
web,Extraversion,32,trait,Neuroticism,high-minus-balanced-mean,-4.2,-5.6,-2.975,-0.012630290471346981
web,Extraversion,32,trait,Neuroticism,low-minus-balanced-mean,4.4,2.899375,6.000624999999998,0.010909602476507246
web,Extraversion,32,trait,Machiavellianism,high-minus-balanced-mean,0.4,-0.44999999999999996,1.275,-0.001784232245543333
web,Extraversion,32,trait,Machiavellianism,low-minus-balanced-mean,0.9500000000000002,0.024999999999999953,1.875,-0.0005250336460802
web,Extraversion,32,trait,Narcissism,high-minus-balanced-mean,2.9749999999999996,1.9000000000000004,4.1,0.013379818122224883
web,Extraversion,32,trait,Narcissism,low-minus-balanced-mean,-1.675,-3.0,-0.5243750000000035,-0.018069754292087556
web,Extraversion,32,trait,Psychopathy,high-minus-balanced-mean,0.9000000000000001,0.325,1.5,0.021491211252498386
web,Extraversion,32,trait,Psychopathy,low-minus-balanced-mean,-0.4,-0.8999999999999999,-0.025,-0.03620061980405863
web,Agreeableness,2,trait,Openness,high-minus-balanced-mean,1.9,1.025,2.875,0.006426533624141259
web,Agreeableness,2,trait,Openness,low-minus-balanced-mean,-1.4,-2.425,-0.4,-0.005094307507434893
web,Agreeableness,2,trait,Conscientiousness,high-minus-balanced-mean,0.25000000000000006,-0.25,0.775,-0.0007133427982703944
web,Agreeableness,2,trait,Conscientiousness,low-minus-balanced-mean,-0.15,-0.6500000000000001,0.32500000000000007,2.2558189661022883e-05
web,Agreeableness,2,trait,Extraversion,high-minus-balanced-mean,0.8750000000000001,0.20000000000000004,1.5756249999999965,0.001696656660655381
web,Agreeableness,2,trait,Extraversion,low-minus-balanced-mean,-0.17500000000000002,-0.9250000000000002,0.575,-0.0008395294985478785
web,Agreeableness,2,trait,Agreeableness,high-minus-balanced-mean,4.825,3.575,6.175000000000001,0.0235011322162443
web,Agreeableness,2,trait,Agreeableness,low-minus-balanced-mean,-4.525,-5.675,-3.45,-0.020771568892185455
web,Agreeableness,2,trait,Neuroticism,high-minus-balanced-mean,0.3,-0.5750000000000001,1.1749999999999998,-0.003343492706335234
web,Agreeableness,2,trait,Neuroticism,low-minus-balanced-mean,-0.20000000000000004,-1.0,0.6,0.0014147745772644376
web,Agreeableness,2,trait,Machiavellianism,high-minus-balanced-mean,-0.8750000000000002,-1.575,-0.22499999999999995,-0.008090370198929773
web,Agreeableness,2,trait,Machiavellianism,low-minus-balanced-mean,1.175,0.6,1.775,0.007514009745865449
web,Agreeableness,2,trait,Narcissism,high-minus-balanced-mean,-2.4000000000000004,-3.3000000000000003,-1.575,-0.012874035844055578
web,Agreeableness,2,trait,Narcissism,low-minus-balanced-mean,2.5,1.5250000000000001,3.45,0.011976602582678002
web,Agreeableness,2,trait,Psychopathy,high-minus-balanced-mean,-0.3,-0.55,-0.07500000000000001,-0.016328466470970457
web,Agreeableness,2,trait,Psychopathy,low-minus-balanced-mean,0.55,0.22500000000000003,0.9250000000000002,0.014231615354778997
web,Agreeableness,4,trait,Openness,high-minus-balanced-mean,3.1,1.825,4.425624999999997,0.010632599886799902
web,Agreeableness,4,trait,Openness,low-minus-balanced-mean,-2.8999999999999995,-4.025,-1.8750000000000002,-0.008548338469350554
web,Agreeableness,4,trait,Conscientiousness,high-minus-balanced-mean,-1.1,-1.7500000000000002,-0.5,-0.012072299732164291
web,Agreeableness,4,trait,Conscientiousness,low-minus-balanced-mean,0.65,0.10000000000000002,1.2750000000000001,0.012622286679406035
web,Agreeableness,4,trait,Extraversion,high-minus-balanced-mean,1.4,0.4499999999999999,2.4749999999999996,0.0062206646146686405
web,Agreeableness,4,trait,Extraversion,low-minus-balanced-mean,-0.9500000000000002,-1.8500000000000003,-0.10000000000000006,-0.005724341282520271
web,Agreeableness,4,trait,Agreeableness,high-minus-balanced-mean,7.6499999999999995,5.975,9.475000000000001,0.03237916007995624
web,Agreeableness,4,trait,Agreeableness,low-minus-balanced-mean,-6.8500000000000005,-8.45,-5.375,-0.027268997445603214
web,Agreeableness,4,trait,Neuroticism,high-minus-balanced-mean,-0.2,-1.2500000000000002,0.8749999999999999,-0.005145687393939532
web,Agreeableness,4,trait,Neuroticism,low-minus-balanced-mean,-0.65,-1.8000000000000003,0.5249999999999997,-0.00021908523393001964
web,Agreeableness,4,trait,Machiavellianism,high-minus-balanced-mean,-1.6749999999999998,-2.425,-0.9500000000000002,-0.010402182937268223
web,Agreeableness,4,trait,Machiavellianism,low-minus-balanced-mean,1.575,0.8243750000000001,2.4006249999999967,0.00831717052670813
web,Agreeableness,4,trait,Narcissism,high-minus-balanced-mean,-3.6750000000000007,-4.8256250000000005,-2.6243750000000032,-0.01642650154957799
web,Agreeableness,4,trait,Narcissism,low-minus-balanced-mean,3.875,2.825,5.025,0.012997480010168072
web,Agreeableness,4,trait,Psychopathy,high-minus-balanced-mean,-0.5,-0.8750000000000001,-0.15000000000000002,-0.02128255083450536
web,Agreeableness,4,trait,Psychopathy,low-minus-balanced-mean,0.7,0.22500000000000003,1.275,0.012858106979261987
web,Agreeableness,8,trait,Openness,high-minus-balanced-mean,2.975,1.799375,4.375,0.009222282257687177
web,Agreeableness,8,trait,Openness,low-minus-balanced-mean,-3.025,-4.3,-1.825,-0.008010845018388323
web,Agreeableness,8,trait,Openness,high-reverse-minus-forward,0.35,-0.35,1.0512499999999934,0.0011132359673773234
web,Agreeableness,8,trait,Openness,low-reverse-minus-forward,-0.1,-0.8,0.55,-0.001453305103936549
web,Agreeableness,8,trait,Conscientiousness,high-minus-balanced-mean,-0.35,-1.05,0.30000000000000004,0.00014702919642989003
web,Agreeableness,8,trait,Conscientiousness,low-minus-balanced-mean,-0.25,-0.9000000000000001,0.44999999999999996,0.0017838953164255116
web,Agreeableness,8,trait,Conscientiousness,high-reverse-minus-forward,-0.25,-0.7500000000000001,0.25124999999999326,-0.007634181243496372
web,Agreeableness,8,trait,Conscientiousness,low-reverse-minus-forward,0.0,-0.4,0.35000000000000003,-0.0034736344552322436
web,Agreeableness,8,trait,Extraversion,high-minus-balanced-mean,0.8999999999999999,-0.15000000000000002,1.9006249999999967,0.0030371234061749926
web,Agreeableness,8,trait,Extraversion,low-minus-balanced-mean,-0.4,-1.45,0.6006249999999967,-0.0022735518888781035
web,Agreeableness,8,trait,Extraversion,high-reverse-minus-forward,0.9000000000000001,0.15,1.7500000000000002,0.0030999429336438355
web,Agreeableness,8,trait,Extraversion,low-reverse-minus-forward,-0.15000000000000002,-0.8500000000000001,0.55,0.0004914536409652147
web,Agreeableness,8,trait,Agreeableness,high-minus-balanced-mean,6.65,5.15,8.300624999999998,0.036415749906076086
web,Agreeableness,8,trait,Agreeableness,low-minus-balanced-mean,-9.1,-11.174999999999999,-7.225,-0.035667012385412325
web,Agreeableness,8,trait,Agreeableness,high-reverse-minus-forward,-0.3500000000000001,-1.0,0.35,-0.0031871681870203694
web,Agreeableness,8,trait,Agreeableness,low-reverse-minus-forward,-0.09999999999999996,-0.9000000000000002,0.6512499999999933,-0.0017448180508270817
web,Agreeableness,8,trait,Neuroticism,high-minus-balanced-mean,0.25,-0.7756250000000001,1.400624999999997,-0.005917981966447307
web,Agreeableness,8,trait,Neuroticism,low-minus-balanced-mean,-2.0500000000000003,-3.4750000000000005,-0.6743750000000035,-0.002891496165991036
web,Agreeableness,8,trait,Neuroticism,high-reverse-minus-forward,0.55,-0.04999999999999998,1.1500000000000001,0.002176321136013532
web,Agreeableness,8,trait,Neuroticism,low-reverse-minus-forward,0.3500000000000001,-0.30000000000000004,1.0,0.0021375755397670566
web,Agreeableness,8,trait,Machiavellianism,high-minus-balanced-mean,-1.675,-2.5,-0.9243750000000035,-0.012921824309761515
web,Agreeableness,8,trait,Machiavellianism,low-minus-balanced-mean,1.3750000000000002,0.6,2.2,0.009265678322081146
web,Agreeableness,8,trait,Machiavellianism,high-reverse-minus-forward,0.3,-0.35000000000000003,1.0,0.002552629495063798
web,Agreeableness,8,trait,Machiavellianism,low-reverse-minus-forward,-0.35,-1.0500000000000003,0.35000000000000003,0.0012669077224958612
web,Agreeableness,8,trait,Narcissism,high-minus-balanced-mean,-3.925,-5.275,-2.675,-0.021516989144736827
web,Agreeableness,8,trait,Narcissism,low-minus-balanced-mean,4.675,3.575,5.925000000000001,0.017511105672208056
web,Agreeableness,8,trait,Narcissism,high-reverse-minus-forward,0.1,-0.55,0.75,0.00426584703718238
web,Agreeableness,8,trait,Narcissism,low-reverse-minus-forward,-0.7500000000000002,-1.5,-0.04999999999999993,0.001123820186813367
web,Agreeableness,8,trait,Psychopathy,high-minus-balanced-mean,-0.25,-0.5750000000000001,0.1,-0.028975003590933857
web,Agreeableness,8,trait,Psychopathy,low-minus-balanced-mean,0.75,0.30000000000000004,1.25,0.021958897021859082
web,Agreeableness,8,trait,Psychopathy,high-reverse-minus-forward,0.0,-0.15000000000000002,0.15000000000000002,0.005536538597347722
web,Agreeableness,8,trait,Psychopathy,low-reverse-minus-forward,-0.30000000000000004,-0.7,0.1,0.0007702460179872569
web,Agreeableness,16,trait,Openness,high-minus-balanced-mean,3.3499999999999996,1.9500000000000004,4.8999999999999995,0.009716293143900394
web,Agreeableness,16,trait,Openness,low-minus-balanced-mean,-3.0,-4.449999999999999,-1.675,-0.00885557255415223
web,Agreeableness,16,trait,Conscientiousness,high-minus-balanced-mean,-0.05000000000000001,-0.675,0.575,0.005167856922159946
web,Agreeableness,16,trait,Conscientiousness,low-minus-balanced-mean,0.10000000000000006,-0.65,0.8999999999999999,-0.0008050445147762878
web,Agreeableness,16,trait,Extraversion,high-minus-balanced-mean,0.6749999999999999,-0.22499999999999995,1.6,0.0008388490104989198
web,Agreeableness,16,trait,Extraversion,low-minus-balanced-mean,-0.025000000000000078,-1.175,1.0999999999999999,-0.0009463924747259211
web,Agreeableness,16,trait,Agreeableness,high-minus-balanced-mean,8.6,6.7993749999999995,10.575,0.04489304049256427
web,Agreeableness,16,trait,Agreeableness,low-minus-balanced-mean,-11.600000000000001,-14.024999999999999,-9.375,-0.045198108979583276
web,Agreeableness,16,trait,Neuroticism,high-minus-balanced-mean,0.8250000000000001,-0.4250000000000001,2.1756249999999966,-0.004512539835922387
web,Agreeableness,16,trait,Neuroticism,low-minus-balanced-mean,-2.6750000000000003,-4.074999999999999,-1.2500000000000004,-0.007188449104602179
web,Agreeableness,16,trait,Machiavellianism,high-minus-balanced-mean,-2.1,-3.175,-1.1,-0.017615667387424167
web,Agreeableness,16,trait,Machiavellianism,low-minus-balanced-mean,2.6500000000000004,1.675,3.650624999999997,0.011609356739391586
web,Agreeableness,16,trait,Narcissism,high-minus-balanced-mean,-4.775,-6.4,-3.2993750000000035,-0.02831862674110857
web,Agreeableness,16,trait,Narcissism,low-minus-balanced-mean,5.475,4.075000000000001,7.1,0.022118376501445346
web,Agreeableness,16,trait,Psychopathy,high-minus-balanced-mean,-0.625,-1.175,-0.17437500000000336,-0.036414683706494165
web,Agreeableness,16,trait,Psychopathy,low-minus-balanced-mean,0.8750000000000001,0.375,1.375,0.026944556812678027
web,Agreeableness,32,trait,Openness,high-minus-balanced-mean,4.35,2.9250000000000003,5.9,0.014988164784377391
web,Agreeableness,32,trait,Openness,low-minus-balanced-mean,-4.1000000000000005,-5.750625,-2.6000000000000005,-0.012531095444290817
web,Agreeableness,32,trait,Conscientiousness,high-minus-balanced-mean,0.4750000000000001,-0.2749999999999999,1.2,0.01822799003028785
web,Agreeableness,32,trait,Conscientiousness,low-minus-balanced-mean,-1.0750000000000002,-2.05,-0.17499999999999993,-0.010722098772739028
web,Agreeableness,32,trait,Extraversion,high-minus-balanced-mean,0.675,-0.27499999999999997,1.6500000000000001,0.001008746973911295
web,Agreeableness,32,trait,Extraversion,low-minus-balanced-mean,-0.42500000000000004,-1.625,0.75,-0.0010188446086635383
web,Agreeableness,32,trait,Agreeableness,high-minus-balanced-mean,9.425,7.400000000000001,11.575,0.05554985550732832
web,Agreeableness,32,trait,Agreeableness,low-minus-balanced-mean,-14.524999999999999,-17.225,-12.149375000000001,-0.05271783555588591
web,Agreeableness,32,trait,Neuroticism,high-minus-balanced-mean,-0.5249999999999999,-2.0256250000000002,0.9999999999999999,-0.009220323674929223
web,Agreeableness,32,trait,Neuroticism,low-minus-balanced-mean,-1.875,-3.4499999999999997,-0.35,-0.00505532080174723
web,Agreeableness,32,trait,Machiavellianism,high-minus-balanced-mean,-2.25,-3.3000000000000003,-1.2243750000000033,-0.021050630771223836
web,Agreeableness,32,trait,Machiavellianism,low-minus-balanced-mean,2.9000000000000004,1.825,4.050000000000001,0.013127635777743153
web,Agreeableness,32,trait,Narcissism,high-minus-balanced-mean,-5.3,-6.950000000000001,-3.8249999999999997,-0.03264943938267266
web,Agreeableness,32,trait,Narcissism,low-minus-balanced-mean,5.45,3.925,7.175,0.024546244141265473
web,Agreeableness,32,trait,Psychopathy,high-minus-balanced-mean,-0.6749999999999999,-1.275,-0.12500000000000003,-0.04657282704415435
web,Agreeableness,32,trait,Psychopathy,low-minus-balanced-mean,1.3250000000000002,0.625,2.075,0.03175340119721321
web,Neuroticism,2,trait,Openness,high-minus-balanced-mean,-1.1500000000000001,-2.225,-0.15000000000000002,-0.0035340700917081804
web,Neuroticism,2,trait,Openness,low-minus-balanced-mean,1.25,0.2499999999999999,2.2506249999999963,0.0027587267248876963
web,Neuroticism,2,trait,Conscientiousness,high-minus-balanced-mean,0.024999999999999994,-0.5,0.575,-0.00443084252976844
web,Neuroticism,2,trait,Conscientiousness,low-minus-balanced-mean,0.275,-0.325,0.8749999999999999,0.008150740585847673
web,Neuroticism,2,trait,Extraversion,high-minus-balanced-mean,-2.45,-3.4749999999999996,-1.55,-0.007985713325422455
web,Neuroticism,2,trait,Extraversion,low-minus-balanced-mean,1.95,0.9493749999999999,3.0,0.006032968111987186
web,Neuroticism,2,trait,Agreeableness,high-minus-balanced-mean,1.275,0.17499999999999993,2.4,0.0021171190298151796
web,Neuroticism,2,trait,Agreeableness,low-minus-balanced-mean,-0.575,-1.6000000000000003,0.475,-0.0002476755410189008
web,Neuroticism,2,trait,Neuroticism,high-minus-balanced-mean,8.7,6.975,10.500624999999996,0.028770005764944193
web,Neuroticism,2,trait,Neuroticism,low-minus-balanced-mean,-7.400000000000001,-8.899999999999999,-5.999375000000003,-0.028640278784777817
web,Neuroticism,2,trait,Machiavellianism,high-minus-balanced-mean,0.45000000000000007,-0.42500000000000004,1.3250000000000002,0.006520396380522317
web,Neuroticism,2,trait,Machiavellianism,low-minus-balanced-mean,-0.49999999999999994,-1.275,0.2750000000000001,-0.0076006841500736
web,Neuroticism,2,trait,Narcissism,high-minus-balanced-mean,0.22500000000000003,-0.3750000000000001,0.8,0.0030801989054924815
web,Neuroticism,2,trait,Narcissism,low-minus-balanced-mean,-0.6250000000000001,-1.35,0.07500000000000012,-0.004526331861619348
web,Neuroticism,2,trait,Psychopathy,high-minus-balanced-mean,0.3,-0.05,0.725,0.0017487869419664775
web,Neuroticism,2,trait,Psychopathy,low-minus-balanced-mean,0.1,-0.25,0.49999999999999994,-0.0053767172365606795
web,Neuroticism,4,trait,Openness,high-minus-balanced-mean,-1.3499999999999999,-2.3499999999999996,-0.3999999999999999,-0.004359712158151157
web,Neuroticism,4,trait,Openness,low-minus-balanced-mean,1.25,0.25,2.275,0.0027866932756925177
web,Neuroticism,4,trait,Conscientiousness,high-minus-balanced-mean,1.1750000000000003,0.4000000000000001,2.0256249999999967,0.007677196228138601
web,Neuroticism,4,trait,Conscientiousness,low-minus-balanced-mean,-0.375,-1.1756250000000004,0.4,0.0011872461658768102
web,Neuroticism,4,trait,Extraversion,high-minus-balanced-mean,-2.025,-3.025,-1.1243750000000032,-0.0086316480766642
web,Neuroticism,4,trait,Extraversion,low-minus-balanced-mean,1.2750000000000001,0.374375,2.25,0.004337677296712571
web,Neuroticism,4,trait,Agreeableness,high-minus-balanced-mean,0.17500000000000004,-0.8006249999999999,1.200624999999997,0.0006429353870723042
web,Neuroticism,4,trait,Agreeableness,low-minus-balanced-mean,-0.025000000000000022,-1.075,0.9750000000000002,0.0018615600258311688
web,Neuroticism,4,trait,Neuroticism,high-minus-balanced-mean,10.799999999999999,9.1,12.575624999999995,0.036522126999038236
web,Neuroticism,4,trait,Neuroticism,low-minus-balanced-mean,-9.85,-11.75,-8.125,-0.037695862129622275
web,Neuroticism,4,trait,Machiavellianism,high-minus-balanced-mean,2.45,1.5,3.45,0.00937777917751844
web,Neuroticism,4,trait,Machiavellianism,low-minus-balanced-mean,-1.2,-2.0,-0.42500000000000004,-0.010080204473238506
web,Neuroticism,4,trait,Narcissism,high-minus-balanced-mean,1.8500000000000003,1.1,2.6750000000000003,0.008853814926911905
web,Neuroticism,4,trait,Narcissism,low-minus-balanced-mean,-1.5000000000000002,-2.450625,-0.575,-0.011112303397632504
web,Neuroticism,4,trait,Psychopathy,high-minus-balanced-mean,0.22499999999999998,-0.125,0.625,0.007997092939931416
web,Neuroticism,4,trait,Psychopathy,low-minus-balanced-mean,-0.42500000000000004,-0.7750000000000001,-0.04999999999999999,-0.01289109900088981
web,Neuroticism,8,trait,Openness,high-minus-balanced-mean,-1.725,-3.05,-0.375,-0.006993568606272894
web,Neuroticism,8,trait,Openness,low-minus-balanced-mean,1.375,0.0993749999999997,2.8,0.004726034182451388
web,Neuroticism,8,trait,Openness,high-reverse-minus-forward,0.35,-0.3500000000000001,1.05,0.0003870969314360227
web,Neuroticism,8,trait,Openness,low-reverse-minus-forward,-4.163336342344337e-17,-0.7000000000000002,0.7512499999999934,-0.0006230162085569446
web,Neuroticism,8,trait,Conscientiousness,high-minus-balanced-mean,0.45000000000000007,-0.55,1.4756249999999969,0.004978594732954867
web,Neuroticism,8,trait,Conscientiousness,low-minus-balanced-mean,-1.2,-2.125,-0.30000000000000004,-0.004504426484160459
web,Neuroticism,8,trait,Conscientiousness,high-reverse-minus-forward,0.2,-0.35000000000000003,0.7000000000000002,0.0005612967181175795
web,Neuroticism,8,trait,Conscientiousness,low-reverse-minus-forward,0.15000000000000002,-0.35000000000000003,0.65,-0.0008414738553836843
web,Neuroticism,8,trait,Extraversion,high-minus-balanced-mean,-2.475,-3.5999999999999996,-1.4243750000000033,-0.011920077631100734
web,Neuroticism,8,trait,Extraversion,low-minus-balanced-mean,2.675,1.675,3.8,0.007456946675183944
web,Neuroticism,8,trait,Extraversion,high-reverse-minus-forward,-0.15000000000000002,-0.8999999999999999,0.5499999999999999,-0.0004140013328860327
web,Neuroticism,8,trait,Extraversion,low-reverse-minus-forward,-0.05000000000000001,-0.8,0.55,0.0010436482001481829
web,Neuroticism,8,trait,Agreeableness,high-minus-balanced-mean,-0.6,-2.05,0.7749999999999999,0.00012132295269489002
web,Neuroticism,8,trait,Agreeableness,low-minus-balanced-mean,-0.04999999999999999,-1.15,0.9256249999999968,0.001936958142892278
web,Neuroticism,8,trait,Agreeableness,high-reverse-minus-forward,0.8500000000000001,-0.0500000000000001,1.7012499999999935,0.0025255494900134267
web,Neuroticism,8,trait,Agreeableness,low-reverse-minus-forward,0.4,-0.30000000000000004,1.1,0.0017611993841516018
web,Neuroticism,8,trait,Neuroticism,high-minus-balanced-mean,16.325,13.974375,18.650625,0.0553616030995948
web,Neuroticism,8,trait,Neuroticism,low-minus-balanced-mean,-15.625,-18.1,-13.274375000000003,-0.05709239755590877
web,Neuroticism,8,trait,Neuroticism,high-reverse-minus-forward,-0.9000000000000001,-1.9,0.0012499999999932832,-0.0021539556564903594
web,Neuroticism,8,trait,Neuroticism,low-reverse-minus-forward,-1.05,-1.8500000000000003,-0.29999999999999993,-0.001388691770302069
web,Neuroticism,8,trait,Machiavellianism,high-minus-balanced-mean,3.05,2.0250000000000004,4.1756249999999975,0.013832012009075216
web,Neuroticism,8,trait,Machiavellianism,low-minus-balanced-mean,-2.7,-3.95,-1.5243750000000034,-0.014112077496339906
web,Neuroticism,8,trait,Machiavellianism,high-reverse-minus-forward,-0.19999999999999996,-0.9500000000000002,0.55,-0.002373248716761759
web,Neuroticism,8,trait,Machiavellianism,low-reverse-minus-forward,0.15000000000000002,-0.55,0.8499999999999999,-0.00047732572142863896
web,Neuroticism,8,trait,Narcissism,high-minus-balanced-mean,3.175,2.15,4.3,0.013131026799345224
web,Neuroticism,8,trait,Narcissism,low-minus-balanced-mean,-2.975,-4.025,-1.975,-0.01433393534691315
web,Neuroticism,8,trait,Narcissism,high-reverse-minus-forward,-0.55,-1.1,-2.7755575615628914e-17,-0.0050705790040350765
web,Neuroticism,8,trait,Narcissism,low-reverse-minus-forward,-0.8,-1.5,-0.15000000000000002,-0.0014514214502243604
web,Neuroticism,8,trait,Psychopathy,high-minus-balanced-mean,0.8250000000000001,0.25,1.525,0.011045323702881707
web,Neuroticism,8,trait,Psychopathy,low-minus-balanced-mean,-0.4750000000000001,-0.95,-0.07500000000000001,-0.015519351933455683
web,Neuroticism,8,trait,Psychopathy,high-reverse-minus-forward,-0.25,-0.55,-0.05,-0.0037553748606040716
web,Neuroticism,8,trait,Psychopathy,low-reverse-minus-forward,0.05,0.0,0.15000000000000002,-0.0018944201621767464
web,Neuroticism,16,trait,Openness,high-minus-balanced-mean,-3.2750000000000004,-4.775625,-1.725,-0.012471488908609503
web,Neuroticism,16,trait,Openness,low-minus-balanced-mean,3.4249999999999994,1.875,5.125,0.012607614389767012
web,Neuroticism,16,trait,Conscientiousness,high-minus-balanced-mean,1.55,0.5250000000000001,2.65,0.01274418821289518
web,Neuroticism,16,trait,Conscientiousness,low-minus-balanced-mean,-1.8000000000000003,-3.075,-0.6499999999999999,-0.00858491186231569
web,Neuroticism,16,trait,Extraversion,high-minus-balanced-mean,-4.25,-5.725,-2.875,-0.020807966356645825
web,Neuroticism,16,trait,Extraversion,low-minus-balanced-mean,3.900000000000001,2.6,5.275,0.015310666707293032
web,Neuroticism,16,trait,Agreeableness,high-minus-balanced-mean,-0.5250000000000001,-1.7756250000000002,0.7506249999999965,-0.0010157308976052938
web,Neuroticism,16,trait,Agreeableness,low-minus-balanced-mean,0.7250000000000002,-0.500625,1.9500000000000004,0.004483786297316063
web,Neuroticism,16,trait,Neuroticism,high-minus-balanced-mean,20.925,18.25,23.65,0.07064747729732007
web,Neuroticism,16,trait,Neuroticism,low-minus-balanced-mean,-21.075,-24.049999999999997,-18.374375000000004,-0.07693021933506118
web,Neuroticism,16,trait,Machiavellianism,high-minus-balanced-mean,3.5250000000000004,2.25,4.925000000000001,0.014989473196984324
web,Neuroticism,16,trait,Machiavellianism,low-minus-balanced-mean,-3.125,-4.550000000000001,-1.7500000000000002,-0.016697173515831734
web,Neuroticism,16,trait,Narcissism,high-minus-balanced-mean,3.325,2.275,4.450624999999998,0.010444375013203746
web,Neuroticism,16,trait,Narcissism,low-minus-balanced-mean,-2.675,-3.85,-1.5500000000000003,-0.01250165303409436
web,Neuroticism,16,trait,Psychopathy,high-minus-balanced-mean,0.9750000000000002,0.45000000000000007,1.625,0.010055783577902187
web,Neuroticism,16,trait,Psychopathy,low-minus-balanced-mean,-0.42500000000000004,-0.8256249999999999,-0.1,-0.01833998286628221
web,Neuroticism,32,trait,Openness,high-minus-balanced-mean,-2.25,-4.1,-0.5250000000000001,-0.012464076037270132
web,Neuroticism,32,trait,Openness,low-minus-balanced-mean,3.75,2.1750000000000003,5.450624999999996,0.012323343188534142
web,Neuroticism,32,trait,Conscientiousness,high-minus-balanced-mean,1.975,0.9243749999999998,3.175,0.01666074523468814
web,Neuroticism,32,trait,Conscientiousness,low-minus-balanced-mean,-1.925,-3.15,-0.7493750000000035,-0.01016123797295175
web,Neuroticism,32,trait,Extraversion,high-minus-balanced-mean,-4.775,-6.150625000000001,-3.500000000000001,-0.023348354637762466
web,Neuroticism,32,trait,Extraversion,low-minus-balanced-mean,4.225,2.875,5.575,0.014935684479662226
web,Neuroticism,32,trait,Agreeableness,high-minus-balanced-mean,0.5499999999999998,-0.9000000000000001,2.0756249999999965,0.0027955621919600678
web,Neuroticism,32,trait,Agreeableness,low-minus-balanced-mean,0.6500000000000001,-0.7999999999999998,2.050624999999997,0.0047042688696121125
web,Neuroticism,32,trait,Neuroticism,high-minus-balanced-mean,24.725,21.724375,28.025624999999998,0.08294265373661545
web,Neuroticism,32,trait,Neuroticism,low-minus-balanced-mean,-24.725,-28.100625,-21.474375000000006,-0.09555689148809715
web,Neuroticism,32,trait,Machiavellianism,high-minus-balanced-mean,4.125,2.6,5.799999999999999,0.016591837825895673
web,Neuroticism,32,trait,Machiavellianism,low-minus-balanced-mean,-3.4249999999999994,-4.95,-2.0,-0.020693830970940096
web,Neuroticism,32,trait,Narcissism,high-minus-balanced-mean,3.95,2.525,5.45,0.010763241872358602
web,Neuroticism,32,trait,Narcissism,low-minus-balanced-mean,-2.7,-3.875625,-1.575,-0.01739329683214313
web,Neuroticism,32,trait,Psychopathy,high-minus-balanced-mean,1.025,0.375,1.775,0.010145894832773571
web,Neuroticism,32,trait,Psychopathy,low-minus-balanced-mean,-0.575,-1.0499999999999998,-0.2,-0.025561228234755564
web,Machiavellianism,2,trait,Openness,high-minus-balanced-mean,0.25,-0.6749999999999999,1.1,0.0015819956005838063
web,Machiavellianism,2,trait,Openness,low-minus-balanced-mean,-0.8999999999999999,-1.725625,-0.050000000000000044,-0.0031008133888090882
web,Machiavellianism,2,trait,Conscientiousness,high-minus-balanced-mean,-1.1250000000000002,-1.7750000000000001,-0.55,-0.011898093429173116
web,Machiavellianism,2,trait,Conscientiousness,low-minus-balanced-mean,0.625,0.10000000000000002,1.1500000000000001,0.01266991173407601
web,Machiavellianism,2,trait,Extraversion,high-minus-balanced-mean,0.1,-0.6,0.75,0.004826591883022879
web,Machiavellianism,2,trait,Extraversion,low-minus-balanced-mean,-1.0499999999999998,-1.9000000000000004,-0.22499999999999998,-0.006269184523520135
web,Machiavellianism,2,trait,Agreeableness,high-minus-balanced-mean,-1.475,-2.3000000000000003,-0.65,-0.009314020711555708
web,Machiavellianism,2,trait,Agreeableness,low-minus-balanced-mean,1.7750000000000001,0.9249999999999998,2.700624999999997,0.009713300586843275
web,Machiavellianism,2,trait,Neuroticism,high-minus-balanced-mean,0.625,-0.1,1.45,0.006266341829847921
web,Machiavellianism,2,trait,Neuroticism,low-minus-balanced-mean,-1.375,-2.225,-0.65,-0.006202204616235985
web,Machiavellianism,2,trait,Machiavellianism,high-minus-balanced-mean,5.4,4.050000000000001,6.775,0.01878386948585137
web,Machiavellianism,2,trait,Machiavellianism,low-minus-balanced-mean,-4.6,-5.775625,-3.45,-0.021145121601181326
web,Machiavellianism,2,trait,Narcissism,high-minus-balanced-mean,3.575,2.5,4.65,0.018334780917996576
web,Machiavellianism,2,trait,Narcissism,low-minus-balanced-mean,-3.575,-4.6,-2.45,-0.01984795741784605
web,Machiavellianism,2,trait,Psychopathy,high-minus-balanced-mean,1.2000000000000002,0.65,1.7750000000000001,0.021407082007364648
web,Machiavellianism,2,trait,Psychopathy,low-minus-balanced-mean,-1.2000000000000002,-1.8500000000000003,-0.6000000000000001,-0.023260840983567305
web,Machiavellianism,4,trait,Openness,high-minus-balanced-mean,-0.55,-1.375,0.22499999999999998,-2.9693519171064414e-05
web,Machiavellianism,4,trait,Openness,low-minus-balanced-mean,-0.25000000000000006,-1.1,0.575,-0.0015705895722313073
web,Machiavellianism,4,trait,Conscientiousness,high-minus-balanced-mean,-0.65,-1.175,-0.2,-0.010210309853131318
web,Machiavellianism,4,trait,Conscientiousness,low-minus-balanced-mean,0.3499999999999999,-0.2,0.95,0.010455043877062633
web,Machiavellianism,4,trait,Extraversion,high-minus-balanced-mean,0.24999999999999992,-0.4250000000000001,0.8750000000000001,0.003193898266443104
web,Machiavellianism,4,trait,Extraversion,low-minus-balanced-mean,-0.20000000000000004,-0.950625,0.5750000000000001,-0.004923345750261004
web,Machiavellianism,4,trait,Agreeableness,high-minus-balanced-mean,-1.225,-2.125,-0.3500000000000001,-0.007115763415047366
web,Machiavellianism,4,trait,Agreeableness,low-minus-balanced-mean,1.375,0.5750000000000001,2.175,0.00809131003589644
web,Machiavellianism,4,trait,Neuroticism,high-minus-balanced-mean,1.5,0.8,2.2756249999999967,0.008427090531466414
web,Machiavellianism,4,trait,Neuroticism,low-minus-balanced-mean,-0.95,-1.8250000000000002,-0.19999999999999996,-0.008539874203029665
web,Machiavellianism,4,trait,Machiavellianism,high-minus-balanced-mean,6.4,5.0,7.824999999999998,0.02381460505512151
web,Machiavellianism,4,trait,Machiavellianism,low-minus-balanced-mean,-5.8,-7.225625000000001,-4.4750000000000005,-0.02664473000918911
web,Machiavellianism,4,trait,Narcissism,high-minus-balanced-mean,4.25,3.225000000000001,5.4,0.019070880508547664
web,Machiavellianism,4,trait,Narcissism,low-minus-balanced-mean,-4.1499999999999995,-5.325625,-3.05,-0.02216638660941257
web,Machiavellianism,4,trait,Psychopathy,high-minus-balanced-mean,0.9750000000000002,0.4,1.575,0.021808205235496547
web,Machiavellianism,4,trait,Psychopathy,low-minus-balanced-mean,-0.9750000000000002,-1.5499999999999998,-0.5,-0.024147330876296794
web,Machiavellianism,8,trait,Openness,high-minus-balanced-mean,-0.4,-1.225625,0.37500000000000006,0.0010914334929498087
web,Machiavellianism,8,trait,Openness,low-minus-balanced-mean,-0.25,-1.2000000000000002,0.65,-0.0014596872871949962
web,Machiavellianism,8,trait,Openness,high-reverse-minus-forward,-1.0,-1.8000000000000003,-0.2,-0.0007729107321287361
web,Machiavellianism,8,trait,Openness,low-reverse-minus-forward,0.15000000000000002,-0.5,0.8500000000000001,-0.0009975009983221141
web,Machiavellianism,8,trait,Conscientiousness,high-minus-balanced-mean,0.12499999999999999,-0.42562500000000003,0.7756249999999967,-0.0027048483518568337
web,Machiavellianism,8,trait,Conscientiousness,low-minus-balanced-mean,0.22500000000000003,-0.17500000000000002,0.6500000000000001,0.002254698001736921
web,Machiavellianism,8,trait,Conscientiousness,high-reverse-minus-forward,-0.2,-0.6000000000000001,0.2,-0.0002070230713789991
web,Machiavellianism,8,trait,Conscientiousness,low-reverse-minus-forward,-0.6000000000000001,-1.0,-0.25,0.00021419739672527284
web,Machiavellianism,8,trait,Extraversion,high-minus-balanced-mean,-0.675,-1.2750000000000001,-0.05000000000000001,4.9759346763994935e-05
web,Machiavellianism,8,trait,Extraversion,low-minus-balanced-mean,0.5750000000000001,-0.20062500000000003,1.4,-0.0007450277221931028
web,Machiavellianism,8,trait,Extraversion,high-reverse-minus-forward,0.5,-0.10000000000000002,1.0500000000000003,-0.0006026111836486528
web,Machiavellianism,8,trait,Extraversion,low-reverse-minus-forward,-0.35,-1.1,0.35000000000000014,-0.0017502498831850194
web,Machiavellianism,8,trait,Agreeableness,high-minus-balanced-mean,-0.7,-1.6,0.1499999999999998,-0.003686871029288869
web,Machiavellianism,8,trait,Agreeableness,low-minus-balanced-mean,0.9999999999999999,0.125,1.9756249999999964,0.005599107165673312
web,Machiavellianism,8,trait,Agreeableness,high-reverse-minus-forward,-0.95,-1.7999999999999998,-0.19999999999999996,-0.0031914197309372
web,Machiavellianism,8,trait,Agreeableness,low-reverse-minus-forward,0.1,-0.6012500000000001,0.8499999999999999,0.0010823163358577356
web,Machiavellianism,8,trait,Neuroticism,high-minus-balanced-mean,1.975,1.1243750000000001,2.8500000000000005,0.010279242612052762
web,Machiavellianism,8,trait,Neuroticism,low-minus-balanced-mean,-1.575,-2.4000000000000004,-0.8500000000000001,-0.01075813794336908
web,Machiavellianism,8,trait,Neuroticism,high-reverse-minus-forward,-0.5,-1.3012500000000002,0.30000000000000004,-0.0014335231136157062
web,Machiavellianism,8,trait,Neuroticism,low-reverse-minus-forward,-0.5,-1.05,0.0,-6.780576249454364e-05
web,Machiavellianism,8,trait,Machiavellianism,high-minus-balanced-mean,9.225000000000001,7.475,11.050624999999997,0.02982137112800478
web,Machiavellianism,8,trait,Machiavellianism,low-minus-balanced-mean,-6.975,-8.550625,-5.525,-0.03442628325967104
web,Machiavellianism,8,trait,Machiavellianism,high-reverse-minus-forward,-0.2,-1.0,0.6,-5.7007035748853176e-05
web,Machiavellianism,8,trait,Machiavellianism,low-reverse-minus-forward,-0.2,-0.8,0.4,-0.001210328788338331
web,Machiavellianism,8,trait,Narcissism,high-minus-balanced-mean,4.775,3.4993750000000006,6.175624999999997,0.02285714867016344
web,Machiavellianism,8,trait,Narcissism,low-minus-balanced-mean,-5.975,-7.400000000000001,-4.55,-0.025975454602699434
web,Machiavellianism,8,trait,Narcissism,high-reverse-minus-forward,0.45000000000000007,-0.2500000000000001,1.1500000000000001,0.0005369771473269696
web,Machiavellianism,8,trait,Narcissism,low-reverse-minus-forward,-0.7,-1.55,0.0500000000000001,-0.002546277000776711
web,Machiavellianism,8,trait,Psychopathy,high-minus-balanced-mean,1.35,0.65,2.2,0.022507753708357624
web,Machiavellianism,8,trait,Psychopathy,low-minus-balanced-mean,-0.65,-1.2,-0.15000000000000002,-0.026482717362377946
web,Machiavellianism,8,trait,Psychopathy,high-reverse-minus-forward,-1.3877787807814457e-17,-0.35,0.35000000000000003,-0.0012081229247758055
web,Machiavellianism,8,trait,Psychopathy,low-reverse-minus-forward,0.0,-0.15000000000000002,0.15000000000000002,0.00027080888751432
web,Machiavellianism,16,trait,Openness,high-minus-balanced-mean,-0.8750000000000001,-1.9,0.12500000000000008,0.0008516653443677324
web,Machiavellianism,16,trait,Openness,low-minus-balanced-mean,-0.275,-1.200625,0.6000000000000001,-0.0028707883599151684
web,Machiavellianism,16,trait,Conscientiousness,high-minus-balanced-mean,-0.35,-0.8750000000000001,0.15000000000000002,-0.004188499968388317
web,Machiavellianism,16,trait,Conscientiousness,low-minus-balanced-mean,-0.25,-1.025,0.4756249999999965,0.004596596386494736
web,Machiavellianism,16,trait,Extraversion,high-minus-balanced-mean,-0.1,-0.8749999999999999,0.7250000000000001,-0.0024197974717653746
web,Machiavellianism,16,trait,Extraversion,low-minus-balanced-mean,0.30000000000000004,-0.7,1.3250000000000002,-0.0019935524160468944
web,Machiavellianism,16,trait,Agreeableness,high-minus-balanced-mean,-0.95,-2.1,0.19999999999999973,-0.0047341206179808285
web,Machiavellianism,16,trait,Agreeableness,low-minus-balanced-mean,1.2499999999999998,0.24999999999999997,2.3506249999999964,0.008938991737275767
web,Machiavellianism,16,trait,Neuroticism,high-minus-balanced-mean,3.75,2.5,5.175000000000001,0.015278190662703924
web,Machiavellianism,16,trait,Neuroticism,low-minus-balanced-mean,-2.6500000000000004,-3.85,-1.6,-0.013490907041932955
web,Machiavellianism,16,trait,Machiavellianism,high-minus-balanced-mean,14.649999999999999,12.35,17.0,0.04336596879676442
web,Machiavellianism,16,trait,Machiavellianism,low-minus-balanced-mean,-10.399999999999999,-12.425625000000002,-8.375,-0.05114930359907108
web,Machiavellianism,16,trait,Narcissism,high-minus-balanced-mean,7.949999999999998,6.325000000000001,9.650624999999998,0.03358043658857571
web,Machiavellianism,16,trait,Narcissism,low-minus-balanced-mean,-9.0,-10.974999999999998,-7.0743750000000025,-0.03939588975846467
web,Machiavellianism,16,trait,Psychopathy,high-minus-balanced-mean,1.5,0.75,2.35,0.029515870426273037
web,Machiavellianism,16,trait,Psychopathy,low-minus-balanced-mean,-1.05,-1.875,-0.37500000000000006,-0.03953074761269831
web,Machiavellianism,32,trait,Openness,high-minus-balanced-mean,0.09999999999999992,-1.0999999999999999,1.1749999999999998,0.002829020357740234
web,Machiavellianism,32,trait,Openness,low-minus-balanced-mean,-0.7000000000000002,-1.7500000000000002,0.3500000000000001,-0.004775794043749865
web,Machiavellianism,32,trait,Conscientiousness,high-minus-balanced-mean,0.024999999999999994,-0.5,0.575,-0.00029050999440473514
web,Machiavellianism,32,trait,Conscientiousness,low-minus-balanced-mean,-0.525,-1.3,0.17562499999999664,0.0023889933815023166
web,Machiavellianism,32,trait,Extraversion,high-minus-balanced-mean,-0.6000000000000001,-1.375,0.2,-0.0037588852919612703
web,Machiavellianism,32,trait,Extraversion,low-minus-balanced-mean,0.25000000000000006,-0.8250000000000001,1.3499999999999999,-0.0007064935614750259
web,Machiavellianism,32,trait,Agreeableness,high-minus-balanced-mean,0.1250000000000001,-1.075,1.3256249999999967,-0.0008672893924661612
web,Machiavellianism,32,trait,Agreeableness,low-minus-balanced-mean,-0.475,-1.7256250000000004,0.7506249999999967,0.002148659575482649
web,Machiavellianism,32,trait,Neuroticism,high-minus-balanced-mean,5.2,3.7750000000000004,6.925000000000001,0.019094199699641115
web,Machiavellianism,32,trait,Neuroticism,low-minus-balanced-mean,-3.0999999999999996,-4.45,-1.9500000000000006,-0.018023273020153118
web,Machiavellianism,32,trait,Machiavellianism,high-minus-balanced-mean,15.475000000000003,13.225000000000001,17.75,0.04642486056211625
web,Machiavellianism,32,trait,Machiavellianism,low-minus-balanced-mean,-12.575,-14.825625,-10.25,-0.056282097168883424
web,Machiavellianism,32,trait,Narcissism,high-minus-balanced-mean,9.25,7.149375000000001,11.299999999999999,0.03278271440749715
web,Machiavellianism,32,trait,Narcissism,low-minus-balanced-mean,-8.350000000000001,-10.475625,-6.325,-0.03972769778498851
web,Machiavellianism,32,trait,Psychopathy,high-minus-balanced-mean,1.6500000000000001,0.775,2.6756249999999966,0.028156753581734924
web,Machiavellianism,32,trait,Psychopathy,low-minus-balanced-mean,-1.3,-2.125625,-0.55,-0.04023417552672925
web,Narcissism,2,trait,Openness,high-minus-balanced-mean,1.1500000000000001,0.35,1.9500000000000004,0.0029988651367926426
web,Narcissism,2,trait,Openness,low-minus-balanced-mean,-0.8999999999999999,-1.6756250000000001,-0.07500000000000001,-0.0028471035135576974
web,Narcissism,2,trait,Conscientiousness,high-minus-balanced-mean,-0.25,-0.7506250000000001,0.22500000000000003,-0.00742449023086642
web,Narcissism,2,trait,Conscientiousness,low-minus-balanced-mean,-4.8572257327350605e-17,-0.525,0.5249999999999999,0.009481529496372659
web,Narcissism,2,trait,Extraversion,high-minus-balanced-mean,1.375,0.625,2.175,0.0073746436755039195
web,Narcissism,2,trait,Extraversion,low-minus-balanced-mean,-1.675,-2.5250000000000004,-0.9000000000000001,-0.008548396429059316
web,Narcissism,2,trait,Agreeableness,high-minus-balanced-mean,-2.25,-3.0,-1.5250000000000001,-0.010612880772606421
web,Narcissism,2,trait,Agreeableness,low-minus-balanced-mean,2.4,1.5250000000000004,3.2756249999999967,0.012284626652074908
web,Narcissism,2,trait,Neuroticism,high-minus-balanced-mean,-0.3000000000000001,-1.100625,0.49999999999999994,0.0013391884367213228
web,Narcissism,2,trait,Neuroticism,low-minus-balanced-mean,0.19999999999999996,-0.6000000000000001,1.0,0.00015795690042545499
web,Narcissism,2,trait,Machiavellianism,high-minus-balanced-mean,3.125,2.2,4.125,0.013193654849819499
web,Narcissism,2,trait,Machiavellianism,low-minus-balanced-mean,-2.1750000000000003,-3.075,-1.35,-0.013805878658115514
web,Narcissism,2,trait,Narcissism,high-minus-balanced-mean,4.1499999999999995,3.2,5.1000000000000005,0.02050870990116541
web,Narcissism,2,trait,Narcissism,low-minus-balanced-mean,-4.800000000000001,-6.049999999999999,-3.6750000000000007,-0.022031364887893142
web,Narcissism,2,trait,Psychopathy,high-minus-balanced-mean,1.25,0.7749999999999999,1.7500000000000002,0.021951071331174497
web,Narcissism,2,trait,Psychopathy,low-minus-balanced-mean,-1.1,-1.675,-0.575,-0.024965869900139718
web,Narcissism,4,trait,Openness,high-minus-balanced-mean,1.1,0.375,1.875,0.004377027347278377
web,Narcissism,4,trait,Openness,low-minus-balanced-mean,-1.5499999999999998,-2.6500000000000004,-0.42499999999999993,-0.005485385483905794
web,Narcissism,4,trait,Conscientiousness,high-minus-balanced-mean,-0.275,-0.8750000000000001,0.35,-0.0076919521464605045
web,Narcissism,4,trait,Conscientiousness,low-minus-balanced-mean,0.375,-0.19999999999999996,1.0,0.010147273616702686
web,Narcissism,4,trait,Extraversion,high-minus-balanced-mean,1.05,0.22499999999999995,1.975,0.007708268913661026
web,Narcissism,4,trait,Extraversion,low-minus-balanced-mean,-1.35,-2.325,-0.42500000000000004,-0.010613390042145357
web,Narcissism,4,trait,Agreeableness,high-minus-balanced-mean,-3.4000000000000004,-4.5,-2.375,-0.014067842379065016
web,Narcissism,4,trait,Agreeableness,low-minus-balanced-mean,2.9,2.0250000000000004,3.775,0.015598991283409316
web,Narcissism,4,trait,Neuroticism,high-minus-balanced-mean,-5.551115123125783e-17,-0.8,0.8,0.0008340597018320049
web,Narcissism,4,trait,Neuroticism,low-minus-balanced-mean,0.20000000000000004,-0.6500000000000001,1.0506249999999966,0.0003550660954410386
web,Narcissism,4,trait,Machiavellianism,high-minus-balanced-mean,4.050000000000001,2.9000000000000004,5.3,0.017428756920162457
web,Narcissism,4,trait,Machiavellianism,low-minus-balanced-mean,-3.0,-3.95,-2.0500000000000003,-0.019269835015181168
web,Narcissism,4,trait,Narcissism,high-minus-balanced-mean,6.3,5.075,7.651249999999994,0.027725724435113775
web,Narcissism,4,trait,Narcissism,low-minus-balanced-mean,-6.65,-8.175,-5.1993750000000025,-0.031381247839463076
web,Narcissism,4,trait,Psychopathy,high-minus-balanced-mean,1.625,0.9249999999999999,2.425624999999997,0.026898840834930528
web,Narcissism,4,trait,Psychopathy,low-minus-balanced-mean,-0.8750000000000001,-1.475625,-0.30000000000000004,-0.03106348311733407
web,Narcissism,8,trait,Openness,high-minus-balanced-mean,0.30000000000000004,-0.5500000000000002,1.0750000000000002,0.0030846819748776098
web,Narcissism,8,trait,Openness,low-minus-balanced-mean,-1.0499999999999998,-2.15,1.1241008124328953e-16,-0.00436005095005705
web,Narcissism,8,trait,Openness,high-reverse-minus-forward,0.9000000000000001,0.25,1.6,0.0017514353464247406
web,Narcissism,8,trait,Openness,low-reverse-minus-forward,-0.15000000000000002,-1.0,0.7,0.0005643072955082981
web,Narcissism,8,trait,Conscientiousness,high-minus-balanced-mean,-0.025000000000000005,-0.55,0.525,-0.0063236041833520575
web,Narcissism,8,trait,Conscientiousness,low-minus-balanced-mean,0.07500000000000001,-0.6,0.75,0.007506610565343056
web,Narcissism,8,trait,Conscientiousness,high-reverse-minus-forward,0.15,-0.25,0.55,-0.000609630458100012
web,Narcissism,8,trait,Conscientiousness,low-reverse-minus-forward,0.5,0.1,0.9500000000000002,0.00469015665677332
web,Narcissism,8,trait,Extraversion,high-minus-balanced-mean,1.975,1.0000000000000002,3.0,0.009430237953408346
web,Narcissism,8,trait,Extraversion,low-minus-balanced-mean,-2.125,-3.2,-1.2,-0.012620327895013191
web,Narcissism,8,trait,Extraversion,high-reverse-minus-forward,0.2,-0.5,0.9000000000000001,0.0007569475956741363
web,Narcissism,8,trait,Extraversion,low-reverse-minus-forward,0.15000000000000008,-0.5,0.75,1.8599148856061933e-05
web,Narcissism,8,trait,Agreeableness,high-minus-balanced-mean,-4.449999999999999,-5.875,-3.15,-0.017521621053445943
web,Narcissism,8,trait,Agreeableness,low-minus-balanced-mean,3.9999999999999996,2.8499999999999996,5.2,0.020031121916005583
web,Narcissism,8,trait,Agreeableness,high-reverse-minus-forward,0.1499999999999999,-0.7499999999999999,1.0,0.0008391689054217945
web,Narcissism,8,trait,Agreeableness,low-reverse-minus-forward,0.25,-0.44999999999999996,0.9500000000000002,-1.564438941328218e-05
web,Narcissism,8,trait,Neuroticism,high-minus-balanced-mean,0.5,-0.450625,1.475,0.005111130312640339
web,Narcissism,8,trait,Neuroticism,low-minus-balanced-mean,-0.44999999999999996,-1.25,0.37499999999999994,-0.0050124078575090325
web,Narcissism,8,trait,Neuroticism,high-reverse-minus-forward,0.04999999999999999,-0.55,0.6512499999999933,-0.0014167070646770225
web,Narcissism,8,trait,Neuroticism,low-reverse-minus-forward,0.25000000000000006,-0.35000000000000003,0.8500000000000001,0.0008275569475067315
web,Narcissism,8,trait,Machiavellianism,high-minus-balanced-mean,6.550000000000001,5.15,8.025,0.024523990767522937
web,Narcissism,8,trait,Machiavellianism,low-minus-balanced-mean,-5.5,-6.924999999999999,-4.175000000000001,-0.02866121919773804
web,Narcissism,8,trait,Machiavellianism,high-reverse-minus-forward,1.0,0.24999999999999997,1.8000000000000003,0.0011667876610775535
web,Narcissism,8,trait,Machiavellianism,low-reverse-minus-forward,0.8,0.24999999999999997,1.4,0.001156326161457254
web,Narcissism,8,trait,Narcissism,high-minus-balanced-mean,9.774999999999999,7.775,11.774999999999999,0.03965382372271522
web,Narcissism,8,trait,Narcissism,low-minus-balanced-mean,-10.275,-12.200625,-8.4,-0.04609435676911957
web,Narcissism,8,trait,Narcissism,high-reverse-minus-forward,1.05,0.19999999999999993,2.0,0.00048256443700613034
web,Narcissism,8,trait,Narcissism,low-reverse-minus-forward,0.3999999999999999,-0.30000000000000004,1.05,0.0016905873017429185
web,Narcissism,8,trait,Psychopathy,high-minus-balanced-mean,1.975,1.15,2.9250000000000003,0.037357850050395734
web,Narcissism,8,trait,Psychopathy,low-minus-balanced-mean,-1.175,-1.925,-0.5249999999999999,-0.04232205243038318
web,Narcissism,8,trait,Psychopathy,high-reverse-minus-forward,-0.35000000000000003,-0.8,0.050000000000000044,-0.0025643051741015125
web,Narcissism,8,trait,Psychopathy,low-reverse-minus-forward,0.2,0.0,0.45000000000000007,0.0011007291096871913
web,Narcissism,16,trait,Openness,high-minus-balanced-mean,0.975,-0.15000000000000002,2.15,0.003760113941319466
web,Narcissism,16,trait,Openness,low-minus-balanced-mean,-2.125,-3.350625,-0.95,-0.006558479764536994
web,Narcissism,16,trait,Conscientiousness,high-minus-balanced-mean,-0.525,-1.1750000000000003,0.125,-0.011598999408907082
web,Narcissism,16,trait,Conscientiousness,low-minus-balanced-mean,0.775,-0.02500000000000005,1.625,0.014274632423785207
web,Narcissism,16,trait,Extraversion,high-minus-balanced-mean,2.825,1.8500000000000003,3.875,0.013051900536945042
web,Narcissism,16,trait,Extraversion,low-minus-balanced-mean,-3.224999999999999,-4.5,-2.05,-0.017836360712840577
web,Narcissism,16,trait,Agreeableness,high-minus-balanced-mean,-5.2250000000000005,-6.675000000000001,-3.8743750000000037,-0.019996449822330297
web,Narcissism,16,trait,Agreeableness,low-minus-balanced-mean,4.275,2.9250000000000003,5.7250000000000005,0.023203140533305636
web,Narcissism,16,trait,Neuroticism,high-minus-balanced-mean,1.125,0.17500000000000016,2.0999999999999996,0.0055172104615931646
web,Narcissism,16,trait,Neuroticism,low-minus-balanced-mean,0.07500000000000004,-1.0,1.225,-0.005815201600687533
web,Narcissism,16,trait,Machiavellianism,high-minus-balanced-mean,8.125,6.4750000000000005,9.825625,0.026686853732672416
web,Narcissism,16,trait,Machiavellianism,low-minus-balanced-mean,-6.225,-7.85,-4.624375000000003,-0.032958122467130306
web,Narcissism,16,trait,Narcissism,high-minus-balanced-mean,13.100000000000001,10.85,15.425,0.04940727263142504
web,Narcissism,16,trait,Narcissism,low-minus-balanced-mean,-13.8,-16.525,-11.275,-0.05975809168528588
web,Narcissism,16,trait,Psychopathy,high-minus-balanced-mean,4.025,2.799375,5.375,0.04939310820860337
web,Narcissism,16,trait,Psychopathy,low-minus-balanced-mean,-1.325,-2.05,-0.6749999999999999,-0.05944341688459321
web,Narcissism,32,trait,Openness,high-minus-balanced-mean,0.12500000000000003,-1.2249999999999996,1.4749999999999999,0.0037363965818365576
web,Narcissism,32,trait,Openness,low-minus-balanced-mean,-2.0250000000000004,-3.4749999999999996,-0.5750000000000001,-0.00605659010500041
web,Narcissism,32,trait,Conscientiousness,high-minus-balanced-mean,-0.7250000000000001,-1.5,2.844946500601585e-17,-0.011659395550496053
web,Narcissism,32,trait,Conscientiousness,low-minus-balanced-mean,0.525,-0.375,1.4249999999999998,0.01641526624318853
web,Narcissism,32,trait,Extraversion,high-minus-balanced-mean,3.05,1.8250000000000002,4.325,0.012108142736657177
web,Narcissism,32,trait,Extraversion,low-minus-balanced-mean,-3.8,-5.175625,-2.575,-0.0186361016515773
web,Narcissism,32,trait,Agreeableness,high-minus-balanced-mean,-5.875,-7.625,-4.225,-0.02145638242560077
web,Narcissism,32,trait,Agreeableness,low-minus-balanced-mean,6.175000000000001,4.475,8.000624999999998,0.02742660939234415
web,Narcissism,32,trait,Neuroticism,high-minus-balanced-mean,2.325,1.2000000000000002,3.5000000000000004,0.00850520124993055
web,Narcissism,32,trait,Neuroticism,low-minus-balanced-mean,-1.375,-2.675,-0.09999999999999998,-0.01000884355718627
web,Narcissism,32,trait,Machiavellianism,high-minus-balanced-mean,9.3,7.400000000000001,11.374999999999998,0.0302344396577047
web,Narcissism,32,trait,Machiavellianism,low-minus-balanced-mean,-9.0,-10.975,-7.025,-0.04118723875708156
web,Narcissism,32,trait,Narcissism,high-minus-balanced-mean,15.35,12.499375,18.300625,0.05631134949125745
web,Narcissism,32,trait,Narcissism,low-minus-balanced-mean,-16.9,-19.849999999999998,-14.023750000000007,-0.07547577692923228
web,Narcissism,32,trait,Psychopathy,high-minus-balanced-mean,4.25,2.874375,5.726249999999993,0.04802786064300506
web,Narcissism,32,trait,Psychopathy,low-minus-balanced-mean,-1.8500000000000003,-2.8000000000000003,-1.0243750000000031,-0.06858281865622037
web,Psychopathy,2,trait,Openness,high-minus-balanced-mean,1.0999999999999999,-0.024999999999999915,2.3249999999999997,0.004567695063914377
web,Psychopathy,2,trait,Openness,low-minus-balanced-mean,-1.7999999999999998,-3.075,-0.5993750000000033,-0.006688209803487142
web,Psychopathy,2,trait,Conscientiousness,high-minus-balanced-mean,-1.6,-2.4000000000000004,-0.7993750000000034,-0.01727054197141109
web,Psychopathy,2,trait,Conscientiousness,low-minus-balanced-mean,1.95,1.049375,2.975,0.025296341338627
web,Psychopathy,2,trait,Extraversion,high-minus-balanced-mean,1.675,0.8,2.6000000000000005,0.007993325317094117
web,Psychopathy,2,trait,Extraversion,low-minus-balanced-mean,-2.7750000000000004,-3.825625,-1.775,-0.014994241771956495
web,Psychopathy,2,trait,Agreeableness,high-minus-balanced-mean,-3.125,-4.35,-1.975,-0.014255205230711266
web,Psychopathy,2,trait,Agreeableness,low-minus-balanced-mean,2.675,1.4000000000000004,4.0,0.018144818423432588
web,Psychopathy,2,trait,Neuroticism,high-minus-balanced-mean,2.175,1.0,3.4006249999999967,0.008798386520151052
web,Psychopathy,2,trait,Neuroticism,low-minus-balanced-mean,-2.225,-3.4006250000000002,-1.0493750000000033,-0.012530833894352405
web,Psychopathy,2,trait,Machiavellianism,high-minus-balanced-mean,8.0,6.4,9.850000000000001,0.024566104650322437
web,Psychopathy,2,trait,Machiavellianism,low-minus-balanced-mean,-6.4,-8.05,-4.874375000000004,-0.030641164592779546
web,Psychopathy,2,trait,Narcissism,high-minus-balanced-mean,8.7,7.049999999999999,10.475,0.03090307898977855
web,Psychopathy,2,trait,Narcissism,low-minus-balanced-mean,-8.4,-10.15,-6.7,-0.03779541508312419
web,Psychopathy,2,trait,Psychopathy,high-minus-balanced-mean,7.9750000000000005,6.3,9.725,0.06249193806228412
web,Psychopathy,2,trait,Psychopathy,low-minus-balanced-mean,-3.925,-5.075625000000001,-2.8000000000000003,-0.07701849346989408
web,Psychopathy,4,trait,Openness,high-minus-balanced-mean,1.225,-0.12562500000000007,2.6499999999999995,0.005930069583424577
web,Psychopathy,4,trait,Openness,low-minus-balanced-mean,-2.225,-3.5256250000000002,-0.9250000000000002,-0.010187156609928865
web,Psychopathy,4,trait,Conscientiousness,high-minus-balanced-mean,-2.8499999999999996,-3.975,-1.8250000000000002,-0.022294308931613244
web,Psychopathy,4,trait,Conscientiousness,low-minus-balanced-mean,3.25,1.9993750000000001,4.575,0.03486639719320941
web,Psychopathy,4,trait,Extraversion,high-minus-balanced-mean,2.625,1.6,3.7500000000000004,0.01005448085771142
web,Psychopathy,4,trait,Extraversion,low-minus-balanced-mean,-3.975,-5.425625,-2.7743750000000027,-0.022012595893551864
web,Psychopathy,4,trait,Agreeableness,high-minus-balanced-mean,-4.5,-6.125,-2.975,-0.015462770383599883
web,Psychopathy,4,trait,Agreeableness,low-minus-balanced-mean,4.2,2.624375,5.824999999999999,0.02309310214152135
web,Psychopathy,4,trait,Neuroticism,high-minus-balanced-mean,3.95,2.5000000000000004,5.4,0.010098593457130219
web,Psychopathy,4,trait,Neuroticism,low-minus-balanced-mean,-2.7,-4.175625000000001,-1.2743750000000034,-0.0144798990953085
web,Psychopathy,4,trait,Machiavellianism,high-minus-balanced-mean,9.65,7.699375,11.825624999999999,0.027166514812291164
web,Psychopathy,4,trait,Machiavellianism,low-minus-balanced-mean,-8.350000000000001,-10.200624999999999,-6.5,-0.039058267498614865
web,Psychopathy,4,trait,Narcissism,high-minus-balanced-mean,9.65,7.825,11.575624999999997,0.03547548485225053
web,Psychopathy,4,trait,Narcissism,low-minus-balanced-mean,-10.5,-12.725625,-8.350000000000001,-0.05049353250083424
web,Psychopathy,4,trait,Psychopathy,high-minus-balanced-mean,14.575,12.049999999999999,17.349999999999998,0.08460404576155664
web,Psychopathy,4,trait,Psychopathy,low-minus-balanced-mean,-5.824999999999999,-7.5,-4.174375000000003,-0.11382765776704433
web,Psychopathy,8,trait,Openness,high-minus-balanced-mean,1.4500000000000002,-0.024999999999999918,3.1,0.006666022880307181
web,Psychopathy,8,trait,Openness,low-minus-balanced-mean,-3.55,-5.0249999999999995,-2.224375000000003,-0.014299001619790992
web,Psychopathy,8,trait,Openness,high-reverse-minus-forward,0.8,0.04999999999999996,1.6,0.0010774396845635256
web,Psychopathy,8,trait,Openness,low-reverse-minus-forward,0.8500000000000001,0.10000000000000006,1.6500000000000001,0.0016128100298713932
web,Psychopathy,8,trait,Conscientiousness,high-minus-balanced-mean,-3.6249999999999996,-5.0,-2.4,-0.027494740441323762
web,Psychopathy,8,trait,Conscientiousness,low-minus-balanced-mean,4.475,2.8000000000000003,6.199999999999999,0.04237415722500714
web,Psychopathy,8,trait,Conscientiousness,high-reverse-minus-forward,0.35,-0.4,1.1,0.0032800004043277734
web,Psychopathy,8,trait,Conscientiousness,low-reverse-minus-forward,-0.25000000000000006,-0.75,0.2,0.002777311838340567
web,Psychopathy,8,trait,Extraversion,high-minus-balanced-mean,2.65,1.4000000000000004,3.9750000000000005,0.01165761759119552
web,Psychopathy,8,trait,Extraversion,low-minus-balanced-mean,-5.800000000000001,-7.425,-4.3243750000000025,-0.026805791726801954
web,Psychopathy,8,trait,Extraversion,high-reverse-minus-forward,0.15,-0.6500000000000001,0.9000000000000001,-0.0014269237473573178
web,Psychopathy,8,trait,Extraversion,low-reverse-minus-forward,-0.6000000000000001,-1.4500000000000002,0.25000000000000006,-0.00024202152379108194
web,Psychopathy,8,trait,Agreeableness,high-minus-balanced-mean,-4.975,-6.575,-3.3749999999999996,-0.019345744789550402
web,Psychopathy,8,trait,Agreeableness,low-minus-balanced-mean,5.375,3.5000000000000004,7.474999999999998,0.029204447034491
web,Psychopathy,8,trait,Agreeableness,high-reverse-minus-forward,-0.9000000000000001,-1.8000000000000003,-0.0500000000000001,-0.0016832379332296298
web,Psychopathy,8,trait,Agreeableness,low-reverse-minus-forward,-0.55,-1.1500000000000001,0.0,-0.0014240498304642635
web,Psychopathy,8,trait,Neuroticism,high-minus-balanced-mean,3.65,2.2,5.2,0.010260525290058952
web,Psychopathy,8,trait,Neuroticism,low-minus-balanced-mean,-3.5000000000000004,-5.15,-1.8000000000000003,-0.013941132534327962
web,Psychopathy,8,trait,Neuroticism,high-reverse-minus-forward,-1.15,-2.0,-0.30000000000000004,-0.0019878157304019017
web,Psychopathy,8,trait,Neuroticism,low-reverse-minus-forward,0.25,-0.30000000000000004,0.8500000000000001,-0.0011431719174783224
web,Psychopathy,8,trait,Machiavellianism,high-minus-balanced-mean,10.025,7.999375000000001,12.2,0.029303214033856086
web,Psychopathy,8,trait,Machiavellianism,low-minus-balanced-mean,-9.225000000000001,-11.400625000000002,-7.099375000000002,-0.044604792608092116
web,Psychopathy,8,trait,Machiavellianism,high-reverse-minus-forward,2.1000000000000005,1.2000000000000002,3.05,0.00400438895909895
web,Psychopathy,8,trait,Machiavellianism,low-reverse-minus-forward,0.04999999999999999,-0.5,0.65,0.00012782162569828433
web,Psychopathy,8,trait,Narcissism,high-minus-balanced-mean,10.775,8.675,12.875624999999996,0.03962562706565947
web,Psychopathy,8,trait,Narcissism,low-minus-balanced-mean,-11.174999999999999,-13.774999999999995,-8.775,-0.05863916594547803
web,Psychopathy,8,trait,Narcissism,high-reverse-minus-forward,0.95,0.2,1.8000000000000003,0.0037919129766074387
web,Psychopathy,8,trait,Narcissism,low-reverse-minus-forward,0.0,-0.55,0.55,0.0007589566497877221
web,Psychopathy,8,trait,Psychopathy,high-minus-balanced-mean,20.625000000000004,17.649375,23.75,0.10666540026811784
web,Psychopathy,8,trait,Psychopathy,low-minus-balanced-mean,-6.675000000000001,-8.45,-4.875,-0.14462270017227966
web,Psychopathy,8,trait,Psychopathy,high-reverse-minus-forward,-0.5999999999999999,-1.6512500000000003,0.45000000000000007,-0.000828958520606114
web,Psychopathy,8,trait,Psychopathy,low-reverse-minus-forward,-0.30000000000000004,-0.6000000000000001,-0.05,9.243458018238761e-05
web,Psychopathy,16,trait,Openness,high-minus-balanced-mean,1.7999999999999998,0.1743749999999999,3.375,0.0064054466597699925
web,Psychopathy,16,trait,Openness,low-minus-balanced-mean,-4.45,-6.374999999999999,-2.6250000000000004,-0.01521811318017014
web,Psychopathy,16,trait,Conscientiousness,high-minus-balanced-mean,-3.95,-5.425625,-2.5743750000000034,-0.027476119609290476
web,Psychopathy,16,trait,Conscientiousness,low-minus-balanced-mean,3.6500000000000004,2.0743750000000003,5.300624999999997,0.04085079598427979
web,Psychopathy,16,trait,Extraversion,high-minus-balanced-mean,3.6250000000000004,2.15,5.25,0.012511729727912979
web,Psychopathy,16,trait,Extraversion,low-minus-balanced-mean,-6.125,-7.9,-4.549375000000003,-0.02855259289453941
web,Psychopathy,16,trait,Agreeableness,high-minus-balanced-mean,-6.7,-8.799999999999999,-4.825000000000001,-0.02331003760367797
web,Psychopathy,16,trait,Agreeableness,low-minus-balanced-mean,6.6000000000000005,4.575,8.875,0.03341202272162623
web,Psychopathy,16,trait,Neuroticism,high-minus-balanced-mean,3.025,1.3249999999999997,4.725624999999997,0.011139961783348373
web,Psychopathy,16,trait,Neuroticism,low-minus-balanced-mean,-2.125,-3.95,-0.32437500000000336,-0.011414875751875215
web,Psychopathy,16,trait,Machiavellianism,high-minus-balanced-mean,11.2,8.849999999999998,13.8,0.03465203461267043
web,Psychopathy,16,trait,Machiavellianism,low-minus-balanced-mean,-10.200000000000001,-12.625625,-7.800000000000002,-0.047800296365456504
web,Psychopathy,16,trait,Narcissism,high-minus-balanced-mean,12.524999999999997,10.274374999999997,14.825624999999999,0.04501637769391538
web,Psychopathy,16,trait,Narcissism,low-minus-balanced-mean,-12.725,-15.450625,-10.100000000000001,-0.06381202740506209
web,Psychopathy,16,trait,Psychopathy,high-minus-balanced-mean,28.150000000000002,24.5,31.924999999999997,0.12696850245137645
web,Psychopathy,16,trait,Psychopathy,low-minus-balanced-mean,-8.05,-10.25,-5.9,-0.17149068707082749
web,Psychopathy,32,trait,Openness,high-minus-balanced-mean,2.6500000000000004,0.8750000000000001,4.425,0.007443643478669156
web,Psychopathy,32,trait,Openness,low-minus-balanced-mean,-5.1000000000000005,-7.1000000000000005,-3.225000000000001,-0.017183258543494256
web,Psychopathy,32,trait,Conscientiousness,high-minus-balanced-mean,-4.475,-6.199999999999999,-2.9000000000000004,-0.02928803799306543
web,Psychopathy,32,trait,Conscientiousness,low-minus-balanced-mean,2.975,1.45,4.65,0.03549905115664199
web,Psychopathy,32,trait,Extraversion,high-minus-balanced-mean,3.900000000000001,2.124375,5.75,0.01206704218318888
web,Psychopathy,32,trait,Extraversion,low-minus-balanced-mean,-5.8,-7.675000000000002,-4.050000000000001,-0.02850042344439809
web,Psychopathy,32,trait,Agreeableness,high-minus-balanced-mean,-7.775,-10.124999999999998,-5.674375000000003,-0.026168443105034786
web,Psychopathy,32,trait,Agreeableness,low-minus-balanced-mean,6.324999999999998,4.15,8.674999999999999,0.03295174661497934
web,Psychopathy,32,trait,Neuroticism,high-minus-balanced-mean,4.975,2.9743749999999998,7.074999999999999,0.016508127961829048
web,Psychopathy,32,trait,Neuroticism,low-minus-balanced-mean,-3.025,-4.8256250000000005,-1.275,-0.012850866239894083
web,Psychopathy,32,trait,Machiavellianism,high-minus-balanced-mean,13.0,10.425,15.7,0.040871192975105386
web,Psychopathy,32,trait,Machiavellianism,low-minus-balanced-mean,-11.200000000000001,-13.649999999999999,-8.75,-0.04971380077956791
web,Psychopathy,32,trait,Narcissism,high-minus-balanced-mean,13.55,10.875000000000002,16.299999999999997,0.0521689275065091
web,Psychopathy,32,trait,Narcissism,low-minus-balanced-mean,-13.900000000000002,-16.974999999999998,-11.0,-0.06645014412468762
web,Psychopathy,32,trait,Psychopathy,high-minus-balanced-mean,32.800000000000004,29.075,36.45062499999999,0.14240851937650323
web,Psychopathy,32,trait,Psychopathy,low-minus-balanced-mean,-9.7,-12.100624999999999,-7.299375000000002,-0.18750748542058016
