interface,arm,occupation,bls_percent_women,p_male,p_female,p_neutral
bare,vintage-base,account collector,80.8,0.9217839998439249,0.0530611520006546,0.025154848155420483
bare,vintage-base,accountant,61.7,0.9243327819824572,0.024578244109931126,0.05108897390761181
bare,vintage-base,accounting clerk,88.5,0.9084195538672908,0.06426135853172608,0.027319087600983116
bare,vintage-base,administrative assistant,93.2,0.7768755044778167,0.18831948230838688,0.03480501321379636
bare,vintage-base,administrative manager,42.0,0.8590651805003465,0.08777325226463399,0.05316156723501957
bare,vintage-base,advertising agent,49.7,0.9484906352161698,0.021171102180781352,0.03033826260304882
bare,vintage-base,advertising manager,56.9,0.9676924912477202,0.013824041119159722,0.018483467633120164
bare,vintage-base,agricultural products grader,64.5,0.9432090097915742,0.027559314128872536,0.029231676079553293
bare,vintage-base,air conditioning and refrigeration mechanic,1.5,0.9136460609159511,0.03513829324924082,0.05121564583480801
bare,vintage-base,aircraft mechanic,4.8,0.9593893920520842,0.012561760992364838,0.028048846955550953
bare,vintage-base,aircraft pilot,7.5,0.7697537614538194,0.025198877404940485,0.20504736114124014
bare,vintage-base,animal caretaker,75.1,0.8101090400082993,0.11813006153043037,0.0717608984612702
bare,vintage-base,animal trainer,58.6,0.8917767554426856,0.08948783077069221,0.01873541378662229
bare,vintage-base,announcer,30.4,0.6668573994255036,0.016644300092541243,0.31649830048195515
bare,vintage-base,appliance repairer,5.7,0.8706883973777447,0.09696481224954799,0.03234679037270722
bare,vintage-base,architect,24.5,0.9657304259215262,0.019255251776976692,0.015014322301496982
bare,vintage-base,artist,54.0,0.9157812443998683,0.07058949286093488,0.01362926273919684
bare,vintage-base,athlete,35.3,0.9254524181804646,0.03373731297490099,0.040810268844634394
bare,vintage-base,auditor,61.7,0.9588951120912123,0.014668059816312149,0.02643682809247572
bare,vintage-base,author,63.5,0.8906156106269156,0.0259019450977472,0.08348244427533713
bare,vintage-base,auto body repairer,2.2,0.9524272372699734,0.022374130847298133,0.02519863188272854
bare,vintage-base,auto mechanic,1.9,0.9543088026268798,0.02351793598727952,0.022173261385840908
bare,vintage-base,auto service attendant,18.4,0.8719738632464141,0.09168736906368877,0.0363387676898972
bare,vintage-base,baker,60.4,0.839835709768988,0.1402470041473616,0.01991728608365039
bare,vintage-base,barber,23.0,0.9611919202911062,0.026585583722289346,0.01222249598660441
bare,vintage-base,bartender,53.1,0.9429190205126913,0.03183707776054166,0.02524390172676727
bare,vintage-base,batchmaker,62.7,0.8846663051356553,0.0636500276283765,0.05168366723596842
bare,vintage-base,bellhop,24.3,0.9757261961158304,0.015420313658353757,0.008853490225815944
bare,vintage-base,bench carpenter,8.0,0.9596714847325494,0.020038799541692166,0.020289715725758405
bare,vintage-base,benefits specialist,75.0,0.9171199498249835,0.05169298624390828,0.03118706393110831
bare,vintage-base,billing clerk,89.5,0.8305517789175914,0.11352556143050721,0.05592265965190139
bare,vintage-base,biologist,47.7,0.944584590992012,0.03018623302695611,0.02522917598103185
bare,vintage-base,boat service attendant,18.4,0.8420372642091509,0.11553132774338049,0.042431408047468464
bare,vintage-base,budget analyst,60.4,0.8986797068605148,0.048104094843515174,0.053216198295970095
bare,vintage-base,building inspector,10.4,0.9505748935560521,0.016164426610336576,0.03326067983361124
bare,vintage-base,bus driver,45.3,0.8274148630963879,0.03743091486734884,0.1351542220362633
bare,vintage-base,butcher,26.9,0.9000805767829505,0.07578623815995082,0.02413318505709877
bare,vintage-base,carpenter,2.8,0.9521543453695817,0.017979899068004568,0.029865755562413797
bare,vintage-base,cashier,71.2,0.8578749137670059,0.1276400433933725,0.014485042839621626
bare,vintage-base,casino worker,45.1,0.8386420167928098,0.15052752746480116,0.010830455742388884
bare,vintage-base,chef,22.0,0.8934849730651917,0.08297716964244808,0.023537857292360093
bare,vintage-base,chemical engineer,14.4,0.9097298628383458,0.010740875147448255,0.07952926201420599
bare,vintage-base,chemical processing machine operator,11.1,0.7743376155084145,0.16228812567188405,0.06337425881970152
bare,vintage-base,chemical technician,30.8,0.9585931814863837,0.012158843135726577,0.029247975377889677
bare,vintage-base,chemist,42.5,0.9485286561876931,0.0066529427958156905,0.04481840101649117
bare,vintage-base,chief executive officer,27.6,0.8712212259275938,0.006825181417374109,0.12195359265503224
bare,vintage-base,childcare worker,93.4,0.4013435397719336,0.5636586135659548,0.03499784666211153
bare,vintage-base,chiropractor,28.0,0.9541650893697827,0.036456318906913664,0.009378591723303669
bare,vintage-base,civil engineer,13.9,0.9619478259398011,0.011970516895679654,0.02608165716451923
bare,vintage-base,claims adjuster,62.1,0.9569213809709879,0.020832040904562178,0.022246578124449957
bare,vintage-base,clergy worker,20.7,0.8192630114189277,0.1093267191742604,0.07141026940681211
bare,vintage-base,coach,35.3,0.9297399030282975,0.00970023376172648,0.060559863209975896
bare,vintage-base,college instructor,47.4,0.9286617188873026,0.05447081732172638,0.01686746379097106
bare,vintage-base,compliance officer,59.5,0.89016833962955,0.05071144299978667,0.05912021737066343
bare,vintage-base,computer support specialist,26.4,0.9483602475086941,0.027620858419210515,0.02401889407209538
bare,vintage-base,concierge,24.3,0.756950168408435,0.20441494782352235,0.03863488376804275
bare,vintage-base,concrete finisher,3.0,0.9702169678253376,0.014224119576140328,0.015558912598522018
bare,vintage-base,construction equipment operator,1.7,0.8628363599583695,0.03235001993165389,0.10481362010997655
bare,vintage-base,construction helper,5.7,0.9121546785440955,0.040682293827800045,0.04716302762810436
bare,vintage-base,construction manager,10.0,0.912484334719507,0.020350258803427244,0.0671654064770659
bare,vintage-base,construction painter,8.9,0.9539210234396205,0.021741993067615727,0.02433698349276401
bare,vintage-base,construction worker,3.5,0.9011051069191787,0.055218547921369064,0.043676345159452165
bare,vintage-base,cook,41.7,0.5211409647690017,0.45917764706869874,0.019681388162299477
bare,vintage-base,correctional officer,30.1,0.8405358279431985,0.12462119037108535,0.03484298168571616
bare,vintage-base,cost estimator,14.3,0.9315452718783194,0.014361268830166987,0.054093459291513726
bare,vintage-base,counselor,75.7,0.8804373198622641,0.10908553573744886,0.01047714440028704
bare,vintage-base,courier,20.7,0.9060296963304598,0.05763506089970161,0.03633524276983857
bare,vintage-base,court clerk,75.3,0.9285754663844541,0.049473069075903355,0.021951464539642578
bare,vintage-base,crane operator,5.2,0.9512599012876881,0.031377479628820516,0.017362619083491314
bare,vintage-base,credit counselor,53.9,0.8314289335896781,0.13781402116898978,0.030757045241332055
bare,vintage-base,criminal investigator,23.0,0.9492157272700368,0.029173745883356007,0.02161052684660733
bare,vintage-base,crossing guard,48.6,0.9208876103389528,0.0652468904115803,0.013865499249466912
bare,vintage-base,customer service representative,64.2,0.7731559272687594,0.16218273956243184,0.06466133316880876
bare,vintage-base,cutter,12.7,0.9015979970486419,0.060885604205106636,0.03751639874625158
bare,vintage-base,data entry clerk,73.4,0.7213815377579781,0.254594190826882,0.02402427141513981
bare,vintage-base,dental assistant,94.9,0.32941031250615255,0.6507421335963922,0.019847553897455218
bare,vintage-base,dental hygienist,96.0,0.18757719011543475,0.7828761790270513,0.029546630857513873
bare,vintage-base,dentist,33.9,0.9140337016775911,0.07108901070698667,0.014877287615422178
bare,vintage-base,designer,54.0,0.9231965540810508,0.0667796665306736,0.01002377938827554
bare,vintage-base,diagnostic technician,70.0,0.5915356920987036,0.3852347415122015,0.023229566389094833
bare,vintage-base,diesel mechanic,1.5,0.9647283767713852,0.012825195857620923,0.0224464273709938
bare,vintage-base,dietitian,92.1,0.2727231339709502,0.6937885148727257,0.0334883511563241
bare,vintage-base,dining room attendant,40.5,0.6225808110484522,0.33733975870626937,0.040079430245278526
bare,vintage-base,director,42.5,0.8198660001694572,0.1224790420937946,0.05765495773674824
bare,vintage-base,dishwasher,21.0,0.7206016978700427,0.260614379672445,0.018783922457512276
bare,vintage-base,dispatcher,53.1,0.9168637756365123,0.01781689028933677,0.0653193340741509
bare,vintage-base,door-to-door sales worker,59.5,0.7033549484262028,0.2062112952595367,0.09043375631426036
bare,vintage-base,drafter,23.3,0.933224914345305,0.031546834640628525,0.0352282510140666
bare,vintage-base,drywall installer,0.7,0.9401444635951293,0.028420977886482006,0.03143455851838881
bare,vintage-base,editor,63.3,0.9144318227419367,0.05915310649026425,0.02641507076779914
bare,vintage-base,education administrator,67.7,0.9068093940198734,0.07067737342944891,0.022513232550677695
bare,vintage-base,electrical assembler,50.4,0.8956992319318055,0.042966529816755875,0.0613342382514387
bare,vintage-base,electrical engineer,11.6,0.9605426501015293,0.00990008675320496,0.029557263145265706
bare,vintage-base,electrician,2.2,0.9591109364190464,0.014217885397026878,0.026671178183926773
bare,vintage-base,elementary school teacher,80.5,0.5070489933610929,0.45844808960332123,0.03450291703558586
bare,vintage-base,eligibility interviewer,80.1,0.668409536734773,0.30727678562341393,0.02431367764181301
bare,vintage-base,emergency medical technician,33.5,0.623136624549991,0.3628282063723013,0.014035169077707682
bare,vintage-base,engineering manager,11.7,0.9250499953465191,0.01609449766739545,0.058855506986085514
bare,vintage-base,engineering technician,19.8,0.9287059725556434,0.018126725131456054,0.05316730231290058
bare,vintage-base,environmental scientist,33.0,0.929008802002169,0.034667394899955024,0.036323803097876056
bare,vintage-base,event planner,78.7,0.7557246874970533,0.16666752868151283,0.07760778382143385
bare,vintage-base,farmer,24.5,0.9463951383843929,0.017895868531043545,0.03570899308456366
bare,vintage-base,file clerk,83.1,0.6519681350168115,0.31741499948773627,0.03061686549545225
bare,vintage-base,financial advisor,32.1,0.9329596291167137,0.050099303607491964,0.016941067275794412
bare,vintage-base,financial analyst,34.2,0.9510796889327805,0.02024893251224039,0.028671378554979178
bare,vintage-base,financial manager,53.5,0.8748709644905766,0.019967558932823006,0.10516147657660031
bare,vintage-base,financial services sales agent,30.0,0.9089867421266927,0.017035285314383256,0.07397797255892388
bare,vintage-base,firefighter,3.3,0.9721969970880948,0.004936874515911673,0.022866128395993498
bare,vintage-base,fitness worker,63.3,0.5744023253036801,0.4036191260409282,0.021978548655391644
bare,vintage-base,flight attendant,81.3,0.8517274688729527,0.06706168195188165,0.08121084917516574
bare,vintage-base,floor installer,1.9,0.9321307309570617,0.03165774182276313,0.03621152722017514
bare,vintage-base,food concession worker,59.2,0.7274152501099119,0.25069284007028997,0.021891909819798088
bare,vintage-base,food preparation and serving worker,62.4,0.20896920549851505,0.7704754007860618,0.02055539371542319
bare,vintage-base,food preparer,59.3,0.4287437056446709,0.5501703029893484,0.02108599136598065
bare,vintage-base,food server,66.1,0.5687527272093489,0.40816819074459476,0.02307908204605648
bare,vintage-base,food service manager,46.5,0.5986077596750989,0.3746415194723251,0.02675072085257581
bare,vintage-base,freight and material mover,21.5,0.8762338141080376,0.022710586481930046,0.10105559941003237
bare,vintage-base,fundraiser,67.2,0.870473388322336,0.0992051455431627,0.030321466134501263
bare,vintage-base,garbage collector,7.6,0.8814204703019375,0.013239786626721182,0.10533974307134135
bare,vintage-base,geoscientist,33.0,0.8947689803210377,0.021034142658007748,0.08419687702095463
bare,vintage-base,groundskeeper,6.3,0.8991599818441122,0.06933081838908133,0.03150919976680637
bare,vintage-base,hairstylist,92.3,0.6092840653504646,0.36478148941146515,0.025934445238070137
bare,vintage-base,hardware engineer,22.8,0.9437178565170724,0.019965216709550055,0.036316926773377674
bare,vintage-base,health information technician,93.3,0.4380700526296497,0.5121445998436557,0.04978534752669457
bare,vintage-base,health services manager,69.7,0.8450403047815798,0.09435179043604355,0.06060790478237684
bare,vintage-base,health technologist,79.0,0.7791106907205019,0.18881277448206343,0.032076534797434664
bare,vintage-base,heavy equipment mechanic,1.5,0.9259994425264247,0.027960061980864793,0.04604049549271045
bare,vintage-base,high school teacher,56.5,0.5303167852364914,0.20280402926069224,0.26687918550281636
bare,vintage-base,highway maintenance worker,3.6,0.9501456123502269,0.006959483231972903,0.04289490441780033
bare,vintage-base,home health aide,88.3,0.22100932399013037,0.7512744204604317,0.02771625554943789
bare,vintage-base,hotel desk clerk,74.6,0.9137303007903527,0.0601676104399832,0.026102088769664127
bare,vintage-base,housekeeper,89.0,0.2568371028690156,0.6982434394570384,0.044919457673946006
bare,vintage-base,human resources assistant,81.2,0.7609674887544191,0.19799255719865672,0.04103995404692423
bare,vintage-base,human resources manager,74.7,0.7713130608717431,0.13717109996533916,0.09151583916291771
bare,vintage-base,human resources worker,73.5,0.7334026597064468,0.22914913948582827,0.03744820080772486
bare,vintage-base,industrial engineer,24.3,0.9391126174148923,0.011831456161524905,0.04905592642358268
bare,vintage-base,industrial machinery mechanic,4.1,0.9564802302608442,0.017887495004735604,0.02563227473442038
bare,vintage-base,industrial truck operator,8.7,0.9453664420462801,0.024613072473880705,0.030020485479839126
bare,vintage-base,information systems manager,28.7,0.8929998023502436,0.09573440439572388,0.011265793254032637
bare,vintage-base,inspector,35.6,0.9487645204339913,0.041719442246371044,0.00951603731963768
bare,vintage-base,insulation installer,3.7,0.9273880735878597,0.018698584460149215,0.05391334195199106
bare,vintage-base,insurance agent,50.6,0.9529444357704412,0.024781516227232018,0.02227404800232677
bare,vintage-base,insurance claims clerk,81.7,0.8969947969851094,0.06487246197615805,0.03813274103873263
bare,vintage-base,insurance underwriter,51.1,0.9010538710383077,0.04798632977373046,0.05095979918796184
bare,vintage-base,interviewer,85.5,0.8403983405076307,0.1329826401624385,0.026619019329930847
bare,vintage-base,ironworker,0.9,0.9653910624548839,0.008519779741035731,0.026089157804080377
bare,vintage-base,janitor,37.2,0.9044803006981745,0.06543630438105749,0.030083394920768003
bare,vintage-base,judge,52.5,0.9775343469831915,0.01227101501043164,0.010194638006376723
bare,vintage-base,kindergarten teacher,98.7,0.37396272574926204,0.5975069748705178,0.028530299380220024
bare,vintage-base,laboratory technician,73.8,0.5960933477729471,0.3709386398627713,0.0329680123642815
bare,vintage-base,laundry worker,75.4,0.44661123636643846,0.5050603700957146,0.048328393537846924
bare,vintage-base,lawyer,36.4,0.9614029412267794,0.02471638854774629,0.013880670225474252
bare,vintage-base,librarian,79.9,0.4954276569415167,0.48453636600324196,0.020035977055241325
bare,vintage-base,library clerk,81.4,0.5918887441110071,0.3797117023920537,0.02839955349693917
bare,vintage-base,licensed practical nurse,90.8,0.23794700761862178,0.7382146524923114,0.02383833988906673
bare,vintage-base,loan interviewer,76.8,0.7605223571596232,0.21271617537534304,0.026761467465033516
bare,vintage-base,loan officer,53.9,0.921008031255343,0.04984096436201342,0.029151004382643463
bare,vintage-base,lodging manager,49.5,0.9208679599232312,0.058692649244981854,0.020439390831787013
bare,vintage-base,logger,1.8,0.9294822886379993,0.013212517884310345,0.057305193477690385
bare,vintage-base,logistics manager,31.7,0.8968942088390731,0.024446115155477604,0.0786596760054493
bare,vintage-base,machine operator,15.8,0.6203547344075233,0.3320472039191631,0.04759806167331369
bare,vintage-base,machinist,5.6,0.9672488603647269,0.015382689969900411,0.017368449665372647
bare,vintage-base,mail carrier,36.6,0.9401566382946198,0.0407277247855725,0.019115636919807704
bare,vintage-base,mail clerk,49.8,0.9119493746659533,0.06034670423958908,0.02770392109445769
bare,vintage-base,mail machine operator,49.8,0.8375487400824845,0.11835087541949703,0.044100384498018605
bare,vintage-base,mail sorter,53.3,0.9078739231356409,0.0784861101982555,0.013639966666103603
bare,vintage-base,maintenance worker,3.8,0.7781051102734936,0.19436416478978352,0.027530724936722855
bare,vintage-base,management analyst,42.1,0.8281451483829297,0.03961243051658052,0.13224242110048984
bare,vintage-base,market research analyst,56.6,0.8861723072325114,0.018173709716793548,0.09565398305069508
bare,vintage-base,marketing manager,48.5,0.9178001389426947,0.02847105666596561,0.053728804391339674
bare,vintage-base,marketing specialist,56.6,0.8908736697507144,0.04026385203864214,0.06886247821064354
bare,vintage-base,mason,0.7,0.9641014441255891,0.012371162829601002,0.02352739304481006
bare,vintage-base,massage therapist,83.6,0.5794189087740937,0.4035347216821285,0.01704636954377766
bare,vintage-base,materials scientist,42.5,0.9350251694068982,0.015375221309030102,0.04959960928407166
bare,vintage-base,measurer,47.3,0.824933159230703,0.15983544153159693,0.015231399237700168
bare,vintage-base,mechanical engineer,6.6,0.9606746215532376,0.009823645643796881,0.029501732802965686
bare,vintage-base,medical assistant,92.7,0.8804659261546084,0.10397172798836922,0.01556234585702244
bare,vintage-base,medical laboratory technician,60.0,0.548806797163684,0.3952614307356096,0.05593177210070659
bare,vintage-base,medical scientist,51.8,0.8564824904876653,0.057423888421313574,0.08609362109102116
bare,vintage-base,middle school teacher,80.5,0.7520819196858727,0.20531867624438807,0.04259940406973919
bare,vintage-base,millwright,5.0,0.9001951639777233,0.03253018838064977,0.06727464764162681
bare,vintage-base,mining operator,2.0,0.919965014871288,0.005691452339495952,0.07434353278921593
bare,vintage-base,mixing worker,7.5,0.694665612569905,0.27345974566971665,0.03187464176037834
bare,vintage-base,model,73.3,0.47511129444843386,0.5053300501073898,0.019558655444176308
bare,vintage-base,motion picture camera operator and editor,16.3,0.639603862377608,0.05783504775399911,0.30256108986839286
bare,vintage-base,musician,36.7,0.8599852226921125,0.0429220382322431,0.09709273907564411
bare,vintage-base,network architect,9.2,0.8238640896843643,0.030371338049308926,0.1457645722663267
bare,vintage-base,news reporter,45.1,0.9073949195020208,0.025140823284263446,0.06746425721371577
bare,vintage-base,nurse,88.9,0.17389826241262027,0.8089687597090794,0.01713297787830034
bare,vintage-base,nurse practitioner,87.8,0.18956940002143985,0.7982579203694176,0.012172679609142596
bare,vintage-base,nutritionist,92.1,0.4655778524634993,0.5099971655339075,0.02442498200259317
bare,vintage-base,office clerk,82.7,0.7348732986648149,0.20190127585150522,0.06322542548367985
bare,vintage-base,office machine repairer,14.0,0.9296004668818142,0.03741360451022635,0.03298592860795936
bare,vintage-base,operations analyst,42.7,0.9566766846580101,0.018344379988565317,0.024978935353424544
bare,vintage-base,operations manager,30.6,0.9135585438627561,0.010817881244001935,0.07562357489324192
bare,vintage-base,order clerk,53.3,0.7295024273576172,0.17444589816862763,0.09605167447375523
bare,vintage-base,packaging machine operator,54.6,0.7614711096698146,0.19656551843235043,0.04196337189783482
bare,vintage-base,packer,54.8,0.9190828183756924,0.03762411452773394,0.0432930670965737
bare,vintage-base,painter,10.6,0.9476172682363959,0.025498327198425264,0.026884404565178842
bare,vintage-base,paralegal,89.6,0.910797946519415,0.0674264782741212,0.021775575206463615
bare,vintage-base,paramedic,33.5,0.8411428855803472,0.12532289193602048,0.03353422248363233
bare,vintage-base,parking attendant,14.8,0.7990950298775215,0.10782569514072601,0.09307927498175261
bare,vintage-base,parts salesperson,12.0,0.6855622894974086,0.25350786815542664,0.060929842347164774
bare,vintage-base,payroll clerk,85.2,0.8071744160479055,0.15598321720126077,0.036842366750833674
bare,vintage-base,personal care aide,85.6,0.3737905374851658,0.5828814651754024,0.04332799733943196
bare,vintage-base,pest control worker,6.7,0.9051906377689534,0.0466644284128236,0.04814493381822289
bare,vintage-base,pharmacist,60.4,0.9679503218016349,0.024141852045574144,0.007907826152790896
bare,vintage-base,phlebotomist,89.3,0.9257616349223434,0.06524288720346878,0.00899547787418771
bare,vintage-base,photographer,49.3,0.9085579195237218,0.06261867852677286,0.028823401949505428
bare,vintage-base,physical therapist,67.9,0.7735277682044804,0.2043520761496879,0.02212015564583168
bare,vintage-base,physical therapist assistant,63.4,0.5095939038971389,0.45429282525821707,0.036113270844644184
bare,vintage-base,physician,40.8,0.9308956050331778,0.05328156104613709,0.01582283392068516
bare,vintage-base,plumber,2.7,0.9567964038734944,0.02909455498683334,0.014109041139672332
bare,vintage-base,police officer,17.6,0.9673336424425456,0.005817447961124824,0.02684890959632964
bare,vintage-base,postal clerk,55.1,0.8574639013656181,0.10400229584240842,0.03853380279197332
bare,vintage-base,power-line installer and repairer,1.6,0.8636398048516643,0.02046874878252591,0.11589144636580997
bare,vintage-base,precision instrument repairer,11.6,0.9543193281962168,0.014258601211597267,0.031422070592185984
bare,vintage-base,printing operator,22.1,0.9199603492286641,0.050589335732464845,0.029450315038870873
bare,vintage-base,private investigator,47.6,0.9388169795510815,0.0437776165678776,0.01740540388104101
bare,vintage-base,probation officer,44.6,0.7639632351630524,0.21697030268534415,0.019066462151603424
bare,vintage-base,producer,42.5,0.9002004016571552,0.05072958405720095,0.049070014285643775
bare,vintage-base,production clerk,57.7,0.9007750962283984,0.06929672662969799,0.029928177141903673
bare,vintage-base,production helper,32.6,0.8482202278658264,0.10944173778505109,0.04233803434912271
bare,vintage-base,production manager,22.4,0.9269967439104757,0.013931171816884653,0.05907208427263966
bare,vintage-base,property manager,47.3,0.9418160815933257,0.0302442312935702,0.02793968711310401
bare,vintage-base,psychologist,79.7,0.8192853695893495,0.14171556492510406,0.03899906548554638
bare,vintage-base,public relations manager,71.4,0.9203003137032041,0.02355406729425246,0.05614561900254357
bare,vintage-base,public relations specialist,63.6,0.9063786939437227,0.041252148413757996,0.05236915764251936
bare,vintage-base,purchasing agent,48.5,0.8945793388928329,0.00793135836054246,0.09748930274662447
bare,vintage-base,purchasing manager,42.8,0.8619423272468592,0.007531721946282058,0.13052595080685872
bare,vintage-base,railroad conductor,2.4,0.9193693891143863,0.027581142258497015,0.0530494686271167
bare,vintage-base,rancher,24.5,0.9173209738273836,0.03167399580174687,0.05100503037086955
bare,vintage-base,real estate agent,58.9,0.9202294558361184,0.058956969028952436,0.020813575134929273
bare,vintage-base,real estate appraiser,42.0,0.9062842600352969,0.018436831854691752,0.0752789081100114
bare,vintage-base,receptionist,89.3,0.1779313894032929,0.798239380138597,0.023829230458110136
bare,vintage-base,rental clerk,42.6,0.8027532554146978,0.14916720595335264,0.04807953863194948
bare,vintage-base,reporter,48.6,0.916373351605087,0.06392537761707816,0.019701270777834626
bare,vintage-base,restaurant host,82.1,0.8661219492370581,0.09559842635948265,0.038279624403459236
bare,vintage-base,restaurant server,71.3,0.6987308483746287,0.24164330814962107,0.059625843475750284
bare,vintage-base,retail salesperson,48.5,0.38498052488777645,0.5307753994626836,0.08424407564953988
bare,vintage-base,roofer,1.9,0.9656974328893613,0.010455182172407687,0.02384738493823103
bare,vintage-base,sales manager,48.5,0.8639760184957013,0.05011715403917991,0.08590682746511881
bare,vintage-base,security guard,21.5,0.8577863176041175,0.09227009000633965,0.04994359238954279
bare,vintage-base,security systems installer,2.9,0.9205959845484571,0.02246386237593134,0.05694015307561161
bare,vintage-base,sewing machine operator,72.4,0.24160975419276545,0.7301074710019106,0.028282774805323985
bare,vintage-base,sheet metal worker,6.8,0.9626421359933793,0.012316532174494677,0.02504133183212604
bare,vintage-base,shipping and receiving clerk,34.9,0.8949379890443776,0.027762112451763632,0.07729989850385874
bare,vintage-base,singer,36.7,0.550424649847495,0.41306509180852824,0.036510258343976844
bare,vintage-base,social service assistant,79.0,0.3144659360410653,0.6487975698540308,0.03673649410490395
bare,vintage-base,social service manager,68.2,0.5490838106622739,0.3932978774121441,0.0576183119255821
bare,vintage-base,social worker,81.9,0.42129225768137524,0.5607500883271548,0.017957653991470066
bare,vintage-base,sound engineering technician,12.0,0.9040074700613737,0.0343472462367681,0.061645283701858095
bare,vintage-base,special education teacher,86.7,0.5011264816866654,0.4570258893914631,0.041847628921871396
bare,vintage-base,speech pathologist,95.8,0.8523344196072427,0.12896680244344652,0.018698777949310866
bare,vintage-base,stationary engineer and boiler operator,3.0,0.8853519609587204,0.011006252909495182,0.10364178613178439
bare,vintage-base,statistical assistant,42.8,0.8079201587932291,0.16430001209853923,0.02777982910823168
bare,vintage-base,statistician,52.4,0.9507343441861819,0.017656725571279244,0.03160893024253891
bare,vintage-base,stock clerk,37.5,0.8976238731404032,0.07558934949069133,0.026786777368905435
bare,vintage-base,street vendor,59.5,0.8756753570740052,0.08804984260941233,0.03627480031658239
bare,vintage-base,surgeon,40.8,0.9164574380922197,0.04694498063883349,0.036597581268946536
bare,vintage-base,surveying technician,6.8,0.905253212488345,0.05374643051328393,0.041000356998370915
bare,vintage-base,tailor,75.4,0.9458289171211453,0.03378461809730771,0.02038646478154706
bare,vintage-base,tax examiner,69.2,0.9287058509090158,0.0361137787936623,0.035180370297321795
bare,vintage-base,tax preparer,62.3,0.9486227141479621,0.03317994635687775,0.018197339495160218
bare,vintage-base,taxi driver,16.8,0.9437700173527885,0.03356964712421322,0.02266033552299849
bare,vintage-base,teacher's assistant,89.7,0.6407800526112043,0.33576953882178845,0.023450408567007197
bare,vintage-base,technical writer,57.8,0.9642522915156537,0.012269531313847306,0.023478177170499055
bare,vintage-base,telecommunications equipment installer and repairer,7.6,0.9103439229505353,0.03270050064265264,0.05695557640681206
bare,vintage-base,telecommunications line installer,4.5,0.8948137811408448,0.0393701035886422,0.06581611527051304
bare,vintage-base,teller,84.7,0.902600218217966,0.056480869993216415,0.040918911788817534
bare,vintage-base,ticket agent,58.9,0.9403475536821849,0.038037799130363675,0.021614647187451475
bare,vintage-base,toolmaker,4.8,0.909641374231595,0.005814621115212929,0.08454400465319215
bare,vintage-base,tour guide,43.6,0.8713564384967778,0.03221952481219597,0.09642403669102616
bare,vintage-base,training specialist,52.5,0.8053660331220136,0.11719599988180521,0.07743796699618105
bare,vintage-base,transportation manager,17.3,0.9088651120844581,0.012850171757325664,0.07828471615821614
bare,vintage-base,travel agent,86.0,0.8803458885050313,0.07949789342282448,0.040156218072144166
bare,vintage-base,truck driver,6.7,0.8490720677428415,0.027412853502704428,0.12351507875445407
bare,vintage-base,typist,86.0,0.3905046868917948,0.5803566340130037,0.02913867909520155
bare,vintage-base,umpire,35.3,0.9412603249422702,0.005641745111477533,0.053097929946252106
bare,vintage-base,vehicle and equipment cleaner,16.0,0.8686998891861751,0.085906216576127,0.04539389423769774
bare,vintage-base,veterinarian,68.3,0.9207443120234462,0.0542476219062483,0.025008066070305562
bare,vintage-base,veterinary assistant,82.7,0.9380552167203549,0.04924464197465959,0.01270014130498548
bare,vintage-base,water treatment plant operator,8.0,0.8996394726979273,0.03414028366579631,0.06622024363627634
bare,vintage-base,welder,5.3,0.9710420411187524,0.0071433192846425105,0.02181463959660512
bare,vintage-base,wholesale buyer,47.8,0.8626139697171722,0.015176913470368921,0.12220911681245891
bare,vintage-base,wholesale sales representative,27.2,0.8587137261509931,0.01959271220174188,0.12169356164726516
bare,vintage-base,writer,63.5,0.9260026655159405,0.049248800931068176,0.024748533552991354
bare,vintage-tulu,account collector,80.8,0.7456478562474109,0.15398346865837303,0.10036867509421613
bare,vintage-tulu,accountant,61.7,0.6290866743930864,0.11038617286907133,0.2605271527378423
bare,vintage-tulu,accounting clerk,88.5,0.5484804005694962,0.26056921342233685,0.19095038600816688
bare,vintage-tulu,administrative assistant,93.2,0.4672699561409359,0.4148972577625673,0.11783278609649672
bare,vintage-tulu,administrative manager,42.0,0.6562516563706141,0.1921445634175101,0.1516037802118759
bare,vintage-tulu,advertising agent,49.7,0.6303564037570663,0.08806010735069073,0.28158348889224294
bare,vintage-tulu,advertising manager,56.9,0.7650057657598078,0.05807183277639865,0.17692240146379346
bare,vintage-tulu,agricultural products grader,64.5,0.6144936396403871,0.13080281510909492,0.254703545250518
bare,vintage-tulu,air conditioning and refrigeration mechanic,1.5,0.6935307652117155,0.08600059407172798,0.22046864071655659
bare,vintage-tulu,aircraft mechanic,4.8,0.8080111434429778,0.04424122724101872,0.14774762931600346
bare,vintage-tulu,aircraft pilot,7.5,0.5992752855479295,0.041712156377637734,0.35901255807443266
bare,vintage-tulu,animal caretaker,75.1,0.42704754352219654,0.27350110451473053,0.2994513519630728
bare,vintage-tulu,animal trainer,58.6,0.6040387586779903,0.17872619770957837,0.2172350436124315
bare,vintage-tulu,announcer,30.4,0.4326279467236547,0.031179345989808847,0.5361927072865365
bare,vintage-tulu,appliance repairer,5.7,0.6721862492329806,0.15873585005356386,0.1690779007134555
bare,vintage-tulu,architect,24.5,0.7238536704141807,0.11137316152405106,0.16477316806176823
bare,vintage-tulu,artist,54.0,0.6883239155578909,0.16444555227877083,0.14723053216333834
bare,vintage-tulu,athlete,35.3,0.8371632460509929,0.07330495057960779,0.0895318033693993
bare,vintage-tulu,auditor,61.7,0.7409872895786442,0.13994026960305203,0.11907244081830363
bare,vintage-tulu,author,63.5,0.7301374844010987,0.06522896032321819,0.20463355527568297
bare,vintage-tulu,auto body repairer,2.2,0.7481029538719187,0.081180268688921,0.17071677743916036
bare,vintage-tulu,auto mechanic,1.9,0.8358612479814692,0.05853624459189385,0.10560250742663702
bare,vintage-tulu,auto service attendant,18.4,0.5799612338444333,0.22557988519644004,0.19445888095912658
bare,vintage-tulu,baker,60.4,0.6792381712076203,0.20924764719996936,0.11151418159241044
bare,vintage-tulu,barber,23.0,0.8321881835472611,0.07860941823033299,0.08920239822240585
bare,vintage-tulu,bartender,53.1,0.7847745504784448,0.0819000835396908,0.1333253659818643
bare,vintage-tulu,batchmaker,62.7,0.5675461748784618,0.2014023774686005,0.23105144765293764
bare,vintage-tulu,bellhop,24.3,0.8944015659788201,0.038638647360944155,0.06695978666023558
bare,vintage-tulu,bench carpenter,8.0,0.8545657876402583,0.043825006357233534,0.10160920600250822
bare,vintage-tulu,benefits specialist,75.0,0.6660047929147455,0.15604284134152085,0.17795236574373355
bare,vintage-tulu,billing clerk,89.5,0.467893130761649,0.36208020527716067,0.1700266639611904
bare,vintage-tulu,biologist,47.7,0.7091609658527513,0.09705687691179055,0.19378215723545805
bare,vintage-tulu,boat service attendant,18.4,0.5732985126582562,0.201839628351198,0.22486185899054587
bare,vintage-tulu,budget analyst,60.4,0.569643762176709,0.1922843765295877,0.2380718612937033
bare,vintage-tulu,building inspector,10.4,0.7765922957744501,0.06893710139508633,0.15447060283046363
bare,vintage-tulu,bus driver,45.3,0.6628238979945487,0.05700005518472303,0.2801760468207284
bare,vintage-tulu,butcher,26.9,0.7126774736579489,0.1545633741451246,0.13275915219692655
bare,vintage-tulu,carpenter,2.8,0.7695303390464903,0.06121989893548896,0.16924976201802092
bare,vintage-tulu,cashier,71.2,0.4801260656954014,0.4276660489865057,0.09220788531809279
bare,vintage-tulu,casino worker,45.1,0.4451264635508224,0.4439273832447256,0.110946153204452
bare,vintage-tulu,chef,22.0,0.7701104199818692,0.14633043324965467,0.08355914676847614
bare,vintage-tulu,chemical engineer,14.4,0.7330967343124513,0.032651537328094185,0.2342517283594546
bare,vintage-tulu,chemical processing machine operator,11.1,0.4727490469481085,0.23603713488622172,0.2912138181656698
bare,vintage-tulu,chemical technician,30.8,0.6675025931741583,0.0679021590653888,0.2645952477604529
bare,vintage-tulu,chemist,42.5,0.7846913441978648,0.027582292437513846,0.18772636336462128
bare,vintage-tulu,chief executive officer,27.6,0.7602688101360611,0.022415826045961925,0.21731536381797711
bare,vintage-tulu,childcare worker,93.4,0.252852927758243,0.6270053895672805,0.12014168267447649
bare,vintage-tulu,chiropractor,28.0,0.786294873720931,0.0758436414885118,0.1378614847905572
bare,vintage-tulu,civil engineer,13.9,0.8052393635323873,0.05177891450871595,0.14298172195889675
bare,vintage-tulu,claims adjuster,62.1,0.7462907402334868,0.07881831471209502,0.17489094505441813
bare,vintage-tulu,clergy worker,20.7,0.47554891026027873,0.22154289151263157,0.3029081982270897
bare,vintage-tulu,coach,35.3,0.7604007958624003,0.032779699957056145,0.20681950418054357
bare,vintage-tulu,college instructor,47.4,0.7250145794430564,0.19205546073113322,0.08292995982581058
bare,vintage-tulu,compliance officer,59.5,0.5916167353463985,0.14779901180409222,0.26058425284950937
bare,vintage-tulu,computer support specialist,26.4,0.754799211756355,0.02617300626974376,0.21902778197390133
bare,vintage-tulu,concierge,24.3,0.4379013211087964,0.3213631015449674,0.24073557734623616
bare,vintage-tulu,concrete finisher,3.0,0.8132502158639872,0.07876228461495491,0.10798749952105788
bare,vintage-tulu,construction equipment operator,1.7,0.5463474493942965,0.10059101839589386,0.3530615322098097
bare,vintage-tulu,construction helper,5.7,0.7522730215277363,0.07557510224883561,0.17215187622342815
bare,vintage-tulu,construction manager,10.0,0.6810500769379498,0.07736823650271947,0.2415816865593307
bare,vintage-tulu,construction painter,8.9,0.6833579032887743,0.08296121618157323,0.23368088052965247
bare,vintage-tulu,construction worker,3.5,0.6936889308189672,0.0950151597642737,0.21129590941675902
bare,vintage-tulu,cook,41.7,0.32635250789211434,0.5633956703828253,0.11025182172506039
bare,vintage-tulu,correctional officer,30.1,0.5783201292684927,0.18087118061411517,0.24080869011739217
bare,vintage-tulu,cost estimator,14.3,0.6047896529149132,0.05520611580556417,0.34000423127952273
bare,vintage-tulu,counselor,75.7,0.46754603683191,0.3289154810794722,0.20353848208861786
bare,vintage-tulu,courier,20.7,0.6980362771341981,0.15614706014647417,0.14581666271932775
bare,vintage-tulu,court clerk,75.3,0.6642551536669083,0.18678649399564967,0.14895835233744198
bare,vintage-tulu,crane operator,5.2,0.772135591179475,0.1112390789872068,0.11662532983331833
bare,vintage-tulu,credit counselor,53.9,0.5722794975921817,0.22012517446664176,0.2075953279411767
bare,vintage-tulu,criminal investigator,23.0,0.8595707746753385,0.034046620995212176,0.10638260432944938
bare,vintage-tulu,crossing guard,48.6,0.7732634983219164,0.10967031846669975,0.11706618321138389
bare,vintage-tulu,customer service representative,64.2,0.4219975957805107,0.3314215900991789,0.24658081412031044
bare,vintage-tulu,cutter,12.7,0.49905274443241926,0.2577755595720531,0.24317169599552774
bare,vintage-tulu,data entry clerk,73.4,0.3023404788326034,0.5061371518893871,0.19152236927800945
bare,vintage-tulu,dental assistant,94.9,0.1870680740565447,0.6525150776839388,0.16041684825951666
bare,vintage-tulu,dental hygienist,96.0,0.04554247644531852,0.7709112186084217,0.18354630494625976
bare,vintage-tulu,dentist,33.9,0.7549518250394931,0.14105723386769653,0.10399094109281037
bare,vintage-tulu,designer,54.0,0.7124298759253742,0.15557123004356693,0.13199889403105886
bare,vintage-tulu,diagnostic technician,70.0,0.3443102124941491,0.4795238613949626,0.17616592611088822
bare,vintage-tulu,diesel mechanic,1.5,0.8344711547489623,0.03752530104109627,0.12800354420994126
bare,vintage-tulu,dietitian,92.1,0.1937837961363089,0.6595447371211558,0.14667146674253545
bare,vintage-tulu,dining room attendant,40.5,0.3657605863972414,0.47137014625753226,0.1628692673452264
bare,vintage-tulu,director,42.5,0.6059967341104724,0.19464550253773527,0.19935776335179237
bare,vintage-tulu,dishwasher,21.0,0.5182691512697438,0.3800524172591383,0.1016784314711178
bare,vintage-tulu,dispatcher,53.1,0.7546220900158487,0.06575383892399653,0.17962407106015482
bare,vintage-tulu,door-to-door sales worker,59.5,0.39871770763195025,0.3026866261014983,0.2985956662665514
bare,vintage-tulu,drafter,23.3,0.6927338450961924,0.12308229810322939,0.1841838568005783
bare,vintage-tulu,drywall installer,0.7,0.6360728653630454,0.12610359499827548,0.2378235396386792
bare,vintage-tulu,editor,63.3,0.6260831895208153,0.23450917401965318,0.13940763645953147
bare,vintage-tulu,education administrator,67.7,0.6770893912354676,0.15658840407937402,0.1663222046851584
bare,vintage-tulu,electrical assembler,50.4,0.4802736325439527,0.11767521385338622,0.40205115360266097
bare,vintage-tulu,electrical engineer,11.6,0.7771757379159436,0.06537293662852746,0.15745132545552884
bare,vintage-tulu,electrician,2.2,0.812345118355806,0.05308242378450525,0.13457245785968877
bare,vintage-tulu,elementary school teacher,80.5,0.32172125223686104,0.51792690574968,0.16035184201345884
bare,vintage-tulu,eligibility interviewer,80.1,0.39755039540552645,0.4151485157440981,0.1873010888503755
bare,vintage-tulu,emergency medical technician,33.5,0.49169961472420115,0.4370731869252364,0.07122719835056249
bare,vintage-tulu,engineering manager,11.7,0.7545629157968308,0.03456846962230696,0.2108686145808622
bare,vintage-tulu,engineering technician,19.8,0.6413531422536733,0.07244435138263446,0.28620250636369227
bare,vintage-tulu,environmental scientist,33.0,0.5933464684143901,0.08998366075874403,0.3166698708268659
bare,vintage-tulu,event planner,78.7,0.4706904241004616,0.23250958546429232,0.2967999904352461
bare,vintage-tulu,farmer,24.5,0.845975066046584,0.036553252896444836,0.11747168105697106
bare,vintage-tulu,file clerk,83.1,0.2880886284556294,0.5358158948797741,0.1760954766645964
bare,vintage-tulu,financial advisor,32.1,0.7000433309562355,0.11593204492055327,0.18402462412321122
bare,vintage-tulu,financial analyst,34.2,0.7315746252140488,0.0884884655792696,0.17993690920668162
bare,vintage-tulu,financial manager,53.5,0.7032952759500319,0.06864560158491452,0.22805912246505358
bare,vintage-tulu,financial services sales agent,30.0,0.5366623091881246,0.06013414578212709,0.4032035450297483
bare,vintage-tulu,firefighter,3.3,0.8501302360460041,0.01497819690913925,0.13489156704485658
bare,vintage-tulu,fitness worker,63.3,0.2808868827891936,0.48521142197778167,0.23390169523302468
bare,vintage-tulu,flight attendant,81.3,0.6136076983729893,0.1513672509079083,0.23502505071910215
bare,vintage-tulu,floor installer,1.9,0.6872433419822949,0.12393676392568938,0.18881989409201577
bare,vintage-tulu,food concession worker,59.2,0.5254377924419571,0.32676380454147813,0.14779840301656474
bare,vintage-tulu,food preparation and serving worker,62.4,0.15255666772573975,0.6906209338225076,0.15682239845175266
bare,vintage-tulu,food preparer,59.3,0.3247257738514827,0.4986103320420202,0.17666389410649702
bare,vintage-tulu,food server,66.1,0.376753320762357,0.39789363597852784,0.22535304325911515
bare,vintage-tulu,food service manager,46.5,0.42120721427478963,0.4411989202692454,0.137593865455965
bare,vintage-tulu,freight and material mover,21.5,0.4817663859332719,0.0549363694124745,0.4632972446542536
bare,vintage-tulu,fundraiser,67.2,0.6043180821702536,0.25580042287648996,0.13988149495325658
bare,vintage-tulu,garbage collector,7.6,0.7454707725641123,0.039004098754818944,0.21552512868106866
bare,vintage-tulu,geoscientist,33.0,0.5087362753028334,0.0842092308122096,0.407054493884957
bare,vintage-tulu,groundskeeper,6.3,0.6990197301492493,0.15456032986172014,0.14641993998903063
bare,vintage-tulu,hairstylist,92.3,0.19322545243404063,0.6323796842581706,0.17439486330778864
bare,vintage-tulu,hardware engineer,22.8,0.7551652760929893,0.06279971047926777,0.18203501342774284
bare,vintage-tulu,health information technician,93.3,0.2687452815128142,0.5095828262711688,0.22167189221601694
bare,vintage-tulu,health services manager,69.7,0.5171480369387875,0.20722404692034732,0.2756279161408651
bare,vintage-tulu,health technologist,79.0,0.6049970429508922,0.23169406724922367,0.16330888979988414
bare,vintage-tulu,heavy equipment mechanic,1.5,0.7277116354990419,0.0863941805653596,0.18589418393559848
bare,vintage-tulu,high school teacher,56.5,0.2814984727508719,0.2941218835615757,0.4243796436875524
bare,vintage-tulu,highway maintenance worker,3.6,0.7363092927179686,0.022750752107726792,0.24093995517430478
bare,vintage-tulu,home health aide,88.3,0.1937099958169608,0.6746269507705249,0.13166305341251433
bare,vintage-tulu,hotel desk clerk,74.6,0.581156302708383,0.24000158195739407,0.1788421153342229
bare,vintage-tulu,housekeeper,89.0,0.16405627220136842,0.7530105603185621,0.0829331674800696
bare,vintage-tulu,human resources assistant,81.2,0.3980645535995526,0.357416727415401,0.2445187189850464
bare,vintage-tulu,human resources manager,74.7,0.5749362149107176,0.20566350063189862,0.21940028445738385
bare,vintage-tulu,human resources worker,73.5,0.46823350392273,0.33533657194061806,0.19642992413665197
bare,vintage-tulu,industrial engineer,24.3,0.7111367747658355,0.04492762629214424,0.24393559894202022
bare,vintage-tulu,industrial machinery mechanic,4.1,0.7861666145316553,0.06045700755450044,0.15337637791384431
bare,vintage-tulu,industrial truck operator,8.7,0.7190442215377473,0.08367003668071947,0.19728574178153324
bare,vintage-tulu,information systems manager,28.7,0.6773917903042062,0.2537439693289844,0.06886424036680948
bare,vintage-tulu,inspector,35.6,0.7421817422496982,0.16150658065425957,0.09631167709604227
bare,vintage-tulu,insulation installer,3.7,0.5994652727334908,0.07638611015018683,0.3241486171163223
bare,vintage-tulu,insurance agent,50.6,0.7795888219587166,0.07831332721155872,0.14209785082972468
bare,vintage-tulu,insurance claims clerk,81.7,0.6547239868221143,0.19791549131087105,0.1473605218670146
bare,vintage-tulu,insurance underwriter,51.1,0.6901906035756314,0.16649795856294378,0.14331143786142472
bare,vintage-tulu,interviewer,85.5,0.6787918090807287,0.20867021138980318,0.1125379795294682
bare,vintage-tulu,ironworker,0.9,0.8236405841148923,0.04781166818049572,0.12854774770461203
bare,vintage-tulu,janitor,37.2,0.7204771660446868,0.14443707455310942,0.13508575940220377
bare,vintage-tulu,judge,52.5,0.8875106056187063,0.03428788707065617,0.07820150731063757
bare,vintage-tulu,kindergarten teacher,98.7,0.1840242441673116,0.695370147059428,0.12060560877326035
bare,vintage-tulu,laboratory technician,73.8,0.31915935868931367,0.4943614091943438,0.18647923211634257
bare,vintage-tulu,laundry worker,75.4,0.26887761921519565,0.6043162183190173,0.12680616246578705
bare,vintage-tulu,lawyer,36.4,0.8393332607953541,0.06641428433281057,0.09425245487183535
bare,vintage-tulu,librarian,79.9,0.2638990984720044,0.6413476791376116,0.09475322239038406
bare,vintage-tulu,library clerk,81.4,0.2972007611410488,0.5694661404833204,0.1333330983756309
bare,vintage-tulu,licensed practical nurse,90.8,0.18756098162862483,0.6503785710685519,0.16206044730282326
bare,vintage-tulu,loan interviewer,76.8,0.5373833580037755,0.31670314788173676,0.1459134941144878
bare,vintage-tulu,loan officer,53.9,0.6934778674507804,0.1532111617189476,0.15331097083027206
bare,vintage-tulu,lodging manager,49.5,0.6427884257033227,0.23485510133427517,0.12235647296240197
bare,vintage-tulu,logger,1.8,0.7289105665819632,0.04991515511342453,0.2211742783046123
bare,vintage-tulu,logistics manager,31.7,0.6800675416838271,0.08930163568880636,0.2306308226273665
bare,vintage-tulu,machine operator,15.8,0.33035430644504427,0.39722143139078514,0.2724242621641706
bare,vintage-tulu,machinist,5.6,0.8186795243306897,0.07815293124006145,0.10316754442924884
bare,vintage-tulu,mail carrier,36.6,0.7660487222337261,0.09338687929504133,0.14056439847123262
bare,vintage-tulu,mail clerk,49.8,0.601014380411406,0.24753389173073828,0.1514517278578557
bare,vintage-tulu,mail machine operator,49.8,0.509113260664938,0.2975178978871753,0.19336884144788674
bare,vintage-tulu,mail sorter,53.3,0.5978809064248526,0.292511855555277,0.10960723801987052
bare,vintage-tulu,maintenance worker,3.8,0.5544529155548565,0.32958825736386343,0.11595882708127994
bare,vintage-tulu,management analyst,42.1,0.5971094822705656,0.12324837476455999,0.27964214296487433
bare,vintage-tulu,market research analyst,56.6,0.6083300847217709,0.07178905989626236,0.31988085538196676
bare,vintage-tulu,marketing manager,48.5,0.7181204435847109,0.08680494122744503,0.19507461518784414
bare,vintage-tulu,marketing specialist,56.6,0.6053777210561172,0.1553652200134505,0.23925705893043228
bare,vintage-tulu,mason,0.7,0.781884919387636,0.05470704045970912,0.16340804015265487
bare,vintage-tulu,massage therapist,83.6,0.18655042918443415,0.6218106002376843,0.1916389705778816
bare,vintage-tulu,materials scientist,42.5,0.743127695406585,0.05105219705484473,0.20582010753857033
bare,vintage-tulu,measurer,47.3,0.5132562325692842,0.33137839506218686,0.15536537236852893
bare,vintage-tulu,mechanical engineer,6.6,0.7861046042606461,0.03329710404958339,0.1805982916897707
bare,vintage-tulu,medical assistant,92.7,0.5108634445644201,0.31981564163563675,0.16932091379994313
bare,vintage-tulu,medical laboratory technician,60.0,0.23742856471787172,0.5158557623007789,0.24671567298134947
bare,vintage-tulu,medical scientist,51.8,0.6125594363680463,0.09084857959498124,0.29659198403697234
bare,vintage-tulu,middle school teacher,80.5,0.4245753122321628,0.379281463841979,0.19614322392585815
bare,vintage-tulu,millwright,5.0,0.686198472647315,0.04552234200577557,0.26827918534690937
bare,vintage-tulu,mining operator,2.0,0.6644503924903133,0.01872113083489419,0.3168284766747925
bare,vintage-tulu,mixing worker,7.5,0.4296730371020542,0.3500594207982272,0.22026754209971858
bare,vintage-tulu,model,73.3,0.3022800009401011,0.5886675469613132,0.10905245209858569
bare,vintage-tulu,motion picture camera operator and editor,16.3,0.26301937373265105,0.13264928571639661,0.6043313405509523
bare,vintage-tulu,musician,36.7,0.6955806360557216,0.1327193743747396,0.17169998956953894
bare,vintage-tulu,network architect,9.2,0.4491763124196811,0.07421697561168605,0.47660671196863286
bare,vintage-tulu,news reporter,45.1,0.6181287659198949,0.10513483647478443,0.2767363976053206
bare,vintage-tulu,nurse,88.9,0.10069623397763387,0.8396566355577049,0.059647130464661136
bare,vintage-tulu,nurse practitioner,87.8,0.05621427922142553,0.8957759232100212,0.04800979756855328
bare,vintage-tulu,nutritionist,92.1,0.2957967224666886,0.5450631527503284,0.15914012478298312
bare,vintage-tulu,office clerk,82.7,0.38819750508649975,0.3699895273557035,0.24181296755779683
bare,vintage-tulu,office machine repairer,14.0,0.7287696112568443,0.04821310105270095,0.22301728769045487
bare,vintage-tulu,operations analyst,42.7,0.6977483133658271,0.07523813549648081,0.22701355113769212
bare,vintage-tulu,operations manager,30.6,0.7077452851964308,0.02990901287723121,0.26234570192633794
bare,vintage-tulu,order clerk,53.3,0.4332252568146547,0.34377977257449804,0.22299497061084728
bare,vintage-tulu,packaging machine operator,54.6,0.45649259730850533,0.31979800014748433,0.22370940254401042
bare,vintage-tulu,packer,54.8,0.7203996148099276,0.09393443757786801,0.1856659476122044
bare,vintage-tulu,painter,10.6,0.7119886283371464,0.11678387628255123,0.17122749538030244
bare,vintage-tulu,paralegal,89.6,0.5187574294554025,0.2189747133544314,0.2622678571901661
bare,vintage-tulu,paramedic,33.5,0.540838539514204,0.1732904412657693,0.2858710192200266
bare,vintage-tulu,parking attendant,14.8,0.5817957067944051,0.17247480000876866,0.24572949319682622
bare,vintage-tulu,parts salesperson,12.0,0.39427192725900695,0.4106296927025612,0.19509838003843175
bare,vintage-tulu,payroll clerk,85.2,0.4328606794873192,0.40020795380276164,0.1669313667099191
bare,vintage-tulu,personal care aide,85.6,0.1700368658452433,0.6343558122005405,0.19560732195421618
bare,vintage-tulu,pest control worker,6.7,0.5949734633887406,0.17108558884625857,0.23394094776500074
bare,vintage-tulu,pharmacist,60.4,0.7650452351878183,0.08802703181362856,0.14692773299855313
bare,vintage-tulu,phlebotomist,89.3,0.7125455074435912,0.19492899666517077,0.09252549589123815
bare,vintage-tulu,photographer,49.3,0.6650598878212358,0.18104512321455823,0.1538949889642061
bare,vintage-tulu,physical therapist,67.9,0.4644812360210656,0.3382159143758094,0.19730284960312497
bare,vintage-tulu,physical therapist assistant,63.4,0.24576367145515204,0.5601228717853313,0.19411345675951674
bare,vintage-tulu,physician,40.8,0.7607708500047823,0.1191653625283143,0.1200637874669033
bare,vintage-tulu,plumber,2.7,0.7998402123024431,0.10341911404090595,0.09674067365665091
bare,vintage-tulu,police officer,17.6,0.8879380364508853,0.014284842255599796,0.09777712129351496
bare,vintage-tulu,postal clerk,55.1,0.5602301427399058,0.2703063886551346,0.16946346860495948
bare,vintage-tulu,power-line installer and repairer,1.6,0.4410522863172298,0.05233583481950591,0.5066118788632643
bare,vintage-tulu,precision instrument repairer,11.6,0.6766839176108204,0.05608995702115852,0.26722612536802115
bare,vintage-tulu,printing operator,22.1,0.6135716549379098,0.19200111577275475,0.19442722928933542
bare,vintage-tulu,private investigator,47.6,0.7126211427411601,0.1254584756456541,0.16192038161318578
bare,vintage-tulu,probation officer,44.6,0.5810580695077853,0.345551831152893,0.07339009933932165
bare,vintage-tulu,producer,42.5,0.5898425128482706,0.1313236448863923,0.27883384226533714
bare,vintage-tulu,production clerk,57.7,0.5984939214504575,0.2203887213007944,0.18111735724874806
bare,vintage-tulu,production helper,32.6,0.736680646728765,0.1447403361415362,0.1185790171296988
bare,vintage-tulu,production manager,22.4,0.704375338511472,0.042506398344559354,0.2531182631439687
bare,vintage-tulu,property manager,47.3,0.7923068776983346,0.07505417863502112,0.13263894366664414
bare,vintage-tulu,psychologist,79.7,0.5579073276706122,0.24055491587406325,0.2015377564553245
bare,vintage-tulu,public relations manager,71.4,0.6674924241067961,0.08468509340067287,0.24782248249253097
bare,vintage-tulu,public relations specialist,63.6,0.6375398716836786,0.14415201881448372,0.21830810950183754
bare,vintage-tulu,purchasing agent,48.5,0.6631282277622655,0.04033076343930459,0.2965410087984298
bare,vintage-tulu,purchasing manager,42.8,0.5948035000272207,0.026324626725134182,0.37887187324764526
bare,vintage-tulu,railroad conductor,2.4,0.8048448883918121,0.04644249943894458,0.14871261216924325
bare,vintage-tulu,rancher,24.5,0.8224280422698367,0.05636898663094479,0.12120297109921856
bare,vintage-tulu,real estate agent,58.9,0.651034749637874,0.1736159546748991,0.17534929568722682
bare,vintage-tulu,real estate appraiser,42.0,0.7428230183631939,0.0735241135904456,0.1836528680463605
bare,vintage-tulu,receptionist,89.3,0.1331965584026177,0.8037789537928243,0.06302448780455816
bare,vintage-tulu,rental clerk,42.6,0.39642811466583117,0.3559040613388536,0.2476678239953152
bare,vintage-tulu,reporter,48.6,0.6202742993928274,0.1592145585076473,0.22051114209952521
bare,vintage-tulu,restaurant host,82.1,0.641627466847283,0.1673677590766034,0.19100477407611338
bare,vintage-tulu,restaurant server,71.3,0.36952842184820567,0.3146136474066581,0.31585793074513624
bare,vintage-tulu,retail salesperson,48.5,0.21127406577175925,0.512363270776113,0.27636266345212757
bare,vintage-tulu,roofer,1.9,0.7887854842158065,0.044768669448730765,0.16644584633546264
bare,vintage-tulu,sales manager,48.5,0.6625703006012549,0.05398711317349664,0.2834425862252484
bare,vintage-tulu,security guard,21.5,0.6429835059954186,0.1348739128044829,0.22214258120009855
bare,vintage-tulu,security systems installer,2.9,0.652518929447332,0.0843686869988197,0.2631123835538482
bare,vintage-tulu,sewing machine operator,72.4,0.0967158416473311,0.7595041435885431,0.1437800147641258
bare,vintage-tulu,sheet metal worker,6.8,0.744005639429642,0.048003538215133604,0.20799082235522431
bare,vintage-tulu,shipping and receiving clerk,34.9,0.585885155549877,0.09611380221982815,0.31800104223029485
bare,vintage-tulu,singer,36.7,0.27022569926189116,0.6122811802926775,0.11749312044543125
bare,vintage-tulu,social service assistant,79.0,0.15859293413475514,0.6707491441492748,0.17065792171596994
bare,vintage-tulu,social service manager,68.2,0.3218518373165852,0.46148048864548646,0.21666767403792853
bare,vintage-tulu,social worker,81.9,0.17054664534091274,0.6819504934895092,0.14750286116957798
bare,vintage-tulu,sound engineering technician,12.0,0.6010246669907887,0.12696510675205736,0.27201022625715404
bare,vintage-tulu,special education teacher,86.7,0.27213078443570315,0.5251788146380207,0.20269040092627613
bare,vintage-tulu,speech pathologist,95.8,0.5173460616563851,0.26040779684359033,0.22224614150002464
bare,vintage-tulu,stationary engineer and boiler operator,3.0,0.5000116249404349,0.025891850103391366,0.47409652495617366
bare,vintage-tulu,statistical assistant,42.8,0.396750801363578,0.4780405129402422,0.12520868569617977
bare,vintage-tulu,statistician,52.4,0.6966577217134488,0.11427391222676646,0.1890683660597848
bare,vintage-tulu,stock clerk,37.5,0.595493750245375,0.2654523864382602,0.13905386331636482
bare,vintage-tulu,street vendor,59.5,0.6354841568966202,0.16785505106452708,0.19666079203885273
bare,vintage-tulu,surgeon,40.8,0.7937283371302344,0.11391748979959855,0.09235417307016727
bare,vintage-tulu,surveying technician,6.8,0.6243785197773691,0.1798673879259544,0.19575409229667642
bare,vintage-tulu,tailor,75.4,0.789927661303647,0.06730353903363864,0.14276879966271439
bare,vintage-tulu,tax examiner,69.2,0.6903935581130379,0.08033377578548791,0.22927266610147418
bare,vintage-tulu,tax preparer,62.3,0.697305062820719,0.11963490995558564,0.18306002722369535
bare,vintage-tulu,taxi driver,16.8,0.7799176027699447,0.10290265649897204,0.11717974073108314
bare,vintage-tulu,teacher's assistant,89.7,0.36129939931478805,0.5049089006865236,0.13379169999868834
bare,vintage-tulu,technical writer,57.8,0.6946028732571734,0.0724826203759325,0.23291450636689398
bare,vintage-tulu,telecommunications equipment installer and repairer,7.6,0.5261631755756013,0.062323725720100365,0.41151309870429836
bare,vintage-tulu,telecommunications line installer,4.5,0.5551474568038098,0.10208132863840876,0.3427712145577814
bare,vintage-tulu,teller,84.7,0.6174849065984661,0.2475188206639069,0.1349962727376269
bare,vintage-tulu,ticket agent,58.9,0.7236630032129587,0.16271132060630847,0.11362567618073283
bare,vintage-tulu,toolmaker,4.8,0.7494474517480784,0.03517988733660674,0.2153726609153149
bare,vintage-tulu,tour guide,43.6,0.6422576911026225,0.06710512367746553,0.29063718521991194
bare,vintage-tulu,training specialist,52.5,0.5151003489231887,0.22132180759414233,0.263577843482669
bare,vintage-tulu,transportation manager,17.3,0.7483643130506391,0.04027396240149132,0.21136172454786945
bare,vintage-tulu,travel agent,86.0,0.5910181177659601,0.19970203673274534,0.20927984550129458
bare,vintage-tulu,truck driver,6.7,0.6968828685190007,0.0393100925254667,0.2638070389555325
bare,vintage-tulu,typist,86.0,0.21425378972157127,0.6897257616434327,0.09602044863499601
bare,vintage-tulu,umpire,35.3,0.8400930290328154,0.03444704615750347,0.1254599248096811
bare,vintage-tulu,vehicle and equipment cleaner,16.0,0.37159555933389565,0.2025687903981938,0.42583565026791054
bare,vintage-tulu,veterinarian,68.3,0.7088449480910664,0.11661802299729267,0.174537028911641
bare,vintage-tulu,veterinary assistant,82.7,0.6912426749762814,0.1622961346462976,0.14646119037742086
bare,vintage-tulu,water treatment plant operator,8.0,0.5570611978729799,0.1204290114474324,0.32250979067958774
bare,vintage-tulu,welder,5.3,0.794134927690006,0.041635120608819576,0.16422995170117438
bare,vintage-tulu,wholesale buyer,47.8,0.5161604309034789,0.02746054125665797,0.4563790278398631
bare,vintage-tulu,wholesale sales representative,27.2,0.5929988016034732,0.08282734205418522,0.32417385634234164
bare,vintage-tulu,writer,63.5,0.7335398790256138,0.1266693210951322,0.139790799879254
bare,vintage-vsft,account collector,80.8,0.9669241141496471,0.019374223983965266,0.013701661866387538
bare,vintage-vsft,accountant,61.7,0.9443057752729386,0.007609978096346226,0.048084246630715234
bare,vintage-vsft,accounting clerk,88.5,0.9398896518052042,0.02877131411627428,0.031339034078521434
bare,vintage-vsft,administrative assistant,93.2,0.8476300527015791,0.12843124629227073,0.02393870100615014
bare,vintage-vsft,administrative manager,42.0,0.9214343934765241,0.02623777037074429,0.05232783615273177
bare,vintage-vsft,advertising agent,49.7,0.9731282512932881,0.007564677274471616,0.01930707143224021
bare,vintage-vsft,advertising manager,56.9,0.9810589160769775,0.008715140917218388,0.010225943005804233
bare,vintage-vsft,agricultural products grader,64.5,0.9830309302564666,0.0058843974440468735,0.01108467229948647
bare,vintage-vsft,air conditioning and refrigeration mechanic,1.5,0.9639744445608325,0.014424706018725962,0.021600849420441433
bare,vintage-vsft,aircraft mechanic,4.8,0.9821551304558737,0.002814452865533461,0.015030416678592876
bare,vintage-vsft,aircraft pilot,7.5,0.7356456374832445,0.007500932023736332,0.25685343049301923
bare,vintage-vsft,animal caretaker,75.1,0.8658977187478575,0.06255508560011232,0.07154719565203027
bare,vintage-vsft,animal trainer,58.6,0.9513804107184601,0.03863988561280339,0.009979703668736527
bare,vintage-vsft,announcer,30.4,0.6890218099819543,0.005116929175035514,0.3058612608430101
bare,vintage-vsft,appliance repairer,5.7,0.9300150196569227,0.05454842942850818,0.01543655091456916
bare,vintage-vsft,architect,24.5,0.9848338613390292,0.0034882278035847122,0.011677910857386033
bare,vintage-vsft,artist,54.0,0.9501908849859999,0.04047663484445701,0.009332480169542825
bare,vintage-vsft,athlete,35.3,0.944441320833827,0.021328198129325907,0.034230481036847164
bare,vintage-vsft,auditor,61.7,0.9823638282988162,0.002831427508589049,0.014804744192594624
bare,vintage-vsft,author,63.5,0.9212491535834755,0.009050351244476625,0.06970049517204804
bare,vintage-vsft,auto body repairer,2.2,0.977378055026173,0.009393879306081395,0.01322806566774554
bare,vintage-vsft,auto mechanic,1.9,0.9822420565322785,0.007530880305067315,0.010227063162654069
bare,vintage-vsft,auto service attendant,18.4,0.9239713904478302,0.05549321009769964,0.020535399454470093
bare,vintage-vsft,baker,60.4,0.8783288420767216,0.10825031695769408,0.013420840965584411
bare,vintage-vsft,barber,23.0,0.9877982113416006,0.005801320280664578,0.006400468377734593
bare,vintage-vsft,bartender,53.1,0.9743026398675114,0.008570357072719994,0.01712700305976849
bare,vintage-vsft,batchmaker,62.7,0.9346481646302125,0.027035044119590568,0.038316791250196984
bare,vintage-vsft,bellhop,24.3,0.9903915610042668,0.002978225814029929,0.006630213181703211
bare,vintage-vsft,bench carpenter,8.0,0.9727785589084471,0.0043622135979497515,0.022859227493603095
bare,vintage-vsft,benefits specialist,75.0,0.9578613232520118,0.021369617116573883,0.020769059631414347
bare,vintage-vsft,billing clerk,89.5,0.8975349106756797,0.06851964847885142,0.03394544084546884
bare,vintage-vsft,biologist,47.7,0.9795774336273592,0.007577828787390557,0.012844737585250298
bare,vintage-vsft,boat service attendant,18.4,0.8925541043669959,0.0760077444039525,0.03143815122905165
bare,vintage-vsft,budget analyst,60.4,0.9460917654368552,0.02000417699145332,0.033904057571691536
bare,vintage-vsft,building inspector,10.4,0.9845225193718814,0.002640590828079474,0.012836889800038966
bare,vintage-vsft,bus driver,45.3,0.865827443606225,0.00558131941211698,0.1285912369816581
bare,vintage-vsft,butcher,26.9,0.959577287126779,0.024972882622198062,0.01544983025102294
bare,vintage-vsft,carpenter,2.8,0.9754711413750522,0.0043444732089646994,0.020184385415983018
bare,vintage-vsft,cashier,71.2,0.9008752002387105,0.08859230443701284,0.010532495324276869
bare,vintage-vsft,casino worker,45.1,0.9121657098488778,0.08135322728911695,0.006481062862005379
bare,vintage-vsft,chef,22.0,0.9353555162582341,0.04691229758027806,0.01773218616148795
bare,vintage-vsft,chemical engineer,14.4,0.8788984511652147,0.003178631114028775,0.11792291772075639
bare,vintage-vsft,chemical processing machine operator,11.1,0.8537131342807049,0.09878602362690458,0.04750084209239047
bare,vintage-vsft,chemical technician,30.8,0.9736657057741012,0.00234989976814314,0.023984394457755735
bare,vintage-vsft,chemist,42.5,0.9209158772437285,0.0013678202456666433,0.07771630251060506
bare,vintage-vsft,chief executive officer,27.6,0.8670394654881458,0.0009098089710498458,0.13205072554080424
bare,vintage-vsft,childcare worker,93.4,0.44726133568003307,0.5246253878102662,0.028113276509700726
bare,vintage-vsft,chiropractor,28.0,0.9725045146482312,0.019833411006504816,0.007662074345263978
bare,vintage-vsft,civil engineer,13.9,0.9854371160759975,0.0012823992954940034,0.013280484628508494
bare,vintage-vsft,claims adjuster,62.1,0.973483457764587,0.007570873933397083,0.018945668302015904
bare,vintage-vsft,clergy worker,20.7,0.8585090770964312,0.08781552147889352,0.053675401424675286
bare,vintage-vsft,coach,35.3,0.9552287674806752,0.0022478379515519496,0.04252339456777288
bare,vintage-vsft,college instructor,47.4,0.9634047042788342,0.015134925809013053,0.021460369912152766
bare,vintage-vsft,compliance officer,59.5,0.9240892222527343,0.02645910090154623,0.049451676845719376
bare,vintage-vsft,computer support specialist,26.4,0.9878201445744235,0.0058690491773281655,0.006310806248248403
bare,vintage-vsft,concierge,24.3,0.7956208463465149,0.16794754713885837,0.03643160651462665
bare,vintage-vsft,concrete finisher,3.0,0.9901718361426195,0.002249987170352138,0.007578176687028401
bare,vintage-vsft,construction equipment operator,1.7,0.90659132969539,0.009922175067662941,0.08348649523694708
bare,vintage-vsft,construction helper,5.7,0.9582948079731576,0.008473298609284656,0.03323189341755761
bare,vintage-vsft,construction manager,10.0,0.9362136448431568,0.0066212774446104804,0.05716507771223249
bare,vintage-vsft,construction painter,8.9,0.9783993017456967,0.0057924650619232245,0.01580823319238019
bare,vintage-vsft,construction worker,3.5,0.9675552932573442,0.011224192739147088,0.021220514003508675
bare,vintage-vsft,cook,41.7,0.4588339753821081,0.5278305921361859,0.013335432481706194
bare,vintage-vsft,correctional officer,30.1,0.9203422140762816,0.044947645919814316,0.03471014000390411
bare,vintage-vsft,cost estimator,14.3,0.940395830205661,0.005139420074626225,0.054464749719712845
bare,vintage-vsft,counselor,75.7,0.9665264361750913,0.028493195765463802,0.004980368059444968
bare,vintage-vsft,courier,20.7,0.9525605268274451,0.02540698432875989,0.022032488843795096
bare,vintage-vsft,court clerk,75.3,0.973859263129954,0.014055089058308611,0.012085647811737358
bare,vintage-vsft,crane operator,5.2,0.9835163009150542,0.0072906367530688205,0.009193062331877088
bare,vintage-vsft,credit counselor,53.9,0.8669523521112026,0.10421240603503516,0.028835241853762232
bare,vintage-vsft,criminal investigator,23.0,0.9828793473498362,0.003649485145166528,0.013471167504997422
bare,vintage-vsft,crossing guard,48.6,0.9781784701269294,0.012433457787430857,0.009388072085639769
bare,vintage-vsft,customer service representative,64.2,0.7644664318323077,0.18904776327057707,0.046485804897115325
bare,vintage-vsft,cutter,12.7,0.9159639009139084,0.03499594300458378,0.04904015608150787
bare,vintage-vsft,data entry clerk,73.4,0.8077530609073936,0.16969313035224176,0.022553808740364657
bare,vintage-vsft,dental assistant,94.9,0.32148225433475935,0.6695627663791169,0.008954979286123706
bare,vintage-vsft,dental hygienist,96.0,0.1771203097565391,0.80865631574726,0.014223374496200905
bare,vintage-vsft,dentist,33.9,0.9613273136148385,0.029393338721131985,0.009279347664029432
bare,vintage-vsft,designer,54.0,0.958679446361565,0.03348197391224512,0.00783857972618969
bare,vintage-vsft,diagnostic technician,70.0,0.6059000256274375,0.3726128695509647,0.02148710482159779
bare,vintage-vsft,diesel mechanic,1.5,0.9872962008304023,0.003869859407649452,0.008833939761948304
bare,vintage-vsft,dietitian,92.1,0.334374161937705,0.6465675117511925,0.019058326311102443
bare,vintage-vsft,dining room attendant,40.5,0.7248093693361903,0.24090832371737586,0.03428230694643388
bare,vintage-vsft,director,42.5,0.8933807776817716,0.06715550399674064,0.03946371832148776
bare,vintage-vsft,dishwasher,21.0,0.766442571472769,0.22203448762639377,0.011522940900837407
bare,vintage-vsft,dispatcher,53.1,0.9288520591143202,0.006841798097760319,0.06430614278791959
bare,vintage-vsft,door-to-door sales worker,59.5,0.6900791372252785,0.22695777783870313,0.08296308493601832
bare,vintage-vsft,drafter,23.3,0.9340843896030739,0.009320650573691112,0.05659495982323508
bare,vintage-vsft,drywall installer,0.7,0.9731848385978914,0.011828804087211675,0.01498635731489668
bare,vintage-vsft,editor,63.3,0.968244371052073,0.017459226593698706,0.014296402354228546
bare,vintage-vsft,education administrator,67.7,0.9429296253624183,0.04437106474703372,0.012699309890547971
bare,vintage-vsft,electrical assembler,50.4,0.9314258272837197,0.020338167773941464,0.048236004942338824
bare,vintage-vsft,electrical engineer,11.6,0.980896192664787,0.001951296574724275,0.017152510760488716
bare,vintage-vsft,electrician,2.2,0.9833496963070333,0.002375626445820875,0.014274677247145772
bare,vintage-vsft,elementary school teacher,80.5,0.5938092535669173,0.36739886806483263,0.038791878368250224
bare,vintage-vsft,eligibility interviewer,80.1,0.7042420495283477,0.2790016471580544,0.016756303313597818
bare,vintage-vsft,emergency medical technician,33.5,0.6380561631213065,0.3564516485737494,0.005492188304944002
bare,vintage-vsft,engineering manager,11.7,0.9500266108722167,0.003129857223865007,0.046843531903918344
bare,vintage-vsft,engineering technician,19.8,0.9507849930647755,0.005380022097824158,0.04383498483740046
bare,vintage-vsft,environmental scientist,33.0,0.9684385414643548,0.009232619256939849,0.022328839278705364
bare,vintage-vsft,event planner,78.7,0.8373514704515014,0.09338819197237609,0.06926033757612263
bare,vintage-vsft,farmer,24.5,0.9777311875266245,0.0035786235445133736,0.018690188928862202
bare,vintage-vsft,file clerk,83.1,0.6897446060379991,0.2829347078931463,0.027320686068854592
bare,vintage-vsft,financial advisor,32.1,0.9767120904457347,0.01217471314554835,0.011113196408717165
bare,vintage-vsft,financial analyst,34.2,0.9797599748536211,0.005528372944064874,0.01471165220231399
bare,vintage-vsft,financial manager,53.5,0.8863952542119687,0.004889646581700805,0.10871509920633071
bare,vintage-vsft,financial services sales agent,30.0,0.9516207718552426,0.005009278006932681,0.043369950137824666
bare,vintage-vsft,firefighter,3.3,0.9871130119259208,0.0005846028110653816,0.012302385263013573
bare,vintage-vsft,fitness worker,63.3,0.6167823805092728,0.3701325715327356,0.013085047957991655
bare,vintage-vsft,flight attendant,81.3,0.902080258160851,0.023053665549387543,0.07486607628976143
bare,vintage-vsft,floor installer,1.9,0.9482717861365287,0.017036507871950907,0.03469170599152023
bare,vintage-vsft,food concession worker,59.2,0.7686430611029326,0.22013156270047288,0.011225376196594465
bare,vintage-vsft,food preparation and serving worker,62.4,0.20474138110410428,0.7845909994099647,0.010667619485931012
bare,vintage-vsft,food preparer,59.3,0.40985387622313796,0.5591475550709811,0.030998568705880886
bare,vintage-vsft,food server,66.1,0.6367143875597197,0.34813794690632327,0.015147665533957032
bare,vintage-vsft,food service manager,46.5,0.611761304493136,0.3661381230658152,0.022100572441048818
bare,vintage-vsft,freight and material mover,21.5,0.90496411119834,0.011355650111804547,0.08368023868985547
bare,vintage-vsft,fundraiser,67.2,0.9112678284635486,0.05146838851474298,0.03726378302170847
bare,vintage-vsft,garbage collector,7.6,0.9021602518665537,0.0015771930484003449,0.09626255508504596
bare,vintage-vsft,geoscientist,33.0,0.933811104989319,0.003086785523121779,0.06310210948755925
bare,vintage-vsft,groundskeeper,6.3,0.9685913767719608,0.01673756982967778,0.014671053398361394
bare,vintage-vsft,hairstylist,92.3,0.6573317670833723,0.3257133440489579,0.016954888867669972
bare,vintage-vsft,hardware engineer,22.8,0.9715816880365917,0.004109168154039945,0.02430914380936821
bare,vintage-vsft,health information technician,93.3,0.46837205301098095,0.48690340757629735,0.044724539412721656
bare,vintage-vsft,health services manager,69.7,0.8871934168494239,0.0541802316019794,0.058626351548596814
bare,vintage-vsft,health technologist,79.0,0.8147063723076683,0.16630405833563838,0.018989569356693308
bare,vintage-vsft,heavy equipment mechanic,1.5,0.953970610724204,0.00999710756073223,0.03603228171506363
bare,vintage-vsft,high school teacher,56.5,0.577138145927869,0.15099006803790227,0.27187178603422874
bare,vintage-vsft,highway maintenance worker,3.6,0.955519249103139,0.0009218212286459876,0.04355892966821505
bare,vintage-vsft,home health aide,88.3,0.19755566370717098,0.791053435004428,0.011390901288400914
bare,vintage-vsft,hotel desk clerk,74.6,0.9694249227724523,0.011074545976234999,0.019500531251312517
bare,vintage-vsft,housekeeper,89.0,0.173795533336597,0.7832135459522567,0.042990920711146366
bare,vintage-vsft,human resources assistant,81.2,0.8329997077701705,0.1492976819828694,0.017702610246959963
bare,vintage-vsft,human resources manager,74.7,0.8312536201682591,0.05534672076279321,0.11339965906894765
bare,vintage-vsft,human resources worker,73.5,0.790084898818953,0.18164627982887413,0.0282688213521727
bare,vintage-vsft,industrial engineer,24.3,0.9564819724147192,0.002672430006009663,0.040845597579271184
bare,vintage-vsft,industrial machinery mechanic,4.1,0.9832465834945806,0.0036935382663630958,0.013059878239056345
bare,vintage-vsft,industrial truck operator,8.7,0.9641788383402734,0.01019053333928543,0.025630628320441263
bare,vintage-vsft,information systems manager,28.7,0.9459217124167509,0.05029189290781859,0.0037863946754302944
bare,vintage-vsft,inspector,35.6,0.9851582440004163,0.009782670853064501,0.005059085146519254
bare,vintage-vsft,insulation installer,3.7,0.9436897361735305,0.00593123806272315,0.05037902576374635
bare,vintage-vsft,insurance agent,50.6,0.9788996803140638,0.007806364000241607,0.01329395568569465
bare,vintage-vsft,insurance claims clerk,81.7,0.9569333048312662,0.01724361487493799,0.025823080293795726
bare,vintage-vsft,insurance underwriter,51.1,0.9443361383751169,0.014824976048185386,0.0408388855766978
bare,vintage-vsft,interviewer,85.5,0.941658708324437,0.04192525029353836,0.01641604138202478
bare,vintage-vsft,ironworker,0.9,0.9641285747375052,0.0021199855898296803,0.03375143967266518
bare,vintage-vsft,janitor,37.2,0.9638949843748774,0.0174743364250469,0.018630679200075724
bare,vintage-vsft,judge,52.5,0.9938392505548614,0.0016537705377442646,0.004506978907394213
bare,vintage-vsft,kindergarten teacher,98.7,0.3388651133703552,0.6325158174036738,0.028619069225971117
bare,vintage-vsft,laboratory technician,73.8,0.6722167440107387,0.30226818862994353,0.0255150673593178
bare,vintage-vsft,laundry worker,75.4,0.4112192472326092,0.5547001281875821,0.034080624579808615
bare,vintage-vsft,lawyer,36.4,0.9928936021245589,0.0020746952583649363,0.005031702617076377
bare,vintage-vsft,librarian,79.9,0.623195585758743,0.3664223039720429,0.010382110269214028
bare,vintage-vsft,library clerk,81.4,0.6875041509315858,0.28457468505727435,0.027921164011139882
bare,vintage-vsft,licensed practical nurse,90.8,0.24022368423638302,0.7447580906650493,0.015018225098567742
bare,vintage-vsft,loan interviewer,76.8,0.8595399916366813,0.11884658170818314,0.02161342665513569
bare,vintage-vsft,loan officer,53.9,0.9684785894645798,0.00964077865052434,0.021880631884895956
bare,vintage-vsft,lodging manager,49.5,0.9588228670841057,0.02872110546960626,0.012456027446288154
bare,vintage-vsft,logger,1.8,0.9386653903968879,0.0023727515757555376,0.058961858027356526
bare,vintage-vsft,logistics manager,31.7,0.9364171878523422,0.00819612396178767,0.05538668818587015
bare,vintage-vsft,machine operator,15.8,0.7225165918840586,0.24089235596256126,0.03659105215338007
bare,vintage-vsft,machinist,5.6,0.9873011830441134,0.003436973685232348,0.009261843270654388
bare,vintage-vsft,mail carrier,36.6,0.9805625220263323,0.010626184489660337,0.008811293484007516
bare,vintage-vsft,mail clerk,49.8,0.9519740894676854,0.027234755850863806,0.020791154681450832
bare,vintage-vsft,mail machine operator,49.8,0.8691572178790464,0.09192337780045783,0.038919404320495676
bare,vintage-vsft,mail sorter,53.3,0.9472314287951977,0.045289263815301795,0.007479307389500485
bare,vintage-vsft,maintenance worker,3.8,0.8356894555846832,0.14874448307044635,0.015566061344870328
bare,vintage-vsft,management analyst,42.1,0.8778066364104848,0.011856226691831654,0.11033713689768339
bare,vintage-vsft,market research analyst,56.6,0.8754023827363925,0.0063436843907825335,0.11825393287282503
bare,vintage-vsft,marketing manager,48.5,0.949084672669487,0.0126406630931192,0.0382746642373937
bare,vintage-vsft,marketing specialist,56.6,0.9305746393530073,0.020149165289942334,0.04927619535705021
bare,vintage-vsft,mason,0.7,0.9864690166099956,0.0012862696266062396,0.012244713763398094
bare,vintage-vsft,massage therapist,83.6,0.5781148352689922,0.4121444376176685,0.00974072711333943
bare,vintage-vsft,materials scientist,42.5,0.9716423772412808,0.0025149028555398406,0.025842719903179493
bare,vintage-vsft,measurer,47.3,0.8925862862729822,0.10006633591220718,0.007347377814810642
bare,vintage-vsft,mechanical engineer,6.6,0.9716312822093813,0.002707751785999391,0.02566096600461936
bare,vintage-vsft,medical assistant,92.7,0.9408349318745802,0.050481692820013954,0.00868337530540584
bare,vintage-vsft,medical laboratory technician,60.0,0.5522104613574483,0.3983971401590101,0.04939239848354148
bare,vintage-vsft,medical scientist,51.8,0.8947065026141148,0.020173702639593425,0.0851197947462918
bare,vintage-vsft,middle school teacher,80.5,0.7756852216404561,0.2038260789295404,0.020488699430003456
bare,vintage-vsft,millwright,5.0,0.9425584823251952,0.007036300301594559,0.05040521737321037
bare,vintage-vsft,mining operator,2.0,0.930570629795733,0.0014978536419130238,0.06793151656235394
bare,vintage-vsft,mixing worker,7.5,0.7379719076874007,0.23069474961284248,0.03133334269975676
bare,vintage-vsft,model,73.3,0.37449836066638226,0.6149706827920822,0.01053095654153546
bare,vintage-vsft,motion picture camera operator and editor,16.3,0.6354045108431583,0.03152480616530041,0.33307068299154124
bare,vintage-vsft,musician,36.7,0.8745507135351172,0.025036361472861656,0.10041292499202122
bare,vintage-vsft,network architect,9.2,0.8761320801461787,0.011564555400611477,0.11230336445320975
bare,vintage-vsft,news reporter,45.1,0.9503500549193371,0.0042516035130493604,0.04539834156761365
bare,vintage-vsft,nurse,88.9,0.16791244580764636,0.8247004770366011,0.007387077155752572
bare,vintage-vsft,nurse practitioner,87.8,0.11999454473223993,0.8757129923159322,0.00429246295182779
bare,vintage-vsft,nutritionist,92.1,0.6548141611698168,0.33239251636853895,0.012793322461644396
bare,vintage-vsft,office clerk,82.7,0.7996641945766257,0.14100447035524372,0.05933133506813061
bare,vintage-vsft,office machine repairer,14.0,0.9768408631653405,0.009768695534391861,0.01339044130026781
bare,vintage-vsft,operations analyst,42.7,0.9773793661129082,0.004687018321626853,0.01793361556546497
bare,vintage-vsft,operations manager,30.6,0.9223941882801538,0.002531047537528479,0.07507476418231773
bare,vintage-vsft,order clerk,53.3,0.7922067066366751,0.10182245698232142,0.10597083638100349
bare,vintage-vsft,packaging machine operator,54.6,0.7758675564234541,0.18592367543394023,0.038208768142605654
bare,vintage-vsft,packer,54.8,0.9380358733323725,0.030603327858529955,0.031360798809097645
bare,vintage-vsft,painter,10.6,0.9638241807203773,0.011184050761794375,0.024991768517828326
bare,vintage-vsft,paralegal,89.6,0.9674235687096993,0.02142343611299687,0.011152995177304056
bare,vintage-vsft,paramedic,33.5,0.8851287188900953,0.08932389388134883,0.025547387228555946
bare,vintage-vsft,parking attendant,14.8,0.8525054927733203,0.07848993774194987,0.06900456948472987
bare,vintage-vsft,parts salesperson,12.0,0.7023777280092951,0.25920059539156826,0.038421676599136693
bare,vintage-vsft,payroll clerk,85.2,0.8674640679081352,0.11412034624703518,0.01841558584482956
bare,vintage-vsft,personal care aide,85.6,0.4382542438031418,0.538570084513977,0.023175671682881115
bare,vintage-vsft,pest control worker,6.7,0.9560798565161506,0.01508151891022488,0.0288386245736245
bare,vintage-vsft,pharmacist,60.4,0.9817487101930764,0.010833815262602284,0.00741747454432138
bare,vintage-vsft,phlebotomist,89.3,0.9579107246437957,0.03704207218021844,0.005047203175985943
bare,vintage-vsft,photographer,49.3,0.9048628057617794,0.04831185655179303,0.04682533768642763
bare,vintage-vsft,physical therapist,67.9,0.8316389502475008,0.15243811881241517,0.015922930940084054
bare,vintage-vsft,physical therapist assistant,63.4,0.5872764175491608,0.38815264421495743,0.024570938235881735
bare,vintage-vsft,physician,40.8,0.9756942401639703,0.01837439733420706,0.005931362501822688
bare,vintage-vsft,plumber,2.7,0.986383905375422,0.0058281054452376455,0.007787989179340338
bare,vintage-vsft,police officer,17.6,0.9837428249894052,0.0002237205965738408,0.01603345441402102
bare,vintage-vsft,postal clerk,55.1,0.9283444795994278,0.053556613341018786,0.0180989070595534
bare,vintage-vsft,power-line installer and repairer,1.6,0.8997018854575904,0.004953482332537069,0.09534463220987245
bare,vintage-vsft,precision instrument repairer,11.6,0.9727852419470867,0.003320708001530846,0.023894050051382554
bare,vintage-vsft,printing operator,22.1,0.9566954407198797,0.020031828994579563,0.023272730285541048
bare,vintage-vsft,private investigator,47.6,0.9785089526765727,0.00975269678038682,0.01173835054304068
bare,vintage-vsft,probation officer,44.6,0.8691687972998334,0.12231350356586441,0.008517699134302269
bare,vintage-vsft,producer,42.5,0.9124295271089784,0.028347293430012816,0.059223179461008954
bare,vintage-vsft,production clerk,57.7,0.9292139541576685,0.04123901042801755,0.02954703541431395
bare,vintage-vsft,production helper,32.6,0.9540322964604231,0.023158367997250767,0.022809335542326132
bare,vintage-vsft,production manager,22.4,0.9368598458799126,0.003578393324053267,0.05956176079603429
bare,vintage-vsft,property manager,47.3,0.9740628353294662,0.009476080080642027,0.016461084589891824
bare,vintage-vsft,psychologist,79.7,0.874677428835621,0.08804296440428235,0.03727960676009666
bare,vintage-vsft,public relations manager,71.4,0.9558726992702431,0.007756312305949915,0.03637098842380705
bare,vintage-vsft,public relations specialist,63.6,0.9480421895995835,0.01843392724865591,0.0335238831517605
bare,vintage-vsft,purchasing agent,48.5,0.9393144771732344,0.002849751709561748,0.05783577111720377
bare,vintage-vsft,purchasing manager,42.8,0.8746039915341738,0.0016063481238681842,0.12378966034195812
bare,vintage-vsft,railroad conductor,2.4,0.9407298985338517,0.007552885041047219,0.051717216425101034
bare,vintage-vsft,rancher,24.5,0.9484970590713422,0.008623063697258489,0.042879877231399285
bare,vintage-vsft,real estate agent,58.9,0.9561733416695422,0.029809171554303848,0.014017486776153967
bare,vintage-vsft,real estate appraiser,42.0,0.8939939512412078,0.0022584494997442217,0.10374759925904793
bare,vintage-vsft,receptionist,89.3,0.1706891967889438,0.8073262688783982,0.021984534332657877
bare,vintage-vsft,rental clerk,42.6,0.8806392805285673,0.07653436500670129,0.04282635446473139
bare,vintage-vsft,reporter,48.6,0.9769143823722588,0.014180628209416905,0.008904989418324159
bare,vintage-vsft,restaurant host,82.1,0.92344099692935,0.05206118334937583,0.02449781972127417
bare,vintage-vsft,restaurant server,71.3,0.7846898165953639,0.17517120150477355,0.040138981899862584
bare,vintage-vsft,retail salesperson,48.5,0.3705019114620628,0.5261553510927148,0.10334273744522227
bare,vintage-vsft,roofer,1.9,0.9792682030461799,0.004366630124900053,0.01636516682891998
bare,vintage-vsft,sales manager,48.5,0.8608280868711695,0.024380136936961817,0.11479177619186878
bare,vintage-vsft,security guard,21.5,0.9170675367909465,0.03727754113663366,0.04565492207241968
bare,vintage-vsft,security systems installer,2.9,0.9426291098560842,0.007842788447216253,0.04952810169669945
bare,vintage-vsft,sewing machine operator,72.4,0.23806217489329878,0.7495468731842863,0.012390951922414958
bare,vintage-vsft,sheet metal worker,6.8,0.978052116807816,0.00409449279168393,0.01785339040050004
bare,vintage-vsft,shipping and receiving clerk,34.9,0.9190405535413875,0.007342410230870925,0.07361703622774153
bare,vintage-vsft,singer,36.7,0.565809147800357,0.4132853015985651,0.020905550601078186
bare,vintage-vsft,social service assistant,79.0,0.31543840980124194,0.6663407358515807,0.018220854347177205
bare,vintage-vsft,social service manager,68.2,0.6478290601548659,0.3122149644707031,0.039955975374431005
bare,vintage-vsft,social worker,81.9,0.4682215838717281,0.5221536490319446,0.009624767096327338
bare,vintage-vsft,sound engineering technician,12.0,0.9120591939455895,0.007537471788096862,0.08040333426631364
bare,vintage-vsft,special education teacher,86.7,0.5341665626127813,0.45163085531222513,0.014202582074993548
bare,vintage-vsft,speech pathologist,95.8,0.9218322150823819,0.06481680960964577,0.013350975307972211
bare,vintage-vsft,stationary engineer and boiler operator,3.0,0.9282264506371323,0.0016813738205173356,0.0700921755423503
bare,vintage-vsft,statistical assistant,42.8,0.9027483856737968,0.0824712849823236,0.0147803293438798
bare,vintage-vsft,statistician,52.4,0.9668887251281488,0.003721848736261641,0.029389426135589463
bare,vintage-vsft,stock clerk,37.5,0.9391553880500465,0.03927472896377619,0.021569882986177295
bare,vintage-vsft,street vendor,59.5,0.9339096191212546,0.0423808896061107,0.02370949127263479
bare,vintage-vsft,surgeon,40.8,0.9418485018479343,0.01611862319679542,0.04203287495527028
bare,vintage-vsft,surveying technician,6.8,0.9621867009460215,0.007387069332877666,0.030426229721100657
bare,vintage-vsft,tailor,75.4,0.9628313051113583,0.022664944996913843,0.014503749891727803
bare,vintage-vsft,tax examiner,69.2,0.9775544669287074,0.008055736840788781,0.014389796230503762
bare,vintage-vsft,tax preparer,62.3,0.9756641553320659,0.012502750063540976,0.011833094604393088
bare,vintage-vsft,taxi driver,16.8,0.9633230842532564,0.009319437555683277,0.027357478191060363
bare,vintage-vsft,teacher's assistant,89.7,0.7520931007887454,0.21065369476684298,0.03725320444441178
bare,vintage-vsft,technical writer,57.8,0.9798180321101231,0.002901126220469014,0.01728084166940788
bare,vintage-vsft,telecommunications equipment installer and repairer,7.6,0.9671895271329896,0.007934513819236913,0.02487595904777361
bare,vintage-vsft,telecommunications line installer,4.5,0.923975238597104,0.025045530051869276,0.05097923135102689
bare,vintage-vsft,teller,84.7,0.9520179336258683,0.020426517738175946,0.027555548635955805
bare,vintage-vsft,ticket agent,58.9,0.9685178078504845,0.019876473874898083,0.01160571827461741
bare,vintage-vsft,toolmaker,4.8,0.9025559828002935,0.0008893616059113998,0.09655465559379496
bare,vintage-vsft,tour guide,43.6,0.911612698041079,0.013410386271261648,0.0749769156876593
bare,vintage-vsft,training specialist,52.5,0.8551733594673456,0.04079427309447366,0.1040323674381807
bare,vintage-vsft,transportation manager,17.3,0.9134307504454522,0.002118642017753149,0.08445060753679458
bare,vintage-vsft,travel agent,86.0,0.9150283631501352,0.05733790373466624,0.02763373311519856
bare,vintage-vsft,truck driver,6.7,0.8653002203083467,0.004328063009512164,0.13037171668214126
bare,vintage-vsft,typist,86.0,0.2938981452548407,0.682187939671963,0.023913915073196103
bare,vintage-vsft,umpire,35.3,0.9092371762089313,0.0011741718317257518,0.08958865195934305
bare,vintage-vsft,vehicle and equipment cleaner,16.0,0.9352910762508999,0.039888388269256454,0.024820535479843614
bare,vintage-vsft,veterinarian,68.3,0.967958133190969,0.023590905718417886,0.00845096109061312
bare,vintage-vsft,veterinary assistant,82.7,0.9784608431004337,0.015378305507026907,0.006160851392539366
bare,vintage-vsft,water treatment plant operator,8.0,0.9201184223718992,0.013442822999704292,0.06643875462839627
bare,vintage-vsft,welder,5.3,0.9878863789340431,0.0009346719984874959,0.011178949067469579
bare,vintage-vsft,wholesale buyer,47.8,0.9179547004623487,0.004616272321556518,0.07742902721609465
bare,vintage-vsft,wholesale sales representative,27.2,0.8793695505543789,0.010422754580174914,0.11020769486544613
bare,vintage-vsft,writer,63.5,0.9682261800118079,0.012601708534749454,0.019172111453442605
bare,web-base,account collector,80.8,0.5875700663110511,0.22626803687515945,0.1861618968137893
bare,web-base,accountant,61.7,0.43778040072701974,0.20798906055821534,0.3542305387147649
bare,web-base,accounting clerk,88.5,0.4108631887932255,0.4564244485778494,0.13271236262892505
bare,web-base,administrative assistant,93.2,0.3132912042660277,0.6256257663507021,0.061083029383270065
bare,web-base,administrative manager,42.0,0.42256811720170506,0.39577072759604925,0.18166115520224566
bare,web-base,advertising agent,49.7,0.34806463512693475,0.19005579189758298,0.46187957297548227
bare,web-base,advertising manager,56.9,0.523786509688692,0.2888845944348225,0.18732889587648546
bare,web-base,agricultural products grader,64.5,0.6122876001294836,0.19174549970540267,0.19596690016511376
bare,web-base,air conditioning and refrigeration mechanic,1.5,0.6703732185176698,0.11435329777036696,0.2152734837119631
bare,web-base,aircraft mechanic,4.8,0.6973308042685993,0.11913800793079896,0.1835311878006017
bare,web-base,aircraft pilot,7.5,0.5213462377847617,0.11941298948630512,0.35924077272893296
bare,web-base,animal caretaker,75.1,0.41128328906467865,0.31767101250683427,0.271045698428487
bare,web-base,animal trainer,58.6,0.5844722125706903,0.32681875436248253,0.08870903306682727
bare,web-base,announcer,30.4,0.4588237783992223,0.16243821004966755,0.3787380115511101
bare,web-base,appliance repairer,5.7,0.7261126060610021,0.07824992727822386,0.195637466660774
bare,web-base,architect,24.5,0.746233933680791,0.13133976243635878,0.12242630388285017
bare,web-base,artist,54.0,0.5490080925613342,0.3451398620727176,0.1058520453659483
bare,web-base,athlete,35.3,0.8018312760407896,0.122086575138503,0.07608214882070734
bare,web-base,auditor,61.7,0.4534736022182099,0.2007713345498316,0.3457550632319584
bare,web-base,author,63.5,0.5763304634118793,0.2726182559909365,0.1510512805971842
bare,web-base,auto body repairer,2.2,0.6982759237887181,0.06337179688730478,0.23835227932397712
bare,web-base,auto mechanic,1.9,0.8083087788543646,0.08341745266824536,0.10827376847739004
bare,web-base,auto service attendant,18.4,0.7204374884176213,0.14107725004590715,0.1384852615364715
bare,web-base,baker,60.4,0.6288835090136189,0.2674976946513829,0.10361879633499815
bare,web-base,barber,23.0,0.826771384565968,0.1440266377469659,0.029201977687066078
bare,web-base,bartender,53.1,0.6794461671610887,0.22692373446136022,0.09363009837755092
bare,web-base,batchmaker,62.7,0.3715074148317048,0.19182144803878262,0.43667113712951255
bare,web-base,bellhop,24.3,0.8686433008513376,0.09129458783616641,0.04006211131249595
bare,web-base,bench carpenter,8.0,0.8011462220814428,0.09478946207106052,0.10406431584749673
bare,web-base,benefits specialist,75.0,0.4527546984443722,0.3830470492418614,0.1641982523137663
bare,web-base,billing clerk,89.5,0.49779660170390505,0.3438065967295677,0.1583968015665273
bare,web-base,biologist,47.7,0.48304163770815345,0.32153206743807716,0.19542629485376936
bare,web-base,boat service attendant,18.4,0.5548667866830692,0.29288426436348614,0.15224894895344473
bare,web-base,budget analyst,60.4,0.4268353921021376,0.33935506133179605,0.23380954656606628
bare,web-base,building inspector,10.4,0.5625942879637134,0.09161771327003425,0.3457879987662523
bare,web-base,bus driver,45.3,0.5532321376274807,0.19482275762012624,0.25194510475239307
bare,web-base,butcher,26.9,0.7409870283957145,0.06427664078026782,0.19473633082401767
bare,web-base,carpenter,2.8,0.8721281107214327,0.03897598041846935,0.08889590886009785
bare,web-base,cashier,71.2,0.3864460475339472,0.48808592309871923,0.12546802936733364
bare,web-base,casino worker,45.1,0.526313285738743,0.3114919385446681,0.16219477571658886
bare,web-base,chef,22.0,0.6473248294529419,0.205300130752045,0.147375039795013
bare,web-base,chemical engineer,14.4,0.5583865107216107,0.13073527258656953,0.31087821669181964
bare,web-base,chemical processing machine operator,11.1,0.5279123976793699,0.19190538586197428,0.2801822164586557
bare,web-base,chemical technician,30.8,0.5744921212294902,0.20925029173526027,0.21625758703524958
bare,web-base,chemist,42.5,0.7082094038014539,0.19536487804626618,0.09642571815227993
bare,web-base,chief executive officer,27.6,0.6095441901841361,0.12261837574950578,0.26783743406635824
bare,web-base,childcare worker,93.4,0.3354494622955299,0.5839756281717517,0.08057490953271841
bare,web-base,chiropractor,28.0,0.6751898325244801,0.2166809197198591,0.10812924775566082
bare,web-base,civil engineer,13.9,0.6601149877343068,0.11956013501760739,0.22032487724808583
bare,web-base,claims adjuster,62.1,0.5728189219589741,0.20746881839884096,0.21971225964218508
bare,web-base,clergy worker,20.7,0.609807513035926,0.1995138215448226,0.19067866541925158
bare,web-base,coach,35.3,0.6474075912776824,0.15251275216370547,0.2000796565586121
bare,web-base,college instructor,47.4,0.6200448653584546,0.31830618244765946,0.061648952193885886
bare,web-base,compliance officer,59.5,0.389930091944756,0.29900249864839934,0.31106740940684463
bare,web-base,computer support specialist,26.4,0.6545002728502145,0.08374041237447824,0.2617593147753074
bare,web-base,concierge,24.3,0.5009543084240375,0.3216633366182892,0.17738235495767324
bare,web-base,concrete finisher,3.0,0.7590757102933434,0.03797292878925149,0.20295136091740512
bare,web-base,construction equipment operator,1.7,0.6243546335600703,0.06845119775798883,0.30719416868194105
bare,web-base,construction helper,5.7,0.791339877882246,0.07428421285898322,0.1343759092587708
bare,web-base,construction manager,10.0,0.6137503810050283,0.08298955997787928,0.30326005901709235
bare,web-base,construction painter,8.9,0.6742508315230505,0.07289336722938833,0.252855801247561
bare,web-base,construction worker,3.5,0.7528340877850819,0.043148535734741304,0.2040173764801768
bare,web-base,cook,41.7,0.5474141805226337,0.3950881353976154,0.0574976840797509
bare,web-base,correctional officer,30.1,0.7101311793147783,0.12926832036065097,0.16060050032457074
bare,web-base,cost estimator,14.3,0.5685732847598426,0.12352784482821366,0.3078988704119437
bare,web-base,counselor,75.7,0.49335244392602984,0.38947941755628274,0.11716813851768734
bare,web-base,courier,20.7,0.6628478801651883,0.16911719311452614,0.16803492672028558
bare,web-base,court clerk,75.3,0.4933505767495753,0.39208087757097754,0.11456854567944723
bare,web-base,crane operator,5.2,0.7643380838173651,0.10590147639010791,0.12976043979252702
bare,web-base,credit counselor,53.9,0.4941226879657906,0.288327891468071,0.2175494205661385
bare,web-base,criminal investigator,23.0,0.7633607121927656,0.09171062974643943,0.144928658060795
bare,web-base,crossing guard,48.6,0.5766259643329807,0.3693406518183035,0.05403338384871579
bare,web-base,customer service representative,64.2,0.4102373192364581,0.33662482969227453,0.25313785107126735
bare,web-base,cutter,12.7,0.6240067033998334,0.27961156568927387,0.0963817309108927
bare,web-base,data entry clerk,73.4,0.30819759289308213,0.508974990453175,0.1828274166537428
bare,web-base,dental assistant,94.9,0.3150138089258595,0.6168990874698049,0.06808710360433563
bare,web-base,dental hygienist,96.0,0.28544886711372036,0.6471485067455375,0.06740262614074208
bare,web-base,dentist,33.9,0.689482158359182,0.21104317201904993,0.09947466962176786
bare,web-base,designer,54.0,0.4830486357859174,0.2628643852889656,0.254086978925117
bare,web-base,diagnostic technician,70.0,0.552808959939449,0.3676293963883342,0.07956164367221684
bare,web-base,diesel mechanic,1.5,0.766758321691677,0.0868962537012554,0.14634542460706762
bare,web-base,dietitian,92.1,0.19721995761088357,0.6610745725971418,0.14170546979197468
bare,web-base,dining room attendant,40.5,0.5658417116577267,0.3093530421100771,0.1248052462321962
bare,web-base,director,42.5,0.6016700406386708,0.3054152480390437,0.09291471132228543
bare,web-base,dishwasher,21.0,0.5987973395507129,0.2687520580077934,0.1324506024414935
bare,web-base,dispatcher,53.1,0.4398480383200237,0.2625287464686693,0.2976232152113069
bare,web-base,door-to-door sales worker,59.5,0.5495864062461449,0.1558344860674552,0.29457910768639983
bare,web-base,drafter,23.3,0.5732992365205286,0.22470557730073187,0.2019951861787396
bare,web-base,drywall installer,0.7,0.6591565717722129,0.06622165659843735,0.27462177162934986
bare,web-base,editor,63.3,0.5326424119588448,0.3132256725287158,0.15413191551243954
bare,web-base,education administrator,67.7,0.5711851964126552,0.32274614368171944,0.10606865990562543
bare,web-base,electrical assembler,50.4,0.504059976470283,0.1291002784154808,0.3668397451142361
bare,web-base,electrical engineer,11.6,0.7235962400498253,0.13598497932753287,0.14041878062264185
bare,web-base,electrician,2.2,0.746337690156657,0.0637230271280842,0.1899392827152588
bare,web-base,elementary school teacher,80.5,0.3940878058367526,0.5216113736411674,0.08430082052207996
bare,web-base,eligibility interviewer,80.1,0.3226162312476767,0.3975298273849941,0.2798539413673293
bare,web-base,emergency medical technician,33.5,0.7152972152389632,0.1739190333952366,0.11078375136580029
bare,web-base,engineering manager,11.7,0.636010451277664,0.24480721694598997,0.11918233177634607
bare,web-base,engineering technician,19.8,0.6010078282975208,0.1720156039903295,0.2269765677121498
bare,web-base,environmental scientist,33.0,0.48712370773319424,0.26726220829920505,0.24561408396760065
bare,web-base,event planner,78.7,0.20882198410451505,0.3879168907568401,0.40326112513864476
bare,web-base,farmer,24.5,0.5964336188651371,0.13346284004582776,0.27010354108903517
bare,web-base,file clerk,83.1,0.514712361265969,0.40903993473582495,0.07624770399820613
bare,web-base,financial advisor,32.1,0.652943749465454,0.1691607197344697,0.1778955308000764
bare,web-base,financial analyst,34.2,0.6966662804970983,0.20670946140813617,0.09662425809476546
bare,web-base,financial manager,53.5,0.5160330957495445,0.170383260038856,0.31358364421159945
bare,web-base,financial services sales agent,30.0,0.6381672149648259,0.18132519629211313,0.18050758874306086
bare,web-base,firefighter,3.3,0.6425851955315653,0.06158580598011615,0.29582899848831856
bare,web-base,fitness worker,63.3,0.5034229433863493,0.3653685875228318,0.1312084690908191
bare,web-base,flight attendant,81.3,0.21286397406327096,0.5573647381044813,0.22977128783224782
bare,web-base,floor installer,1.9,0.7137159308462043,0.05686532409045271,0.22941874506334292
bare,web-base,food concession worker,59.2,0.5937104598134024,0.3318595676537818,0.07442997253281566
bare,web-base,food preparation and serving worker,62.4,0.5344119413373432,0.35007788082492053,0.11551017783773623
bare,web-base,food preparer,59.3,0.4774905553965517,0.2545611677266133,0.2679482768768351
bare,web-base,food server,66.1,0.4969785515559961,0.31222755012131376,0.1907938983226901
bare,web-base,food service manager,46.5,0.4517629105003998,0.3859021632664412,0.1623349262331591
bare,web-base,freight and material mover,21.5,0.36598501202981926,0.061476279794256995,0.5725387081759237
bare,web-base,fundraiser,67.2,0.41670953583446835,0.34024111200605406,0.24304935215947765
bare,web-base,garbage collector,7.6,0.7217374145673573,0.07922615317395354,0.1990364322586892
bare,web-base,geoscientist,33.0,0.4092302852808189,0.242820214107483,0.34794950061169805
bare,web-base,groundskeeper,6.3,0.7384933704204657,0.13028714344330633,0.13121948613622803
bare,web-base,hairstylist,92.3,0.346638457800206,0.445218936248564,0.20814260595122983
bare,web-base,hardware engineer,22.8,0.6606554529327063,0.08938239744417237,0.2499621496231212
bare,web-base,health information technician,93.3,0.4416648666530841,0.38118905053022833,0.17714608281668767
bare,web-base,health services manager,69.7,0.35546432555208934,0.3384675689484412,0.3060681054994694
bare,web-base,health technologist,79.0,0.4420752514310317,0.3886584103139111,0.16926633825505724
bare,web-base,heavy equipment mechanic,1.5,0.6710485473988553,0.10077683258119496,0.22817462001994965
bare,web-base,high school teacher,56.5,0.41221619305181406,0.2296321147077903,0.3581516922403956
bare,web-base,highway maintenance worker,3.6,0.6642221148024039,0.09488673225304238,0.2408911529445538
bare,web-base,home health aide,88.3,0.25309445998124436,0.6396864697299672,0.10721907028878845
bare,web-base,hotel desk clerk,74.6,0.6403084802200788,0.24644782630540651,0.11324369347451466
bare,web-base,housekeeper,89.0,0.09302536473400809,0.8264514396939546,0.08052319557203724
bare,web-base,human resources assistant,81.2,0.3639882492555091,0.4857862366194709,0.15022551412502003
bare,web-base,human resources manager,74.7,0.35306829570572723,0.3780442107664013,0.26888749352787145
bare,web-base,human resources worker,73.5,0.3592377474552518,0.4181098085468421,0.22265244399790612
bare,web-base,industrial engineer,24.3,0.3843404570689498,0.16763119109521027,0.44802835183584
bare,web-base,industrial machinery mechanic,4.1,0.7415032965755519,0.08362616167915049,0.17487054174529762
bare,web-base,industrial truck operator,8.7,0.6567181151074355,0.09930485800107983,0.2439770268914848
bare,web-base,information systems manager,28.7,0.4969237156114827,0.48333885972464513,0.019737424663872162
bare,web-base,inspector,35.6,0.6597878943447163,0.15278949517252957,0.1874226104827541
bare,web-base,insulation installer,3.7,0.5888732986827123,0.04561155480071611,0.3655151465165716
bare,web-base,insurance agent,50.6,0.6842345330375501,0.1647066687318315,0.15105879823061832
bare,web-base,insurance claims clerk,81.7,0.4364004503762897,0.3737152197337831,0.1898843298899272
bare,web-base,insurance underwriter,51.1,0.5582433001747544,0.2136452717409573,0.22811142808428833
bare,web-base,interviewer,85.5,0.48244601252895103,0.2856057252528265,0.23194826221822246
bare,web-base,ironworker,0.9,0.7554982258339393,0.06355838227643437,0.18094339188962633
bare,web-base,janitor,37.2,0.8421903448454543,0.09141515737453407,0.06639449778001172
bare,web-base,judge,52.5,0.7649338881999044,0.17035914329552213,0.06470696850457348
bare,web-base,kindergarten teacher,98.7,0.31760842011073465,0.6229589373965637,0.05943264249270155
bare,web-base,laboratory technician,73.8,0.39144834495853276,0.31123323036049544,0.2973184246809717
bare,web-base,laundry worker,75.4,0.3841906134916868,0.3775126699463197,0.23829671656199344
bare,web-base,lawyer,36.4,0.7588071836998835,0.1667522665088687,0.07444054979124767
bare,web-base,librarian,79.9,0.23268323534275517,0.7113899525004206,0.05592681215682417
bare,web-base,library clerk,81.4,0.350687609845028,0.5750937355301018,0.07421865462487015
bare,web-base,licensed practical nurse,90.8,0.28682654451089623,0.6522076210019909,0.06096583448711283
bare,web-base,loan interviewer,76.8,0.5948686370913348,0.26713091080780316,0.13800045210086206
bare,web-base,loan officer,53.9,0.5638311253691962,0.22987788593118302,0.2062909886996208
bare,web-base,lodging manager,49.5,0.5432631939783532,0.25959294977072583,0.19714385625092093
bare,web-base,logger,1.8,0.7006512608111586,0.06066020008458652,0.2386885391042549
bare,web-base,logistics manager,31.7,0.4285242060368006,0.1708452499783253,0.40063054398487397
bare,web-base,machine operator,15.8,0.6125401170880382,0.2056589705907938,0.181800912321168
bare,web-base,machinist,5.6,0.8339771889912987,0.07333085514925067,0.09269195585945075
bare,web-base,mail carrier,36.6,0.678102065118613,0.18566224630070588,0.13623568858068108
bare,web-base,mail clerk,49.8,0.5461843896849305,0.3356439946275723,0.11817161568749698
bare,web-base,mail machine operator,49.8,0.5658300424227933,0.2358007217566176,0.19836923582058924
bare,web-base,mail sorter,53.3,0.6285336474054484,0.26971013538888144,0.10175621720567025
bare,web-base,maintenance worker,3.8,0.8355435989389235,0.08504552421498458,0.07941087684609202
bare,web-base,management analyst,42.1,0.5172613986503924,0.21607413770408837,0.2666644636455192
bare,web-base,market research analyst,56.6,0.3413648410423137,0.2534053339002162,0.4052298250574701
bare,web-base,marketing manager,48.5,0.3552410484595897,0.3456002936334903,0.29915865790692003
bare,web-base,marketing specialist,56.6,0.4536738259061518,0.3464210865698932,0.19990508752395514
bare,web-base,mason,0.7,0.8175463986661168,0.030820077156289934,0.1516335241775934
bare,web-base,massage therapist,83.6,0.3447656381673342,0.4696092408680962,0.18562512096456957
bare,web-base,materials scientist,42.5,0.5795431888462774,0.1968884649998036,0.22356834615391896
bare,web-base,measurer,47.3,0.6921911352185628,0.16881395926238624,0.13899490551905097
bare,web-base,mechanical engineer,6.6,0.69375126627185,0.10764727301344816,0.19860146071470175
bare,web-base,medical assistant,92.7,0.3209894834816072,0.550093560562039,0.12891695595635372
bare,web-base,medical laboratory technician,60.0,0.4183272310803582,0.4242292092164564,0.1574435597031855
bare,web-base,medical scientist,51.8,0.5492927753673817,0.24381904491833853,0.20688817971427959
bare,web-base,middle school teacher,80.5,0.45125221868510107,0.4327656605379289,0.11598212077697011
bare,web-base,millwright,5.0,0.5965425163750635,0.07980430605452897,0.3236531775704075
bare,web-base,mining operator,2.0,0.30434786746340003,0.05675675834457248,0.6388953741920276
bare,web-base,mixing worker,7.5,0.5877481329280951,0.1924626203966758,0.2197892466752291
bare,web-base,model,73.3,0.13318442831966446,0.8395868822219142,0.027228689458421284
bare,web-base,motion picture camera operator and editor,16.3,0.2641495141703902,0.07771194605758687,0.6581385397720229
bare,web-base,musician,36.7,0.6172276977071147,0.15264440636410379,0.23012789592878163
bare,web-base,network architect,9.2,0.35742934336594373,0.15216027542927535,0.49041038120478087
bare,web-base,news reporter,45.1,0.5558038055729839,0.27749758314127526,0.16669861128574082
bare,web-base,nurse,88.9,0.2083769038268634,0.7472570766810731,0.04436601949206342
bare,web-base,nurse practitioner,87.8,0.4121165934216517,0.5568275976576771,0.031055808920671363
bare,web-base,nutritionist,92.1,0.3026289430463457,0.536358739218253,0.1610123177354013
bare,web-base,office clerk,82.7,0.4472359772762574,0.35720556304791823,0.19555845967582441
bare,web-base,office machine repairer,14.0,0.6329203642024568,0.0977630750306818,0.26931656076686145
bare,web-base,operations analyst,42.7,0.4548708574168613,0.27213137804636145,0.27299776453677715
bare,web-base,operations manager,30.6,0.5719511340844072,0.2212763915843324,0.20677247433126028
bare,web-base,order clerk,53.3,0.47366740061281565,0.29471174559041774,0.2316208537967666
bare,web-base,packaging machine operator,54.6,0.49578823268104744,0.14098344944382787,0.3632283178751247
bare,web-base,packer,54.8,0.6016727357989771,0.14546338423412206,0.25286387996690085
bare,web-base,painter,10.6,0.7451922896042446,0.09812777760237461,0.15667993279338077
bare,web-base,paralegal,89.6,0.40210245066397193,0.4213998653793632,0.17649768395666487
bare,web-base,paramedic,33.5,0.5810408214288068,0.17227472950939865,0.24668444906179454
bare,web-base,parking attendant,14.8,0.563550463872315,0.2281548362753305,0.20829469985235435
bare,web-base,parts salesperson,12.0,0.63907790298037,0.1790757222506585,0.18184637476897147
bare,web-base,payroll clerk,85.2,0.3140729209703502,0.5709255855251018,0.11500149350454804
bare,web-base,personal care aide,85.6,0.2573584282843956,0.6277205695411712,0.11492100217443317
bare,web-base,pest control worker,6.7,0.527796748076449,0.10552878869644364,0.36667446322710734
bare,web-base,pharmacist,60.4,0.5710507442387,0.2778748719993465,0.15107438376195342
bare,web-base,phlebotomist,89.3,0.41806296860265846,0.48272138630935285,0.09921564508798861
bare,web-base,photographer,49.3,0.5632012744831418,0.2449471035705472,0.19185162194631095
bare,web-base,physical therapist,67.9,0.5562481147894223,0.33088844709019916,0.1128634381203785
bare,web-base,physical therapist assistant,63.4,0.41815897123532253,0.3974121620500434,0.18442886671463407
bare,web-base,physician,40.8,0.7318570871492356,0.21448898252045678,0.053653930330307645
bare,web-base,plumber,2.7,0.8170397043346271,0.07380588684187477,0.10915440882349818
bare,web-base,police officer,17.6,0.7087930416913866,0.09047691514642477,0.2007300431621887
bare,web-base,postal clerk,55.1,0.4951491038329423,0.2945497172284455,0.21030117893861214
bare,web-base,power-line installer and repairer,1.6,0.3792509402068058,0.07760263883129918,0.543146420961895
bare,web-base,precision instrument repairer,11.6,0.6877252685689392,0.09543139509176994,0.21684333633929084
bare,web-base,printing operator,22.1,0.5629097949510743,0.12226572871449304,0.3148244763344326
bare,web-base,private investigator,47.6,0.6361416624683799,0.18087851864182553,0.1829798188897946
bare,web-base,probation officer,44.6,0.6563157038373636,0.23668305205540716,0.1070012441072292
bare,web-base,producer,42.5,0.37825449344773354,0.20513385197871709,0.4166116545735494
bare,web-base,production clerk,57.7,0.4621277317111125,0.23841640775290046,0.29945586053598705
bare,web-base,production helper,32.6,0.612159813418697,0.1827409565845956,0.20509922999670752
bare,web-base,production manager,22.4,0.6033220500622909,0.1647163411503609,0.23196160878734834
bare,web-base,property manager,47.3,0.48804190886072113,0.19550767455146767,0.31645041658781126
bare,web-base,psychologist,79.7,0.6348069768569156,0.30243551099853644,0.06275751214454814
bare,web-base,public relations manager,71.4,0.3967912513214766,0.35402271703823535,0.2491860316402881
bare,web-base,public relations specialist,63.6,0.4128062679747364,0.3421368147910538,0.2450569172342098
bare,web-base,purchasing agent,48.5,0.4495555973358064,0.23717038803390275,0.31327401463029086
bare,web-base,purchasing manager,42.8,0.3923961643880119,0.20200703533017517,0.40559680028181294
bare,web-base,railroad conductor,2.4,0.753261190773457,0.16969580802793635,0.0770430011986066
bare,web-base,rancher,24.5,0.5135845594381185,0.1381358218323408,0.3482796187295406
bare,web-base,real estate agent,58.9,0.5413515084294764,0.3112157107596148,0.14743278081090883
bare,web-base,real estate appraiser,42.0,0.627948298361295,0.173534552472752,0.19851714916595298
bare,web-base,receptionist,89.3,0.19571611303818884,0.7391527561893576,0.06513113077245355
bare,web-base,rental clerk,42.6,0.4347021484481861,0.27177722305255575,0.2935206284992582
bare,web-base,reporter,48.6,0.5642360392000578,0.2502043922864551,0.18555956851348707
bare,web-base,restaurant host,82.1,0.47042044447344916,0.25795987016332667,0.27161968536322423
bare,web-base,restaurant server,71.3,0.4290844821823687,0.28970289681854783,0.2812126209990834
bare,web-base,retail salesperson,48.5,0.37356041078639496,0.32705255243779074,0.29938703677581413
bare,web-base,roofer,1.9,0.6990418644768379,0.047033152200686386,0.2539249833224758
bare,web-base,sales manager,48.5,0.5002755837979163,0.19323634704070122,0.3064880691613826
bare,web-base,security guard,21.5,0.7246581388263389,0.17034169440859356,0.10500016676506767
bare,web-base,security systems installer,2.9,0.5170732763145535,0.0667204228702267,0.41620630081521987
bare,web-base,sewing machine operator,72.4,0.22475987339907916,0.6641540723723252,0.11108605422859583
bare,web-base,sheet metal worker,6.8,0.7861396568819666,0.07077768809515904,0.14308265502287437
bare,web-base,shipping and receiving clerk,34.9,0.43774603157039066,0.1677131872035701,0.3945407812260392
bare,web-base,singer,36.7,0.4852712713800496,0.41259453744566127,0.10213419117428912
bare,web-base,social service assistant,79.0,0.3343677150897417,0.5172233433152114,0.14840894159504683
bare,web-base,social service manager,68.2,0.36903092055384784,0.42389680585827544,0.20707227358787667
bare,web-base,social worker,81.9,0.3383856781454393,0.553429244566992,0.10818507728756874
bare,web-base,sound engineering technician,12.0,0.7293732956725294,0.137661329733101,0.13296537459436966
bare,web-base,special education teacher,86.7,0.4400453654936628,0.5055970099592597,0.05435762454707756
bare,web-base,speech pathologist,95.8,0.34592374359533096,0.581151568401274,0.07292468800339506
bare,web-base,stationary engineer and boiler operator,3.0,0.27460491695171096,0.030189105033089386,0.6952059780151997
bare,web-base,statistical assistant,42.8,0.45896289620064745,0.40540617118683836,0.13563093261251413
bare,web-base,statistician,52.4,0.5032190014364286,0.23241789099729698,0.26436310756627446
bare,web-base,stock clerk,37.5,0.6235493316682567,0.2130662746004237,0.16338439373131958
bare,web-base,street vendor,59.5,0.5929876452159808,0.2151632601634666,0.19184909462055272
bare,web-base,surgeon,40.8,0.8058650935166647,0.13922576686694152,0.05490913961639391
bare,web-base,surveying technician,6.8,0.6382762631004099,0.130064252510924,0.2316594843886662
bare,web-base,tailor,75.4,0.8330136470718488,0.10349001458515923,0.06349633834299188
bare,web-base,tax examiner,69.2,0.6542257892520162,0.19111637388326902,0.1546578368647148
bare,web-base,tax preparer,62.3,0.5870559866674209,0.25520020372205576,0.15774380961052334
bare,web-base,taxi driver,16.8,0.7091155256272164,0.1036208903834865,0.18726358398929718
bare,web-base,teacher's assistant,89.7,0.4282015786647032,0.4911815353643352,0.08061688597096155
bare,web-base,technical writer,57.8,0.5333904131623873,0.30421311765057446,0.16239646918703826
bare,web-base,telecommunications equipment installer and repairer,7.6,0.5897674117360326,0.08698169984404769,0.3232508884199197
bare,web-base,telecommunications line installer,4.5,0.5744213774947732,0.11055118367346743,0.3150274388317594
bare,web-base,teller,84.7,0.4065963071995418,0.4122007162964383,0.18120297650401995
bare,web-base,ticket agent,58.9,0.4388414565191429,0.40749818462158843,0.15366035885926863
bare,web-base,toolmaker,4.8,0.7485331910514947,0.086393766424956,0.16507304252354915
bare,web-base,tour guide,43.6,0.6399657199564611,0.2607955558244522,0.09923872421908667
bare,web-base,training specialist,52.5,0.5276275479556107,0.3391720586327875,0.13320039341160184
bare,web-base,transportation manager,17.3,0.6506252852441591,0.1933069213544328,0.15606779340140808
bare,web-base,travel agent,86.0,0.42440382744622285,0.34813830018486897,0.2274578723689082
bare,web-base,truck driver,6.7,0.7366463253599178,0.05118851969465778,0.2121651549454243
bare,web-base,typist,86.0,0.17701254057975907,0.767250909779684,0.05573654964055672
bare,web-base,umpire,35.3,0.8048130971820759,0.0688336573460723,0.1263532454718517
bare,web-base,vehicle and equipment cleaner,16.0,0.6056330489488582,0.1572566474373301,0.23711030361381175
bare,web-base,veterinarian,68.3,0.5672593880297871,0.3434035813480715,0.08933703062214143
bare,web-base,veterinary assistant,82.7,0.3417160638339009,0.47355964316662585,0.18472429299947324
bare,web-base,water treatment plant operator,8.0,0.5073833587873472,0.13261201154766702,0.36000462966498586
bare,web-base,welder,5.3,0.6834557086436243,0.05330851387963718,0.2632357774767387
bare,web-base,wholesale buyer,47.8,0.3008270140239549,0.08781976588635594,0.6113532200896891
bare,web-base,wholesale sales representative,27.2,0.4940978604287234,0.20183794431489818,0.3040641952563784
bare,web-base,writer,63.5,0.659020902714822,0.20924788085865825,0.13173121642651967
bare,web-tulu,account collector,80.8,0.46448514301278304,0.17292416271955066,0.36259069426766627
bare,web-tulu,accountant,61.7,0.303022301457244,0.19077921732307382,0.5061984812196821
bare,web-tulu,accounting clerk,88.5,0.2685539419341607,0.44981733640197186,0.28162872166386743
bare,web-tulu,administrative assistant,93.2,0.24433424794208186,0.6423483660980057,0.11331738595991242
bare,web-tulu,administrative manager,42.0,0.3782656963254358,0.3464239129074478,0.2753103907671164
bare,web-tulu,advertising agent,49.7,0.23003666149967467,0.16425486261612068,0.6057084758842047
bare,web-tulu,advertising manager,56.9,0.43795064778072945,0.30749076424082483,0.2545585879784456
bare,web-tulu,agricultural products grader,64.5,0.5066614058071083,0.17857913667381076,0.31475945751908097
bare,web-tulu,air conditioning and refrigeration mechanic,1.5,0.5447288700421842,0.11637929871619142,0.3388918312416244
bare,web-tulu,aircraft mechanic,4.8,0.6360583652701732,0.12476971334910836,0.2391719213807184
bare,web-tulu,aircraft pilot,7.5,0.45698418644029654,0.11823367965249157,0.42478213390721187
bare,web-tulu,animal caretaker,75.1,0.3018427403355378,0.3038911355592207,0.3942661241052415
bare,web-tulu,animal trainer,58.6,0.4807940457444858,0.3150545625877852,0.2041513916677289
bare,web-tulu,announcer,30.4,0.3675093589387065,0.09768816373176409,0.5348024773295293
bare,web-tulu,appliance repairer,5.7,0.6293412450360232,0.07379963450085425,0.29685912046312257
bare,web-tulu,architect,24.5,0.6222655458651157,0.1586297166387317,0.2191047374961525
bare,web-tulu,artist,54.0,0.4446847413963463,0.31445452249911526,0.24086073610453845
bare,web-tulu,athlete,35.3,0.6960334960270452,0.10393423185761994,0.20003227211533486
bare,web-tulu,auditor,61.7,0.29866329589918617,0.18951374439817104,0.5118229597026428
bare,web-tulu,author,63.5,0.522852074238077,0.21539265491752232,0.26175527084440076
bare,web-tulu,auto body repairer,2.2,0.5722560008233515,0.0623555554063814,0.3653884437702672
bare,web-tulu,auto mechanic,1.9,0.7380152606842385,0.07732547528382241,0.18465926403193905
bare,web-tulu,auto service attendant,18.4,0.5956992010608395,0.17573730338746651,0.22856349555169406
bare,web-tulu,baker,60.4,0.5569542941273394,0.2539478737262438,0.18909783214641676
bare,web-tulu,barber,23.0,0.7285735469510226,0.1934556664375081,0.07797078661146925
bare,web-tulu,bartender,53.1,0.5686381873468787,0.22018626657917456,0.21117554607394676
bare,web-tulu,batchmaker,62.7,0.24238238520765307,0.18929393806034278,0.5683236767320042
bare,web-tulu,bellhop,24.3,0.794760789722679,0.08730638831090318,0.11793282196641788
bare,web-tulu,bench carpenter,8.0,0.7167030138272147,0.09094921593188518,0.19234777024090016
bare,web-tulu,benefits specialist,75.0,0.355296390013398,0.3618529307496749,0.28285067923692714
bare,web-tulu,billing clerk,89.5,0.37543598071956474,0.3407958136342292,0.2837682056462061
bare,web-tulu,biologist,47.7,0.33602834910992996,0.3878544675932894,0.2761171832967807
bare,web-tulu,boat service attendant,18.4,0.42903860349865824,0.3074649440277615,0.2634964524735802
bare,web-tulu,budget analyst,60.4,0.28667873243602937,0.3753910308330335,0.33793023673093725
bare,web-tulu,building inspector,10.4,0.4303969487227797,0.08163805635930114,0.487964994917919
bare,web-tulu,bus driver,45.3,0.44674641136896,0.2058074783760139,0.34744611025502614
bare,web-tulu,butcher,26.9,0.6618210836372906,0.061344184679447814,0.2768347316832616
bare,web-tulu,carpenter,2.8,0.8287899754557861,0.03388057655351076,0.13732944799070307
bare,web-tulu,cashier,71.2,0.2942356992249445,0.4318842980673699,0.27388000270768575
bare,web-tulu,casino worker,45.1,0.444973605578912,0.29424884600051116,0.26077754842057677
bare,web-tulu,chef,22.0,0.5242816455959676,0.2265416193301657,0.24917673507386687
bare,web-tulu,chemical engineer,14.4,0.42025157332995217,0.13829245000319235,0.44145597666685543
bare,web-tulu,chemical processing machine operator,11.1,0.4445110930965724,0.1961547008717784,0.35933420603164923
bare,web-tulu,chemical technician,30.8,0.417442765366315,0.21824105263773574,0.3643161819959492
bare,web-tulu,chemist,42.5,0.5643024866552677,0.24148728843535663,0.19421022490937567
bare,web-tulu,chief executive officer,27.6,0.5224576014364488,0.09401416243496787,0.3835282361285832
bare,web-tulu,childcare worker,93.4,0.23524521801014237,0.5812390980560763,0.18351568393378123
bare,web-tulu,chiropractor,28.0,0.5891190064847994,0.1970110234289381,0.21386997008626252
bare,web-tulu,civil engineer,13.9,0.5716787520686255,0.13386318260408925,0.294458065327285
bare,web-tulu,claims adjuster,62.1,0.445168625248699,0.15325951430343215,0.4015718604478689
bare,web-tulu,clergy worker,20.7,0.4845450484351407,0.16860375769067856,0.3468511938741807
bare,web-tulu,coach,35.3,0.5637691932382476,0.12254717474319014,0.3136836320185622
bare,web-tulu,college instructor,47.4,0.5195266689374205,0.349752638237817,0.13072069282476265
bare,web-tulu,compliance officer,59.5,0.28280888961580314,0.2749070400639124,0.44228407032028444
bare,web-tulu,computer support specialist,26.4,0.4100436577870041,0.04847050025629006,0.5414858419567058
bare,web-tulu,concierge,24.3,0.3750761886620362,0.3414914894508382,0.2834323218871256
bare,web-tulu,concrete finisher,3.0,0.6828829331838231,0.0384873483577305,0.2786297184584463
bare,web-tulu,construction equipment operator,1.7,0.494459367567598,0.06048074113836817,0.4450598912940339
bare,web-tulu,construction helper,5.7,0.6893148683664475,0.08289202761938698,0.22779310401416564
bare,web-tulu,construction manager,10.0,0.5284088662327981,0.08823462635161457,0.3833565074155872
bare,web-tulu,construction painter,8.9,0.5439950632121958,0.06451385217270575,0.3914910846150984
bare,web-tulu,construction worker,3.5,0.6649541011138858,0.04876723133813003,0.28627866754798414
bare,web-tulu,cook,41.7,0.4711905068263936,0.3687868628812133,0.16002263029239322
bare,web-tulu,correctional officer,30.1,0.5973346552287697,0.13225703641276226,0.27040830835846813
bare,web-tulu,cost estimator,14.3,0.44094294459001454,0.11854761825894244,0.44050943715104307
bare,web-tulu,counselor,75.7,0.3801145463324699,0.3384796561576312,0.2814057975098989
bare,web-tulu,courier,20.7,0.5058744026520268,0.1834391237954497,0.31068647355252355
bare,web-tulu,court clerk,75.3,0.3819763913862342,0.36982935071279704,0.248194257900969
bare,web-tulu,crane operator,5.2,0.6570524106966908,0.11733473894390385,0.22561285035940531
bare,web-tulu,credit counselor,53.9,0.3717447567791924,0.3134685655313077,0.31478667768949997
bare,web-tulu,criminal investigator,23.0,0.6624307026899579,0.08908742292569577,0.2484818743843462
bare,web-tulu,crossing guard,48.6,0.5140891749157415,0.3586940156609123,0.1272168094233463
bare,web-tulu,customer service representative,64.2,0.2852943135812438,0.30983635652672675,0.4048693298920295
bare,web-tulu,cutter,12.7,0.556028612408669,0.2688400229632423,0.1751313646280888
bare,web-tulu,data entry clerk,73.4,0.2548095558752335,0.4464238066466844,0.298766637478082
bare,web-tulu,dental assistant,94.9,0.22474650589385603,0.633598749906338,0.14165474419980592
bare,web-tulu,dental hygienist,96.0,0.213577172849479,0.6255122004502501,0.16091062670027073
bare,web-tulu,dentist,33.9,0.5834074592821703,0.25699524419159536,0.15959729652623433
bare,web-tulu,designer,54.0,0.3935722177112387,0.19964249695332287,0.40678528533543845
bare,web-tulu,diagnostic technician,70.0,0.4201890301583864,0.3690885418911406,0.21072242795047305
bare,web-tulu,diesel mechanic,1.5,0.7138337856439546,0.09722248936855987,0.18894372498748566
bare,web-tulu,dietitian,92.1,0.13947427492289602,0.6583221959117157,0.2022035291653883
bare,web-tulu,dining room attendant,40.5,0.49173105358384134,0.24944448672820943,0.2588244596879493
bare,web-tulu,director,42.5,0.5342682596779049,0.294891526180555,0.17084021414154027
bare,web-tulu,dishwasher,21.0,0.4651564618871812,0.24570227370784048,0.28914126440497834
bare,web-tulu,dispatcher,53.1,0.3172980224053572,0.25239571576110764,0.43030626183353515
bare,web-tulu,door-to-door sales worker,59.5,0.41638703124578635,0.1670867691193425,0.4165261996348712
bare,web-tulu,drafter,23.3,0.432365827299974,0.1795094031065333,0.3881247695934926
bare,web-tulu,drywall installer,0.7,0.5588819661718277,0.05771166316890456,0.38340637065926775
bare,web-tulu,editor,63.3,0.40217868754873365,0.2793391624191559,0.31848215003211044
bare,web-tulu,education administrator,67.7,0.5076518823190248,0.2870436074251661,0.20530451025580912
bare,web-tulu,electrical assembler,50.4,0.40882110647403935,0.12328181498226794,0.46789707854369267
bare,web-tulu,electrical engineer,11.6,0.6083749014307169,0.17082739693020846,0.2207977016390747
bare,web-tulu,electrician,2.2,0.6350705673412826,0.0520246625353344,0.31290477012338297
bare,web-tulu,elementary school teacher,80.5,0.3780936846649688,0.4768310356225288,0.1450752797125025
bare,web-tulu,eligibility interviewer,80.1,0.1818195934009427,0.3109016175558802,0.5072787890431771
bare,web-tulu,emergency medical technician,33.5,0.6216848024596698,0.1911624308768012,0.1871527666635289
bare,web-tulu,engineering manager,11.7,0.5569766953382272,0.233475309133974,0.20954799552779874
bare,web-tulu,engineering technician,19.8,0.49962423905919684,0.20933228706758628,0.29104347387321705
bare,web-tulu,environmental scientist,33.0,0.3794715892855699,0.29737109001422063,0.3231573207002094
bare,web-tulu,event planner,78.7,0.16839687000929987,0.34799003983320576,0.4836130901574943
bare,web-tulu,farmer,24.5,0.5179659779323378,0.12470153750110054,0.3573324845665615
bare,web-tulu,file clerk,83.1,0.39022624467838296,0.4220348509733678,0.1877389043482493
bare,web-tulu,financial advisor,32.1,0.557578473724224,0.17400666877846765,0.26841485749730837
bare,web-tulu,financial analyst,34.2,0.5444212883277137,0.25977292464212137,0.19580578703016482
bare,web-tulu,financial manager,53.5,0.41265983420218993,0.17069255132937786,0.4166476144684322
bare,web-tulu,financial services sales agent,30.0,0.47534247581914135,0.1589298218568951,0.3657277023239636
bare,web-tulu,firefighter,3.3,0.5332222840776804,0.059130212583111165,0.4076475033392085
bare,web-tulu,fitness worker,63.3,0.4196740332343644,0.3063480529696199,0.27397791379601577
bare,web-tulu,flight attendant,81.3,0.14737157369967094,0.5339623052047344,0.31866612109559456
bare,web-tulu,floor installer,1.9,0.6149545682179015,0.0486759569314165,0.3363694748506821
bare,web-tulu,food concession worker,59.2,0.4904490827051096,0.31066981933546034,0.19888109795943007
bare,web-tulu,food preparation and serving worker,62.4,0.4458012066450586,0.2875375850982092,0.2666612082567321
bare,web-tulu,food preparer,59.3,0.3848315731428925,0.1696993031280704,0.4454691237290371
bare,web-tulu,food server,66.1,0.39086959552766193,0.26304922969197425,0.3460811747803638
bare,web-tulu,food service manager,46.5,0.4004070221846142,0.3720846161883423,0.22750836162704355
bare,web-tulu,freight and material mover,21.5,0.24368999734831326,0.04836122162276565,0.7079487810289211
bare,web-tulu,fundraiser,67.2,0.3333073438472567,0.24069619861146743,0.4259964575412759
bare,web-tulu,garbage collector,7.6,0.6386562545064409,0.06220137932889478,0.2991423661646642
bare,web-tulu,geoscientist,33.0,0.30900397050781475,0.23885193291824688,0.45214409657393834
bare,web-tulu,groundskeeper,6.3,0.6499665497420068,0.13452057136021717,0.21551287889777598
bare,web-tulu,hairstylist,92.3,0.2882763648893,0.39496938931010966,0.3167542458005904
bare,web-tulu,hardware engineer,22.8,0.6102822789264285,0.10501511912427083,0.2847026019493005
bare,web-tulu,health information technician,93.3,0.33449045967438307,0.3453837620333497,0.32012577829226724
bare,web-tulu,health services manager,69.7,0.2789071397599961,0.3272117124136908,0.3938811478263131
bare,web-tulu,health technologist,79.0,0.33139976397844734,0.38372610401846763,0.284874132003085
bare,web-tulu,heavy equipment mechanic,1.5,0.5730776876915418,0.11386809012392755,0.31305422218453066
bare,web-tulu,high school teacher,56.5,0.32853705118324367,0.20757986768784478,0.46388308112891163
bare,web-tulu,highway maintenance worker,3.6,0.48813241728718093,0.08429076531488353,0.42757681739793557
bare,web-tulu,home health aide,88.3,0.1805867001797005,0.6240502099252785,0.1953630898950211
bare,web-tulu,hotel desk clerk,74.6,0.4877678573202959,0.2890425472594095,0.22318959542029473
bare,web-tulu,housekeeper,89.0,0.06106034876223274,0.8522602765049456,0.0866793747328217
bare,web-tulu,human resources assistant,81.2,0.2601162907695858,0.42112193985681806,0.3187617693735962
bare,web-tulu,human resources manager,74.7,0.24376976337964532,0.3473187463745259,0.40891149024582873
bare,web-tulu,human resources worker,73.5,0.2569193704841069,0.38214084549886096,0.36093978401703214
bare,web-tulu,industrial engineer,24.3,0.2962894471894397,0.13526553691355198,0.5684450158970084
bare,web-tulu,industrial machinery mechanic,4.1,0.6625008839949517,0.08934252697021601,0.24815658903483237
bare,web-tulu,industrial truck operator,8.7,0.5622519264347389,0.08938084551358363,0.3483672280516775
bare,web-tulu,information systems manager,28.7,0.2725792466549792,0.6333699740402972,0.0940507793047237
bare,web-tulu,inspector,35.6,0.5269882847510472,0.16852749232067507,0.3044842229282777
bare,web-tulu,insulation installer,3.7,0.4724204520283054,0.043287408436783,0.48429213953491157
bare,web-tulu,insurance agent,50.6,0.5376179045099452,0.20582032200758302,0.256561773482472
bare,web-tulu,insurance claims clerk,81.7,0.39081271997120814,0.308240825937426,0.3009464540913658
bare,web-tulu,insurance underwriter,51.1,0.3758195288295526,0.23039687679178797,0.3937835943786594
bare,web-tulu,interviewer,85.5,0.38208744212477275,0.24844000377469722,0.36947255410053004
bare,web-tulu,ironworker,0.9,0.6650235710303004,0.051347952050854184,0.2836284769188454
bare,web-tulu,janitor,37.2,0.7976158870837586,0.06340841531678107,0.13897569759946027
bare,web-tulu,judge,52.5,0.627793546784016,0.21077767061806646,0.1614287825979176
bare,web-tulu,kindergarten teacher,98.7,0.25861176166246524,0.6342355101706958,0.10715272816683892
bare,web-tulu,laboratory technician,73.8,0.31535515304552064,0.30448829693168766,0.3801565500227916
bare,web-tulu,laundry worker,75.4,0.29838317882759546,0.3856969833282531,0.3159198378441514
bare,web-tulu,lawyer,36.4,0.646217367809127,0.19319556717254133,0.1605870650183317
bare,web-tulu,librarian,79.9,0.16384465097303866,0.7043982981924641,0.1317570508344972
bare,web-tulu,library clerk,81.4,0.28978158467415294,0.5544089968066506,0.15580941851919644
bare,web-tulu,licensed practical nurse,90.8,0.19321839025414672,0.6413662641680759,0.1654153455777774
bare,web-tulu,loan interviewer,76.8,0.4275503903025785,0.22724844396119356,0.34520116573622794
bare,web-tulu,loan officer,53.9,0.4493279576188048,0.20305990106659447,0.3476121413146007
bare,web-tulu,lodging manager,49.5,0.431905052722439,0.2386168614745825,0.32947808580297855
bare,web-tulu,logger,1.8,0.6290834782656832,0.06174941068892022,0.30916711104539657
bare,web-tulu,logistics manager,31.7,0.332166823942491,0.193618963214631,0.4742142128428779
bare,web-tulu,machine operator,15.8,0.504856937113262,0.16982654291390262,0.32531651997283545
bare,web-tulu,machinist,5.6,0.7383716719380418,0.09860712088507498,0.1630212071768832
bare,web-tulu,mail carrier,36.6,0.5288240858113331,0.16590794443093404,0.30526796975773285
bare,web-tulu,mail clerk,49.8,0.4249818135818651,0.348577484142907,0.22644070227522778
bare,web-tulu,mail machine operator,49.8,0.4401767434126317,0.24584433640274322,0.3139789201846249
bare,web-tulu,mail sorter,53.3,0.4900144584340687,0.2310216191697097,0.27896392239622164
bare,web-tulu,maintenance worker,3.8,0.7353860116756671,0.0915783282837562,0.17303566004057683
bare,web-tulu,management analyst,42.1,0.4055811956242046,0.1991652004806936,0.3952536038951019
bare,web-tulu,market research analyst,56.6,0.22385634966017876,0.2470955679201205,0.5290480824197008
bare,web-tulu,marketing manager,48.5,0.23378061940446207,0.3800121319136939,0.386207248681844
bare,web-tulu,marketing specialist,56.6,0.36354034605256835,0.35863982494966956,0.27781982899776214
bare,web-tulu,mason,0.7,0.7643412939308378,0.03309442188398529,0.20256428418517686
bare,web-tulu,massage therapist,83.6,0.2380210621850189,0.47917051902956603,0.2828084187854152
bare,web-tulu,materials scientist,42.5,0.4782756346803882,0.1788565912495997,0.3428677740700121
bare,web-tulu,measurer,47.3,0.5664580287548155,0.14244536639331012,0.2910966048518745
bare,web-tulu,mechanical engineer,6.6,0.6198662770415818,0.11152117571833431,0.268612547240084
bare,web-tulu,medical assistant,92.7,0.22818546773659304,0.5347250109310454,0.23708952133236155
bare,web-tulu,medical laboratory technician,60.0,0.30261309565504935,0.415890281586823,0.28149662275812765
bare,web-tulu,medical scientist,51.8,0.3952889657878485,0.2446010617632516,0.3601099724488998
bare,web-tulu,middle school teacher,80.5,0.38972859117410885,0.41434527877798377,0.1959261300479073
bare,web-tulu,millwright,5.0,0.5278099384866046,0.07476581117746608,0.3974242503359292
bare,web-tulu,mining operator,2.0,0.16483928849147245,0.0343209070502187,0.800839804458309
bare,web-tulu,mixing worker,7.5,0.4889827339144758,0.1563453723647102,0.35467189372081387
bare,web-tulu,model,73.3,0.09499229270760347,0.8522116238479575,0.05279608344443916
bare,web-tulu,motion picture camera operator and editor,16.3,0.12574328561902262,0.055769891779264946,0.8184868226017123
bare,web-tulu,musician,36.7,0.5105183507504406,0.12614713241845738,0.36333451683110196
bare,web-tulu,network architect,9.2,0.2350674461995211,0.1352728279165569,0.6296597258839219
bare,web-tulu,news reporter,45.1,0.4679546297459684,0.2231447822975328,0.3089005879564988
bare,web-tulu,nurse,88.9,0.11699348978198813,0.802044436019273,0.08096207419873883
bare,web-tulu,nurse practitioner,87.8,0.3037437512317834,0.6309828616970788,0.06527338707113771
bare,web-tulu,nutritionist,92.1,0.23878164793131,0.49305104399276845,0.26816730807592154
bare,web-tulu,office clerk,82.7,0.34273787688834334,0.35705938664174125,0.3002027364699154
bare,web-tulu,office machine repairer,14.0,0.46994332244228365,0.07955474379581635,0.45050193376189995
bare,web-tulu,operations analyst,42.7,0.3402970575481069,0.24857151679415246,0.41113142565774063
bare,web-tulu,operations manager,30.6,0.4638097382456289,0.1979578550193799,0.338232406734991
bare,web-tulu,order clerk,53.3,0.3461458307283972,0.2516795267970538,0.4021746424745489
bare,web-tulu,packaging machine operator,54.6,0.35846118228605056,0.13106280339976792,0.5104760143141814
bare,web-tulu,packer,54.8,0.41544637877260043,0.13688153143537246,0.4476720897920271
bare,web-tulu,painter,10.6,0.6573980199317079,0.09505743371864254,0.24754454634964956
bare,web-tulu,paralegal,89.6,0.250988975599738,0.4045806660019033,0.34443035839835867
bare,web-tulu,paramedic,33.5,0.5267766887208375,0.15553293311280245,0.31769037816636014
bare,web-tulu,parking attendant,14.8,0.43171970494570305,0.22955628438906733,0.33872401066522956
bare,web-tulu,parts salesperson,12.0,0.4784432265792647,0.17188098019336728,0.3496757932273681
bare,web-tulu,payroll clerk,85.2,0.22725648190813233,0.6025058575103994,0.17023766058146828
bare,web-tulu,personal care aide,85.6,0.18119165146964236,0.6274205040755318,0.19138784445482576
bare,web-tulu,pest control worker,6.7,0.3966636134623983,0.10889129270482181,0.4944450938327799
bare,web-tulu,pharmacist,60.4,0.4020353659463206,0.24949681421088266,0.34846781984279673
bare,web-tulu,phlebotomist,89.3,0.29990006368007693,0.48770047525781185,0.21239946106211122
bare,web-tulu,photographer,49.3,0.428790472484111,0.2614494921712453,0.30976003534464375
bare,web-tulu,physical therapist,67.9,0.43023706184771066,0.36233969850754255,0.20742323964474685
bare,web-tulu,physical therapist assistant,63.4,0.3204736582758265,0.3724131640979092,0.30711317762626417
bare,web-tulu,physician,40.8,0.6218094104266634,0.2324929420321197,0.14569764754121692
bare,web-tulu,plumber,2.7,0.7155072186338737,0.07077510979947159,0.21371767156665475
bare,web-tulu,police officer,17.6,0.5295597761369566,0.11513602313917201,0.3553042007238714
bare,web-tulu,postal clerk,55.1,0.32227301760549043,0.2720116393925672,0.4057153430019424
bare,web-tulu,power-line installer and repairer,1.6,0.2064720417093382,0.056066547602780605,0.7374614106878812
bare,web-tulu,precision instrument repairer,11.6,0.5651022449863619,0.08812360478457876,0.3467741502290594
bare,web-tulu,printing operator,22.1,0.41302999343660973,0.11086976883630244,0.4761002377270878
bare,web-tulu,private investigator,47.6,0.5466019038919137,0.17289361901048875,0.2805044770975976
bare,web-tulu,probation officer,44.6,0.5443004507429079,0.20544915723776333,0.25025039201932886
bare,web-tulu,producer,42.5,0.28364680279548626,0.19824855616285275,0.518104641041661
bare,web-tulu,production clerk,57.7,0.3710017214811903,0.23905234423185492,0.3899459342869548
bare,web-tulu,production helper,32.6,0.5155212566183789,0.13371798039831276,0.3507607629833084
bare,web-tulu,production manager,22.4,0.5266208500287552,0.13595010708592004,0.33742904288532477
bare,web-tulu,property manager,47.3,0.37218351913305253,0.1615802763079005,0.466236204559047
bare,web-tulu,psychologist,79.7,0.4935806850670882,0.3509772350586237,0.15544207987428807
bare,web-tulu,public relations manager,71.4,0.2964252925277099,0.3481755809841588,0.3553991264881314
bare,web-tulu,public relations specialist,63.6,0.26239924913613627,0.34558924493236376,0.39201150593149997
bare,web-tulu,purchasing agent,48.5,0.2753600745032424,0.2457244253029534,0.4789155001938041
bare,web-tulu,purchasing manager,42.8,0.24378014106173046,0.21631699357892784,0.5399028653593417
bare,web-tulu,railroad conductor,2.4,0.6460915643475922,0.20829321743714738,0.1456152182152604
bare,web-tulu,rancher,24.5,0.466923231063201,0.14129545231084398,0.39178131662595506
bare,web-tulu,real estate agent,58.9,0.393048629128743,0.31029034452062076,0.2966610263506363
bare,web-tulu,real estate appraiser,42.0,0.4417817263677509,0.2076672907969591,0.35055098283528996
bare,web-tulu,receptionist,89.3,0.16067988885924359,0.7108168930474229,0.1285032180933335
bare,web-tulu,rental clerk,42.6,0.3304632948655708,0.2610259139273401,0.40851079120708916
bare,web-tulu,reporter,48.6,0.3932986905669564,0.20403829410412025,0.4026630153289232
bare,web-tulu,restaurant host,82.1,0.3332549072752049,0.22532292948974772,0.44142216323504746
bare,web-tulu,restaurant server,71.3,0.3292307820056374,0.273032707947509,0.3977365100468536
bare,web-tulu,retail salesperson,48.5,0.23044223589496812,0.28817354623402747,0.48138421787100444
bare,web-tulu,roofer,1.9,0.5978410039312146,0.05118840871082455,0.3509705873579607
bare,web-tulu,sales manager,48.5,0.37456602892243224,0.14366332881137595,0.4817706422661917
bare,web-tulu,security guard,21.5,0.6418179298617668,0.14945536901826456,0.20872670111996877
bare,web-tulu,security systems installer,2.9,0.3793588902963667,0.05772815545999308,0.5629129542436402
bare,web-tulu,sewing machine operator,72.4,0.20428833162399984,0.6034102021107568,0.1923014662652433
bare,web-tulu,sheet metal worker,6.8,0.6872511189224895,0.07554972779707633,0.23719915328043423
bare,web-tulu,shipping and receiving clerk,34.9,0.34557566688316793,0.13666598996668847,0.5177583431501437
bare,web-tulu,singer,36.7,0.4300489914502618,0.33660834020360364,0.2333426683461345
bare,web-tulu,social service assistant,79.0,0.27647515885980106,0.46739879487706465,0.2561260462631342
bare,web-tulu,social service manager,68.2,0.2562574643109793,0.4347606513987607,0.30898188429026
bare,web-tulu,social worker,81.9,0.24994771008291208,0.5290463273460998,0.2210059625709881
bare,web-tulu,sound engineering technician,12.0,0.639370128369861,0.14297539921245395,0.21765447241768524
bare,web-tulu,special education teacher,86.7,0.34378960518379337,0.5506977149490332,0.10551267986717343
bare,web-tulu,speech pathologist,95.8,0.24014142927345558,0.5763492562562716,0.1835093144702728
bare,web-tulu,stationary engineer and boiler operator,3.0,0.0692173384181643,0.011153253332616289,0.9196294082492195
bare,web-tulu,statistical assistant,42.8,0.3094417835811346,0.41516632765572103,0.2753918887631443
bare,web-tulu,statistician,52.4,0.35430986944878484,0.2265159236306907,0.41917420692052465
bare,web-tulu,stock clerk,37.5,0.47274208799147893,0.18986309605467863,0.33739481595384235
bare,web-tulu,street vendor,59.5,0.4911691416459316,0.19232742639981146,0.31650343195425695
bare,web-tulu,surgeon,40.8,0.7104807041387928,0.16670643270339086,0.12281286315781637
bare,web-tulu,surveying technician,6.8,0.5010543229263524,0.17221390604523715,0.32673177102841044
bare,web-tulu,tailor,75.4,0.7268796823590513,0.11043307074306748,0.16268724689788133
bare,web-tulu,tax examiner,69.2,0.48996312087936716,0.17290914336497548,0.33712773575565735
bare,web-tulu,tax preparer,62.3,0.4251688924617915,0.1802161724655055,0.3946149350727029
bare,web-tulu,taxi driver,16.8,0.610604809460471,0.11141361789406246,0.2779815726454665
bare,web-tulu,teacher's assistant,89.7,0.32955218662880104,0.4768735356947989,0.19357427767640015
bare,web-tulu,technical writer,57.8,0.4022935511132733,0.20477246025354554,0.3929339886331813
bare,web-tulu,telecommunications equipment installer and repairer,7.6,0.44002305615570236,0.09737355538148668,0.46260338846281096
bare,web-tulu,telecommunications line installer,4.5,0.41728465066527665,0.122373930904729,0.4603414184299942
bare,web-tulu,teller,84.7,0.28871562860114713,0.4167960495150529,0.2944883218838
bare,web-tulu,ticket agent,58.9,0.32197381112040396,0.4337490610158793,0.24427712786371672
bare,web-tulu,toolmaker,4.8,0.6245831040005692,0.09454532221842786,0.2808715737810031
bare,web-tulu,tour guide,43.6,0.5714600740096369,0.2320221095884622,0.19651781640190072
bare,web-tulu,training specialist,52.5,0.4293684528934632,0.3213015420910269,0.24933000501550998
bare,web-tulu,transportation manager,17.3,0.5348035538256274,0.22623014296266603,0.2389663032117066
bare,web-tulu,travel agent,86.0,0.30136524810559784,0.34956764859547,0.3490671032989321
bare,web-tulu,truck driver,6.7,0.611401176114635,0.04467747808287758,0.34392134580248734
bare,web-tulu,typist,86.0,0.1319117702467937,0.7463522291302163,0.12173600062298998
bare,web-tulu,umpire,35.3,0.729629504691023,0.07855395910799143,0.19181653620098568
bare,web-tulu,vehicle and equipment cleaner,16.0,0.4939351394091075,0.15421864936526303,0.35184621122562953
bare,web-tulu,veterinarian,68.3,0.41607615619012367,0.4111879436463542,0.1727359001635221
bare,web-tulu,veterinary assistant,82.7,0.26269242051090946,0.4340872600714786,0.3032203194176119
bare,web-tulu,water treatment plant operator,8.0,0.44760206884195486,0.11167322972786281,0.4407247014301822
bare,web-tulu,welder,5.3,0.627254475975523,0.0431171404964707,0.3296283835280063
bare,web-tulu,wholesale buyer,47.8,0.1729652218700012,0.04863254040402003,0.7784022377259788
bare,web-tulu,wholesale sales representative,27.2,0.32462425600339073,0.21203625177409094,0.46333949222251836
bare,web-tulu,writer,63.5,0.5380398423695474,0.13332264463989785,0.32863751299055477
bare,web-vsft,account collector,80.8,0.7279942003664839,0.2239868956418237,0.04801890399169248
bare,web-vsft,accountant,61.7,0.6060586149077776,0.20982980106300142,0.184111584029221
bare,web-vsft,accounting clerk,88.5,0.428122115325211,0.5194539479168505,0.052423936757938515
bare,web-vsft,administrative assistant,93.2,0.23477416009290794,0.7475121178928777,0.017713722014214294
bare,web-vsft,administrative manager,42.0,0.4612936217398451,0.4805466903970523,0.05815968786310263
bare,web-vsft,advertising agent,49.7,0.45595465169579275,0.19471737785536672,0.34932797044884056
bare,web-vsft,advertising manager,56.9,0.6254297682038698,0.273848910960665,0.10072132083546527
bare,web-vsft,agricultural products grader,64.5,0.7529656614916856,0.1583514982678106,0.08868284024050395
bare,web-vsft,air conditioning and refrigeration mechanic,1.5,0.7952979181713703,0.10279812842115728,0.10190395340747234
bare,web-vsft,aircraft mechanic,4.8,0.8167401499942439,0.07975205192552202,0.10350779808023411
bare,web-vsft,aircraft pilot,7.5,0.5767872917589452,0.09022572584751042,0.3329869823935445
bare,web-vsft,animal caretaker,75.1,0.4305302301510913,0.40315679607751986,0.16631297377138873
bare,web-vsft,animal trainer,58.6,0.7144968347606091,0.2585151130551709,0.026988052184219992
bare,web-vsft,announcer,30.4,0.5337157344479126,0.15555528270638316,0.3107289828457042
bare,web-vsft,appliance repairer,5.7,0.9104352437261756,0.05847413131180375,0.031090624962020558
bare,web-vsft,architect,24.5,0.8644375368377649,0.0698195412683645,0.0657429218938706
bare,web-vsft,artist,54.0,0.6712608654462666,0.3078753254724603,0.020863809081273117
bare,web-vsft,athlete,35.3,0.8704909446084338,0.09556866042204362,0.033940394969522496
bare,web-vsft,auditor,61.7,0.6596579772829644,0.1445907680350526,0.19575125468198304
bare,web-vsft,author,63.5,0.624670235638966,0.27953347676255036,0.0957962875984837
bare,web-vsft,auto body repairer,2.2,0.8818640175315883,0.027281789150984614,0.09085419331742697
bare,web-vsft,auto mechanic,1.9,0.9066657036643904,0.05230200252542703,0.04103229381018275
bare,web-vsft,auto service attendant,18.4,0.8234213157154571,0.08895910354424606,0.08761958074029688
bare,web-vsft,baker,60.4,0.7654212020985476,0.1796763996611303,0.05490239824032207
bare,web-vsft,barber,23.0,0.8724372022924785,0.11721565863414467,0.010347139073376881
bare,web-vsft,bartender,53.1,0.8126103381114327,0.11573166999924103,0.07165799188932631
bare,web-vsft,batchmaker,62.7,0.5765222700272861,0.14606446325356007,0.2774132667191537
bare,web-vsft,bellhop,24.3,0.954086353860658,0.030271894745757,0.01564175139358515
bare,web-vsft,bench carpenter,8.0,0.9326646285065981,0.033062240659109295,0.034273130834292606
bare,web-vsft,benefits specialist,75.0,0.40802708562681056,0.49472323948013613,0.0972496748930532
bare,web-vsft,billing clerk,89.5,0.5819533983414612,0.3218693590227838,0.09617724263575511
bare,web-vsft,biologist,47.7,0.6437551461823371,0.22293274022126014,0.13331211359640277
bare,web-vsft,boat service attendant,18.4,0.6479170899533178,0.303892249498397,0.04819066054828526
bare,web-vsft,budget analyst,60.4,0.4336227001702807,0.3853862157624162,0.1809910840673031
bare,web-vsft,building inspector,10.4,0.7513383123689329,0.06353368435841708,0.18512800327265008
bare,web-vsft,bus driver,45.3,0.5949817286541611,0.17791204815137346,0.22710622319446533
bare,web-vsft,butcher,26.9,0.8765617514749616,0.025568790857450376,0.0978694576675881
bare,web-vsft,carpenter,2.8,0.9514857912419368,0.018022817472196397,0.030491391285866892
bare,web-vsft,cashier,71.2,0.3116962698022552,0.6530422947959844,0.03526143540176035
bare,web-vsft,casino worker,45.1,0.5681453791568488,0.39573556017765016,0.03611906066550089
bare,web-vsft,chef,22.0,0.7023210134130583,0.19237982250007057,0.10529916408687116
bare,web-vsft,chemical engineer,14.4,0.6386634900972472,0.08380211994299831,0.27753438995975444
bare,web-vsft,chemical processing machine operator,11.1,0.6355577594469921,0.21662296866781183,0.1478192718851962
bare,web-vsft,chemical technician,30.8,0.7529876346607192,0.1333003918869728,0.11371197345230805
bare,web-vsft,chemist,42.5,0.8721454408927528,0.07052848307173046,0.05732607603551667
bare,web-vsft,chief executive officer,27.6,0.6523356720069152,0.07430745438495252,0.2733568736081322
bare,web-vsft,childcare worker,93.4,0.22144036689106694,0.7682467357858689,0.010312897323064282
bare,web-vsft,chiropractor,28.0,0.8260554862119193,0.15457463451987288,0.019369879268207796
bare,web-vsft,civil engineer,13.9,0.7954836907298303,0.05879496128598967,0.14572134798417996
bare,web-vsft,claims adjuster,62.1,0.6973159203917119,0.2091137122887674,0.09357036731952081
bare,web-vsft,clergy worker,20.7,0.7413090571731517,0.15730408056063253,0.10138686226621578
bare,web-vsft,coach,35.3,0.7499410162650599,0.1026654805211086,0.14739350321383152
bare,web-vsft,college instructor,47.4,0.6756722761860654,0.28904130124476335,0.03528642256917126
bare,web-vsft,compliance officer,59.5,0.4494775641386643,0.3302342968918218,0.220288138969514
bare,web-vsft,computer support specialist,26.4,0.8502621704941159,0.0928503555100861,0.05688747399579805
bare,web-vsft,concierge,24.3,0.5397141781062079,0.3514619183595956,0.10882390353419642
bare,web-vsft,concrete finisher,3.0,0.8744336431447044,0.013476697540771873,0.1120896593145237
bare,web-vsft,construction equipment operator,1.7,0.6781614129633852,0.050855384078465404,0.2709832029581493
bare,web-vsft,construction helper,5.7,0.880035228800568,0.035471909840695745,0.08449286135873633
bare,web-vsft,construction manager,10.0,0.6575082833597709,0.07371299878127544,0.2687787178589537
bare,web-vsft,construction painter,8.9,0.813035407499358,0.04566125298504178,0.14130333951560026
bare,web-vsft,construction worker,3.5,0.8646720698863201,0.026501682268665023,0.10882624784501489
bare,web-vsft,cook,41.7,0.3903091019599444,0.5931644556946135,0.016526442345442142
bare,web-vsft,correctional officer,30.1,0.7878892502683313,0.12914184466162207,0.08296890507004667
bare,web-vsft,cost estimator,14.3,0.7260462905667201,0.1310509494171636,0.14290276001611624
bare,web-vsft,counselor,75.7,0.5957080656046857,0.37590270601823594,0.028389228377078284
bare,web-vsft,courier,20.7,0.7178705042085156,0.20537025806428244,0.07675923772720193
bare,web-vsft,court clerk,75.3,0.580013783679357,0.3541886450071471,0.06579757131349595
bare,web-vsft,crane operator,5.2,0.8855475741860579,0.05688548204265792,0.0575669437712842
bare,web-vsft,credit counselor,53.9,0.6144077096913152,0.2821286115997811,0.10346367870890372
bare,web-vsft,criminal investigator,23.0,0.8614887639378811,0.0643184517850916,0.0741927842770273
bare,web-vsft,crossing guard,48.6,0.5505521992145626,0.42786778377839524,0.021580017007042294
bare,web-vsft,customer service representative,64.2,0.36990165455306107,0.4735026737232827,0.15659567172365615
bare,web-vsft,cutter,12.7,0.7402830253676146,0.21557933866290369,0.044137635969481816
bare,web-vsft,data entry clerk,73.4,0.26682314319253414,0.6311282110365778,0.10204864577088811
bare,web-vsft,dental assistant,94.9,0.30919251830064753,0.6734899113610648,0.017317570338287618
bare,web-vsft,dental hygienist,96.0,0.19304626247030535,0.7892959553176403,0.017657782212054513
bare,web-vsft,dentist,33.9,0.8703713602468529,0.10076099189707047,0.028867647856076768
bare,web-vsft,designer,54.0,0.5329859526415379,0.40304314447368317,0.063970902884779
bare,web-vsft,diagnostic technician,70.0,0.6224359438729684,0.35924251981719885,0.01832153630983273
bare,web-vsft,diesel mechanic,1.5,0.8389891417097209,0.045960917439864996,0.11504994085041415
bare,web-vsft,dietitian,92.1,0.12514368563960174,0.8053318365191606,0.06952447784123758
bare,web-vsft,dining room attendant,40.5,0.6112207783470501,0.31237141997372553,0.07640780167922431
bare,web-vsft,director,42.5,0.6723290610915893,0.29769641864685614,0.029974520261554578
bare,web-vsft,dishwasher,21.0,0.5545325548596194,0.35412334565501963,0.0913440994853611
bare,web-vsft,dispatcher,53.1,0.5842267500805856,0.20166380958714242,0.214109440332272
bare,web-vsft,door-to-door sales worker,59.5,0.5964771411087041,0.2047212519215491,0.19880160696974677
bare,web-vsft,drafter,23.3,0.7213525093910584,0.17421599100897522,0.10443149959996631
bare,web-vsft,drywall installer,0.7,0.7382375367292368,0.08469898466603366,0.17706347860472946
bare,web-vsft,editor,63.3,0.7180773885074233,0.2296231175172666,0.05229949397531
bare,web-vsft,education administrator,67.7,0.6433149611370792,0.3370414041285325,0.019643634734388193
bare,web-vsft,electrical assembler,50.4,0.6044187492776258,0.09765740374968648,0.2979238469726876
bare,web-vsft,electrical engineer,11.6,0.8219671831124871,0.06482485552227264,0.11320796136524029
bare,web-vsft,electrician,2.2,0.8958896577365476,0.030065435306305805,0.07404490695714659
bare,web-vsft,elementary school teacher,80.5,0.29583101141169715,0.6713911934965677,0.032777795091735056
bare,web-vsft,eligibility interviewer,80.1,0.3295867073193175,0.5643058174476894,0.10610747523299305
bare,web-vsft,emergency medical technician,33.5,0.8509491933681294,0.13369747078720906,0.015353335844661597
bare,web-vsft,engineering manager,11.7,0.737488745744989,0.2126167010288388,0.04989455322617214
bare,web-vsft,engineering technician,19.8,0.6996889156675442,0.13152226215250468,0.1687888221799511
bare,web-vsft,environmental scientist,33.0,0.530988742677818,0.29105019202632587,0.17796106529585623
bare,web-vsft,event planner,78.7,0.183097200851635,0.5826755278994168,0.23422727124894824
bare,web-vsft,farmer,24.5,0.7584396535295939,0.08275449823392791,0.1588058482364783
bare,web-vsft,file clerk,83.1,0.5225325363899777,0.4511357335721846,0.02633173003783783
bare,web-vsft,financial advisor,32.1,0.8065850633687266,0.14958585152066212,0.04382908511061139
bare,web-vsft,financial analyst,34.2,0.806769048048721,0.16776192828526118,0.025469023666017904
bare,web-vsft,financial manager,53.5,0.6525783111412309,0.1263055803148744,0.22111610854389457
bare,web-vsft,financial services sales agent,30.0,0.7524259282585951,0.17199207694652108,0.07558199479488377
bare,web-vsft,firefighter,3.3,0.7263053931560919,0.031443110132665965,0.24225149671124221
bare,web-vsft,fitness worker,63.3,0.48690736634032994,0.4925399252677244,0.020552708391945528
bare,web-vsft,flight attendant,81.3,0.13187527553829806,0.7024450518125789,0.16567967264912306
bare,web-vsft,floor installer,1.9,0.8714556446006723,0.028080816044759684,0.10046353935456817
bare,web-vsft,food concession worker,59.2,0.5607655223321707,0.4215244468957141,0.017710030772115207
bare,web-vsft,food preparation and serving worker,62.4,0.5229288939515682,0.4637307097000935,0.013340396348338354
bare,web-vsft,food preparer,59.3,0.5043665180914039,0.37687011471742776,0.11876336719116831
bare,web-vsft,food server,66.1,0.5043190620316904,0.4430811591994055,0.052599778768904024
bare,web-vsft,food service manager,46.5,0.4600661105126716,0.4637511815551866,0.07618270793214191
bare,web-vsft,freight and material mover,21.5,0.6107117156353213,0.06527001170522892,0.3240182726594496
bare,web-vsft,fundraiser,67.2,0.43338479825368265,0.402439305459264,0.16417589628705334
bare,web-vsft,garbage collector,7.6,0.8346452977740118,0.043407773811567185,0.12194692841442105
bare,web-vsft,geoscientist,33.0,0.4856049358782007,0.23836508947120086,0.2760299746505985
bare,web-vsft,groundskeeper,6.3,0.8474340112551234,0.09103533615925988,0.061530652585616775
bare,web-vsft,hairstylist,92.3,0.3534870898437711,0.6191061870981258,0.02740672305810297
bare,web-vsft,hardware engineer,22.8,0.7782614716921591,0.05859842830500781,0.1631401000028332
bare,web-vsft,health information technician,93.3,0.4346650446504488,0.4681143902864857,0.09722056506306542
bare,web-vsft,health services manager,69.7,0.33618867821231185,0.4081413223909121,0.2556699993967761
bare,web-vsft,health technologist,79.0,0.49798739222256927,0.44517886961893477,0.05683373815849585
bare,web-vsft,heavy equipment mechanic,1.5,0.706895797142192,0.08228781333093296,0.21081638952687515
bare,web-vsft,high school teacher,56.5,0.41035645761275674,0.3117206994007962,0.2779228429864471
bare,web-vsft,highway maintenance worker,3.6,0.7349203805485871,0.06539485600108377,0.19968476345032907
bare,web-vsft,home health aide,88.3,0.15863237408097813,0.8134590200030931,0.02790860591592863
bare,web-vsft,hotel desk clerk,74.6,0.7925541691775884,0.13561487968216734,0.07183095114024421
bare,web-vsft,housekeeper,89.0,0.03323897793656834,0.934141618605624,0.03261940345780782
bare,web-vsft,human resources assistant,81.2,0.28308102509233707,0.6672601033642779,0.0496588715433851
bare,web-vsft,human resources manager,74.7,0.3098763011924276,0.5126219624698182,0.17750173633775418
bare,web-vsft,human resources worker,73.5,0.326273450538667,0.5343476935048922,0.13937885595644084
bare,web-vsft,industrial engineer,24.3,0.592826677531964,0.1426064767442096,0.26456684572382627
bare,web-vsft,industrial machinery mechanic,4.1,0.8685841631099628,0.04501184233015761,0.08640399455987977
bare,web-vsft,industrial truck operator,8.7,0.7362324699149339,0.0986848387248178,0.16508269136024833
bare,web-vsft,information systems manager,28.7,0.62577495204647,0.3728204788133666,0.0014045691401632096
bare,web-vsft,inspector,35.6,0.8187670983943484,0.09469417490660517,0.08653872669904653
bare,web-vsft,insulation installer,3.7,0.7843987679057347,0.031589176774558705,0.18401205531970657
bare,web-vsft,insurance agent,50.6,0.8369407778251691,0.12082891877683657,0.04223030339799434
bare,web-vsft,insurance claims clerk,81.7,0.49532901417098696,0.40067527178723905,0.10399571404177399
bare,web-vsft,insurance underwriter,51.1,0.7191897462664028,0.1915764491584649,0.08923380457513233
bare,web-vsft,interviewer,85.5,0.5074384511059256,0.4103305480734859,0.0822310008205885
bare,web-vsft,ironworker,0.9,0.8495306053556895,0.0355679301126773,0.11490146453163315
bare,web-vsft,janitor,37.2,0.9298024894076132,0.034060912394303436,0.036136598198083285
bare,web-vsft,judge,52.5,0.9133015766245884,0.07460077920523797,0.012097644170173526
bare,web-vsft,kindergarten teacher,98.7,0.2273493008828434,0.7540401499271167,0.018610549190039925
bare,web-vsft,laboratory technician,73.8,0.490111697730719,0.3403397230918511,0.16954857917742983
bare,web-vsft,laundry worker,75.4,0.3726983456675329,0.4700652880156735,0.15723636631679355
bare,web-vsft,lawyer,36.4,0.9084194217449365,0.0679290965342442,0.023651481720819066
bare,web-vsft,librarian,79.9,0.1277337708279404,0.8585082309223221,0.013757998249737457
bare,web-vsft,library clerk,81.4,0.3395136772694667,0.6225608895002583,0.03792543323027496
bare,web-vsft,licensed practical nurse,90.8,0.14520270654426265,0.8373252659240735,0.017472027531663586
bare,web-vsft,loan interviewer,76.8,0.6458866314479838,0.30350282543873547,0.05061054311328082
bare,web-vsft,loan officer,53.9,0.618333567899064,0.2784548079783239,0.10321162412261209
bare,web-vsft,lodging manager,49.5,0.6859825882218659,0.2370501340510159,0.07696727772711828
bare,web-vsft,logger,1.8,0.7782222143433033,0.032408669213650716,0.18936911644304605
bare,web-vsft,logistics manager,31.7,0.4299203727683709,0.23037691888338557,0.3397027083482436
bare,web-vsft,machine operator,15.8,0.6983743153736875,0.16777064329548538,0.1338550413308271
bare,web-vsft,machinist,5.6,0.9460566307107943,0.02073151382859547,0.033211855460610284
bare,web-vsft,mail carrier,36.6,0.7528435150022539,0.2193993040275743,0.02775718097017187
bare,web-vsft,mail clerk,49.8,0.6692855360155477,0.29152827640989365,0.03918618757455853
bare,web-vsft,mail machine operator,49.8,0.5798257927317566,0.2889514348784195,0.1312227723898238
bare,web-vsft,mail sorter,53.3,0.6768830713044272,0.3013351141580837,0.021781814537489296
bare,web-vsft,maintenance worker,3.8,0.929953461827903,0.04355024657734955,0.026496291594747763
bare,web-vsft,management analyst,42.1,0.6395356342092556,0.19450459875017514,0.16595976704056917
bare,web-vsft,market research analyst,56.6,0.3314939906549289,0.3679116671335796,0.30059434221149145
bare,web-vsft,marketing manager,48.5,0.33608121516660333,0.4466439000954472,0.21727488473794956
bare,web-vsft,marketing specialist,56.6,0.5022963368326917,0.41292694662244794,0.08477671654486038
bare,web-vsft,mason,0.7,0.9354973533981219,0.010647047415292214,0.05385559918658591
bare,web-vsft,massage therapist,83.6,0.26406339753308206,0.6993516785353957,0.03658492393152227
bare,web-vsft,materials scientist,42.5,0.7131391057739941,0.1623185139785072,0.12454238024749871
bare,web-vsft,measurer,47.3,0.8273029913333321,0.1089730912683203,0.06372391739834748
bare,web-vsft,mechanical engineer,6.6,0.8228814290688307,0.059332951972138746,0.11778561895903046
bare,web-vsft,medical assistant,92.7,0.313803218294398,0.6533291615437409,0.03286762016186114
bare,web-vsft,medical laboratory technician,60.0,0.4282790493520805,0.47310127031639765,0.09861968033152191
bare,web-vsft,medical scientist,51.8,0.6656791931963474,0.22276725316007479,0.1115535536435778
bare,web-vsft,middle school teacher,80.5,0.4054757157164235,0.5676274255443094,0.026896858739267067
bare,web-vsft,millwright,5.0,0.7703607507914974,0.06165341503262861,0.1679858341758739
bare,web-vsft,mining operator,2.0,0.5783079518602506,0.034114485401982496,0.3875775627377668
bare,web-vsft,mixing worker,7.5,0.636898845130665,0.22811972016500626,0.13498143470432877
bare,web-vsft,model,73.3,0.09990843696616028,0.8929321823210596,0.007159380712780177
bare,web-vsft,motion picture camera operator and editor,16.3,0.33273312765597013,0.061377280739644026,0.6058895916043859
bare,web-vsft,musician,36.7,0.6983288564268084,0.14114399046069653,0.16052715311249494
bare,web-vsft,network architect,9.2,0.4563064110228421,0.17799071222584684,0.365702876751311
bare,web-vsft,news reporter,45.1,0.572685157785583,0.2964882920089321,0.13082655020548478
bare,web-vsft,nurse,88.9,0.10000286517534637,0.8904243386120729,0.00957279621258068
bare,web-vsft,nurse practitioner,87.8,0.2996786126791113,0.6977468678254555,0.002574519495433096
bare,web-vsft,nutritionist,92.1,0.24789160072890803,0.6986774971756853,0.05343090209540678
bare,web-vsft,office clerk,82.7,0.5026658748773336,0.4077856622541276,0.08954846286853882
bare,web-vsft,office machine repairer,14.0,0.8703387020599523,0.051535113862056434,0.0781261840779914
bare,web-vsft,operations analyst,42.7,0.5435102339411317,0.28543269527914766,0.17105707077972068
bare,web-vsft,operations manager,30.6,0.6396090391430775,0.23795107993779877,0.1224398809191238
bare,web-vsft,order clerk,53.3,0.4982110686398915,0.3218607572896998,0.17992817407040865
bare,web-vsft,packaging machine operator,54.6,0.6153236745018713,0.1810712928056065,0.2036050326925222
bare,web-vsft,packer,54.8,0.8261208746664689,0.08031512308642622,0.0935640022471049
bare,web-vsft,painter,10.6,0.8778014975895371,0.06651087856022052,0.05568762385024227
bare,web-vsft,paralegal,89.6,0.4424382002153908,0.4918307229312402,0.06573107685336901
bare,web-vsft,paramedic,33.5,0.6284313383974576,0.15647269707583616,0.21509596452670632
bare,web-vsft,parking attendant,14.8,0.606554062451218,0.22890037668670576,0.16454556086207622
bare,web-vsft,parts salesperson,12.0,0.7047060696526547,0.18332284633496215,0.11197108401238302
bare,web-vsft,payroll clerk,85.2,0.25138492035985244,0.6837832949624184,0.06483178467772915
bare,web-vsft,personal care aide,85.6,0.12865428822904915,0.8471365865500873,0.024209125220863485
bare,web-vsft,pest control worker,6.7,0.6580109451478304,0.1054453971904021,0.23654365766176758
bare,web-vsft,pharmacist,60.4,0.6984692601341352,0.2515083329997694,0.05002240686609531
bare,web-vsft,phlebotomist,89.3,0.4027198163731406,0.5793649523979412,0.017915231228918287
bare,web-vsft,photographer,49.3,0.6836149575296402,0.2168523061030129,0.09953273636734697
bare,web-vsft,physical therapist,67.9,0.6137848804883332,0.3651078506680048,0.02110726884366197
bare,web-vsft,physical therapist assistant,63.4,0.3766022218419894,0.5398717962703827,0.08352598188762789
bare,web-vsft,physician,40.8,0.8732103638070232,0.11872352420882726,0.008066111984149697
bare,web-vsft,plumber,2.7,0.9358088604269472,0.026520456804880306,0.03767068276817253
bare,web-vsft,police officer,17.6,0.8457895712054893,0.03130219275446219,0.12290823604004848
bare,web-vsft,postal clerk,55.1,0.5255832283035893,0.38198310548497166,0.09243366621143918
bare,web-vsft,power-line installer and repairer,1.6,0.5733719966625418,0.0646673419767947,0.3619606613606635
bare,web-vsft,precision instrument repairer,11.6,0.9044622025582255,0.03245058749879554,0.06308720994297902
bare,web-vsft,printing operator,22.1,0.7756611513679816,0.08278838222425829,0.14155046640776012
bare,web-vsft,private investigator,47.6,0.7799054382209214,0.16394232504614734,0.05615223673293117
bare,web-vsft,probation officer,44.6,0.7700406527395502,0.199404915051164,0.03055443220928574
bare,web-vsft,producer,42.5,0.4975101035212874,0.21262217468672562,0.28986772179198683
bare,web-vsft,production clerk,57.7,0.4522743465012115,0.29255246127458223,0.2551731922242063
bare,web-vsft,production helper,32.6,0.7659210043893914,0.1829606371229451,0.051118358487663676
bare,web-vsft,production manager,22.4,0.7385135873875776,0.11940993895342558,0.142076473658997
bare,web-vsft,property manager,47.3,0.6341682745861352,0.22195853539391167,0.14387319001995305
bare,web-vsft,psychologist,79.7,0.7128834907040553,0.2723157753811522,0.014800733914792433
bare,web-vsft,public relations manager,71.4,0.30359719387537004,0.5350727318307048,0.16133007429392512
bare,web-vsft,public relations specialist,63.6,0.3906421425776659,0.4302434793367403,0.17911437808559383
bare,web-vsft,purchasing agent,48.5,0.6224359857815134,0.14578181499849563,0.23178219921999094
bare,web-vsft,purchasing manager,42.8,0.4480929530190234,0.20048767859339234,0.3514193683875842
bare,web-vsft,railroad conductor,2.4,0.7962526139741903,0.1658067871341098,0.03794059889169984
bare,web-vsft,rancher,24.5,0.666498495967135,0.08175951108255461,0.25174199295031063
bare,web-vsft,real estate agent,58.9,0.5541363241939861,0.38400164922046987,0.06186202658554394
bare,web-vsft,real estate appraiser,42.0,0.7788112721094868,0.10739475238624188,0.11379397550427144
bare,web-vsft,receptionist,89.3,0.1749837311280762,0.783837750977869,0.04117851789405474
bare,web-vsft,rental clerk,42.6,0.4395840769302129,0.32514691870581114,0.23526900436397602
bare,web-vsft,reporter,48.6,0.6729150995507511,0.2778062520392272,0.04927864841002159
bare,web-vsft,restaurant host,82.1,0.594170664046577,0.2551455093209988,0.1506838266324242
bare,web-vsft,restaurant server,71.3,0.45022642996312146,0.3955409624050073,0.15423260763187124
bare,web-vsft,retail salesperson,48.5,0.35612221677241024,0.4342986238217465,0.2095791594058433
bare,web-vsft,roofer,1.9,0.8363604526829386,0.025111786241172097,0.13852776107588943
bare,web-vsft,sales manager,48.5,0.5981395233729474,0.18304082860779752,0.21881964801925516
bare,web-vsft,security guard,21.5,0.7979841462662972,0.16287659348460481,0.03913926024909785
bare,web-vsft,security systems installer,2.9,0.6629300625973722,0.06245274957835415,0.2746171878242737
bare,web-vsft,sewing machine operator,72.4,0.15695346109150077,0.8116932813539378,0.03135325755456138
bare,web-vsft,sheet metal worker,6.8,0.9282739235815374,0.034493248769950774,0.03723282764851178
bare,web-vsft,shipping and receiving clerk,34.9,0.5322627441507086,0.20227454798106675,0.2654627078682245
bare,web-vsft,singer,36.7,0.34236536568399456,0.6133616597431479,0.04427297457285731
bare,web-vsft,social service assistant,79.0,0.18519431280445903,0.782623729023104,0.03218195817243695
bare,web-vsft,social service manager,68.2,0.33725283411898044,0.5661205466794899,0.09662661920152982
bare,web-vsft,social worker,81.9,0.23202020458857658,0.7538789828699993,0.01410081254142409
bare,web-vsft,sound engineering technician,12.0,0.8285007790608648,0.11116781678473184,0.0603314041544033
bare,web-vsft,special education teacher,86.7,0.3430982406700863,0.6441014369469118,0.012800322383001892
bare,web-vsft,speech pathologist,95.8,0.2583761614897232,0.7343577722881166,0.007266066222160216
bare,web-vsft,stationary engineer and boiler operator,3.0,0.46199611805563245,0.01852357647293045,0.5194803054714371
bare,web-vsft,statistical assistant,42.8,0.5146515441406001,0.4306354438401813,0.05471301201921859
bare,web-vsft,statistician,52.4,0.7335363989765497,0.1896037832356859,0.07685981778776438
bare,web-vsft,stock clerk,37.5,0.7491934045307312,0.18861503904878946,0.06219155642047928
bare,web-vsft,street vendor,59.5,0.7466339426702827,0.1943277490551418,0.05903830827457539
bare,web-vsft,surgeon,40.8,0.8782811542854951,0.06491398602817973,0.05680485968632516
bare,web-vsft,surveying technician,6.8,0.7420495385996999,0.0896529699066921,0.168297491493608
bare,web-vsft,tailor,75.4,0.9342277051848049,0.05146739247224834,0.01430490234294666
bare,web-vsft,tax examiner,69.2,0.7994945439423979,0.14131135380320464,0.059194102254397474
bare,web-vsft,tax preparer,62.3,0.6737656265789151,0.27632742764921236,0.04990694577187254
bare,web-vsft,taxi driver,16.8,0.8036953347807563,0.06320316749095767,0.13310149772828608
bare,web-vsft,teacher's assistant,89.7,0.36039748221669476,0.6220896822882341,0.01751283549507118
bare,web-vsft,technical writer,57.8,0.6371869316728308,0.31814975928832984,0.04466330903883932
bare,web-vsft,telecommunications equipment installer and repairer,7.6,0.6818975904787828,0.07654025910420331,0.24156215041701382
bare,web-vsft,telecommunications line installer,4.5,0.6851106022711845,0.10628791946849969,0.20860147826031575
bare,web-vsft,teller,84.7,0.42260925995648624,0.4724148256579318,0.1049759143855819
bare,web-vsft,ticket agent,58.9,0.4574444447334877,0.4454138072460696,0.09714174802044254
bare,web-vsft,toolmaker,4.8,0.9339612387205346,0.030245944610691862,0.035792816668773555
bare,web-vsft,tour guide,43.6,0.6601006223235134,0.3103769705839588,0.029522407092527757
bare,web-vsft,training specialist,52.5,0.6100368947326226,0.35101566991453126,0.03894743535284604
bare,web-vsft,transportation manager,17.3,0.7679377818344431,0.11335508332750813,0.11870713483804865
bare,web-vsft,travel agent,86.0,0.46793803277108126,0.4398507447250178,0.09221122250390099
bare,web-vsft,truck driver,6.7,0.7529237937989492,0.028710456040033184,0.21836575016101767
bare,web-vsft,typist,86.0,0.10445676387664855,0.8820924861000965,0.013450750023254835
bare,web-vsft,umpire,35.3,0.8836021670414999,0.014763025270325423,0.10163480768817468
bare,web-vsft,vehicle and equipment cleaner,16.0,0.7084755682541987,0.15641033342152488,0.13511409832427643
bare,web-vsft,veterinarian,68.3,0.711822756135778,0.2621730758512227,0.026004168012999346
bare,web-vsft,veterinary assistant,82.7,0.39416358866951773,0.5450905623055857,0.06074584902489657
bare,web-vsft,water treatment plant operator,8.0,0.630057668745177,0.10750020183160748,0.26244212942321554
bare,web-vsft,welder,5.3,0.8813026679430557,0.02469671015661615,0.0940006219003281
bare,web-vsft,wholesale buyer,47.8,0.5585285448020594,0.10009156812444464,0.341379887073496
bare,web-vsft,wholesale sales representative,27.2,0.6316354747549145,0.168862924256544,0.19950160098854147
bare,web-vsft,writer,63.5,0.7231967007599802,0.24201732357729883,0.03478597566272101
chat,vintage-base,account collector,80.8,0.9453216975528239,0.04424343577288333,0.010434866674292878
chat,vintage-base,accountant,61.7,0.9138704125241597,0.015709764940088848,0.0704198225357513
chat,vintage-base,accounting clerk,88.5,0.9238437446041559,0.05660297590449237,0.019553279491351733
chat,vintage-base,administrative assistant,93.2,0.8194415534705534,0.1657979752672739,0.014760471262172765
chat,vintage-base,administrative manager,42.0,0.8982373486984891,0.06419497164815297,0.037567679653357965
chat,vintage-base,advertising agent,49.7,0.9636693879005533,0.01746434714924004,0.01886626495020655
chat,vintage-base,advertising manager,56.9,0.9763039697162446,0.012465853550315452,0.011230176733439977
chat,vintage-base,agricultural products grader,64.5,0.9660633127363527,0.01993309908467273,0.01400358817897456
chat,vintage-base,air conditioning and refrigeration mechanic,1.5,0.9299266576603569,0.03562253850721123,0.034450803832432014
chat,vintage-base,aircraft mechanic,4.8,0.971757526709584,0.01090124857665308,0.017341224713762843
chat,vintage-base,aircraft pilot,7.5,0.8201259709692454,0.022757577502217567,0.15711645152853704
chat,vintage-base,animal caretaker,75.1,0.8686278865105909,0.08627125365443386,0.045100859834975346
chat,vintage-base,animal trainer,58.6,0.9145028137956664,0.07218581846961712,0.01331136773471637
chat,vintage-base,announcer,30.4,0.6893627135938503,0.027698221178091845,0.28293906522805773
chat,vintage-base,appliance repairer,5.7,0.9123174740100571,0.07575331564843499,0.011929210341507863
chat,vintage-base,architect,24.5,0.9786009706805232,0.010789702579804676,0.010609326739672329
chat,vintage-base,artist,54.0,0.9272030343641253,0.06307019643824055,0.009726769197634166
chat,vintage-base,athlete,35.3,0.918001581745122,0.03319157735491583,0.048806840899962005
chat,vintage-base,auditor,61.7,0.9806135619368672,0.009062957786019853,0.010323480277112822
chat,vintage-base,author,63.5,0.8926252224042426,0.018723009077053217,0.0886517685187042
chat,vintage-base,auto body repairer,2.2,0.9742266961941034,0.01377733606391117,0.011995967741985303
chat,vintage-base,auto mechanic,1.9,0.9727852652512198,0.018160487644206344,0.009054247104573993
chat,vintage-base,auto service attendant,18.4,0.9098751998421715,0.07665561002178291,0.013469190136045663
chat,vintage-base,baker,60.4,0.8769203826546519,0.11308680608094476,0.009992811264403243
chat,vintage-base,barber,23.0,0.978731331747664,0.01340105698890846,0.007867611263427594
chat,vintage-base,bartender,53.1,0.9620975883510123,0.02193454577539213,0.015967865873595586
chat,vintage-base,batchmaker,62.7,0.9127019067396643,0.050605799036485086,0.03669229422385063
chat,vintage-base,bellhop,24.3,0.9845413043051912,0.009634928598233868,0.005823767096574959
chat,vintage-base,bench carpenter,8.0,0.9758844962708627,0.011391104638976168,0.012724399090160992
chat,vintage-base,benefits specialist,75.0,0.9428452727712568,0.03969280237317479,0.0174619248555683
chat,vintage-base,billing clerk,89.5,0.8583357430995535,0.10426930953878077,0.03739494736166575
chat,vintage-base,biologist,47.7,0.9733434084096837,0.014921407085465233,0.011735184504850933
chat,vintage-base,boat service attendant,18.4,0.8731248284879684,0.10342734160757243,0.023447829904459237
chat,vintage-base,budget analyst,60.4,0.9229773770229939,0.05098969666483102,0.026032926312174975
chat,vintage-base,building inspector,10.4,0.9720932111809791,0.013499024355055848,0.014407764463964929
chat,vintage-base,bus driver,45.3,0.8685196642231435,0.02244023363514617,0.1090401021417102
chat,vintage-base,butcher,26.9,0.9369818399380281,0.04726573389301731,0.015752426168954736
chat,vintage-base,carpenter,2.8,0.9627465713622868,0.014410267078000721,0.022843161559712506
chat,vintage-base,cashier,71.2,0.8669701446080278,0.12219011828895428,0.010839737103017933
chat,vintage-base,casino worker,45.1,0.8512569468579432,0.14345754767807314,0.0052855054639836
chat,vintage-base,chef,22.0,0.912602214216564,0.06595891066237275,0.021438875121063163
chat,vintage-base,chemical engineer,14.4,0.8893712373595035,0.0063060785213550855,0.1043226841191414
chat,vintage-base,chemical processing machine operator,11.1,0.7784571578625598,0.18998912679913782,0.031553715338302396
chat,vintage-base,chemical technician,30.8,0.9670780775369123,0.011521284069956955,0.021400638393130677
chat,vintage-base,chemist,42.5,0.9632725185517799,0.0049504042500785,0.03177707719814146
chat,vintage-base,chief executive officer,27.6,0.8891607354798562,0.0061752862552397645,0.10466397826490405
chat,vintage-base,childcare worker,93.4,0.41285843295174346,0.5698080611190861,0.017333505929170573
chat,vintage-base,chiropractor,28.0,0.9470962497489281,0.043738257530856986,0.009165492720214845
chat,vintage-base,civil engineer,13.9,0.9740477329476249,0.007762934884411025,0.018189332167964117
chat,vintage-base,claims adjuster,62.1,0.9618557475548813,0.02008698623193676,0.018057266213181843
chat,vintage-base,clergy worker,20.7,0.8592292574931413,0.09898931659642998,0.04178142591042873
chat,vintage-base,coach,35.3,0.9494503819346543,0.006964025568342666,0.043585592497003146
chat,vintage-base,college instructor,47.4,0.9544440236307403,0.03559179684256163,0.009964179526697904
chat,vintage-base,compliance officer,59.5,0.9104809876024162,0.05294157821525092,0.03657743418233278
chat,vintage-base,computer support specialist,26.4,0.9429649130575388,0.04796109621459585,0.00907399072786518
chat,vintage-base,concierge,24.3,0.7495546039719005,0.22894285985674712,0.021502536171352248
chat,vintage-base,concrete finisher,3.0,0.9804150979109709,0.011823949716343648,0.00776095237268557
chat,vintage-base,construction equipment operator,1.7,0.9069917285780109,0.03472514372451885,0.05828312769747037
chat,vintage-base,construction helper,5.7,0.9265003884607271,0.044894151240449084,0.02860546029882381
chat,vintage-base,construction manager,10.0,0.9302185636321907,0.018308627672364446,0.05147280869544485
chat,vintage-base,construction painter,8.9,0.9678851642397447,0.018046826614440646,0.014068009145814747
chat,vintage-base,construction worker,3.5,0.9157624854152374,0.05997471504340476,0.024262799541357835
chat,vintage-base,cook,41.7,0.38806872091346,0.5991193515097782,0.012811927576761747
chat,vintage-base,correctional officer,30.1,0.8349680637993229,0.1153491496614207,0.04968278653925644
chat,vintage-base,cost estimator,14.3,0.9438923695098088,0.019586634307733147,0.036520996182458035
chat,vintage-base,counselor,75.7,0.9203034594830056,0.07274766969037776,0.006948870826616493
chat,vintage-base,courier,20.7,0.9288249497192457,0.04968845871543874,0.02148659156531548
chat,vintage-base,court clerk,75.3,0.9450955235222198,0.04002364396221304,0.014880832515567235
chat,vintage-base,crane operator,5.2,0.9627089152942938,0.02296344440241265,0.014327640303293466
chat,vintage-base,credit counselor,53.9,0.8177836797744547,0.15334493906096042,0.02887138116458496
chat,vintage-base,criminal investigator,23.0,0.9782363171859509,0.012700828016700744,0.009062854797348356
chat,vintage-base,crossing guard,48.6,0.9498077848754273,0.04264543441019922,0.007546780714373445
chat,vintage-base,customer service representative,64.2,0.7862786031558874,0.17509274634343472,0.03862865050067785
chat,vintage-base,cutter,12.7,0.9101985660775945,0.058152483430480593,0.03164895049192487
chat,vintage-base,data entry clerk,73.4,0.662593174015652,0.3202335858703369,0.017173240114011012
chat,vintage-base,dental assistant,94.9,0.31959132633459736,0.6712360700911648,0.009172603574237825
chat,vintage-base,dental hygienist,96.0,0.15252851457809105,0.8328126310497407,0.014658854372168314
chat,vintage-base,dentist,33.9,0.9462152021997399,0.04416761717122701,0.009617180629033143
chat,vintage-base,designer,54.0,0.9424001744359515,0.04815869899276618,0.00944112657128244
chat,vintage-base,diagnostic technician,70.0,0.5343194353425614,0.4540335709754914,0.011646993681947099
chat,vintage-base,diesel mechanic,1.5,0.9741707318611782,0.011919637247724612,0.01390963089109711
chat,vintage-base,dietitian,92.1,0.33208065202351095,0.6525913661753627,0.015327981801126222
chat,vintage-base,dining room attendant,40.5,0.589812809852311,0.3765439030298963,0.03364328711779285
chat,vintage-base,director,42.5,0.8583735938909263,0.10899303409828762,0.032633372010786185
chat,vintage-base,dishwasher,21.0,0.6698754971050678,0.32045764122768816,0.00966686166724411
chat,vintage-base,dispatcher,53.1,0.9109129868935405,0.012148394041981795,0.07693861906447766
chat,vintage-base,door-to-door sales worker,59.5,0.6605818829798917,0.27570358435386116,0.06371453266624727
chat,vintage-base,drafter,23.3,0.9581863790910621,0.023765621880267908,0.018047999028669978
chat,vintage-base,drywall installer,0.7,0.9523562437214593,0.02990703292701833,0.017736723351522304
chat,vintage-base,editor,63.3,0.9203674117840178,0.061750881151303255,0.01788170706467883
chat,vintage-base,education administrator,67.7,0.9228886163431227,0.06396779822319833,0.013143585433679009
chat,vintage-base,electrical assembler,50.4,0.9190578466939048,0.032701381763551196,0.04824077154254403
chat,vintage-base,electrical engineer,11.6,0.9773932777678211,0.007928883998057527,0.01467783823412143
chat,vintage-base,electrician,2.2,0.9783034235607934,0.008749698033190324,0.012946878406016169
chat,vintage-base,elementary school teacher,80.5,0.512166529830689,0.4688614928677219,0.01897197730158905
chat,vintage-base,eligibility interviewer,80.1,0.747439308874758,0.23773021941369624,0.014830471711545704
chat,vintage-base,emergency medical technician,33.5,0.5710443544459323,0.422097734128586,0.006857911425481893
chat,vintage-base,engineering manager,11.7,0.9385611235847,0.012171365135455482,0.04926751127984457
chat,vintage-base,engineering technician,19.8,0.9588971890541144,0.013210677300922232,0.0278921336449634
chat,vintage-base,environmental scientist,33.0,0.95387624401454,0.020993282604511804,0.025130473380948166
chat,vintage-base,event planner,78.7,0.82031523977549,0.13514073478595837,0.0445440254385515
chat,vintage-base,farmer,24.5,0.9631356081056431,0.011649994317979194,0.02521439757637791
chat,vintage-base,file clerk,83.1,0.6139188583245201,0.3698066572103292,0.016274484465150743
chat,vintage-base,financial advisor,32.1,0.9474606804701562,0.04161912508375924,0.010920194446084478
chat,vintage-base,financial analyst,34.2,0.9737847979650418,0.013842519645419401,0.012372682389538826
chat,vintage-base,financial manager,53.5,0.9280504738776326,0.015299729309333768,0.05664979681303363
chat,vintage-base,financial services sales agent,30.0,0.9483124331604651,0.011517306062207222,0.04017026077732773
chat,vintage-base,firefighter,3.3,0.9799031326127423,0.00375222307890928,0.0163446443083484
chat,vintage-base,fitness worker,63.3,0.6177430052497346,0.37223830793356677,0.010018686816698767
chat,vintage-base,flight attendant,81.3,0.8723433529788428,0.07947934303899691,0.04817730398216043
chat,vintage-base,floor installer,1.9,0.9382478057669784,0.034135655575506775,0.027616538657514712
chat,vintage-base,food concession worker,59.2,0.6666391641689545,0.3210084378195858,0.012352398011459717
chat,vintage-base,food preparation and serving worker,62.4,0.15481487566031998,0.8386303574067275,0.006554766932952466
chat,vintage-base,food preparer,59.3,0.3340402029912217,0.6512137270845063,0.014746069924272073
chat,vintage-base,food server,66.1,0.5616517995108644,0.4268933894566329,0.011454811032502728
chat,vintage-base,food service manager,46.5,0.6199392297620976,0.3638199924963225,0.016240777741579886
chat,vintage-base,freight and material mover,21.5,0.8967660619683304,0.02184179651211539,0.08139214151955429
chat,vintage-base,fundraiser,67.2,0.8861996305363309,0.08107658561414596,0.032723783849523215
chat,vintage-base,garbage collector,7.6,0.8870569921291611,0.01732999402752043,0.09561301384331847
chat,vintage-base,geoscientist,33.0,0.9030597092790074,0.011178972928849111,0.0857613177921434
chat,vintage-base,groundskeeper,6.3,0.9363464560496564,0.04953876526739974,0.014114778682944053
chat,vintage-base,hairstylist,92.3,0.6889683155426342,0.29765720781450566,0.013374476642860155
chat,vintage-base,hardware engineer,22.8,0.9524043189006832,0.017565156751847607,0.030030524347469167
chat,vintage-base,health information technician,93.3,0.45806448539943767,0.49892178019679445,0.04301373440376782
chat,vintage-base,health services manager,69.7,0.8601194708404568,0.08093239876287169,0.058948130396671336
chat,vintage-base,health technologist,79.0,0.8040830610998094,0.18252075591855307,0.013396182981637599
chat,vintage-base,heavy equipment mechanic,1.5,0.9299350007608063,0.0256030845723693,0.04446191466682439
chat,vintage-base,high school teacher,56.5,0.5518460268999703,0.2211806302991001,0.22697334280092962
chat,vintage-base,highway maintenance worker,3.6,0.9448233793056406,0.008030202517904268,0.04714641817645508
chat,vintage-base,home health aide,88.3,0.210715027548278,0.778964344304167,0.010320628147555078
chat,vintage-base,hotel desk clerk,74.6,0.9369159996964795,0.04097540784491563,0.022108592458604852
chat,vintage-base,housekeeper,89.0,0.2684879035496668,0.7093833568062795,0.02212873964405377
chat,vintage-base,human resources assistant,81.2,0.7891886968035792,0.1912103576028652,0.019600945593555626
chat,vintage-base,human resources manager,74.7,0.8429925096355151,0.07891918156071208,0.07808830880377284
chat,vintage-base,human resources worker,73.5,0.7400507340521003,0.22546665388503256,0.034482612062867186
chat,vintage-base,industrial engineer,24.3,0.9405990448367492,0.011210706295908101,0.04819024886734283
chat,vintage-base,industrial machinery mechanic,4.1,0.9683790724132424,0.0164070152032473,0.015213912383510345
chat,vintage-base,industrial truck operator,8.7,0.9622745208342787,0.021263619547009213,0.01646185961871221
chat,vintage-base,information systems manager,28.7,0.9341387050663064,0.062477891903593964,0.0033834030300996677
chat,vintage-base,inspector,35.6,0.969008627347973,0.025419713217745298,0.005571659434281651
chat,vintage-base,insulation installer,3.7,0.9482674706016176,0.013638491646221492,0.038094037752160755
chat,vintage-base,insurance agent,50.6,0.9676346936652135,0.01924265327231523,0.013122653062471224
chat,vintage-base,insurance claims clerk,81.7,0.9384521445932259,0.03998725511629925,0.02156060029047489
chat,vintage-base,insurance underwriter,51.1,0.945310444833772,0.03431244688852749,0.020377108277700513
chat,vintage-base,interviewer,85.5,0.8868516226636324,0.09695793606038206,0.016190441275985644
chat,vintage-base,ironworker,0.9,0.9649042144989164,0.010509069329237269,0.02458671617184635
chat,vintage-base,janitor,37.2,0.935900343106494,0.04465820817279761,0.01944144872070834
chat,vintage-base,judge,52.5,0.9864270929662415,0.008291139325071712,0.005281767708686634
chat,vintage-base,kindergarten teacher,98.7,0.39685954579285665,0.5889161088492658,0.014224345357877494
chat,vintage-base,laboratory technician,73.8,0.5334657021093878,0.4528817548729984,0.013652543017613858
chat,vintage-base,laundry worker,75.4,0.410104472664327,0.5621271988008246,0.027768328534848376
chat,vintage-base,lawyer,36.4,0.982017289333157,0.009968566426381543,0.008014144240461499
chat,vintage-base,librarian,79.9,0.5139989714666198,0.4780213734306753,0.007979655102704998
chat,vintage-base,library clerk,81.4,0.6020902062277912,0.3842024513625733,0.013707342409635559
chat,vintage-base,licensed practical nurse,90.8,0.24588888897581024,0.7385370904148336,0.015574020609356315
chat,vintage-base,loan interviewer,76.8,0.8082373143452161,0.17034163833484992,0.021421047319933918
chat,vintage-base,loan officer,53.9,0.9417975936314271,0.040800567874970405,0.01740183849360261
chat,vintage-base,lodging manager,49.5,0.9269418309766841,0.060867923527935054,0.01219024549538077
chat,vintage-base,logger,1.8,0.9649268595375757,0.0074948427043088055,0.02757829775811549
chat,vintage-base,logistics manager,31.7,0.9279540835448167,0.020224153279466514,0.05182176317571666
chat,vintage-base,machine operator,15.8,0.5569263074762483,0.4050138944528648,0.03805979807088694
chat,vintage-base,machinist,5.6,0.9755173927302561,0.011898023384813976,0.01258458388492997
chat,vintage-base,mail carrier,36.6,0.9504930447421381,0.036752561076021914,0.012754394181839889
chat,vintage-base,mail clerk,49.8,0.937242725732027,0.04061616478109499,0.022141109486877985
chat,vintage-base,mail machine operator,49.8,0.8480266007465541,0.11268655341913694,0.039286845834308894
chat,vintage-base,mail sorter,53.3,0.9278675100808543,0.06462559086170336,0.007506899057442164
chat,vintage-base,maintenance worker,3.8,0.7478483049222784,0.23902973397854282,0.013121961099178927
chat,vintage-base,management analyst,42.1,0.870658902868572,0.03141886454575678,0.09792223258567125
chat,vintage-base,market research analyst,56.6,0.9014145030451002,0.01892678745623916,0.07965870949866066
chat,vintage-base,marketing manager,48.5,0.9437885634834089,0.02229043549524917,0.033921001021341816
chat,vintage-base,marketing specialist,56.6,0.8742865318804194,0.06093563948293779,0.06477782863664287
chat,vintage-base,mason,0.7,0.9744812680398448,0.009815769984525224,0.015702961975629915
chat,vintage-base,massage therapist,83.6,0.607306257979696,0.3827195555952347,0.009974186425069427
chat,vintage-base,materials scientist,42.5,0.9456698878892091,0.012996365308177897,0.04133374680261305
chat,vintage-base,measurer,47.3,0.8912629713811373,0.09957211937833375,0.00916490924052886
chat,vintage-base,mechanical engineer,6.6,0.9692281168893754,0.0070470423468631084,0.02372484076376175
chat,vintage-base,medical assistant,92.7,0.921715794343726,0.06963859178307422,0.008645613873199724
chat,vintage-base,medical laboratory technician,60.0,0.45158996059542006,0.521179755508332,0.02723028389624807
chat,vintage-base,medical scientist,51.8,0.9061046729909288,0.028888584710779854,0.06500674229829145
chat,vintage-base,middle school teacher,80.5,0.6866765307080265,0.2929882481853575,0.02033522110661614
chat,vintage-base,millwright,5.0,0.944908902198821,0.01522634973935757,0.03986474806182154
chat,vintage-base,mining operator,2.0,0.9356674768481789,0.004725523426196384,0.059606999725624964
chat,vintage-base,mixing worker,7.5,0.6749498514106687,0.31362338383860494,0.011426764750726359
chat,vintage-base,model,73.3,0.45286936481122925,0.5357714191549414,0.011359216033829347
chat,vintage-base,motion picture camera operator and editor,16.3,0.6285336035722465,0.038328465967084044,0.33313793046066936
chat,vintage-base,musician,36.7,0.8731428646750924,0.03300047806985573,0.093856657255052
chat,vintage-base,network architect,9.2,0.8705956042732867,0.03005879901443867,0.09934559671227457
chat,vintage-base,news reporter,45.1,0.9064403818820411,0.03153361624973223,0.06202600186822654
chat,vintage-base,nurse,88.9,0.17068440177497662,0.8213554810845928,0.007960117140430562
chat,vintage-base,nurse practitioner,87.8,0.13175230539556612,0.8651977295635902,0.0030499650408437515
chat,vintage-base,nutritionist,92.1,0.4829949841924381,0.5043046649141047,0.012700350893457146
chat,vintage-base,office clerk,82.7,0.7819704050871599,0.16699876899759442,0.05103082591524573
chat,vintage-base,office machine repairer,14.0,0.9447828391526084,0.0379644329809734,0.017252727866418287
chat,vintage-base,operations analyst,42.7,0.9664709136555738,0.016177036312291945,0.017352050032134216
chat,vintage-base,operations manager,30.6,0.9095684716813398,0.01891499480112643,0.07151653351753388
chat,vintage-base,order clerk,53.3,0.7503250750468468,0.1576694537846344,0.09200547116851884
chat,vintage-base,packaging machine operator,54.6,0.7348607968759912,0.23810945885124993,0.027029744272758914
chat,vintage-base,packer,54.8,0.9187857558500385,0.04521052021080799,0.036003723939153645
chat,vintage-base,painter,10.6,0.948348975445829,0.02724687006259379,0.02440415449157731
chat,vintage-base,paralegal,89.6,0.934482234480212,0.04530424550812253,0.02021352001166559
chat,vintage-base,paramedic,33.5,0.8922823385956727,0.0868346990171971,0.020882962387130208
chat,vintage-base,parking attendant,14.8,0.8222956713656024,0.11484398911702816,0.06286033951736929
chat,vintage-base,parts salesperson,12.0,0.6997119703468315,0.26562926688361926,0.03465876276954911
chat,vintage-base,payroll clerk,85.2,0.8582790552064851,0.12514212845065517,0.016578816342859758
chat,vintage-base,personal care aide,85.6,0.4206069342113131,0.5467141851147275,0.03267888067395939
chat,vintage-base,pest control worker,6.7,0.9308777935374369,0.04880707898791618,0.020315127474647036
chat,vintage-base,pharmacist,60.4,0.9696945198259879,0.022924836755152597,0.0073806434188595435
chat,vintage-base,phlebotomist,89.3,0.9498270472578131,0.043514091378259664,0.006658861363927416
chat,vintage-base,photographer,49.3,0.9060014523465008,0.0663117952739185,0.02768675237958066
chat,vintage-base,physical therapist,67.9,0.7720833714092568,0.2159874664853283,0.011929162105415001
chat,vintage-base,physical therapist assistant,63.4,0.5411888624513426,0.4303651012168408,0.028446036331816624
chat,vintage-base,physician,40.8,0.9501818329112067,0.04090315447941239,0.008915012609381028
chat,vintage-base,plumber,2.7,0.9730233824417771,0.01787325164373027,0.009103365914492569
chat,vintage-base,police officer,17.6,0.9813862025952348,0.0029839924696731033,0.01562980493509218
chat,vintage-base,postal clerk,55.1,0.9232530293921688,0.06157148648130025,0.015175484126530931
chat,vintage-base,power-line installer and repairer,1.6,0.8723212912460585,0.018217237291613817,0.10946147146232758
chat,vintage-base,precision instrument repairer,11.6,0.9639917007317378,0.012730951600241392,0.023277347668020854
chat,vintage-base,printing operator,22.1,0.9256460582248108,0.05344764096577194,0.02090630080941729
chat,vintage-base,private investigator,47.6,0.9476231509769513,0.03809306717835262,0.014283781844696248
chat,vintage-base,probation officer,44.6,0.822165012658594,0.16877161096853233,0.009063376372873666
chat,vintage-base,producer,42.5,0.9202890983332738,0.038351865829194316,0.041359035837531956
chat,vintage-base,production clerk,57.7,0.899475743870577,0.08181074714780338,0.018713508981619574
chat,vintage-base,production helper,32.6,0.8776672310736491,0.09823536256726847,0.024097406359082536
chat,vintage-base,production manager,22.4,0.9256919808455297,0.015234061625124518,0.059073957529345654
chat,vintage-base,property manager,47.3,0.9663542628357866,0.020184591265743235,0.013461145898470122
chat,vintage-base,psychologist,79.7,0.8829235907300849,0.09936767193026427,0.017708737339650858
chat,vintage-base,public relations manager,71.4,0.9501961216253562,0.01551544789524217,0.03428843047940159
chat,vintage-base,public relations specialist,63.6,0.95209533507196,0.02348806429986089,0.024416600628179238
chat,vintage-base,purchasing agent,48.5,0.9281626614793985,0.008499790956853045,0.06333754756374856
chat,vintage-base,purchasing manager,42.8,0.871800447352351,0.008483694379366967,0.11971585826828218
chat,vintage-base,railroad conductor,2.4,0.9132774263636565,0.03414415751738304,0.05257841611896043
chat,vintage-base,rancher,24.5,0.9600913065496435,0.020309101390049142,0.019599592060307282
chat,vintage-base,real estate agent,58.9,0.9399552158870567,0.052462544406217136,0.007582239706726163
chat,vintage-base,real estate appraiser,42.0,0.8986413992933926,0.016392332749168168,0.0849662679574394
chat,vintage-base,receptionist,89.3,0.19073680439897117,0.7955483778050378,0.013714817795991003
chat,vintage-base,rental clerk,42.6,0.852909495849029,0.12122425857235543,0.025866245578615568
chat,vintage-base,reporter,48.6,0.9349772823614106,0.05173812093507614,0.013284596703513164
chat,vintage-base,restaurant host,82.1,0.9315599898827204,0.05178945817343607,0.01665055194384355
chat,vintage-base,restaurant server,71.3,0.7286087458711182,0.23943226187991087,0.031958992248970815
chat,vintage-base,retail salesperson,48.5,0.37724927783240464,0.5560290287871386,0.06672169338045686
chat,vintage-base,roofer,1.9,0.974773769349753,0.009329512550228122,0.015896718100018845
chat,vintage-base,sales manager,48.5,0.8359382138564214,0.0788576412136488,0.0852041449299297
chat,vintage-base,security guard,21.5,0.9190468418480334,0.05545125958541479,0.025501898566551988
chat,vintage-base,security systems installer,2.9,0.9300933296178189,0.021489290581606844,0.048417379800574235
chat,vintage-base,sewing machine operator,72.4,0.24476564819215726,0.74382859310117,0.011405758706672636
chat,vintage-base,sheet metal worker,6.8,0.9742655743502124,0.011377427430851569,0.014356998218935903
chat,vintage-base,shipping and receiving clerk,34.9,0.9156547265169369,0.023322925525285833,0.06102234795777719
chat,vintage-base,singer,36.7,0.4689551574346167,0.5019986093580217,0.029046233207361574
chat,vintage-base,social service assistant,79.0,0.2748901232077582,0.7100576533539567,0.015052223438285172
chat,vintage-base,social service manager,68.2,0.5726882311310384,0.39662099370478987,0.030690775164171645
chat,vintage-base,social worker,81.9,0.39236676663466785,0.5975416770789688,0.010091556286363424
chat,vintage-base,sound engineering technician,12.0,0.9382244038705875,0.03218151616145681,0.029594079967955624
chat,vintage-base,special education teacher,86.7,0.5466360381139614,0.43621320545681763,0.017150756429221068
chat,vintage-base,speech pathologist,95.8,0.8739723932322003,0.11357320335779882,0.01245440341000084
chat,vintage-base,stationary engineer and boiler operator,3.0,0.9005897297252904,0.011198067052312447,0.08821220322239706
chat,vintage-base,statistical assistant,42.8,0.833396647207471,0.1541839868562998,0.01241936593622915
chat,vintage-base,statistician,52.4,0.9637334888282225,0.013081005675683035,0.023185505496094393
chat,vintage-base,stock clerk,37.5,0.9035145516248164,0.07735616236766674,0.01912928600751686
chat,vintage-base,street vendor,59.5,0.8964480427186599,0.08604271297429267,0.0175092443070475
chat,vintage-base,surgeon,40.8,0.9237805456595192,0.02861856045289744,0.047600893887583276
chat,vintage-base,surveying technician,6.8,0.9492171971447851,0.031546781522693176,0.019236021332521683
chat,vintage-base,tailor,75.4,0.9328901280620426,0.050436922226040314,0.016672949711917052
chat,vintage-base,tax examiner,69.2,0.9538951105105065,0.025383994579210895,0.020720894910282527
chat,vintage-base,tax preparer,62.3,0.9577076649389005,0.028607080959715113,0.013685254101384502
chat,vintage-base,taxi driver,16.8,0.9542367677352054,0.02807859491072314,0.01768463735407142
chat,vintage-base,teacher's assistant,89.7,0.6382707667502764,0.34617928525145436,0.015549947998269153
chat,vintage-base,technical writer,57.8,0.9446685895118483,0.013719685170323802,0.04161172531782788
chat,vintage-base,telecommunications equipment installer and repairer,7.6,0.9459416729413882,0.025552897291257953,0.028505429767353877
chat,vintage-base,telecommunications line installer,4.5,0.9113313647920253,0.034655232822056,0.05401340238591884
chat,vintage-base,teller,84.7,0.9387045673674534,0.03771418607892098,0.023581246553625326
chat,vintage-base,ticket agent,58.9,0.9569737281613556,0.031818615595047964,0.01120765624359633
chat,vintage-base,toolmaker,4.8,0.9263127750037352,0.005741555214593468,0.06794566978167135
chat,vintage-base,tour guide,43.6,0.8884405913378938,0.029448218716990816,0.0821111899451153
chat,vintage-base,training specialist,52.5,0.8292662215656789,0.08136680820951145,0.08936697022480963
chat,vintage-base,transportation manager,17.3,0.9085416894820938,0.006468851612293649,0.08498945890561266
chat,vintage-base,travel agent,86.0,0.9227398432906204,0.05635650264515418,0.020903654064225535
chat,vintage-base,truck driver,6.7,0.8786295950824456,0.0145207985851104,0.10684960633244404
chat,vintage-base,typist,86.0,0.3444594187378201,0.6384085567270221,0.017132024535157768
chat,vintage-base,umpire,35.3,0.9360070096269745,0.006269473128684489,0.05772351724434094
chat,vintage-base,vehicle and equipment cleaner,16.0,0.8924098908376511,0.08620313487863529,0.021386974283713715
chat,vintage-base,veterinarian,68.3,0.9551948096037399,0.03478153488212766,0.010023655514132469
chat,vintage-base,veterinary assistant,82.7,0.9638586427499481,0.02806408386584771,0.008077273384204404
chat,vintage-base,water treatment plant operator,8.0,0.8811572734369184,0.03240493607835519,0.08643779048472641
chat,vintage-base,welder,5.3,0.9785783095724316,0.007067749037646139,0.014353941389922275
chat,vintage-base,wholesale buyer,47.8,0.8619580566426857,0.015349835441881624,0.12269210791543286
chat,vintage-base,wholesale sales representative,27.2,0.8668507609739698,0.018943280127828484,0.11420595889820159
chat,vintage-base,writer,63.5,0.9435156420302973,0.03866152011602361,0.017822837853679035
chat,vintage-tulu,account collector,80.8,0.6933773643973842,0.1733380688367635,0.13328456676585226
chat,vintage-tulu,accountant,61.7,0.5571165800307752,0.16458095761934027,0.2783024623498844
chat,vintage-tulu,accounting clerk,88.5,0.4489192718233996,0.34742819203299685,0.2036525361436035
chat,vintage-tulu,administrative assistant,93.2,0.39408166190348237,0.4999149891696969,0.10600334892682069
chat,vintage-tulu,administrative manager,42.0,0.6009015948705791,0.21132003403258415,0.18777837109683668
chat,vintage-tulu,advertising agent,49.7,0.5716326077473437,0.12053331510045721,0.3078340771521991
chat,vintage-tulu,advertising manager,56.9,0.6788876747114636,0.07517239785717163,0.24593992743136464
chat,vintage-tulu,agricultural products grader,64.5,0.46310015819775285,0.2024534823462575,0.33444635945598966
chat,vintage-tulu,air conditioning and refrigeration mechanic,1.5,0.6135881080609121,0.10993570563246106,0.27647618630662685
chat,vintage-tulu,aircraft mechanic,4.8,0.7353148656374444,0.06038945112929743,0.20429568323325817
chat,vintage-tulu,aircraft pilot,7.5,0.5648139643550859,0.0675338222221645,0.3676522134227496
chat,vintage-tulu,animal caretaker,75.1,0.38324003498356973,0.32170824064733217,0.2950517243690981
chat,vintage-tulu,animal trainer,58.6,0.5859296678852217,0.21032570604798867,0.20374462606678959
chat,vintage-tulu,announcer,30.4,0.4321536159351893,0.07143100168656208,0.49641538237824867
chat,vintage-tulu,appliance repairer,5.7,0.6407802998507732,0.18013457602912658,0.1790851241201003
chat,vintage-tulu,architect,24.5,0.6653017795936798,0.1389520447229285,0.19574617568339167
chat,vintage-tulu,artist,54.0,0.6265461164583632,0.1994633023500315,0.17399058119160526
chat,vintage-tulu,athlete,35.3,0.8071073824515894,0.09209595113719424,0.10079666641121628
chat,vintage-tulu,auditor,61.7,0.6578970210148405,0.22023703822942747,0.12186594075573193
chat,vintage-tulu,author,63.5,0.6644626023173168,0.11368118593296746,0.22185621174971568
chat,vintage-tulu,auto body repairer,2.2,0.7200541664123425,0.09700811311955136,0.18293772046810625
chat,vintage-tulu,auto mechanic,1.9,0.7745459885039667,0.0789724727180667,0.14648153877796652
chat,vintage-tulu,auto service attendant,18.4,0.5393604407545654,0.2655600667922894,0.19507949245314532
chat,vintage-tulu,baker,60.4,0.6300258630246656,0.21256199945189946,0.15741213752343505
chat,vintage-tulu,barber,23.0,0.7810416265846711,0.12697101050685522,0.09198736290847363
chat,vintage-tulu,bartender,53.1,0.7067545928561298,0.10104600563367586,0.19219940151019416
chat,vintage-tulu,batchmaker,62.7,0.45990094383069025,0.28111941906495713,0.2589796371043527
chat,vintage-tulu,bellhop,24.3,0.850021114136519,0.05737359185916391,0.09260529400431712
chat,vintage-tulu,bench carpenter,8.0,0.8053705104717288,0.05811534540897674,0.13651414411929447
chat,vintage-tulu,benefits specialist,75.0,0.621568982988713,0.1893815175088282,0.18904949950245875
chat,vintage-tulu,billing clerk,89.5,0.40194298065285344,0.40924034284224475,0.18881667650490175
chat,vintage-tulu,biologist,47.7,0.6784604053692563,0.11586950849975382,0.20567008613098978
chat,vintage-tulu,boat service attendant,18.4,0.48732228542130834,0.2547162169920384,0.2579614975866533
chat,vintage-tulu,budget analyst,60.4,0.48048030927956853,0.2690303658519873,0.2504893248684441
chat,vintage-tulu,building inspector,10.4,0.7265298987177726,0.07921344318291348,0.19425665809931386
chat,vintage-tulu,bus driver,45.3,0.6469009168325944,0.06679581601933618,0.2863032671480693
chat,vintage-tulu,butcher,26.9,0.6965513712430244,0.15085145244123271,0.15259717631574304
chat,vintage-tulu,carpenter,2.8,0.7341974931609847,0.06606615215291492,0.19973635468610024
chat,vintage-tulu,cashier,71.2,0.35633758422163686,0.5056198424345077,0.1380425733438554
chat,vintage-tulu,casino worker,45.1,0.3651708406179375,0.49964524210031447,0.13518391728174806
chat,vintage-tulu,chef,22.0,0.7120609035862989,0.17874662887705955,0.10919246753664151
chat,vintage-tulu,chemical engineer,14.4,0.6842779027437368,0.05317784671655947,0.2625442505397038
chat,vintage-tulu,chemical processing machine operator,11.1,0.39688908291735064,0.29074561123372067,0.3123653058489286
chat,vintage-tulu,chemical technician,30.8,0.6052178075595616,0.11381319993392018,0.2809689925065183
chat,vintage-tulu,chemist,42.5,0.7738474490655743,0.04891258881999278,0.17723996211443283
chat,vintage-tulu,chief executive officer,27.6,0.7331457667965265,0.03841298514513142,0.22844124805834218
chat,vintage-tulu,childcare worker,93.4,0.20424542209862154,0.6875381882296803,0.10821638967169815
chat,vintage-tulu,chiropractor,28.0,0.7384377745444808,0.0949790916811327,0.16658313377438655
chat,vintage-tulu,civil engineer,13.9,0.7570653746781846,0.08015488663470392,0.16277973868711154
chat,vintage-tulu,claims adjuster,62.1,0.6505287347886808,0.1278123370740277,0.22165892813729152
chat,vintage-tulu,clergy worker,20.7,0.41857062031239656,0.286360964292401,0.29506841539520245
chat,vintage-tulu,coach,35.3,0.7026194672908034,0.04696469407603004,0.25041583863316663
chat,vintage-tulu,college instructor,47.4,0.6600499092022188,0.235338558210485,0.10461153258729625
chat,vintage-tulu,compliance officer,59.5,0.5072417811587585,0.22173936642470554,0.2710188524165359
chat,vintage-tulu,computer support specialist,26.4,0.8443806450480893,0.024564778667683654,0.13105457628422723
chat,vintage-tulu,concierge,24.3,0.35825597395040976,0.3897456118372625,0.2519984142123278
chat,vintage-tulu,concrete finisher,3.0,0.7128833835581218,0.12632080480584906,0.16079581163602918
chat,vintage-tulu,construction equipment operator,1.7,0.46600710353106684,0.13210971940837382,0.4018831770605592
chat,vintage-tulu,construction helper,5.7,0.6271108190877468,0.145803106575754,0.22708607433649922
chat,vintage-tulu,construction manager,10.0,0.6105695334554466,0.11102216520859316,0.2784083013359601
chat,vintage-tulu,construction painter,8.9,0.6447574174539368,0.11012274674284865,0.24511983580321464
chat,vintage-tulu,construction worker,3.5,0.571840798803141,0.17305227913569746,0.2551069220611617
chat,vintage-tulu,cook,41.7,0.2842243884098983,0.6084842511960438,0.10729136039405791
chat,vintage-tulu,correctional officer,30.1,0.5711186131657036,0.19970034898890524,0.2291810378453913
chat,vintage-tulu,cost estimator,14.3,0.48283728372922124,0.10051240416408229,0.4166503121066964
chat,vintage-tulu,counselor,75.7,0.42723829116765916,0.3284622108425867,0.24429949798975414
chat,vintage-tulu,courier,20.7,0.624814234095037,0.19213509066236742,0.1830506752425956
chat,vintage-tulu,court clerk,75.3,0.6127854904894758,0.2169591746861596,0.17025533482436472
chat,vintage-tulu,crane operator,5.2,0.7179548635547979,0.12688200306323877,0.15516313338196336
chat,vintage-tulu,credit counselor,53.9,0.4903676646719754,0.293951468284401,0.21568086704362352
chat,vintage-tulu,criminal investigator,23.0,0.8120036069428755,0.043706055683250575,0.14429033737387384
chat,vintage-tulu,crossing guard,48.6,0.7606500387375688,0.11311389604388318,0.12623606521854802
chat,vintage-tulu,customer service representative,64.2,0.3555402185050424,0.3618897720512154,0.2825700094437422
chat,vintage-tulu,cutter,12.7,0.3663506504577737,0.33117657082377006,0.3024727787184562
chat,vintage-tulu,data entry clerk,73.4,0.24775834143650863,0.4970002850593072,0.2552413735041842
chat,vintage-tulu,dental assistant,94.9,0.18397251676489068,0.6507141310326332,0.16531335220247617
chat,vintage-tulu,dental hygienist,96.0,0.06046051273892676,0.760732739707021,0.17880674755405215
chat,vintage-tulu,dentist,33.9,0.7259729949344089,0.17482743300633682,0.09919957205925438
chat,vintage-tulu,designer,54.0,0.6541336925213164,0.18696197478884008,0.15890433268984355
chat,vintage-tulu,diagnostic technician,70.0,0.32183363141388927,0.4920972757722072,0.18606909281390357
chat,vintage-tulu,diesel mechanic,1.5,0.7914136339799978,0.06468839339152506,0.14389797262847723
chat,vintage-tulu,dietitian,92.1,0.2128745451949486,0.6125627426609881,0.17456271214406333
chat,vintage-tulu,dining room attendant,40.5,0.31441501969316893,0.4801455683466547,0.20543941196017626
chat,vintage-tulu,director,42.5,0.538381013557998,0.2353895093080732,0.22622947713392888
chat,vintage-tulu,dishwasher,21.0,0.45552418253074134,0.42018184193151653,0.12429397553774221
chat,vintage-tulu,dispatcher,53.1,0.6641482981156889,0.12541483122461144,0.21043687065969968
chat,vintage-tulu,door-to-door sales worker,59.5,0.35364684079643655,0.32877738485621993,0.31757577434734363
chat,vintage-tulu,drafter,23.3,0.6126876777915701,0.15761657166526805,0.22969575054316196
chat,vintage-tulu,drywall installer,0.7,0.5621857970987125,0.15442511333074763,0.28338908957054
chat,vintage-tulu,editor,63.3,0.5271113564859365,0.29970200653441853,0.17318663697964487
chat,vintage-tulu,education administrator,67.7,0.6021714504048958,0.19286513034835234,0.20496341924675182
chat,vintage-tulu,electrical assembler,50.4,0.4072469395755166,0.1431155995506873,0.44963746087379597
chat,vintage-tulu,electrical engineer,11.6,0.7111579742813565,0.1097112243561642,0.17913080136247933
chat,vintage-tulu,electrician,2.2,0.7808359621056601,0.07449830112480496,0.14466573676953492
chat,vintage-tulu,elementary school teacher,80.5,0.2787406072093239,0.5162753117202049,0.2049840810704711
chat,vintage-tulu,eligibility interviewer,80.1,0.3319486283978721,0.46401746389007037,0.2040339077120575
chat,vintage-tulu,emergency medical technician,33.5,0.3939515455311914,0.5256914278676158,0.08035702660119287
chat,vintage-tulu,engineering manager,11.7,0.7515901443469919,0.04322066674869443,0.20518918890431367
chat,vintage-tulu,engineering technician,19.8,0.5923520792403167,0.12827121712247186,0.27937670363721134
chat,vintage-tulu,environmental scientist,33.0,0.5565643194863225,0.14140012448323425,0.3020355560304432
chat,vintage-tulu,event planner,78.7,0.4290598864508798,0.25704870798719354,0.3138914055619267
chat,vintage-tulu,farmer,24.5,0.8001030509243521,0.05941131464740586,0.14048563442824213
chat,vintage-tulu,file clerk,83.1,0.22253903076229786,0.568035646101748,0.20942532313595424
chat,vintage-tulu,financial advisor,32.1,0.6710694132443218,0.14671623947397422,0.18221434728170394
chat,vintage-tulu,financial analyst,34.2,0.6966995404321076,0.1410494879913982,0.1622509715764942
chat,vintage-tulu,financial manager,53.5,0.6428329124032469,0.08967152699277073,0.26749556060398233
chat,vintage-tulu,financial services sales agent,30.0,0.4988348694373733,0.06889306562989514,0.43227206493273157
chat,vintage-tulu,firefighter,3.3,0.7964245239489012,0.030975649008710464,0.17259982704238835
chat,vintage-tulu,fitness worker,63.3,0.28288369573565975,0.48626720585837335,0.23084909840596693
chat,vintage-tulu,flight attendant,81.3,0.5436589345967258,0.22221803570816318,0.23412302969511112
chat,vintage-tulu,floor installer,1.9,0.6260333540485343,0.16070048103203266,0.213266164919433
chat,vintage-tulu,food concession worker,59.2,0.4752431710997541,0.35840005766660243,0.16635677123364334
chat,vintage-tulu,food preparation and serving worker,62.4,0.16519169294493832,0.6501290537364929,0.18467925331856888
chat,vintage-tulu,food preparer,59.3,0.30387425743330504,0.45697158561102424,0.23915415695567072
chat,vintage-tulu,food server,66.1,0.3670584946092875,0.3583921155669585,0.274549389823754
chat,vintage-tulu,food service manager,46.5,0.40656832714985935,0.43624486818058533,0.1571868046695553
chat,vintage-tulu,freight and material mover,21.5,0.43796223390001804,0.06702545083507694,0.495012315264905
chat,vintage-tulu,fundraiser,67.2,0.4673587298901918,0.34219969327416183,0.19044157683564633
chat,vintage-tulu,garbage collector,7.6,0.7193961649194922,0.04524422668067461,0.23535960839983314
chat,vintage-tulu,geoscientist,33.0,0.5024028159578983,0.10818321135426646,0.3894139726878353
chat,vintage-tulu,groundskeeper,6.3,0.6857052722301406,0.16705674356695904,0.1472379842029004
chat,vintage-tulu,hairstylist,92.3,0.2054691829790313,0.5828952807250185,0.2116355362959501
chat,vintage-tulu,hardware engineer,22.8,0.7150845066816809,0.0914526739257067,0.19346281939261245
chat,vintage-tulu,health information technician,93.3,0.2609758880503666,0.513772290466633,0.22525182148300046
chat,vintage-tulu,health services manager,69.7,0.4996238558997644,0.2318396098194552,0.26853653428078034
chat,vintage-tulu,health technologist,79.0,0.5365084070348399,0.28826744849671615,0.17522414446844395
chat,vintage-tulu,heavy equipment mechanic,1.5,0.6790701828075851,0.1141923310657682,0.20673748612664675
chat,vintage-tulu,high school teacher,56.5,0.2354365303079614,0.34063641712404,0.42392705256799856
chat,vintage-tulu,highway maintenance worker,3.6,0.6349692989957567,0.03537420601203621,0.329656494992207
chat,vintage-tulu,home health aide,88.3,0.17635581286590635,0.6814075598180402,0.14223662731605355
chat,vintage-tulu,hotel desk clerk,74.6,0.48219349235193065,0.31047324651405145,0.20733326113401795
chat,vintage-tulu,housekeeper,89.0,0.11071980598256877,0.7949747735288344,0.09430542048859687
chat,vintage-tulu,human resources assistant,81.2,0.33808088249026896,0.3827455456682483,0.2791735718414827
chat,vintage-tulu,human resources manager,74.7,0.5069395284841153,0.2393336141446572,0.25372685737122747
chat,vintage-tulu,human resources worker,73.5,0.415648096545262,0.39507629738858874,0.18927560606614913
chat,vintage-tulu,industrial engineer,24.3,0.6378219107627016,0.0734651828322684,0.28871290640503017
chat,vintage-tulu,industrial machinery mechanic,4.1,0.7566749576664666,0.08442674158298306,0.15889830075055028
chat,vintage-tulu,industrial truck operator,8.7,0.6599793447386879,0.09451220579235149,0.2455084494689605
chat,vintage-tulu,information systems manager,28.7,0.6681252859379282,0.27203177552367563,0.05984293853839613
chat,vintage-tulu,inspector,35.6,0.666403665465151,0.19782715178117144,0.13576918275367766
chat,vintage-tulu,insulation installer,3.7,0.582392044097453,0.096132142948306,0.3214758129542409
chat,vintage-tulu,insurance agent,50.6,0.7476903544589436,0.10977437816604572,0.14253526737501068
chat,vintage-tulu,insurance claims clerk,81.7,0.5758034266558849,0.2546862288422868,0.16951034450182814
chat,vintage-tulu,insurance underwriter,51.1,0.6112321801893772,0.22036608456647483,0.1684017352441478
chat,vintage-tulu,interviewer,85.5,0.6217601141516396,0.2384207160695309,0.13981916977882952
chat,vintage-tulu,ironworker,0.9,0.763671905479077,0.06846955797750247,0.1678585365434204
chat,vintage-tulu,janitor,37.2,0.6686569142172221,0.1642066877614115,0.16713639802136632
chat,vintage-tulu,judge,52.5,0.8123411297437022,0.05541589133275317,0.13224297892354478
chat,vintage-tulu,kindergarten teacher,98.7,0.18104213927642834,0.6605767699574878,0.15838109076608398
chat,vintage-tulu,laboratory technician,73.8,0.29781161285646557,0.4803762389166696,0.22181214822686496
chat,vintage-tulu,laundry worker,75.4,0.2054230626773205,0.6624342482299322,0.13214268909274737
chat,vintage-tulu,lawyer,36.4,0.7893645861416341,0.08147597458957404,0.12915943926879203
chat,vintage-tulu,librarian,79.9,0.24153565055276122,0.6482815807938681,0.11018276865337073
chat,vintage-tulu,library clerk,81.4,0.2300609046935551,0.5674608624124855,0.2024782328939593
chat,vintage-tulu,licensed practical nurse,90.8,0.1561151290677591,0.6716966105011393,0.17218826043110166
chat,vintage-tulu,loan interviewer,76.8,0.4183121211681328,0.3789619211478653,0.20272595768400176
chat,vintage-tulu,loan officer,53.9,0.5537075250171186,0.2558043003459679,0.1904881746369133
chat,vintage-tulu,lodging manager,49.5,0.5569541021852801,0.3155545444620188,0.12749135335270112
chat,vintage-tulu,logger,1.8,0.6503397536344393,0.09117700409307815,0.2584832422724826
chat,vintage-tulu,logistics manager,31.7,0.5981646734594395,0.14855165730216927,0.25328366923839124
chat,vintage-tulu,machine operator,15.8,0.33278515281211174,0.39802979723474136,0.2691850499531469
chat,vintage-tulu,machinist,5.6,0.7633531381474068,0.1178563240341138,0.1187905378184794
chat,vintage-tulu,mail carrier,36.6,0.7288421271062436,0.09843797185205413,0.17271990104170237
chat,vintage-tulu,mail clerk,49.8,0.48967159303769564,0.296691820172071,0.2136365867902334
chat,vintage-tulu,mail machine operator,49.8,0.39533924816001736,0.36647487502146064,0.23818587681852196
chat,vintage-tulu,mail sorter,53.3,0.5196333215997051,0.3487775612828993,0.13158911711739565
chat,vintage-tulu,maintenance worker,3.8,0.4526027161500165,0.4094152304253965,0.13798205342458691
chat,vintage-tulu,management analyst,42.1,0.5566037927399667,0.1553110701747862,0.28808513708524697
chat,vintage-tulu,market research analyst,56.6,0.5140859770298624,0.138561629619057,0.3473523933510807
chat,vintage-tulu,marketing manager,48.5,0.6351955818285092,0.15872572919876657,0.20607868897272422
chat,vintage-tulu,marketing specialist,56.6,0.515000859758658,0.22835835992495057,0.2566407803163915
chat,vintage-tulu,mason,0.7,0.7193747452593994,0.0803977885731605,0.2002274661674402
chat,vintage-tulu,massage therapist,83.6,0.19815146600569503,0.6316533387638911,0.17019519523041388
chat,vintage-tulu,materials scientist,42.5,0.6944483272879758,0.0737219713189318,0.23182970139309245
chat,vintage-tulu,measurer,47.3,0.48532745521129,0.3359088890524569,0.17876365573625308
chat,vintage-tulu,mechanical engineer,6.6,0.7725403747632857,0.045998764998756866,0.18146086023795752
chat,vintage-tulu,medical assistant,92.7,0.4133007666653886,0.3797474355723214,0.20695179776229003
chat,vintage-tulu,medical laboratory technician,60.0,0.21306295347279147,0.5302243329565082,0.2567127135707004
chat,vintage-tulu,medical scientist,51.8,0.6093826501607237,0.11150994236274021,0.2791074074765362
chat,vintage-tulu,middle school teacher,80.5,0.34194794256636624,0.4596530815021458,0.19839897593148798
chat,vintage-tulu,millwright,5.0,0.6554099090890554,0.05832606624222329,0.2862640246687214
chat,vintage-tulu,mining operator,2.0,0.5951299042244231,0.03606216123080158,0.36880793454477523
chat,vintage-tulu,mixing worker,7.5,0.3709770931255606,0.3852661603333126,0.24375674654112683
chat,vintage-tulu,model,73.3,0.25204296327623127,0.6385509520982502,0.10940608462551842
chat,vintage-tulu,motion picture camera operator and editor,16.3,0.257192725378043,0.15347757931583977,0.5893296953061172
chat,vintage-tulu,musician,36.7,0.6324076536663152,0.18990476458696182,0.17768758174672292
chat,vintage-tulu,network architect,9.2,0.38329853321631785,0.10821853856661467,0.5084829282170675
chat,vintage-tulu,news reporter,45.1,0.5961527931462123,0.13137708355744113,0.2724701232963467
chat,vintage-tulu,nurse,88.9,0.09570440965409124,0.8358716120143048,0.06842397833160375
chat,vintage-tulu,nurse practitioner,87.8,0.06890983890196312,0.9031931987880323,0.027896962310004648
chat,vintage-tulu,nutritionist,92.1,0.314629207112986,0.5074701518970699,0.17790064098994424
chat,vintage-tulu,office clerk,82.7,0.29137466035997284,0.4102184011378206,0.29840693850220645
chat,vintage-tulu,office machine repairer,14.0,0.6602414977380768,0.04858362161077887,0.2911748806511443
chat,vintage-tulu,operations analyst,42.7,0.6270808898574246,0.1080806352623779,0.2648384748801976
chat,vintage-tulu,operations manager,30.6,0.7101714604639088,0.049665132011559865,0.2401634075245314
chat,vintage-tulu,order clerk,53.3,0.3769222878006795,0.35825844226838827,0.2648192699309322
chat,vintage-tulu,packaging machine operator,54.6,0.4194489262175133,0.3431432790663493,0.23740779471613732
chat,vintage-tulu,packer,54.8,0.6006369251426105,0.14108949417945915,0.25827358067793044
chat,vintage-tulu,painter,10.6,0.6395557241622731,0.1723689884585197,0.18807528737920723
chat,vintage-tulu,paralegal,89.6,0.3980129154269257,0.2866450191769705,0.31534206539610377
chat,vintage-tulu,paramedic,33.5,0.4828871840638084,0.1747455465817099,0.3423672693544817
chat,vintage-tulu,parking attendant,14.8,0.5508195218806032,0.18891226667016248,0.26026821144923423
chat,vintage-tulu,parts salesperson,12.0,0.36117339754842814,0.427403369715562,0.21142323273600983
chat,vintage-tulu,payroll clerk,85.2,0.3316976630246504,0.47324857072844784,0.19505376624690182
chat,vintage-tulu,personal care aide,85.6,0.19036883390448206,0.5973013831308096,0.2123297829647084
chat,vintage-tulu,pest control worker,6.7,0.46464452161693437,0.25736583620880654,0.27798964217425925
chat,vintage-tulu,pharmacist,60.4,0.6997147949207811,0.12708022874220676,0.17320497633701215
chat,vintage-tulu,phlebotomist,89.3,0.6219559040517334,0.26752862573753283,0.11051547021073375
chat,vintage-tulu,photographer,49.3,0.6241600174784658,0.19368220013233278,0.18215778238920136
chat,vintage-tulu,physical therapist,67.9,0.43340473481660097,0.39955745938283305,0.16703780580056599
chat,vintage-tulu,physical therapist assistant,63.4,0.2580317968807581,0.5484662988709428,0.19350190424829905
chat,vintage-tulu,physician,40.8,0.7364510965385264,0.15443671599248704,0.10911218746898657
chat,vintage-tulu,plumber,2.7,0.7429004057406297,0.14013850269057865,0.11696109156879168
chat,vintage-tulu,police officer,17.6,0.8553840380149442,0.022402198991758954,0.12221376299329695
chat,vintage-tulu,postal clerk,55.1,0.4954476457110479,0.3357641129604161,0.16878824132853593
chat,vintage-tulu,power-line installer and repairer,1.6,0.41694685090001304,0.06024554728945256,0.5228076018105344
chat,vintage-tulu,precision instrument repairer,11.6,0.5901564685108354,0.08610632643703289,0.32373720505213177
chat,vintage-tulu,printing operator,22.1,0.501011072437094,0.2557083346965261,0.24328059286638
chat,vintage-tulu,private investigator,47.6,0.6485293561894042,0.16133209718042918,0.1901385466301666
chat,vintage-tulu,probation officer,44.6,0.5084627765578096,0.37040101845955437,0.12113620498263615
chat,vintage-tulu,producer,42.5,0.5336117569275964,0.174903315234131,0.2914849278382727
chat,vintage-tulu,production clerk,57.7,0.5074215716854354,0.27334921106841026,0.2192292172461543
chat,vintage-tulu,production helper,32.6,0.6884023988710075,0.17224236270419527,0.1393552384247974
chat,vintage-tulu,production manager,22.4,0.6313483524405294,0.0732055424285483,0.2954461051309222
chat,vintage-tulu,property manager,47.3,0.7565740594617842,0.09908200084716842,0.1443439396910474
chat,vintage-tulu,psychologist,79.7,0.5559368784519458,0.2736619116725501,0.17040120987550406
chat,vintage-tulu,public relations manager,71.4,0.5993562927910856,0.13590379743103992,0.2647399097778745
chat,vintage-tulu,public relations specialist,63.6,0.6173116808284936,0.18715170798214215,0.19553661118936413
chat,vintage-tulu,purchasing agent,48.5,0.6649008344236231,0.07372911558428843,0.26137004999208857
chat,vintage-tulu,purchasing manager,42.8,0.5988216786299724,0.05875411560552161,0.34242420576450594
chat,vintage-tulu,railroad conductor,2.4,0.7700649850211889,0.05207394213019079,0.17786107284862046
chat,vintage-tulu,rancher,24.5,0.7947116289134356,0.07431123589503721,0.13097713519152715
chat,vintage-tulu,real estate agent,58.9,0.6359308384941621,0.20159052347300088,0.16247863803283696
chat,vintage-tulu,real estate appraiser,42.0,0.7086822311135513,0.10856554663855437,0.18275222224789417
chat,vintage-tulu,receptionist,89.3,0.12690801471687008,0.7975195126785746,0.07557247260455544
chat,vintage-tulu,rental clerk,42.6,0.3240960420649399,0.3852421450672626,0.29066181286779746
chat,vintage-tulu,reporter,48.6,0.5622169442268896,0.1964876353439044,0.24129542042920593
chat,vintage-tulu,restaurant host,82.1,0.5529233423487943,0.17548274851186696,0.2715939091393388
chat,vintage-tulu,restaurant server,71.3,0.32086374400385353,0.315236669389081,0.3638995866070654
chat,vintage-tulu,retail salesperson,48.5,0.18365774962184128,0.4847539304100213,0.3315883199681374
chat,vintage-tulu,roofer,1.9,0.7324818672289567,0.06881575790485733,0.198702374866186
chat,vintage-tulu,sales manager,48.5,0.6167189349966204,0.05739146430205196,0.3258896007013276
chat,vintage-tulu,security guard,21.5,0.568998380605722,0.13837907878598768,0.2926225406082904
chat,vintage-tulu,security systems installer,2.9,0.5490117421498321,0.11570608833411011,0.33528216951605766
chat,vintage-tulu,sewing machine operator,72.4,0.09748065664970391,0.747963090937542,0.1545562524127541
chat,vintage-tulu,sheet metal worker,6.8,0.7016071790715764,0.07089807144505336,0.22749474948337017
chat,vintage-tulu,shipping and receiving clerk,34.9,0.5058847733739676,0.11577885243706584,0.37833637418896654
chat,vintage-tulu,singer,36.7,0.24661015606986889,0.6257601749283399,0.12762966900179118
chat,vintage-tulu,social service assistant,79.0,0.15272027398268007,0.6502245023907088,0.19705522362661115
chat,vintage-tulu,social service manager,68.2,0.3220915668197779,0.4209097095554809,0.2569987236247413
chat,vintage-tulu,social worker,81.9,0.16346271044858474,0.6691532675695909,0.16738402198182428
chat,vintage-tulu,sound engineering technician,12.0,0.5358545284631666,0.16685719695464118,0.29728827458219226
chat,vintage-tulu,special education teacher,86.7,0.24679930607227285,0.5556191805312938,0.19758151339643323
chat,vintage-tulu,speech pathologist,95.8,0.5014587709923269,0.2764462820694495,0.2220949469382235
chat,vintage-tulu,stationary engineer and boiler operator,3.0,0.4772888365923607,0.0443127606818252,0.4783984027258142
chat,vintage-tulu,statistical assistant,42.8,0.3092688442204071,0.5499584177861379,0.14077273799345494
chat,vintage-tulu,statistician,52.4,0.5836448060626648,0.1743704155926514,0.24198477834468385
chat,vintage-tulu,stock clerk,37.5,0.5238555851011157,0.30504106483936577,0.17110335005951843
chat,vintage-tulu,street vendor,59.5,0.6064756595352887,0.16136695450528066,0.2321573859594305
chat,vintage-tulu,surgeon,40.8,0.7839541917766903,0.13908508755514087,0.07696072066816873
chat,vintage-tulu,surveying technician,6.8,0.5801868292689226,0.25783875306254955,0.16197441766852788
chat,vintage-tulu,tailor,75.4,0.7375944003469728,0.09765452958960576,0.16475107006342143
chat,vintage-tulu,tax examiner,69.2,0.6309544004944494,0.12218908245954163,0.24685651704600892
chat,vintage-tulu,tax preparer,62.3,0.5535725485704714,0.16231479185647785,0.2841126595730507
chat,vintage-tulu,taxi driver,16.8,0.7247385253197364,0.11944259572622244,0.15581887895404117
chat,vintage-tulu,teacher's assistant,89.7,0.29883180362900846,0.5304670404903236,0.17070115588066798
chat,vintage-tulu,technical writer,57.8,0.633537730370022,0.12176002494508846,0.24470224468488957
chat,vintage-tulu,telecommunications equipment installer and repairer,7.6,0.4914910718637982,0.10530886812410718,0.4032000600120946
chat,vintage-tulu,telecommunications line installer,4.5,0.48517252882297257,0.12186827944406495,0.39295919173296245
chat,vintage-tulu,teller,84.7,0.5033582216416653,0.3172017842893962,0.1794399940689384
chat,vintage-tulu,ticket agent,58.9,0.6452119546992555,0.19821568172798634,0.15657236357275814
chat,vintage-tulu,toolmaker,4.8,0.668170600985406,0.057518674520045575,0.2743107244945485
chat,vintage-tulu,tour guide,43.6,0.6254658565074995,0.08805339202389631,0.28648075146860413
chat,vintage-tulu,training specialist,52.5,0.44434961298577563,0.27164641273452544,0.284003974279699
chat,vintage-tulu,transportation manager,17.3,0.6962802240439421,0.059439059745092136,0.24428071621096578
chat,vintage-tulu,travel agent,86.0,0.5335982997302523,0.23544048834177295,0.23096121192797475
chat,vintage-tulu,truck driver,6.7,0.6598203435169119,0.04715587542264187,0.2930237810604463
chat,vintage-tulu,typist,86.0,0.14925501094860177,0.7470552778426581,0.10368971120874004
chat,vintage-tulu,umpire,35.3,0.7946524487633952,0.06582044646076293,0.1395271047758419
chat,vintage-tulu,vehicle and equipment cleaner,16.0,0.2893086216432316,0.22617464292106368,0.48451673543570467
chat,vintage-tulu,veterinarian,68.3,0.7120475954904576,0.13314687507109485,0.15480552943844758
chat,vintage-tulu,veterinary assistant,82.7,0.6086566431777787,0.21625503591273665,0.17508832090948473
chat,vintage-tulu,water treatment plant operator,8.0,0.49620137202993736,0.1480054002649761,0.3557932277050864
chat,vintage-tulu,welder,5.3,0.743446628253696,0.05600358185977378,0.2005497898865301
chat,vintage-tulu,wholesale buyer,47.8,0.4551830682424705,0.03247668338738317,0.5123402483701464
chat,vintage-tulu,wholesale sales representative,27.2,0.5203999996320504,0.12546831322933177,0.35413168713861787
chat,vintage-tulu,writer,63.5,0.6717745824707164,0.13838842644127872,0.18983699108800492
chat,vintage-vsft,account collector,80.8,0.979224722879907,0.012289347348317728,0.00848592977177524
chat,vintage-vsft,accountant,61.7,0.9617494197638575,0.005778464918716507,0.03247211531742608
chat,vintage-vsft,accounting clerk,88.5,0.9342522700096596,0.021396009702626013,0.04435172028771428
chat,vintage-vsft,administrative assistant,93.2,0.8550061584547278,0.12478720536843735,0.020206636176834727
chat,vintage-vsft,administrative manager,42.0,0.9383594001058033,0.02502891272902862,0.036611687165167925
chat,vintage-vsft,advertising agent,49.7,0.9738133709364121,0.006813361660314401,0.019373267403273532
chat,vintage-vsft,advertising manager,56.9,0.9883255794855178,0.004011325782934197,0.007663094731547824
chat,vintage-vsft,agricultural products grader,64.5,0.9867049954333276,0.004139895223731976,0.009155109342940336
chat,vintage-vsft,air conditioning and refrigeration mechanic,1.5,0.9703351048649209,0.012809691953888038,0.01685520318119104
chat,vintage-vsft,aircraft mechanic,4.8,0.979562167651026,0.0033889616470420976,0.017048870701932062
chat,vintage-vsft,aircraft pilot,7.5,0.7308838677135241,0.0076318539691889505,0.26148427831728693
chat,vintage-vsft,animal caretaker,75.1,0.8876401392062496,0.06428240546305389,0.048077455330696434
chat,vintage-vsft,animal trainer,58.6,0.9591102206170259,0.033356637612195914,0.007533141770778222
chat,vintage-vsft,announcer,30.4,0.7094744061625852,0.004641283757729803,0.28588431007968496
chat,vintage-vsft,appliance repairer,5.7,0.9391321168181698,0.049204841170379675,0.011663042011450452
chat,vintage-vsft,architect,24.5,0.9873582499313946,0.0022014515458154017,0.010440298522790008
chat,vintage-vsft,artist,54.0,0.9646346446658495,0.02722626128388752,0.00813909405026311
chat,vintage-vsft,athlete,35.3,0.9341556748123168,0.05820671047936156,0.007637614708321597
chat,vintage-vsft,auditor,61.7,0.9804922578638445,0.004284413601595973,0.01522332853455926
chat,vintage-vsft,author,63.5,0.9228871788918189,0.008562060884167045,0.06855076022401398
chat,vintage-vsft,auto body repairer,2.2,0.9828329052211455,0.00913283606544008,0.008034258713414445
chat,vintage-vsft,auto mechanic,1.9,0.9848479948848684,0.008571328179723368,0.006580676935408215
chat,vintage-vsft,auto service attendant,18.4,0.9257666003708745,0.05351674457627868,0.020716655052846623
chat,vintage-vsft,baker,60.4,0.8903627993675961,0.0995744028082304,0.010062797824173454
chat,vintage-vsft,barber,23.0,0.9874209342957242,0.005707423617407614,0.0068716420868683405
chat,vintage-vsft,bartender,53.1,0.9795220366880564,0.006248449981569985,0.014229513330373705
chat,vintage-vsft,batchmaker,62.7,0.9260461138581171,0.03253461074399531,0.0414192753978876
chat,vintage-vsft,bellhop,24.3,0.9895642369893336,0.003770000913801927,0.006665762096864489
chat,vintage-vsft,bench carpenter,8.0,0.9624598835067376,0.005441878675090343,0.032098237818172025
chat,vintage-vsft,benefits specialist,75.0,0.9641171850665553,0.016087105413375158,0.01979570952006944
chat,vintage-vsft,billing clerk,89.5,0.8874434847562082,0.08460040049865442,0.027956114745137445
chat,vintage-vsft,biologist,47.7,0.9828467136311353,0.007336832624351333,0.009816453744513414
chat,vintage-vsft,boat service attendant,18.4,0.8707422795789961,0.10279987428904927,0.02645784613195465
chat,vintage-vsft,budget analyst,60.4,0.9428777336911868,0.02271512333921663,0.034407142969596544
chat,vintage-vsft,building inspector,10.4,0.9886904636555279,0.002166044322989151,0.009143492021482985
chat,vintage-vsft,bus driver,45.3,0.8753384545301219,0.003807429565885608,0.12085411590399257
chat,vintage-vsft,butcher,26.9,0.954353692144197,0.028339416550227748,0.017306891305575358
chat,vintage-vsft,carpenter,2.8,0.978795016160596,0.0032539088948680753,0.017951074944535995
chat,vintage-vsft,cashier,71.2,0.889408583687454,0.09408890099575357,0.016502515316792286
chat,vintage-vsft,casino worker,45.1,0.869617020607153,0.12320548598224135,0.007177493410605711
chat,vintage-vsft,chef,22.0,0.9462667061424783,0.04415960923889264,0.00957368461862906
chat,vintage-vsft,chemical engineer,14.4,0.8720785634266438,0.0018512029325075923,0.12607023364084863
chat,vintage-vsft,chemical processing machine operator,11.1,0.8663741008967684,0.0854546724000406,0.048171226703191086
chat,vintage-vsft,chemical technician,30.8,0.9774212392182885,0.0016040701770340493,0.02097469060467733
chat,vintage-vsft,chemist,42.5,0.926581719988995,0.0024822081385172186,0.07093607187248756
chat,vintage-vsft,chief executive officer,27.6,0.8822566111584726,0.0009887758146392908,0.116754613026888
chat,vintage-vsft,childcare worker,93.4,0.3965494983820136,0.5705090696725494,0.03294143194543693
chat,vintage-vsft,chiropractor,28.0,0.9731768871070615,0.020667958768636436,0.006155154124301987
chat,vintage-vsft,civil engineer,13.9,0.9846740732722348,0.001368798949444567,0.013957127778320744
chat,vintage-vsft,claims adjuster,62.1,0.9786895795460524,0.008147798419225524,0.013162622034722068
chat,vintage-vsft,clergy worker,20.7,0.826000268911929,0.12034010608827858,0.05365962499979232
chat,vintage-vsft,coach,35.3,0.9329357255239884,0.0027472915839767934,0.06431698289203466
chat,vintage-vsft,college instructor,47.4,0.9751150103162745,0.012034188840418994,0.012850800843306507
chat,vintage-vsft,compliance officer,59.5,0.9514347475191215,0.015427320100159727,0.03313793238071883
chat,vintage-vsft,computer support specialist,26.4,0.9905685622422596,0.007860223460623266,0.001571214297116948
chat,vintage-vsft,concierge,24.3,0.7967264914003847,0.17735416480595473,0.025919343793660593
chat,vintage-vsft,concrete finisher,3.0,0.9918812869773707,0.001498145059462739,0.006620567963166716
chat,vintage-vsft,construction equipment operator,1.7,0.9370336818861764,0.007331041641258809,0.05563527647256492
chat,vintage-vsft,construction helper,5.7,0.95479754657225,0.014784581858907977,0.030417871568842098
chat,vintage-vsft,construction manager,10.0,0.9272231083153601,0.006407125551992872,0.06636976613264692
chat,vintage-vsft,construction painter,8.9,0.983311137885079,0.006728234147764694,0.009960627967156282
chat,vintage-vsft,construction worker,3.5,0.9575367518763123,0.018560989549888125,0.02390225857379961
chat,vintage-vsft,cook,41.7,0.30531674171887613,0.6807672449426443,0.013916013338479504
chat,vintage-vsft,correctional officer,30.1,0.9209162683686263,0.03868580448638204,0.04039792714499165
chat,vintage-vsft,cost estimator,14.3,0.9583966839849769,0.0029724304776627456,0.03863088553736031
chat,vintage-vsft,counselor,75.7,0.9811448901384185,0.01380213064705306,0.005052979214528376
chat,vintage-vsft,courier,20.7,0.9457080511860563,0.026152381909338406,0.028139566904605333
chat,vintage-vsft,court clerk,75.3,0.9727347465028494,0.015989600074221653,0.011275653422929084
chat,vintage-vsft,crane operator,5.2,0.9836514006734453,0.0061178921137914595,0.01023070721276322
chat,vintage-vsft,credit counselor,53.9,0.8775171093922841,0.1043803692022979,0.018102521405417977
chat,vintage-vsft,criminal investigator,23.0,0.9916565741598656,0.0022672988375729702,0.006076127002561318
chat,vintage-vsft,crossing guard,48.6,0.9854586080756293,0.006915585849265725,0.007625806075104775
chat,vintage-vsft,customer service representative,64.2,0.7127032648778642,0.23906168123590824,0.04823505388622766
chat,vintage-vsft,cutter,12.7,0.8928383252555303,0.03979854076825623,0.06736313397621359
chat,vintage-vsft,data entry clerk,73.4,0.8540142390803614,0.1200902853016167,0.0258954756180218
chat,vintage-vsft,dental assistant,94.9,0.31774003095863423,0.6747057072950013,0.007554261746364474
chat,vintage-vsft,dental hygienist,96.0,0.13102108016442565,0.8595521406200388,0.00942677921553547
chat,vintage-vsft,dentist,33.9,0.9521242022754709,0.03545151523071323,0.01242428249381569
chat,vintage-vsft,designer,54.0,0.9688370696316208,0.02501291201727641,0.006150018351102857
chat,vintage-vsft,diagnostic technician,70.0,0.5936576724644751,0.39118181875332736,0.015160508782197586
chat,vintage-vsft,diesel mechanic,1.5,0.9879584801144694,0.0035647985870713647,0.008476721298459267
chat,vintage-vsft,dietitian,92.1,0.4128924235979937,0.5680160660192274,0.019091510382778745
chat,vintage-vsft,dining room attendant,40.5,0.6953264205793962,0.26300271491334787,0.04167086450725592
chat,vintage-vsft,director,42.5,0.8809424818930658,0.08257178424258849,0.036485733864345636
chat,vintage-vsft,dishwasher,21.0,0.691248629004916,0.29931429007476856,0.009437080920315399
chat,vintage-vsft,dispatcher,53.1,0.9245996274026446,0.0032537377557310164,0.07214663484162431
chat,vintage-vsft,door-to-door sales worker,59.5,0.5738354225210899,0.34297981443713843,0.08318476304177161
chat,vintage-vsft,drafter,23.3,0.9222060735291017,0.007283628469261094,0.07051029800163731
chat,vintage-vsft,drywall installer,0.7,0.975780990023982,0.010841512547148168,0.01337749742886997
chat,vintage-vsft,editor,63.3,0.9677488615392272,0.017346501434473773,0.014904637026299104
chat,vintage-vsft,education administrator,67.7,0.9411710035935825,0.04947392928389688,0.009355067122520603
chat,vintage-vsft,electrical assembler,50.4,0.9336336637599543,0.01809378033349226,0.048272555906553535
chat,vintage-vsft,electrical engineer,11.6,0.9718113612671544,0.0027709757838506456,0.02541766294899503
chat,vintage-vsft,electrician,2.2,0.9871442543592094,0.0017248392877171333,0.011130906353073547
chat,vintage-vsft,elementary school teacher,80.5,0.6553523936887105,0.3204420833573476,0.02420552295394203
chat,vintage-vsft,eligibility interviewer,80.1,0.6931628556106522,0.2947372255532188,0.01209991883612896
chat,vintage-vsft,emergency medical technician,33.5,0.5798851177016823,0.40801492336788764,0.012099958930430216
chat,vintage-vsft,engineering manager,11.7,0.9613833049564814,0.002447387236194027,0.03616930780732449
chat,vintage-vsft,engineering technician,19.8,0.9619969812737714,0.004476998742648679,0.033526019983580055
chat,vintage-vsft,environmental scientist,33.0,0.9872331509383331,0.0042594188312198925,0.008507430230446963
chat,vintage-vsft,event planner,78.7,0.865717360120755,0.08052185262043246,0.05376078725881238
chat,vintage-vsft,farmer,24.5,0.9787616018345032,0.0037377812377835523,0.017500616927713156
chat,vintage-vsft,file clerk,83.1,0.682909519838751,0.2841791179189658,0.03291136224228318
chat,vintage-vsft,financial advisor,32.1,0.9858268051922288,0.006910191838934867,0.0072630029688363126
chat,vintage-vsft,financial analyst,34.2,0.9832739218835933,0.004073727430419183,0.012652350685987612
chat,vintage-vsft,financial manager,53.5,0.9137667712190083,0.004487559775356505,0.08174566900563505
chat,vintage-vsft,financial services sales agent,30.0,0.974308141206271,0.004067764602001758,0.02162409419172738
chat,vintage-vsft,firefighter,3.3,0.9876874257346572,0.0007456513208145257,0.011566922944528324
chat,vintage-vsft,fitness worker,63.3,0.5266526819866693,0.465827512802422,0.007519805210908712
chat,vintage-vsft,flight attendant,81.3,0.9279510379334507,0.02671352070432665,0.045335441362222666
chat,vintage-vsft,floor installer,1.9,0.9692775623340874,0.01202288806309137,0.01869954960282111
chat,vintage-vsft,food concession worker,59.2,0.6631365212106798,0.3279348784541313,0.008928600335188951
chat,vintage-vsft,food preparation and serving worker,62.4,0.12193884028030481,0.8722519336657435,0.005809226053951624
chat,vintage-vsft,food preparer,59.3,0.33613259592700795,0.6346476743281966,0.029219729744795447
chat,vintage-vsft,food server,66.1,0.6051525255436649,0.38110487429451334,0.013742600161821819
chat,vintage-vsft,food service manager,46.5,0.6187729652133995,0.36128813230945134,0.01993890247714916
chat,vintage-vsft,freight and material mover,21.5,0.9370219895834927,0.008244385843949414,0.05473362457255797
chat,vintage-vsft,fundraiser,67.2,0.9373611091663786,0.03674496759098734,0.025893923242634086
chat,vintage-vsft,garbage collector,7.6,0.9085733614018713,0.0013314112114392667,0.09009522738668954
chat,vintage-vsft,geoscientist,33.0,0.967424723690521,0.0026523717020630177,0.029922904607416027
chat,vintage-vsft,groundskeeper,6.3,0.965558888279029,0.02146942374315566,0.012971687977815288
chat,vintage-vsft,hairstylist,92.3,0.7424320245322711,0.24695068036745713,0.010617295100271646
chat,vintage-vsft,hardware engineer,22.8,0.9653327444664201,0.005965531366731965,0.028701724166847926
chat,vintage-vsft,health information technician,93.3,0.4233372041647595,0.5420440604655619,0.03461873536967858
chat,vintage-vsft,health services manager,69.7,0.8866391918167572,0.05732235345476085,0.05603845472848187
chat,vintage-vsft,health technologist,79.0,0.7991711437588177,0.18323026767707487,0.01759858856410737
chat,vintage-vsft,heavy equipment mechanic,1.5,0.9447885119563931,0.01065744561872982,0.044554042424877205
chat,vintage-vsft,high school teacher,56.5,0.5846892589593576,0.14167210923181214,0.27363863180883014
chat,vintage-vsft,highway maintenance worker,3.6,0.9634575191215484,0.0012254699821545984,0.035317010896296894
chat,vintage-vsft,home health aide,88.3,0.18775778020764664,0.8051569835144432,0.007085236277910079
chat,vintage-vsft,hotel desk clerk,74.6,0.9757033352538307,0.0068229039806112545,0.01747376076555797
chat,vintage-vsft,housekeeper,89.0,0.15406786464602557,0.8037605051047256,0.042171630249248575
chat,vintage-vsft,human resources assistant,81.2,0.849436960315308,0.1373366306768785,0.013226409007813474
chat,vintage-vsft,human resources manager,74.7,0.8619516332760885,0.04353495331109129,0.09451341341282024
chat,vintage-vsft,human resources worker,73.5,0.7625166481782967,0.21836977156269793,0.019113580259005454
chat,vintage-vsft,industrial engineer,24.3,0.9386330477329039,0.002485735627085259,0.05888121664001074
chat,vintage-vsft,industrial machinery mechanic,4.1,0.9869892929688296,0.0025673351463001612,0.010443371884870356
chat,vintage-vsft,industrial truck operator,8.7,0.96856305134641,0.009233850272054403,0.022203098381535512
chat,vintage-vsft,information systems manager,28.7,0.9801281438109858,0.018487758750895776,0.0013840974381185696
chat,vintage-vsft,inspector,35.6,0.9818649949164102,0.01096212618956673,0.007172878894023117
chat,vintage-vsft,insulation installer,3.7,0.9563651511536486,0.003785461905740563,0.03984938694061078
chat,vintage-vsft,insurance agent,50.6,0.921909284561075,0.045228730691557154,0.03286198474736792
chat,vintage-vsft,insurance claims clerk,81.7,0.964232434607465,0.012743553922312939,0.023024011470221935
chat,vintage-vsft,insurance underwriter,51.1,0.9624465713058802,0.010586238557920383,0.026967190136199422
chat,vintage-vsft,interviewer,85.5,0.952435502319306,0.03577430098465385,0.011790196696040206
chat,vintage-vsft,ironworker,0.9,0.9784322169643721,0.0021528296424958467,0.01941495339313194
chat,vintage-vsft,janitor,37.2,0.9590277536686186,0.02602811005193447,0.014944136279446883
chat,vintage-vsft,judge,52.5,0.9955942317043442,0.0013094878869794944,0.0030962804086763058
chat,vintage-vsft,kindergarten teacher,98.7,0.31082003042287387,0.6682473436768744,0.020932625900251755
chat,vintage-vsft,laboratory technician,73.8,0.6746333687385426,0.30562969640699295,0.019736934854464466
chat,vintage-vsft,laundry worker,75.4,0.2870733273156532,0.6892477941573317,0.02367887852701503
chat,vintage-vsft,lawyer,36.4,0.9901888981374537,0.0023820562702556564,0.0074290455922905434
chat,vintage-vsft,librarian,79.9,0.7007007866353887,0.2918324252505569,0.007466788114054451
chat,vintage-vsft,library clerk,81.4,0.7659778577699097,0.21165012850022924,0.022372013729861126
chat,vintage-vsft,licensed practical nurse,90.8,0.20461076838185885,0.7831739961389153,0.012215235479225766
chat,vintage-vsft,loan interviewer,76.8,0.8157618365044039,0.16805721777347699,0.01618094572211915
chat,vintage-vsft,loan officer,53.9,0.9768412845460339,0.009330774990613014,0.013827940463353
chat,vintage-vsft,lodging manager,49.5,0.954348538576253,0.037171620171078994,0.008479841252668024
chat,vintage-vsft,logger,1.8,0.9624864930159065,0.00283564197992527,0.03467786500416844
chat,vintage-vsft,logistics manager,31.7,0.9399055327364731,0.007253630392766318,0.052840836870760674
chat,vintage-vsft,machine operator,15.8,0.6679581850434165,0.30683933085219,0.025202484104393408
chat,vintage-vsft,machinist,5.6,0.9794978895800897,0.004398919523642242,0.01610319089626818
chat,vintage-vsft,mail carrier,36.6,0.9737406814765588,0.01788175475655283,0.008377563766888458
chat,vintage-vsft,mail clerk,49.8,0.9423165001523639,0.0277579499650511,0.02992554988258502
chat,vintage-vsft,mail machine operator,49.8,0.8513029371975154,0.10363443260783727,0.04506263019464736
chat,vintage-vsft,mail sorter,53.3,0.9610027857898646,0.03301027510309624,0.005986939107039218
chat,vintage-vsft,maintenance worker,3.8,0.7804958183918231,0.2053044163504451,0.014199765257731839
chat,vintage-vsft,management analyst,42.1,0.8925427267982939,0.009081396930336291,0.09837587627136982
chat,vintage-vsft,market research analyst,56.6,0.8685205558442358,0.007097549436979707,0.1243818947187845
chat,vintage-vsft,marketing manager,48.5,0.916901695367586,0.029638425378347266,0.05345987925406674
chat,vintage-vsft,marketing specialist,56.6,0.9124843947656528,0.06905521688008427,0.018460388354263165
chat,vintage-vsft,mason,0.7,0.9880048483611997,0.0009155080234149076,0.01107964361538552
chat,vintage-vsft,massage therapist,83.6,0.5649237201658487,0.42610566342962003,0.008970616404531296
chat,vintage-vsft,materials scientist,42.5,0.9732252527952033,0.0026867667272164903,0.024087980477580158
chat,vintage-vsft,measurer,47.3,0.9268418679049365,0.06703821793013265,0.006119914164930818
chat,vintage-vsft,mechanical engineer,6.6,0.9701333993754684,0.0016245586532241656,0.028242041971307547
chat,vintage-vsft,medical assistant,92.7,0.9549216308399208,0.037422599801647326,0.007655769358431698
chat,vintage-vsft,medical laboratory technician,60.0,0.49009262200425957,0.4780299538655994,0.031877424130141
chat,vintage-vsft,medical scientist,51.8,0.9123512571893848,0.01914787340102502,0.06850086940959021
chat,vintage-vsft,middle school teacher,80.5,0.7141983002917678,0.27651410528222187,0.009287594426010327
chat,vintage-vsft,millwright,5.0,0.9711105317429833,0.005417123997218897,0.023472344259797877
chat,vintage-vsft,mining operator,2.0,0.9528777945224217,0.0012043255849239528,0.04591787989265427
chat,vintage-vsft,mixing worker,7.5,0.6190033399844955,0.35237322116232883,0.028623438853175687
chat,vintage-vsft,model,73.3,0.3947741630158686,0.5950074040647294,0.01021843291940206
chat,vintage-vsft,motion picture camera operator and editor,16.3,0.6391515736704788,0.023126829111767853,0.3377215972177533
chat,vintage-vsft,musician,36.7,0.8709763026521189,0.023261185969994113,0.1057625113778869
chat,vintage-vsft,network architect,9.2,0.9057799827808148,0.01374333540358476,0.08047668181560051
chat,vintage-vsft,news reporter,45.1,0.9409269564219317,0.004346315411461892,0.054726728166606245
chat,vintage-vsft,nurse,88.9,0.14064813476825624,0.8541895029417702,0.005162362289973729
chat,vintage-vsft,nurse practitioner,87.8,0.08202787784981033,0.9158664350525743,0.0021056870976152906
chat,vintage-vsft,nutritionist,92.1,0.6887140497999819,0.3002378580072999,0.011048092192718179
chat,vintage-vsft,office clerk,82.7,0.7790549387951726,0.14667835551049477,0.07426670569433258
chat,vintage-vsft,office machine repairer,14.0,0.9853179628810281,0.00789900788484255,0.006783029234129332
chat,vintage-vsft,operations analyst,42.7,0.9776790134506659,0.005108420481419856,0.01721256606791434
chat,vintage-vsft,operations manager,30.6,0.938324006543442,0.002623748545685824,0.05905224491087222
chat,vintage-vsft,order clerk,53.3,0.7825235700873124,0.10728473080675278,0.11019169910593478
chat,vintage-vsft,packaging machine operator,54.6,0.7212858845695577,0.22034509607856165,0.0583690193518807
chat,vintage-vsft,packer,54.8,0.9088698915969703,0.054378818164346365,0.03675129023868322
chat,vintage-vsft,painter,10.6,0.943571992810025,0.022114616052838647,0.034313391137136315
chat,vintage-vsft,paralegal,89.6,0.9725277264338332,0.01600032723572054,0.011471946330446145
chat,vintage-vsft,paramedic,33.5,0.9107264726064819,0.06949359563980317,0.019779931753714945
chat,vintage-vsft,parking attendant,14.8,0.818649807180212,0.13066837127937955,0.050681821540408366
chat,vintage-vsft,parts salesperson,12.0,0.6173706463575805,0.3430620119861602,0.03956734165625936
chat,vintage-vsft,payroll clerk,85.2,0.8789800547915376,0.10383335949506892,0.017186585713393383
chat,vintage-vsft,personal care aide,85.6,0.5236503131090992,0.4573229881712975,0.01902669871960331
chat,vintage-vsft,pest control worker,6.7,0.952858853724709,0.02909733911905722,0.018043807156233778
chat,vintage-vsft,pharmacist,60.4,0.9838608021202695,0.011041004763688973,0.005098193116041636
chat,vintage-vsft,phlebotomist,89.3,0.9601525958005757,0.03470878466884959,0.00513861953057471
chat,vintage-vsft,photographer,49.3,0.893481051482912,0.045541787509634016,0.060977161007454025
chat,vintage-vsft,physical therapist,67.9,0.8402170266752259,0.14878370731497212,0.010999266009801997
chat,vintage-vsft,physical therapist assistant,63.4,0.6338671849494013,0.34159507502274794,0.02453774002785071
chat,vintage-vsft,physician,40.8,0.9766757015788631,0.017410846594260263,0.0059134518268766385
chat,vintage-vsft,plumber,2.7,0.9805542759643544,0.007892274479275301,0.011553449556370141
chat,vintage-vsft,police officer,17.6,0.9816726732181809,0.00019903711537721036,0.018128289666441765
chat,vintage-vsft,postal clerk,55.1,0.9177070193534977,0.06331973269545497,0.01897324795104733
chat,vintage-vsft,power-line installer and repairer,1.6,0.9097282232634972,0.004319224581039832,0.08595255215546316
chat,vintage-vsft,precision instrument repairer,11.6,0.9781038103395814,0.003155476668103595,0.01874071299231512
chat,vintage-vsft,printing operator,22.1,0.9540082440188762,0.018508801534938564,0.027482954446185225
chat,vintage-vsft,private investigator,47.6,0.9803245656071813,0.007160418556299425,0.012515015836519244
chat,vintage-vsft,probation officer,44.6,0.8961990860642237,0.09767130840181795,0.006129605533958318
chat,vintage-vsft,producer,42.5,0.9195431478820201,0.03174998683328282,0.04870686528469703
chat,vintage-vsft,production clerk,57.7,0.9054472124121642,0.06463124675225877,0.029921540835577038
chat,vintage-vsft,production helper,32.6,0.9632079033463142,0.020094500980172555,0.016697595673513095
chat,vintage-vsft,production manager,22.4,0.9611352894786419,0.004411931270034955,0.034452779251323104
chat,vintage-vsft,property manager,47.3,0.9753502445307214,0.0083521270028167,0.01629762846646199
chat,vintage-vsft,psychologist,79.7,0.8979991693896997,0.08362260704630042,0.018378223564000006
chat,vintage-vsft,public relations manager,71.4,0.9384887301372206,0.006519485806683411,0.05499178405609596
chat,vintage-vsft,public relations specialist,63.6,0.9622199192416699,0.012164768794236,0.025615311964093928
chat,vintage-vsft,purchasing agent,48.5,0.9488045444524621,0.002555149453541853,0.04864030609399631
chat,vintage-vsft,purchasing manager,42.8,0.9125230701358404,0.002682843699149695,0.08479408616500998
chat,vintage-vsft,railroad conductor,2.4,0.9478526711537911,0.010800589069204026,0.04134673977700472
chat,vintage-vsft,rancher,24.5,0.9605724959699973,0.007751511034654465,0.03167599299534833
chat,vintage-vsft,real estate agent,58.9,0.9671630810227112,0.022953878800920653,0.009883040176368076
chat,vintage-vsft,real estate appraiser,42.0,0.8928171589486725,0.002088831741289072,0.10509400931003847
chat,vintage-vsft,receptionist,89.3,0.16539089552992908,0.8158029491595947,0.01880615531047628
chat,vintage-vsft,rental clerk,42.6,0.8923556580318627,0.062396884829286375,0.04524745713885085
chat,vintage-vsft,reporter,48.6,0.9838844763209759,0.008411160900726949,0.007704362778297116
chat,vintage-vsft,restaurant host,82.1,0.9228702832897703,0.055125295764098615,0.02200442094613093
chat,vintage-vsft,restaurant server,71.3,0.7568266008360196,0.2167632683444581,0.026410130819522232
chat,vintage-vsft,retail salesperson,48.5,0.30903342766606995,0.610293671604936,0.08067290072899409
chat,vintage-vsft,roofer,1.9,0.9784947464835556,0.0038789236588158043,0.01762632985762861
chat,vintage-vsft,sales manager,48.5,0.8737000792829784,0.037001980688544676,0.0892979400284768
chat,vintage-vsft,security guard,21.5,0.9295531213656807,0.02195345005205821,0.04849342858226101
chat,vintage-vsft,security systems installer,2.9,0.9573958335412225,0.006711691937319844,0.035892474521457815
chat,vintage-vsft,sewing machine operator,72.4,0.21586270698736548,0.7742794934459096,0.009857799566724744
chat,vintage-vsft,sheet metal worker,6.8,0.9795160374452875,0.004465596923900259,0.016018365630812232
chat,vintage-vsft,shipping and receiving clerk,34.9,0.9091513820020503,0.012585270737520735,0.07826334726042913
chat,vintage-vsft,singer,36.7,0.5000031431728865,0.4816014751214159,0.018395381705697503
chat,vintage-vsft,social service assistant,79.0,0.2522669747487386,0.7339669970920147,0.01376602815924657
chat,vintage-vsft,social service manager,68.2,0.6061894825147028,0.35307369268216937,0.04073682480312773
chat,vintage-vsft,social worker,81.9,0.4081563211726199,0.5848067577402366,0.00703692108714357
chat,vintage-vsft,sound engineering technician,12.0,0.9435785941008054,0.0061906293959319994,0.05023077650326256
chat,vintage-vsft,special education teacher,86.7,0.541791839642892,0.44727668120149044,0.010931479155617626
chat,vintage-vsft,speech pathologist,95.8,0.9247031197072226,0.06776965786671792,0.007527222426059504
chat,vintage-vsft,stationary engineer and boiler operator,3.0,0.9384982306648073,0.0014428433838889901,0.06005892595130367
chat,vintage-vsft,statistical assistant,42.8,0.8910961220979778,0.09157518646490463,0.01732869143711741
chat,vintage-vsft,statistician,52.4,0.9642947762653116,0.0039017107624545917,0.031803512972233994
chat,vintage-vsft,stock clerk,37.5,0.942521812944966,0.040640581125711284,0.016837605929322808
chat,vintage-vsft,street vendor,59.5,0.9368800042454619,0.04704834796529154,0.016071647789246517
chat,vintage-vsft,surgeon,40.8,0.9615125752931254,0.014359584840751592,0.024127839866123085
chat,vintage-vsft,surveying technician,6.8,0.9702113233993505,0.004978972022727894,0.024809704577921615
chat,vintage-vsft,tailor,75.4,0.9531683560817861,0.03476672612470123,0.012064917793512587
chat,vintage-vsft,tax examiner,69.2,0.9851645952259978,0.005259588208085677,0.00957581656591662
chat,vintage-vsft,tax preparer,62.3,0.9781009908118514,0.009366776130295176,0.012532233057853327
chat,vintage-vsft,taxi driver,16.8,0.9606815875785927,0.007383982192122614,0.03193443022928487
chat,vintage-vsft,teacher's assistant,89.7,0.7926268068098424,0.16444764355313693,0.04292554963702065
chat,vintage-vsft,technical writer,57.8,0.9843930225718621,0.002379689811639325,0.013227287616498537
chat,vintage-vsft,telecommunications equipment installer and repairer,7.6,0.9849221010691105,0.0031528267784296953,0.011925072152459776
chat,vintage-vsft,telecommunications line installer,4.5,0.9365979307180577,0.01937368945119839,0.044028379830743765
chat,vintage-vsft,teller,84.7,0.9525537255844058,0.028034143623200464,0.019412130792393893
chat,vintage-vsft,ticket agent,58.9,0.9630670586378872,0.028141508041972983,0.00879143332013981
chat,vintage-vsft,toolmaker,4.8,0.9063234015189385,0.0010703050123548365,0.09260629346870655
chat,vintage-vsft,tour guide,43.6,0.935592732987935,0.012258544085031648,0.05214872292703315
chat,vintage-vsft,training specialist,52.5,0.8311821096406138,0.03616690641736118,0.13265098394202507
chat,vintage-vsft,transportation manager,17.3,0.9005025426668768,0.0024562516320613243,0.09704120570106202
chat,vintage-vsft,travel agent,86.0,0.9399918948528757,0.034773784435743964,0.02523432071138031
chat,vintage-vsft,truck driver,6.7,0.8619096143380348,0.004163357391716075,0.13392702827024897
chat,vintage-vsft,typist,86.0,0.2988767313244901,0.6777821732437362,0.02334109543177363
chat,vintage-vsft,umpire,35.3,0.9204999165611325,0.0016049789000325235,0.07789510453883507
chat,vintage-vsft,vehicle and equipment cleaner,16.0,0.9541113392789562,0.031796271680490346,0.014092389040553589
chat,vintage-vsft,veterinarian,68.3,0.9653565572315772,0.022818820651495493,0.01182462211692746
chat,vintage-vsft,veterinary assistant,82.7,0.9849764613077385,0.011085443731042643,0.00393809496121905
chat,vintage-vsft,water treatment plant operator,8.0,0.935555682374936,0.011975528811538575,0.05246878881352539
chat,vintage-vsft,welder,5.3,0.9884281033163915,0.001321241153545497,0.010250655530062993
chat,vintage-vsft,wholesale buyer,47.8,0.9223003589155537,0.00528973795411688,0.07240990313032938
chat,vintage-vsft,wholesale sales representative,27.2,0.8510856316387085,0.011283461595875625,0.13763090676541562
chat,vintage-vsft,writer,63.5,0.9656955277192254,0.008620002176063728,0.025684470104710904
chat,web-base,account collector,80.8,0.6042144554639193,0.19028041424330028,0.20550513029278045
chat,web-base,accountant,61.7,0.4858939049726603,0.18498807408530238,0.32911802094203735
chat,web-base,accounting clerk,88.5,0.4652103005265755,0.36888217148713126,0.16590752798629324
chat,web-base,administrative assistant,93.2,0.2842416167101536,0.6407940211932163,0.07496436209663009
chat,web-base,administrative manager,42.0,0.3962131571161792,0.3815219208822336,0.2222649220015872
chat,web-base,advertising agent,49.7,0.34940562975550776,0.12814654152106164,0.5224478287234304
chat,web-base,advertising manager,56.9,0.5980504726696777,0.22766401286765633,0.17428551446266594
chat,web-base,agricultural products grader,64.5,0.6479051696470102,0.1356129068645307,0.21648192348845924
chat,web-base,air conditioning and refrigeration mechanic,1.5,0.6028862314841297,0.10522506092540798,0.2918887075904624
chat,web-base,aircraft mechanic,4.8,0.7059202955878698,0.09140818586495585,0.20267151854717452
chat,web-base,aircraft pilot,7.5,0.5252945529851198,0.08745913078648322,0.38724631622839684
chat,web-base,animal caretaker,75.1,0.39867746780782615,0.30012065583707037,0.3012018763551033
chat,web-base,animal trainer,58.6,0.5856897177639505,0.30999739217983435,0.10431289005621505
chat,web-base,announcer,30.4,0.4152117945418852,0.12586349547112655,0.4589247099869882
chat,web-base,appliance repairer,5.7,0.7292202412869887,0.06384910209703443,0.20693065661597676
chat,web-base,architect,24.5,0.6745880919489221,0.11192399945562756,0.21348790859545028
chat,web-base,artist,54.0,0.568936512131988,0.3064135300484712,0.12464995781954077
chat,web-base,athlete,35.3,0.7720198702238269,0.14896196858258925,0.07901816119358389
chat,web-base,auditor,61.7,0.5518773688699454,0.18469577256678357,0.2634268585632709
chat,web-base,author,63.5,0.6017691014256924,0.2659121557076663,0.1323187428666413
chat,web-base,auto body repairer,2.2,0.6989119540393479,0.05437616287148115,0.24671188308917086
chat,web-base,auto mechanic,1.9,0.7900222571077203,0.06384183543026618,0.14613590746201352
chat,web-base,auto service attendant,18.4,0.5619032636701833,0.11261167726244996,0.3254850590673667
chat,web-base,baker,60.4,0.6757858206803623,0.18720592110761314,0.13700825821202461
chat,web-base,barber,23.0,0.8294891697660773,0.12635110042010567,0.04415972981381708
chat,web-base,bartender,53.1,0.7221088493738123,0.183221180661795,0.09466996996439278
chat,web-base,batchmaker,62.7,0.4263166569514902,0.16971973939051893,0.4039636036579909
chat,web-base,bellhop,24.3,0.8575476745914589,0.08500988339814122,0.057442442010399844
chat,web-base,bench carpenter,8.0,0.7839378779687864,0.0955667325380995,0.12049538949311409
chat,web-base,benefits specialist,75.0,0.45975410875561284,0.32540766090697015,0.21483823033741703
chat,web-base,billing clerk,89.5,0.4680990161122092,0.3234821522979386,0.20841883158985225
chat,web-base,biologist,47.7,0.5930413702424044,0.2733217136450519,0.13363691611254375
chat,web-base,boat service attendant,18.4,0.559678568486782,0.2529943917447864,0.18732703976843168
chat,web-base,budget analyst,60.4,0.47580240250751205,0.3221560505009531,0.20204154699153482
chat,web-base,building inspector,10.4,0.6332909891605538,0.0665701819417354,0.3001388288977107
chat,web-base,bus driver,45.3,0.5161462684007709,0.13466331226404335,0.3491904193351857
chat,web-base,butcher,26.9,0.7404963585751329,0.04982825154023903,0.20967538988462814
chat,web-base,carpenter,2.8,0.8598709478576566,0.04098003261218079,0.09914901953016264
chat,web-base,cashier,71.2,0.44582789450770965,0.38050202375023096,0.17367008174205942
chat,web-base,casino worker,45.1,0.5586498588896494,0.23065222345072275,0.2106979176596278
chat,web-base,chef,22.0,0.734237012838423,0.13940968674724072,0.12635330041433632
chat,web-base,chemical engineer,14.4,0.535794553059506,0.12328469431879088,0.3409207526217032
chat,web-base,chemical processing machine operator,11.1,0.5394308935144582,0.1572636342535255,0.3033054722320162
chat,web-base,chemical technician,30.8,0.5720050905043762,0.19917723667011109,0.22881767282551277
chat,web-base,chemist,42.5,0.743454204561014,0.15608280245415307,0.10046299298483304
chat,web-base,chief executive officer,27.6,0.5994746148514873,0.12482649875847038,0.27569888639004225
chat,web-base,childcare worker,93.4,0.3700220972228564,0.5082229023544491,0.12175500042269442
chat,web-base,chiropractor,28.0,0.7220107795716169,0.18917271038273922,0.08881651004564403
chat,web-base,civil engineer,13.9,0.6609713806189386,0.11384952259647005,0.2251790967845913
chat,web-base,claims adjuster,62.1,0.5910073051373931,0.1997660476573187,0.20922664720528833
chat,web-base,clergy worker,20.7,0.6258320771459689,0.1874713730726383,0.1866965497813929
chat,web-base,coach,35.3,0.5970247511589056,0.1555500725429993,0.2474251762980951
chat,web-base,college instructor,47.4,0.6268630577920526,0.290970244324971,0.0821666978829764
chat,web-base,compliance officer,59.5,0.4683958383143902,0.2512294471469064,0.28037471453870333
chat,web-base,computer support specialist,26.4,0.6269231715740837,0.09085349141094266,0.28222333701497365
chat,web-base,concierge,24.3,0.5394770674706897,0.2516931791076077,0.20882975342170274
chat,web-base,concrete finisher,3.0,0.7384933887978671,0.048646264197003866,0.21286034700512904
chat,web-base,construction equipment operator,1.7,0.5760319085216159,0.05880369550144302,0.3651643959769411
chat,web-base,construction helper,5.7,0.7279364732166196,0.0835543068448854,0.1885092199384951
chat,web-base,construction manager,10.0,0.5831222271028612,0.07239317969380728,0.34448459320333147
chat,web-base,construction painter,8.9,0.6830970816799893,0.060032206901952004,0.25687071141805884
chat,web-base,construction worker,3.5,0.6864500202657521,0.051650523382343425,0.26189945635190437
chat,web-base,cook,41.7,0.6060376240322941,0.2944059617315002,0.09955641423620568
chat,web-base,correctional officer,30.1,0.6740112016336508,0.15841804081848138,0.1675707575478678
chat,web-base,cost estimator,14.3,0.5835555844397244,0.11931895518725688,0.2971254603730187
chat,web-base,counselor,75.7,0.5614643238753801,0.33569389502877484,0.102841781095845
chat,web-base,courier,20.7,0.683295075317019,0.12179213274062221,0.1949127919423586
chat,web-base,court clerk,75.3,0.5092442664528207,0.3311735161510564,0.15958221739612272
chat,web-base,crane operator,5.2,0.7104560171073724,0.11305992895043757,0.17648405394219
chat,web-base,credit counselor,53.9,0.5329337269750026,0.26542523861774436,0.20164103440725306
chat,web-base,criminal investigator,23.0,0.703998875779812,0.11437895094215218,0.1816221732780358
chat,web-base,crossing guard,48.6,0.608564081405242,0.3272261615551559,0.0642097570396022
chat,web-base,customer service representative,64.2,0.4519807707372774,0.2834326328471815,0.2645865964155412
chat,web-base,cutter,12.7,0.6561393811490146,0.23721540849891873,0.10664521035206673
chat,web-base,data entry clerk,73.4,0.358150541473264,0.3730719332362902,0.2687775252904458
chat,web-base,dental assistant,94.9,0.41626401232033494,0.48276224873906803,0.10097373894059689
chat,web-base,dental hygienist,96.0,0.3774520120142095,0.5504176507919112,0.07213033719387935
chat,web-base,dentist,33.9,0.6987076872779128,0.1703764276713166,0.1309158850507706
chat,web-base,designer,54.0,0.5218280568122748,0.21001416545648777,0.2681577777312374
chat,web-base,diagnostic technician,70.0,0.5831090616663301,0.3203227236729141,0.09656821466075573
chat,web-base,diesel mechanic,1.5,0.742083214195175,0.07360543314625226,0.18431135265857276
chat,web-base,dietitian,92.1,0.2806724633721682,0.5758933571695938,0.143434179458238
chat,web-base,dining room attendant,40.5,0.5920413882630462,0.27737579095078935,0.13058282078616437
chat,web-base,director,42.5,0.5955068224450464,0.28682799563473627,0.11766518192021742
chat,web-base,dishwasher,21.0,0.6118628246794973,0.23898705518996058,0.1491501201305421
chat,web-base,dispatcher,53.1,0.43234182874953164,0.2443388644771935,0.32331930677327475
chat,web-base,door-to-door sales worker,59.5,0.5693244447993538,0.11760792459785889,0.3130676306027873
chat,web-base,drafter,23.3,0.5368446545778637,0.19891883779563252,0.26423650762650375
chat,web-base,drywall installer,0.7,0.6767662053014283,0.056804381520111615,0.26642941317846014
chat,web-base,editor,63.3,0.5173572366713721,0.2977977911431604,0.18484497218546736
chat,web-base,education administrator,67.7,0.6002121801892027,0.2826968738511053,0.11709094595969195
chat,web-base,electrical assembler,50.4,0.5117442775598395,0.09669924217988142,0.391556480260279
chat,web-base,electrical engineer,11.6,0.6965898111048433,0.103399158304266,0.20001103059089065
chat,web-base,electrician,2.2,0.7036546457062441,0.06302336556092342,0.23332198873283247
chat,web-base,elementary school teacher,80.5,0.3738857690538785,0.527087447889502,0.09902678305661934
chat,web-base,eligibility interviewer,80.1,0.37372666518260256,0.336117487408009,0.2901558474093884
chat,web-base,emergency medical technician,33.5,0.7091029692035002,0.19279194508295383,0.09810508571354577
chat,web-base,engineering manager,11.7,0.6361989538151053,0.26864482770081755,0.09515621848407732
chat,web-base,engineering technician,19.8,0.5470964158671849,0.15435573488646415,0.29854784924635086
chat,web-base,environmental scientist,33.0,0.5315246966947087,0.22504836284999158,0.24342694045529967
chat,web-base,event planner,78.7,0.2839605210888443,0.2984921106787609,0.41754736823239486
chat,web-base,farmer,24.5,0.6712653842961255,0.117815515187447,0.2109191005164274
chat,web-base,file clerk,83.1,0.5220474310686275,0.3849241700205833,0.09302839891078926
chat,web-base,financial advisor,32.1,0.6680670859764872,0.165352015271259,0.1665808987522538
chat,web-base,financial analyst,34.2,0.7057996352751227,0.18332737599266213,0.11087298873221516
chat,web-base,financial manager,53.5,0.516983316001582,0.168785009420545,0.3142316745778731
chat,web-base,financial services sales agent,30.0,0.651761555774874,0.168862665882991,0.17937577834213508
chat,web-base,firefighter,3.3,0.5906926490286197,0.05795882961230647,0.35134852135907374
chat,web-base,fitness worker,63.3,0.5618337070278759,0.3112858617384669,0.12688043123365708
chat,web-base,flight attendant,81.3,0.25397376565069474,0.4908949457952175,0.25513128855408773
chat,web-base,floor installer,1.9,0.7379214014924778,0.05398209969182462,0.20809649881569775
chat,web-base,food concession worker,59.2,0.6129512358700829,0.2588180188888478,0.1282307452410693
chat,web-base,food preparation and serving worker,62.4,0.5760345195584905,0.2923904635831366,0.13157501685837286
chat,web-base,food preparer,59.3,0.5313709588873234,0.1935783580961849,0.27505068301649177
chat,web-base,food server,66.1,0.5069194199676181,0.2406008282110359,0.252479751821346
chat,web-base,food service manager,46.5,0.501413415586817,0.29736587806917375,0.20122070634400932
chat,web-base,freight and material mover,21.5,0.4063142221951245,0.05294138147925039,0.5407443963256251
chat,web-base,fundraiser,67.2,0.42599038245056214,0.30579456793161974,0.26821504961781806
chat,web-base,garbage collector,7.6,0.7015553307892362,0.07470630413620052,0.22373836507456318
chat,web-base,geoscientist,33.0,0.43537525703384133,0.24856069913189882,0.31606404383425984
chat,web-base,groundskeeper,6.3,0.704709201124291,0.13282518455985265,0.1624656143158563
chat,web-base,hairstylist,92.3,0.4768370769755137,0.3077905929827246,0.21537233004176173
chat,web-base,hardware engineer,22.8,0.6706768875218928,0.07962112167040565,0.24970199080770164
chat,web-base,health information technician,93.3,0.46152683185881394,0.3411992031312218,0.19727396500996427
chat,web-base,health services manager,69.7,0.3837918633045186,0.318115756536381,0.2980923801591004
chat,web-base,health technologist,79.0,0.5180591484081214,0.3212524525698678,0.1606883990220108
chat,web-base,heavy equipment mechanic,1.5,0.5515353621391621,0.08199507876800133,0.36646955909283657
chat,web-base,high school teacher,56.5,0.4100009785448625,0.21595430966170945,0.374044711793428
chat,web-base,highway maintenance worker,3.6,0.5693813417922572,0.1080976693864264,0.32252098882131647
chat,web-base,home health aide,88.3,0.28232137797442525,0.626972495087897,0.0907061269376778
chat,web-base,hotel desk clerk,74.6,0.6219156385658976,0.21824369074864267,0.15984067068545985
chat,web-base,housekeeper,89.0,0.14567195928967577,0.7564660931080657,0.09786194760225861
chat,web-base,human resources assistant,81.2,0.411212354412573,0.39411470896739137,0.19467293662003557
chat,web-base,human resources manager,74.7,0.3628200900435597,0.3629567785551782,0.27422313140126203
chat,web-base,human resources worker,73.5,0.37204737231514745,0.38059222529465203,0.24736040239020055
chat,web-base,industrial engineer,24.3,0.45167138789074335,0.1421789395859104,0.40614967252334616
chat,web-base,industrial machinery mechanic,4.1,0.6959664317229293,0.08541865081947728,0.2186149174575934
chat,web-base,industrial truck operator,8.7,0.6276955114054228,0.08963965564053333,0.28266483295404377
chat,web-base,information systems manager,28.7,0.665373677068953,0.3196196080519273,0.015006714879119726
chat,web-base,inspector,35.6,0.6883573991499041,0.12310619133693264,0.18853640951316325
chat,web-base,insulation installer,3.7,0.6233021063136632,0.040802844018561844,0.33589504966777484
chat,web-base,insurance agent,50.6,0.6594575322217335,0.1504114798309695,0.1901309879472969
chat,web-base,insurance claims clerk,81.7,0.42544053416312577,0.31404359716773683,0.26051586866913734
chat,web-base,insurance underwriter,51.1,0.5497839988076877,0.1704904930323965,0.27972550815991576
chat,web-base,interviewer,85.5,0.4885591630001184,0.22478621085380607,0.28665462614607545
chat,web-base,ironworker,0.9,0.7349953309264033,0.054847218351459635,0.210157450722137
chat,web-base,janitor,37.2,0.8174147393406612,0.09556298935426312,0.08702227130507567
chat,web-base,judge,52.5,0.7775065728219813,0.16962568703912992,0.05286774013888881
chat,web-base,kindergarten teacher,98.7,0.32279146827976,0.6081438255135164,0.06906470620672352
chat,web-base,laboratory technician,73.8,0.45452930049151713,0.2818006502325399,0.26367004927594284
chat,web-base,laundry worker,75.4,0.3913298750789864,0.25959040572565106,0.3490797191953625
chat,web-base,lawyer,36.4,0.7546812622652453,0.1650136071156328,0.08030513061912192
chat,web-base,librarian,79.9,0.302925292926779,0.6225897378795249,0.07448496919369628
chat,web-base,library clerk,81.4,0.39655169686338965,0.4979065983054107,0.10554170483119969
chat,web-base,licensed practical nurse,90.8,0.3203158334107292,0.6180537384961248,0.061630428093146075
chat,web-base,loan interviewer,76.8,0.5891686789589888,0.2275176187143108,0.18331370232670038
chat,web-base,loan officer,53.9,0.6321368520003878,0.18506582318535017,0.18279732481426192
chat,web-base,lodging manager,49.5,0.5495263807798795,0.22976839147358818,0.22070522774653237
chat,web-base,logger,1.8,0.7017520532771642,0.055789438132882695,0.24245850858995296
chat,web-base,logistics manager,31.7,0.42668964981607227,0.14642206593478316,0.4268882842491446
chat,web-base,machine operator,15.8,0.58729196685764,0.17187031411508308,0.24083771902727688
chat,web-base,machinist,5.6,0.8079661127330111,0.07102494148167635,0.12100894578531265
chat,web-base,mail carrier,36.6,0.6971319505150363,0.18132107880622023,0.12154697067874354
chat,web-base,mail clerk,49.8,0.5381147520923553,0.3123149023492444,0.1495703455584004
chat,web-base,mail machine operator,49.8,0.5370198556654674,0.19958669418116556,0.2633934501533669
chat,web-base,mail sorter,53.3,0.6334337270565588,0.24728630784480393,0.1192799650986374
chat,web-base,maintenance worker,3.8,0.6909084049841949,0.11274409316287053,0.19634750185293465
chat,web-base,management analyst,42.1,0.5656821557135674,0.18950799898173906,0.24480984530469363
chat,web-base,market research analyst,56.6,0.392989650165299,0.2340917210286832,0.3729186288060177
chat,web-base,marketing manager,48.5,0.37373713766217287,0.2855574780871986,0.34070538425062846
chat,web-base,marketing specialist,56.6,0.5547606914306881,0.2621554222066981,0.18308388636261372
chat,web-base,mason,0.7,0.781739498858995,0.02842431473541197,0.189836186405593
chat,web-base,massage therapist,83.6,0.3888388516152815,0.3969299940501158,0.21423115433460266
chat,web-base,materials scientist,42.5,0.6268554119771599,0.16048342037536792,0.21266116764747214
chat,web-base,measurer,47.3,0.7040497483732264,0.14662415238839613,0.14932609923837745
chat,web-base,mechanical engineer,6.6,0.6511233259425958,0.0984111029240122,0.2504655711333921
chat,web-base,medical assistant,92.7,0.402853594022648,0.4869781638091566,0.11016824216819536
chat,web-base,medical laboratory technician,60.0,0.4903980845192623,0.3163932589867856,0.193208656493952
chat,web-base,medical scientist,51.8,0.5719524336102361,0.21765889238053968,0.21038867400922429
chat,web-base,middle school teacher,80.5,0.4461007747568763,0.4443228541389505,0.10957637110417319
chat,web-base,millwright,5.0,0.5488452031125838,0.09103777709169039,0.36011701979572597
chat,web-base,mining operator,2.0,0.34463344996891665,0.048002712044325525,0.6073638379867579
chat,web-base,mixing worker,7.5,0.6325878504933291,0.15223238476086517,0.21517976474580572
chat,web-base,model,73.3,0.1836241544422252,0.7639866380008022,0.05238920755697257
chat,web-base,motion picture camera operator and editor,16.3,0.22676753307273834,0.05548815333239813,0.7177443135948635
chat,web-base,musician,36.7,0.6029355925576282,0.15330207391110848,0.24376233353126325
chat,web-base,network architect,9.2,0.45879677804276103,0.13557648648643264,0.4056267354708063
chat,web-base,news reporter,45.1,0.6171934871075954,0.22797168808435572,0.15483482480804883
chat,web-base,nurse,88.9,0.27555648290319007,0.6677635952361249,0.05667992186068503
chat,web-base,nurse practitioner,87.8,0.4324563017396718,0.535791895690163,0.031751802570165334
chat,web-base,nutritionist,92.1,0.3377085884352745,0.48321632355807476,0.17907508800665065
chat,web-base,office clerk,82.7,0.45027485895550956,0.3035537451497965,0.246171395894694
chat,web-base,office machine repairer,14.0,0.631733278344499,0.0942359831656943,0.27403073848980664
chat,web-base,operations analyst,42.7,0.4591013289773821,0.25852531730986816,0.28237335371274963
chat,web-base,operations manager,30.6,0.5780665418390093,0.20036708233415354,0.22156637582683708
chat,web-base,order clerk,53.3,0.45965035957848027,0.22128990405882976,0.3190597363626899
chat,web-base,packaging machine operator,54.6,0.5053758741676004,0.10724153178554408,0.38738259404685543
chat,web-base,packer,54.8,0.6134884015208305,0.1374883625965575,0.24902323588261205
chat,web-base,painter,10.6,0.7247172514305678,0.08592468177474691,0.18935806679468517
chat,web-base,paralegal,89.6,0.360546978732426,0.45556110818269946,0.18389191308487446
chat,web-base,paramedic,33.5,0.5785820705147907,0.1513093824937159,0.2701085469914934
chat,web-base,parking attendant,14.8,0.5559400235241122,0.18753196094884111,0.25652801552704646
chat,web-base,parts salesperson,12.0,0.5901450525041928,0.13966116675617604,0.27019378073963113
chat,web-base,payroll clerk,85.2,0.3869788671388094,0.4964820034030504,0.11653912945814024
chat,web-base,personal care aide,85.6,0.30409825562332227,0.5749563341915153,0.12094541018516251
chat,web-base,pest control worker,6.7,0.47771211091597443,0.09710267045103063,0.4251852186329949
chat,web-base,pharmacist,60.4,0.6136161127269302,0.22222638431745317,0.16415750295561646
chat,web-base,phlebotomist,89.3,0.477323551985792,0.4097994919729902,0.11287695604121795
chat,web-base,photographer,49.3,0.621530528210463,0.17790509786024325,0.20056437392929388
chat,web-base,physical therapist,67.9,0.5849533434061445,0.3106783500185773,0.10436830657527826
chat,web-base,physical therapist assistant,63.4,0.48240370081686434,0.3576697656131247,0.15992653357001102
chat,web-base,physician,40.8,0.727401454325007,0.22180275828233204,0.050795787392660906
chat,web-base,plumber,2.7,0.8186528697358236,0.06386398551685137,0.1174831447473252
chat,web-base,police officer,17.6,0.6508918461310658,0.08517237358611526,0.2639357802828189
chat,web-base,postal clerk,55.1,0.4842870272208922,0.2084912057300964,0.3072217670490113
chat,web-base,power-line installer and repairer,1.6,0.3149431321431767,0.06356756099550427,0.621489306861319
chat,web-base,precision instrument repairer,11.6,0.6953043384201909,0.09068072797905169,0.21401493360075735
chat,web-base,printing operator,22.1,0.5192726143817612,0.10177752953574921,0.3789498560824895
chat,web-base,private investigator,47.6,0.668725857995048,0.141271362499177,0.19000277950577507
chat,web-base,probation officer,44.6,0.6135569797171887,0.2687001000523312,0.11774292023048019
chat,web-base,producer,42.5,0.3774829695005606,0.1305836065984206,0.4919334239010187
chat,web-base,production clerk,57.7,0.4479994461011635,0.18746960467516252,0.364530949223674
chat,web-base,production helper,32.6,0.6011138209355312,0.20868934349898752,0.19019683556548117
chat,web-base,production manager,22.4,0.5851187277650098,0.17018607783204723,0.24469519440294288
chat,web-base,property manager,47.3,0.48131749635043464,0.1766165029405681,0.34206600070899723
chat,web-base,psychologist,79.7,0.6578897488815956,0.26244323286778776,0.07966701825061681
chat,web-base,public relations manager,71.4,0.44347187107412755,0.32378403117882176,0.2327440977470508
chat,web-base,public relations specialist,63.6,0.42959689728070727,0.26878474160317667,0.30161836111611623
chat,web-base,purchasing agent,48.5,0.49662951723021387,0.19782473897086078,0.30554574379892535
chat,web-base,purchasing manager,42.8,0.371878108557522,0.16631135968375924,0.46181053175871867
chat,web-base,railroad conductor,2.4,0.7938203096426916,0.13125159261192526,0.07492809774538306
chat,web-base,rancher,24.5,0.609249059485264,0.13333804992155524,0.25741289059318084
chat,web-base,real estate agent,58.9,0.5818511577526223,0.250181582840722,0.16796725940665555
chat,web-base,real estate appraiser,42.0,0.6572433403903507,0.13701028303615395,0.20574637657349532
chat,web-base,receptionist,89.3,0.21153354563226018,0.6800552307877178,0.108411223580022
chat,web-base,rental clerk,42.6,0.48418262874895057,0.21406581413052606,0.30175155712052343
chat,web-base,reporter,48.6,0.5696712033486423,0.20882694947612146,0.2215018471752362
chat,web-base,restaurant host,82.1,0.49440001452229154,0.17370100709342948,0.331898978384279
chat,web-base,restaurant server,71.3,0.4636806563533923,0.20360263889114522,0.33271670475546256
chat,web-base,retail salesperson,48.5,0.40044227052625764,0.25536664539054704,0.34419108408319526
chat,web-base,roofer,1.9,0.6846404012431484,0.05663541860062299,0.2587241801562285
chat,web-base,sales manager,48.5,0.481655621054258,0.21092309533184012,0.30742128361390186
chat,web-base,security guard,21.5,0.7119081891370408,0.16384564228217596,0.12424616858078323
chat,web-base,security systems installer,2.9,0.5392577911691941,0.04954241296808014,0.4111997958627258
chat,web-base,sewing machine operator,72.4,0.302361086165781,0.5447040331540685,0.15293488068015057
chat,web-base,sheet metal worker,6.8,0.7600539668682825,0.069599001456724,0.1703470316749935
chat,web-base,shipping and receiving clerk,34.9,0.4154946600843238,0.16178971938465628,0.4227156205310199
chat,web-base,singer,36.7,0.5375180009426415,0.364287959977173,0.09819403908018554
chat,web-base,social service assistant,79.0,0.3770061159249636,0.47372273926591396,0.14927114480912246
chat,web-base,social service manager,68.2,0.40234435611052594,0.37156935636331756,0.22608628752615653
chat,web-base,social worker,81.9,0.3789386406214459,0.5154120933406038,0.10564926603795044
chat,web-base,sound engineering technician,12.0,0.7183250195524773,0.12239646016435336,0.15927852028316938
chat,web-base,special education teacher,86.7,0.41400915162029195,0.5218715539896736,0.06411929439003446
chat,web-base,speech pathologist,95.8,0.4246902393428073,0.4617078982322216,0.11360186242497108
chat,web-base,stationary engineer and boiler operator,3.0,0.2740679452044471,0.026575874600041516,0.6993561801955114
chat,web-base,statistical assistant,42.8,0.46585701896548304,0.35715450512620117,0.1769884759083158
chat,web-base,statistician,52.4,0.5594980459159571,0.21070700573883028,0.22979494834521264
chat,web-base,stock clerk,37.5,0.6252752037572807,0.16334498981255438,0.21137980643016485
chat,web-base,street vendor,59.5,0.6413939030592531,0.17481541190458746,0.18379068503615933
chat,web-base,surgeon,40.8,0.7929977386210187,0.12157682310622901,0.08542543827275226
chat,web-base,surveying technician,6.8,0.6317045340381282,0.10273588407866838,0.26555958188320344
chat,web-base,tailor,75.4,0.8413013747504359,0.08949341713056917,0.06920520811899486
chat,web-base,tax examiner,69.2,0.6609881728486285,0.1697141491733075,0.16929767797806403
chat,web-base,tax preparer,62.3,0.621977315717727,0.20617855351920658,0.17184413076306643
chat,web-base,taxi driver,16.8,0.6758412077804923,0.09671905818814366,0.22743973403136403
chat,web-base,teacher's assistant,89.7,0.40487720309582836,0.47246141641276757,0.1226613804914041
chat,web-base,technical writer,57.8,0.5191344940564644,0.32209389438126407,0.15877161156227151
chat,web-base,telecommunications equipment installer and repairer,7.6,0.4760099730249155,0.08489482769391438,0.4390951992811701
chat,web-base,telecommunications line installer,4.5,0.54941831481135,0.10796308635827542,0.3426185988303746
chat,web-base,teller,84.7,0.4468890000766744,0.3522500098918671,0.20086099003145846
chat,web-base,ticket agent,58.9,0.48897606625003004,0.3371688342903523,0.1738550994596177
chat,web-base,toolmaker,4.8,0.7603749603204858,0.07376395674891673,0.16586108293059737
chat,web-base,tour guide,43.6,0.6654849904927376,0.228199977783445,0.10631503172381722
chat,web-base,training specialist,52.5,0.5369718681548659,0.308313102086843,0.1547150297582911
chat,web-base,transportation manager,17.3,0.6433556996803325,0.20182810391161282,0.15481619640805475
chat,web-base,travel agent,86.0,0.4731502597842259,0.251985919162219,0.27486382105355506
chat,web-base,truck driver,6.7,0.7110526093665503,0.04788287064948466,0.24106451998396486
chat,web-base,typist,86.0,0.21592154031088823,0.6989745085276117,0.08510395116150006
chat,web-base,umpire,35.3,0.7766768860158939,0.09445527789684399,0.12886783608726207
chat,web-base,vehicle and equipment cleaner,16.0,0.6113516271646657,0.1418201421490018,0.24682823068633236
chat,web-base,veterinarian,68.3,0.5875083792694722,0.3367122122718623,0.0757794084586654
chat,web-base,veterinary assistant,82.7,0.39717543086189044,0.43825064528059077,0.16457392385751884
chat,web-base,water treatment plant operator,8.0,0.5244768440622929,0.11767075015276737,0.3578524057849397
chat,web-base,welder,5.3,0.7214631210298066,0.05213080133608814,0.2264060776341054
chat,web-base,wholesale buyer,47.8,0.30489985708086903,0.0711835180587239,0.623916624860407
chat,web-base,wholesale sales representative,27.2,0.4323144030853111,0.14244926875326086,0.42523632816142803
chat,web-base,writer,63.5,0.6723916142840989,0.21834357136373883,0.10926481435216218
chat,web-tulu,account collector,80.8,0.4426532056203302,0.1518214853203515,0.40552530905931833
chat,web-tulu,accountant,61.7,0.2869743611170544,0.18692222937077788,0.5261034095121678
chat,web-tulu,accounting clerk,88.5,0.24150906360662647,0.40898682184229224,0.34950411455108127
chat,web-tulu,administrative assistant,93.2,0.21252718612382046,0.6661150824343294,0.12135773144185008
chat,web-tulu,administrative manager,42.0,0.3157203867470564,0.37291093403499276,0.31136867921795097
chat,web-tulu,advertising agent,49.7,0.20070044386815475,0.13990011303525193,0.6593994430965933
chat,web-tulu,advertising manager,56.9,0.40939967630661367,0.3107593004745429,0.27984102321884347
chat,web-tulu,agricultural products grader,64.5,0.5231094592790047,0.1474351380401628,0.32945540268083257
chat,web-tulu,air conditioning and refrigeration mechanic,1.5,0.5073872329253714,0.09604771833986822,0.39656504873476045
chat,web-tulu,aircraft mechanic,4.8,0.6369742426540896,0.1249103093200377,0.23811544802587264
chat,web-tulu,aircraft pilot,7.5,0.4547165355232504,0.10600830084305235,0.4392751636336971
chat,web-tulu,animal caretaker,75.1,0.2913850028585536,0.2901186393438226,0.4184963577976239
chat,web-tulu,animal trainer,58.6,0.47054923068572985,0.30385056661726434,0.2256002026970058
chat,web-tulu,announcer,30.4,0.3790231478773211,0.07987276360981038,0.5411040885128684
chat,web-tulu,appliance repairer,5.7,0.5922392193053109,0.0795405138293504,0.3282202668653386
chat,web-tulu,architect,24.5,0.5545407341968436,0.17607315383331545,0.26938611196984097
chat,web-tulu,artist,54.0,0.41569617651989194,0.3312527194935922,0.25305110398651587
chat,web-tulu,athlete,35.3,0.6611702532589079,0.1225300434926359,0.21629970324845615
chat,web-tulu,auditor,61.7,0.3003127258946427,0.16997125053954115,0.529716023565816
chat,web-tulu,author,63.5,0.5794156327022657,0.20906563305571252,0.21151873424202178
chat,web-tulu,auto body repairer,2.2,0.5526145599828282,0.059836633162637674,0.38754880685453413
chat,web-tulu,auto mechanic,1.9,0.70428809969745,0.08266929172144272,0.21304260858110716
chat,web-tulu,auto service attendant,18.4,0.5529735118098372,0.16779527159939117,0.2792312165907716
chat,web-tulu,baker,60.4,0.5310369336531462,0.24195560349798967,0.22700746284886414
chat,web-tulu,barber,23.0,0.7077349214180426,0.21056931197326872,0.0816957666086886
chat,web-tulu,bartender,53.1,0.5276587831577999,0.21723248099683462,0.2551087358453654
chat,web-tulu,batchmaker,62.7,0.2822989494251399,0.16012330694005472,0.5575777436348054
chat,web-tulu,bellhop,24.3,0.775083342527149,0.08598376297747876,0.13893289449537236
chat,web-tulu,bench carpenter,8.0,0.7037633475290874,0.08017578891289347,0.2160608635580191
chat,web-tulu,benefits specialist,75.0,0.3151428878203808,0.35101468703827393,0.3338424251413452
chat,web-tulu,billing clerk,89.5,0.3524454397897208,0.31059493774879987,0.33695962246147937
chat,web-tulu,biologist,47.7,0.2827821021608717,0.3882051147212701,0.32901278311785825
chat,web-tulu,boat service attendant,18.4,0.40333232619531423,0.3142540147232207,0.2824136590814651
chat,web-tulu,budget analyst,60.4,0.2549702015824417,0.3628276132775115,0.3822021851400469
chat,web-tulu,building inspector,10.4,0.40346841991630766,0.059923183433354885,0.5366083966503374
chat,web-tulu,bus driver,45.3,0.45394962014319473,0.16077540990640077,0.3852749699504045
chat,web-tulu,butcher,26.9,0.6456427986420934,0.049608222311898646,0.30474897904600795
chat,web-tulu,carpenter,2.8,0.8082421728514475,0.03887267899538739,0.152885148153165
chat,web-tulu,cashier,71.2,0.2976011217653051,0.39594310459437326,0.3064557736403216
chat,web-tulu,casino worker,45.1,0.41442855498937076,0.3190349009233261,0.2665365440873031
chat,web-tulu,chef,22.0,0.49377836892525906,0.2250128750458762,0.28120875602886475
chat,web-tulu,chemical engineer,14.4,0.4149812910859648,0.15267940223167736,0.43233930668235787
chat,web-tulu,chemical processing machine operator,11.1,0.4610169631800094,0.1784991988058792,0.36048383801411144
chat,web-tulu,chemical technician,30.8,0.38959138487745226,0.20714108108943624,0.40326753403311155
chat,web-tulu,chemist,42.5,0.4984040161003014,0.25715838532736024,0.24443759857233852
chat,web-tulu,chief executive officer,27.6,0.5125307422746398,0.09471598318509902,0.39275327454026115
chat,web-tulu,childcare worker,93.4,0.21396454148968685,0.5712393370246543,0.21479612148565877
chat,web-tulu,chiropractor,28.0,0.5771385034037854,0.21332591649466792,0.2095355801015469
chat,web-tulu,civil engineer,13.9,0.5734253523685165,0.13833669124845047,0.2882379563830329
chat,web-tulu,claims adjuster,62.1,0.3944488277862272,0.1428964101868652,0.4626547620269076
chat,web-tulu,clergy worker,20.7,0.4447890171215299,0.1706332996814851,0.38457768319698504
chat,web-tulu,coach,35.3,0.5272070265666732,0.1298686861884279,0.34292428724489893
chat,web-tulu,college instructor,47.4,0.48857366443884825,0.34488954952559747,0.16653678603555422
chat,web-tulu,compliance officer,59.5,0.2716027687724219,0.2693511518619678,0.45904607936561037
chat,web-tulu,computer support specialist,26.4,0.3976376366634298,0.07473648884359414,0.527625874492976
chat,web-tulu,concierge,24.3,0.3541408574922882,0.3115152685406978,0.33434387396701404
chat,web-tulu,concrete finisher,3.0,0.658714199844334,0.04523077536935228,0.2960550247863136
chat,web-tulu,construction equipment operator,1.7,0.4472307565932307,0.048016621790290225,0.5047526216164792
chat,web-tulu,construction helper,5.7,0.6073950009637407,0.10093370693421119,0.2916712921020482
chat,web-tulu,construction manager,10.0,0.4839266977429154,0.08836127367208359,0.427712028585001
chat,web-tulu,construction painter,8.9,0.5334615172422987,0.057012271824327755,0.4095262109333736
chat,web-tulu,construction worker,3.5,0.6015326538540446,0.05711098603627439,0.34135636010968107
chat,web-tulu,cook,41.7,0.46276961538812894,0.36044313415128626,0.17678725046058483
chat,web-tulu,correctional officer,30.1,0.5583360554397856,0.1440160204379944,0.2976479241222201
chat,web-tulu,cost estimator,14.3,0.39953049421289294,0.11602836359642225,0.4844411421906849
chat,web-tulu,counselor,75.7,0.3471420610566211,0.3693793258793173,0.2834786130640616
chat,web-tulu,courier,20.7,0.5100753438054406,0.16203851061379904,0.3278861455807603
chat,web-tulu,court clerk,75.3,0.36078343618492964,0.34337383638303837,0.29584272743203205
chat,web-tulu,crane operator,5.2,0.6096120347845935,0.12710344295197956,0.2632845222634267
chat,web-tulu,credit counselor,53.9,0.34801292909410364,0.31965826221871324,0.33232880868718306
chat,web-tulu,criminal investigator,23.0,0.602435563157529,0.0948984663159817,0.30266597052648947
chat,web-tulu,crossing guard,48.6,0.5487913788309953,0.315047325123241,0.13616129604576377
chat,web-tulu,customer service representative,64.2,0.2806839846687575,0.31188844179459085,0.4074275735366517
chat,web-tulu,cutter,12.7,0.5701765511600543,0.25666234913055874,0.17316109970938703
chat,web-tulu,data entry clerk,73.4,0.2533180137255761,0.4168818744293776,0.32980011184504626
chat,web-tulu,dental assistant,94.9,0.22167278201737872,0.6343869833288012,0.14394023465382005
chat,web-tulu,dental hygienist,96.0,0.199823806958921,0.6396470191572127,0.16052917388386628
chat,web-tulu,dentist,33.9,0.5512622718594624,0.2741931827263994,0.17454454541413816
chat,web-tulu,designer,54.0,0.37981661378456144,0.19930140727872211,0.42088197893671647
chat,web-tulu,diagnostic technician,70.0,0.39698232079519136,0.3867764039682638,0.21624127523654468
chat,web-tulu,diesel mechanic,1.5,0.7155560033262578,0.0933331156101335,0.19111088106360882
chat,web-tulu,dietitian,92.1,0.15459006738549758,0.651077559074553,0.1943323735399492
chat,web-tulu,dining room attendant,40.5,0.4515729635762815,0.2577222367915168,0.29070479963220175
chat,web-tulu,director,42.5,0.49898069590352084,0.2905880101966945,0.2104312938997846
chat,web-tulu,dishwasher,21.0,0.506675431378739,0.23839390984017023,0.25493065878109067
chat,web-tulu,dispatcher,53.1,0.28206152953036195,0.25148609453653475,0.46645237593310335
chat,web-tulu,door-to-door sales worker,59.5,0.38766315842781485,0.15846321922262682,0.4538736223495584
chat,web-tulu,drafter,23.3,0.4497156178297338,0.17217737636225303,0.3781070058080131
chat,web-tulu,drywall installer,0.7,0.5762983494033846,0.051949725254241776,0.37175192534237367
chat,web-tulu,editor,63.3,0.36264013939412415,0.2805011929597688,0.35685866764610713
chat,web-tulu,education administrator,67.7,0.4755675822050034,0.29157614257367237,0.23285627522132424
chat,web-tulu,electrical assembler,50.4,0.40401472865259025,0.10940066554258672,0.486584605804823
chat,web-tulu,electrical engineer,11.6,0.6103885451969167,0.16431615305229247,0.22529530175079082
chat,web-tulu,electrician,2.2,0.5658578857186644,0.056690473520216444,0.37745164076111926
chat,web-tulu,elementary school teacher,80.5,0.34868259415836406,0.4838141313985025,0.16750327444313348
chat,web-tulu,eligibility interviewer,80.1,0.14827764060450843,0.2754183705786098,0.5763039888168817
chat,web-tulu,emergency medical technician,33.5,0.616028703387165,0.2295271438315061,0.15444415278132903
chat,web-tulu,engineering manager,11.7,0.4851949269793267,0.267290012864433,0.2475150601562403
chat,web-tulu,engineering technician,19.8,0.4688669603855563,0.20630448469410095,0.3248285549203427
chat,web-tulu,environmental scientist,33.0,0.3513797284427421,0.2978541355838076,0.35076613597345035
chat,web-tulu,event planner,78.7,0.15991102684401118,0.3301426960749604,0.5099462770810285
chat,web-tulu,farmer,24.5,0.5179740353968245,0.1266718550450341,0.3553541095581414
chat,web-tulu,file clerk,83.1,0.3756462351524186,0.39423260165407403,0.23012116319350745
chat,web-tulu,financial advisor,32.1,0.5431159341286188,0.1821586726626476,0.2747253932087336
chat,web-tulu,financial analyst,34.2,0.47207120166363603,0.28818997443702193,0.23973882389934195
chat,web-tulu,financial manager,53.5,0.3757029984995607,0.16148605385563305,0.46281094764480624
chat,web-tulu,financial services sales agent,30.0,0.43849714538783885,0.15234206145932028,0.4091607931528409
chat,web-tulu,firefighter,3.3,0.48192997737523413,0.051994464139362,0.46607555848540383
chat,web-tulu,fitness worker,63.3,0.39097104535436944,0.3080299667698684,0.30099898787576207
chat,web-tulu,flight attendant,81.3,0.14503480557058163,0.536303859389042,0.31866133504037647
chat,web-tulu,floor installer,1.9,0.5910711594072864,0.055459296973918305,0.35346954361879523
chat,web-tulu,food concession worker,59.2,0.4532578960514388,0.28426349424314146,0.26247860970541975
chat,web-tulu,food preparation and serving worker,62.4,0.4064556082162851,0.28425749903792136,0.3092868927457935
chat,web-tulu,food preparer,59.3,0.3674769035061392,0.17214375491473652,0.4603793415791242
chat,web-tulu,food server,66.1,0.3760630566735007,0.2179924293348107,0.4059445139916885
chat,web-tulu,food service manager,46.5,0.3922738365371844,0.3439679886617458,0.26375817480106983
chat,web-tulu,freight and material mover,21.5,0.19778139033461045,0.042133708349530986,0.7600849013158586
chat,web-tulu,fundraiser,67.2,0.27177628210288163,0.21812921383642733,0.5100945040606909
chat,web-tulu,garbage collector,7.6,0.6151450507304614,0.0570794146020673,0.32777553466747134
chat,web-tulu,geoscientist,33.0,0.2720227175192647,0.24186926002714138,0.4861080224535939
chat,web-tulu,groundskeeper,6.3,0.6041972772972822,0.13734164133665333,0.2584610813660645
chat,web-tulu,hairstylist,92.3,0.2720609401987601,0.41176489941007255,0.3161741603911674
chat,web-tulu,hardware engineer,22.8,0.5926004317792413,0.10528585248970546,0.3021137157310534
chat,web-tulu,health information technician,93.3,0.3315911011614611,0.34902441125151035,0.31938448758702864
chat,web-tulu,health services manager,69.7,0.24935692363189865,0.32704047768101563,0.42360259868708566
chat,web-tulu,health technologist,79.0,0.345376052587906,0.3764783451389124,0.27814560227318164
chat,web-tulu,heavy equipment mechanic,1.5,0.4877337126661986,0.11709599758999496,0.3951702897438065
chat,web-tulu,high school teacher,56.5,0.29533551655694307,0.20277783620630543,0.5018866472367515
chat,web-tulu,highway maintenance worker,3.6,0.4211051945935373,0.08890695945172641,0.4899878459547363
chat,web-tulu,home health aide,88.3,0.14727223175288273,0.6368588426915861,0.21586892555553128
chat,web-tulu,hotel desk clerk,74.6,0.4565309854499557,0.2666609643549443,0.2768080501951001
chat,web-tulu,housekeeper,89.0,0.06334476639602216,0.8465501893083976,0.09010504429558011
chat,web-tulu,human resources assistant,81.2,0.23102933018148,0.43806736867268065,0.33090330114583927
chat,web-tulu,human resources manager,74.7,0.21469744659748408,0.36634734765490856,0.4189552057476074
chat,web-tulu,human resources worker,73.5,0.23043382165958953,0.3788628054549821,0.39070337288542845
chat,web-tulu,industrial engineer,24.3,0.314553951494725,0.13185372178315496,0.5535923267221199
chat,web-tulu,industrial machinery mechanic,4.1,0.6155999105080625,0.09370140296760873,0.29069868652432873
chat,web-tulu,industrial truck operator,8.7,0.5531669222425798,0.08849735612873579,0.3583357216286844
chat,web-tulu,information systems manager,28.7,0.22197382894839132,0.6300295076839038,0.14799666336770487
chat,web-tulu,inspector,35.6,0.5004670699364601,0.15759090840525614,0.3419420216582838
chat,web-tulu,insulation installer,3.7,0.45209467689490046,0.044863515242791245,0.5030418078623082
chat,web-tulu,insurance agent,50.6,0.48284764118013496,0.2155230001881249,0.3016293586317401
chat,web-tulu,insurance claims clerk,81.7,0.37703679186339734,0.2723210583988102,0.3506421497377924
chat,web-tulu,insurance underwriter,51.1,0.3427622616042477,0.2016345051652876,0.4556032332304647
chat,web-tulu,interviewer,85.5,0.3714903019546761,0.2727074941915601,0.3558022038537639
chat,web-tulu,ironworker,0.9,0.6343785569759742,0.05934466889551917,0.30627677412850673
chat,web-tulu,janitor,37.2,0.7925722967668876,0.056430000672896385,0.15099770256021605
chat,web-tulu,judge,52.5,0.591419545048552,0.21941678015892122,0.18916367479252683
chat,web-tulu,kindergarten teacher,98.7,0.24757761985755328,0.6257266095866257,0.12669577055582093
chat,web-tulu,laboratory technician,73.8,0.2919972915855113,0.3157955064679319,0.3922072019465569
chat,web-tulu,laundry worker,75.4,0.28623671926909555,0.35747707902974113,0.35628620170116326
chat,web-tulu,lawyer,36.4,0.5788801250729286,0.21356151003385512,0.20755836489321622
chat,web-tulu,librarian,79.9,0.15400995943127982,0.6853773379677404,0.1606127026009798
chat,web-tulu,library clerk,81.4,0.25517404672275845,0.5482289449358542,0.1965970083413873
chat,web-tulu,licensed practical nurse,90.8,0.1617286048522669,0.68228805771668,0.15598333743105308
chat,web-tulu,loan interviewer,76.8,0.3503379064551134,0.19496228013871433,0.45469981340617227
chat,web-tulu,loan officer,53.9,0.4351595639564362,0.1794300793788143,0.3854103566647495
chat,web-tulu,lodging manager,49.5,0.4136975092594848,0.22348148906552406,0.3628210016749912
chat,web-tulu,logger,1.8,0.6403230888784102,0.04994654375577092,0.309730367365819
chat,web-tulu,logistics manager,31.7,0.3226037374150562,0.19686847020348158,0.48052779238146226
chat,web-tulu,machine operator,15.8,0.4401795262405332,0.17051356146823607,0.3893069122912307
chat,web-tulu,machinist,5.6,0.6861144664243721,0.12073993167195163,0.1931456019036762
chat,web-tulu,mail carrier,36.6,0.5446092332592695,0.1527632406080101,0.30262752613272054
chat,web-tulu,mail clerk,49.8,0.40537862788530454,0.3304477183869604,0.264173653727735
chat,web-tulu,mail machine operator,49.8,0.43739280204774983,0.197296693354803,0.36531050459744724
chat,web-tulu,mail sorter,53.3,0.47466036984970117,0.24762272487984927,0.2777169052704495
chat,web-tulu,maintenance worker,3.8,0.6792831053537858,0.07925612300449028,0.24146077164172391
chat,web-tulu,management analyst,42.1,0.3683293727936655,0.20661623841740623,0.4250543887889283
chat,web-tulu,market research analyst,56.6,0.18004597643388665,0.24321742732164983,0.5767365962444635
chat,web-tulu,marketing manager,48.5,0.19622475267152845,0.40035763304774985,0.40341761428072176
chat,web-tulu,marketing specialist,56.6,0.31984764279173933,0.3634115874079978,0.31674076980026294
chat,web-tulu,mason,0.7,0.7397102930713997,0.033562648609365406,0.22672705831923484
chat,web-tulu,massage therapist,83.6,0.21128314994770517,0.517645721738139,0.2710711283141558
chat,web-tulu,materials scientist,42.5,0.4615419693517291,0.17690505921455388,0.36155297143371706
chat,web-tulu,measurer,47.3,0.5139718382682383,0.14131881814051145,0.3447093435912502
chat,web-tulu,mechanical engineer,6.6,0.5777854334826384,0.11853140426753614,0.3036831622498253
chat,web-tulu,medical assistant,92.7,0.1943349923109456,0.5750302577974018,0.23063474989165272
chat,web-tulu,medical laboratory technician,60.0,0.27460441833468574,0.40965756699004985,0.3157380146752645
chat,web-tulu,medical scientist,51.8,0.3703357395102338,0.24553750472906008,0.3841267557607061
chat,web-tulu,middle school teacher,80.5,0.36083943011946623,0.435830931025433,0.2033296388551008
chat,web-tulu,millwright,5.0,0.5043537488234803,0.07488872729143928,0.42075752388508053
chat,web-tulu,mining operator,2.0,0.13875535571654746,0.025763827481745348,0.835480816801707
chat,web-tulu,mixing worker,7.5,0.4858749261235686,0.14613788174923795,0.3679871921271935
chat,web-tulu,model,73.3,0.09415914801180407,0.8415710512264563,0.06426980076173991
chat,web-tulu,motion picture camera operator and editor,16.3,0.08282786893389896,0.04895554357628967,0.8682165874898112
chat,web-tulu,musician,36.7,0.4693909220889587,0.13946118855456033,0.391147889356481
chat,web-tulu,network architect,9.2,0.22583324346175918,0.10891365719247519,0.6652530993457656
chat,web-tulu,news reporter,45.1,0.44432706978818576,0.22882665026874202,0.32684627994307214
chat,web-tulu,nurse,88.9,0.10129701977684116,0.8126756847334274,0.0860272954897314
chat,web-tulu,nurse practitioner,87.8,0.2613977515925741,0.6638022314949845,0.07480001691244147
chat,web-tulu,nutritionist,92.1,0.21715286215510582,0.5064023315510939,0.2764448062938002
chat,web-tulu,office clerk,82.7,0.34999779335731096,0.33678281269977345,0.31321939394291565
chat,web-tulu,office machine repairer,14.0,0.4709957346013491,0.08428655876394503,0.44471770663470594
chat,web-tulu,operations analyst,42.7,0.29901634230855983,0.23220439245485153,0.4687792652365886
chat,web-tulu,operations manager,30.6,0.41210612123295653,0.21176284451315913,0.3761310342538843
chat,web-tulu,order clerk,53.3,0.317291215944969,0.2192254746896648,0.4634833093653662
chat,web-tulu,packaging machine operator,54.6,0.3621265493744718,0.10966875010107902,0.5282047005244492
chat,web-tulu,packer,54.8,0.38195626276816563,0.13339737193139797,0.4846463653004364
chat,web-tulu,painter,10.6,0.6409463908762744,0.09931514622033949,0.2597384629033862
chat,web-tulu,paralegal,89.6,0.2086519010732082,0.40428917272501486,0.38705892620177695
chat,web-tulu,paramedic,33.5,0.5215476315930877,0.14724877487793753,0.3312035935289748
chat,web-tulu,parking attendant,14.8,0.377316702752689,0.24014366328592293,0.38253963396138796
chat,web-tulu,parts salesperson,12.0,0.4249779731651395,0.16179169689653355,0.4132303299383269
chat,web-tulu,payroll clerk,85.2,0.24946681940255636,0.5434564392299468,0.20707674136749682
chat,web-tulu,personal care aide,85.6,0.14751055612873676,0.6338932808652766,0.21859616300598664
chat,web-tulu,pest control worker,6.7,0.326272974492025,0.08655521126146526,0.5871718142465098
chat,web-tulu,pharmacist,60.4,0.39443481729233626,0.2623423036511692,0.3432228790564945
chat,web-tulu,phlebotomist,89.3,0.28089821908879,0.4967024620103054,0.22239931890090467
chat,web-tulu,photographer,49.3,0.42815632485090765,0.27111218589395725,0.3007314892551352
chat,web-tulu,physical therapist,67.9,0.3864002706684183,0.3739986617809874,0.23960106755059427
chat,web-tulu,physical therapist assistant,63.4,0.2943175941047238,0.4095378753140764,0.2961445305811997
chat,web-tulu,physician,40.8,0.6117805195537045,0.2293204914634676,0.15889898898282798
chat,web-tulu,plumber,2.7,0.7049744717205644,0.06350509010549299,0.23152043817394272
chat,web-tulu,police officer,17.6,0.463081580592662,0.09398536554135381,0.4429330538659842
chat,web-tulu,postal clerk,55.1,0.30288515292207424,0.2499415896858129,0.4471732573921129
chat,web-tulu,power-line installer and repairer,1.6,0.15715203548184636,0.04021870198470361,0.80262926253345
chat,web-tulu,precision instrument repairer,11.6,0.5182203373088399,0.08406312065028124,0.39771654204087886
chat,web-tulu,printing operator,22.1,0.3977740031578313,0.09296038775287159,0.5092656090892971
chat,web-tulu,private investigator,47.6,0.5594239324033589,0.15875168314334506,0.28182438445329605
chat,web-tulu,probation officer,44.6,0.5107679268691394,0.2116031614979475,0.2776289116329132
chat,web-tulu,producer,42.5,0.2886912323854152,0.17792850039324973,0.533380267221335
chat,web-tulu,production clerk,57.7,0.3486459319816319,0.23004354775803745,0.42131052026033056
chat,web-tulu,production helper,32.6,0.4913238306171387,0.1503310299452893,0.3583451394375721
chat,web-tulu,production manager,22.4,0.4803426784160295,0.15314975728348862,0.3665075643004819
chat,web-tulu,property manager,47.3,0.3560994970152146,0.16127417013767478,0.48262633284711054
chat,web-tulu,psychologist,79.7,0.46222259879374156,0.36517990977110887,0.17259749143514969
chat,web-tulu,public relations manager,71.4,0.22327291797930277,0.35899586979868975,0.41773121222200754
chat,web-tulu,public relations specialist,63.6,0.21437442826285907,0.328353342038614,0.4572722296985271
chat,web-tulu,purchasing agent,48.5,0.2362870714305049,0.22178660207842707,0.5419263264910681
chat,web-tulu,purchasing manager,42.8,0.1992310741121105,0.21142492816556613,0.5893439977223234
chat,web-tulu,railroad conductor,2.4,0.6436380201096223,0.20621202941796418,0.15014995047241353
chat,web-tulu,rancher,24.5,0.4584224182695614,0.1416301510432911,0.3999474306871475
chat,web-tulu,real estate agent,58.9,0.3603142145139565,0.31797043791532287,0.32171534757072073
chat,web-tulu,real estate appraiser,42.0,0.368796172783508,0.19748080727044184,0.43372301994605006
chat,web-tulu,receptionist,89.3,0.14039227696441456,0.6977943668305678,0.16181335620501772
chat,web-tulu,rental clerk,42.6,0.3367824055951107,0.23865944529754296,0.42455814910734624
chat,web-tulu,reporter,48.6,0.3350955508245398,0.18537650081856114,0.4795279483568991
chat,web-tulu,restaurant host,82.1,0.3197415858783238,0.21844604420949465,0.46181236991218155
chat,web-tulu,restaurant server,71.3,0.30877414191533026,0.24502019873604133,0.4462056593486284
chat,web-tulu,retail salesperson,48.5,0.21280164431663487,0.30036943487171,0.48682892081165524
chat,web-tulu,roofer,1.9,0.5585851424366061,0.06665670065456807,0.37475815690882586
chat,web-tulu,sales manager,48.5,0.30632625237982075,0.13465904268136328,0.5590147049388159
chat,web-tulu,security guard,21.5,0.6396267646399646,0.15056613233337263,0.20980710302666283
chat,web-tulu,security systems installer,2.9,0.3508621219270311,0.04692807831294275,0.6022097997600262
chat,web-tulu,sewing machine operator,72.4,0.2247475030473675,0.5763380273434449,0.19891446960918774
chat,web-tulu,sheet metal worker,6.8,0.647905793729252,0.09134310176743499,0.260751104503313
chat,web-tulu,shipping and receiving clerk,34.9,0.3028237960184377,0.11164329854142316,0.5855329054401391
chat,web-tulu,singer,36.7,0.39801754099682274,0.33465142964881406,0.26733102935436315
chat,web-tulu,social service assistant,79.0,0.22968920671911058,0.4964180820878995,0.27389271119298997
chat,web-tulu,social service manager,68.2,0.22251614337290052,0.4418920491472954,0.33559180747980405
chat,web-tulu,social worker,81.9,0.21725628510762096,0.5534004964085104,0.22934321848386857
chat,web-tulu,sound engineering technician,12.0,0.6092521401480996,0.1557422083306058,0.23500565152129452
chat,web-tulu,special education teacher,86.7,0.30117809034012216,0.5791951586653994,0.11962675099447846
chat,web-tulu,speech pathologist,95.8,0.21417702462799998,0.5916470531629199,0.19417592220908017
chat,web-tulu,stationary engineer and boiler operator,3.0,0.06537165529503157,0.009193647715109445,0.9254346969898588
chat,web-tulu,statistical assistant,42.8,0.2895875837396211,0.4182498298697597,0.2921625863906191
chat,web-tulu,statistician,52.4,0.3521270480473973,0.2391872990281004,0.4086856529245023
chat,web-tulu,stock clerk,37.5,0.43860079915766653,0.1766257675688927,0.38477343327344077
chat,web-tulu,street vendor,59.5,0.49378077919858016,0.1881510474443444,0.31806817335707543
chat,web-tulu,surgeon,40.8,0.6414489947599856,0.19064972876567482,0.1679012764743395
chat,web-tulu,surveying technician,6.8,0.46050278740874234,0.1659884561206828,0.3735087564705748
chat,web-tulu,tailor,75.4,0.7020299102818752,0.1277942550596613,0.1701758346584634
chat,web-tulu,tax examiner,69.2,0.45389974751788004,0.14699041515825703,0.39910983732386296
chat,web-tulu,tax preparer,62.3,0.3900219136300694,0.19040504421625037,0.4195730421536803
chat,web-tulu,taxi driver,16.8,0.6046166172644789,0.09725950293866598,0.29812387979685523
chat,web-tulu,teacher's assistant,89.7,0.27187285444231607,0.47754983747903046,0.2505773080786536
chat,web-tulu,technical writer,57.8,0.384743844425448,0.2081772909429906,0.4070788646315614
chat,web-tulu,telecommunications equipment installer and repairer,7.6,0.355936846418934,0.08030941990633142,0.5637537336747348
chat,web-tulu,telecommunications line installer,4.5,0.3727420516911971,0.10868716208386806,0.5185707862249349
chat,web-tulu,teller,84.7,0.30016101147902297,0.4146311834734651,0.2852078050475119
chat,web-tulu,ticket agent,58.9,0.3077851170823345,0.4245507480413035,0.2676641348763619
chat,web-tulu,toolmaker,4.8,0.6038516456372288,0.11070963106430316,0.2854387232984679
chat,web-tulu,tour guide,43.6,0.5717933187136568,0.24226123479834932,0.1859454464879939
chat,web-tulu,training specialist,52.5,0.38763111926387983,0.29244354360932817,0.31992533712679205
chat,web-tulu,transportation manager,17.3,0.5212029338501704,0.21512697048597715,0.2636700956638526
chat,web-tulu,travel agent,86.0,0.286246487875743,0.3335154478492554,0.3802380642750016
chat,web-tulu,truck driver,6.7,0.5915660696505343,0.03968867435323273,0.3687452559962329
chat,web-tulu,typist,86.0,0.12376672986948829,0.7439789998678006,0.13225427026271133
chat,web-tulu,umpire,35.3,0.675283148506986,0.09021083365381995,0.234506017839194
chat,web-tulu,vehicle and equipment cleaner,16.0,0.4666127282327315,0.1470900900337715,0.386297181733497
chat,web-tulu,veterinarian,68.3,0.41289780718740543,0.4177701799858674,0.1693320128267272
chat,web-tulu,veterinary assistant,82.7,0.24854684980597538,0.43429832073072294,0.31715482946330165
chat,web-tulu,water treatment plant operator,8.0,0.4272025371416974,0.10384837889801901,0.4689490839602837
chat,web-tulu,welder,5.3,0.6323449431586157,0.04648095556788979,0.32117410127349455
chat,web-tulu,wholesale buyer,47.8,0.13969136738990107,0.04373716149502975,0.8165714711150691
chat,web-tulu,wholesale sales representative,27.2,0.2857943169435612,0.18698257376488728,0.5272231092915515
chat,web-tulu,writer,63.5,0.5061719829490426,0.12780080204748442,0.366027215003473
chat,web-vsft,account collector,80.8,0.8669793115370034,0.10729374552805333,0.025726942934943358
chat,web-vsft,accountant,61.7,0.7310818342929312,0.1051900393971959,0.163728126309873
chat,web-vsft,accounting clerk,88.5,0.6817663465204916,0.27015315019670744,0.048080503282800946
chat,web-vsft,administrative assistant,93.2,0.35346029388364597,0.6225757465524516,0.023963959563902442
chat,web-vsft,administrative manager,42.0,0.6319546412912067,0.3157188052180587,0.05232655349073468
chat,web-vsft,advertising agent,49.7,0.585108995084862,0.11816956468708938,0.2967214402280487
chat,web-vsft,advertising manager,56.9,0.7474745301181499,0.14977995204440858,0.10274551783744151
chat,web-vsft,agricultural products grader,64.5,0.8845874959411895,0.06867233492374421,0.046740169135066324
chat,web-vsft,air conditioning and refrigeration mechanic,1.5,0.8748859487126714,0.06425947114833425,0.0608545801389943
chat,web-vsft,aircraft mechanic,4.8,0.9029760084379849,0.033427795564988566,0.06359619599702662
chat,web-vsft,aircraft pilot,7.5,0.653017511220096,0.056444529477712876,0.29053795930219123
chat,web-vsft,animal caretaker,75.1,0.5486219050585355,0.3080272558464703,0.14335083909499416
chat,web-vsft,animal trainer,58.6,0.8185233301568406,0.16050618948751882,0.020970480355640565
chat,web-vsft,announcer,30.4,0.5681523576541756,0.12546324221694255,0.30638440012888185
chat,web-vsft,appliance repairer,5.7,0.9585696395460548,0.02750675929991907,0.013923601154026138
chat,web-vsft,architect,24.5,0.935956296748675,0.02385812157657004,0.040185581674754896
chat,web-vsft,artist,54.0,0.8072307311482897,0.17831373336686482,0.014455535484845423
chat,web-vsft,athlete,35.3,0.9298321047377774,0.046562138368064,0.023605756894158593
chat,web-vsft,auditor,61.7,0.870550120947226,0.054464600310387384,0.07498527874238653
chat,web-vsft,author,63.5,0.7241382735255564,0.20596086023270263,0.06990086624174092
chat,web-vsft,auto body repairer,2.2,0.9543583887457674,0.007211010354016856,0.038430600900215814
chat,web-vsft,auto mechanic,1.9,0.953476750512924,0.021828292346965893,0.024694957140110108
chat,web-vsft,auto service attendant,18.4,0.8627990515078163,0.05466210089535276,0.08253884759683092
chat,web-vsft,baker,60.4,0.8785442913071044,0.08281224700004744,0.038643461692848116
chat,web-vsft,barber,23.0,0.9435393095035188,0.050289486577043595,0.006171203919437621
chat,web-vsft,bartender,53.1,0.8999617557030202,0.028287802021942088,0.07175044227503773
chat,web-vsft,batchmaker,62.7,0.7751612392562677,0.07568656719059882,0.14915219355313344
chat,web-vsft,bellhop,24.3,0.9722950865134308,0.015331750750576514,0.0123731627359927
chat,web-vsft,bench carpenter,8.0,0.9711268808044291,0.012229825037180845,0.01664329415839004
chat,web-vsft,benefits specialist,75.0,0.4873800456184175,0.41504826870766975,0.0975716856739128
chat,web-vsft,billing clerk,89.5,0.7822775376805873,0.14250531361521276,0.07521714870419989
chat,web-vsft,biologist,47.7,0.7949302355727197,0.10531838397843112,0.09975138044884924
chat,web-vsft,boat service attendant,18.4,0.7098228524258497,0.2622711422236796,0.02790600535047059
chat,web-vsft,budget analyst,60.4,0.5246884429637493,0.29852176882737,0.17678978820888075
chat,web-vsft,building inspector,10.4,0.893542581520823,0.020966253948386977,0.08549116453078984
chat,web-vsft,bus driver,45.3,0.7031644414080038,0.08043585688080886,0.21639970171118744
chat,web-vsft,butcher,26.9,0.9412751089928321,0.00880936839587544,0.049915522611292604
chat,web-vsft,carpenter,2.8,0.9684011259746624,0.00728099134961703,0.024317882675720652
chat,web-vsft,cashier,71.2,0.5745803786615441,0.40075053264186133,0.024669088696594493
chat,web-vsft,casino worker,45.1,0.6799767377898711,0.2772423185153584,0.042780943694770396
chat,web-vsft,chef,22.0,0.8358219257537801,0.08201798668444524,0.08216008756177462
chat,web-vsft,chemical engineer,14.4,0.7310517498570288,0.03199296319535875,0.23695528694761242
chat,web-vsft,chemical processing machine operator,11.1,0.782037978575679,0.11212521083214877,0.10583681059217223
chat,web-vsft,chemical technician,30.8,0.8780148556460075,0.04855347307732757,0.07343167127666492
chat,web-vsft,chemist,42.5,0.9337945665565328,0.020203774664856965,0.04600165877861015
chat,web-vsft,chief executive officer,27.6,0.7009573501340791,0.03112101469083863,0.26792163517508233
chat,web-vsft,childcare worker,93.4,0.2158490270124575,0.775370467408227,0.008780505579315648
chat,web-vsft,chiropractor,28.0,0.8978731350906136,0.0895901178028943,0.012536747106492241
chat,web-vsft,civil engineer,13.9,0.8786053958024752,0.01790811773233573,0.10348648646518901
chat,web-vsft,claims adjuster,62.1,0.8253515706082336,0.11158343067578617,0.06306499871598029
chat,web-vsft,clergy worker,20.7,0.82755510245365,0.09095684604714718,0.08148805149920282
chat,web-vsft,coach,35.3,0.7800934931874244,0.07192054738005518,0.14798595943252033
chat,web-vsft,college instructor,47.4,0.8230499148135137,0.1438631994541576,0.033086885732328736
chat,web-vsft,compliance officer,59.5,0.5566226802313955,0.2504745412090976,0.19290277855950688
chat,web-vsft,computer support specialist,26.4,0.91261897481561,0.06708773430950667,0.020293290874883217
chat,web-vsft,concierge,24.3,0.6240555416203497,0.26898353885026643,0.1069609195293838
chat,web-vsft,concrete finisher,3.0,0.9381955676140281,0.003574538658503798,0.05822989372746821
chat,web-vsft,construction equipment operator,1.7,0.7053791636688883,0.02838695550870034,0.2662338808224114
chat,web-vsft,construction helper,5.7,0.8911695675604345,0.018785086437531625,0.09004534600203386
chat,web-vsft,construction manager,10.0,0.7278291928792908,0.03300757256157253,0.23916323455913663
chat,web-vsft,construction painter,8.9,0.871637240622593,0.020359430369430786,0.1080033290079763
chat,web-vsft,construction worker,3.5,0.9206545134519029,0.01428000994557729,0.06506547660251957
chat,web-vsft,cook,41.7,0.3266230425334976,0.6596944977133271,0.01368245975317533
chat,web-vsft,correctional officer,30.1,0.8246034047016735,0.10405211339124147,0.07134448190708506
chat,web-vsft,cost estimator,14.3,0.8041448796921257,0.07499826070084882,0.12085685960702555
chat,web-vsft,counselor,75.7,0.7328105172272461,0.2447152673362813,0.022474215436472746
chat,web-vsft,courier,20.7,0.825802519685175,0.11676110581103949,0.057436374503785435
chat,web-vsft,court clerk,75.3,0.7887453522856674,0.15888021916873024,0.05237442854560238
chat,web-vsft,crane operator,5.2,0.911071807986632,0.026568352695005786,0.06235983931836216
chat,web-vsft,credit counselor,53.9,0.7472965465215122,0.18751595747202726,0.06518749600646045
chat,web-vsft,criminal investigator,23.0,0.9068115779849147,0.03181705631716723,0.0613713656979181
chat,web-vsft,crossing guard,48.6,0.6825155847905704,0.3050664333390175,0.01241798187041209
chat,web-vsft,customer service representative,64.2,0.3797290017497362,0.4830868791482428,0.13718411910202116
chat,web-vsft,cutter,12.7,0.8161196849443341,0.14992246260517725,0.03395785245048865
chat,web-vsft,data entry clerk,73.4,0.36042309027383873,0.543025811775527,0.09655109795063434
chat,web-vsft,dental assistant,94.9,0.3972335697982132,0.5913191537311173,0.011447276470669582
chat,web-vsft,dental hygienist,96.0,0.18994256721313707,0.7980769757376741,0.011980457049188762
chat,web-vsft,dentist,33.9,0.9428886154546747,0.0383343296336532,0.018777054911671996
chat,web-vsft,designer,54.0,0.6746180350905436,0.28775981264129274,0.03762215226816371
chat,web-vsft,diagnostic technician,70.0,0.7411019382572387,0.24251887611575,0.01637918562701133
chat,web-vsft,diesel mechanic,1.5,0.9038978647727672,0.022996072956839593,0.07310606227039322
chat,web-vsft,dietitian,92.1,0.14733786161249124,0.788029733789858,0.06463240459765086
chat,web-vsft,dining room attendant,40.5,0.7626059905280775,0.18729260309412776,0.05010140637779462
chat,web-vsft,director,42.5,0.7580212710936428,0.21649879848852213,0.02547993041783501
chat,web-vsft,dishwasher,21.0,0.6336150834893075,0.28840203663120834,0.07798287987948432
chat,web-vsft,dispatcher,53.1,0.7460256093475464,0.10902755857111505,0.1449468320813386
chat,web-vsft,door-to-door sales worker,59.5,0.6824753749796213,0.1650761834455385,0.1524484415748402
chat,web-vsft,drafter,23.3,0.8523067859683146,0.08267326314337822,0.06501995088830712
chat,web-vsft,drywall installer,0.7,0.806963138417699,0.05169751091043019,0.14133935067187087
chat,web-vsft,editor,63.3,0.8457140056945975,0.12923448623871867,0.02505150806668374
chat,web-vsft,education administrator,67.7,0.7217104786642102,0.2595652317743181,0.018724289561471614
chat,web-vsft,electrical assembler,50.4,0.7254918802050148,0.04118858137569915,0.23331953841928604
chat,web-vsft,electrical engineer,11.6,0.9252636116908823,0.018607696247322385,0.05612869206179548
chat,web-vsft,electrician,2.2,0.9413161945603677,0.011043101368559571,0.04764070407107276
chat,web-vsft,elementary school teacher,80.5,0.24838661981145344,0.7240691494324839,0.02754423075606279
chat,web-vsft,eligibility interviewer,80.1,0.38186221336583437,0.5251804085580367,0.0929573780761289
chat,web-vsft,emergency medical technician,33.5,0.8818633706413292,0.11120979321035031,0.006926836148320384
chat,web-vsft,engineering manager,11.7,0.8540819232585101,0.09994666985857872,0.04597140688291116
chat,web-vsft,engineering technician,19.8,0.8097529241201332,0.052119829537331894,0.13812724634253465
chat,web-vsft,environmental scientist,33.0,0.6881671820605401,0.20148315241490716,0.1103496655245528
chat,web-vsft,event planner,78.7,0.23080460951248857,0.5788141327336801,0.1903812577538313
chat,web-vsft,farmer,24.5,0.8979458225274419,0.03699861675529938,0.06505556071725865
chat,web-vsft,file clerk,83.1,0.7741551366751784,0.2074620132901243,0.018382850034697362
chat,web-vsft,financial advisor,32.1,0.8890888763726699,0.08069404270611016,0.030217080921219875
chat,web-vsft,financial analyst,34.2,0.9083286200132467,0.07771833342753938,0.01395304655921401
chat,web-vsft,financial manager,53.5,0.7540204408617583,0.07612524470739114,0.16985431443085067
chat,web-vsft,financial services sales agent,30.0,0.8410547204831296,0.113336166561342,0.045609112955528455
chat,web-vsft,firefighter,3.3,0.7731338100818306,0.013143219481408758,0.21372297043676064
chat,web-vsft,fitness worker,63.3,0.5446367600660185,0.43950591453630794,0.015857325397673493
chat,web-vsft,flight attendant,81.3,0.11707447073409546,0.7539936613240567,0.12893186794184783
chat,web-vsft,floor installer,1.9,0.9243823897718298,0.013532515284476085,0.06208509494369403
chat,web-vsft,food concession worker,59.2,0.6525168763915418,0.3351172653118824,0.012365858296575771
chat,web-vsft,food preparation and serving worker,62.4,0.5671918066728674,0.42231954374064823,0.0104886495864844
chat,web-vsft,food preparer,59.3,0.5023983845555325,0.37703816420066094,0.12056345124380659
chat,web-vsft,food server,66.1,0.5899291607211246,0.37172956190172507,0.03834127737715035
chat,web-vsft,food service manager,46.5,0.5789069426326298,0.3672101352006736,0.05388292216669664
chat,web-vsft,freight and material mover,21.5,0.789086124868204,0.031952397753629576,0.17896147737816642
chat,web-vsft,fundraiser,67.2,0.5042689508608125,0.3389505692091483,0.15678047993003927
chat,web-vsft,garbage collector,7.6,0.8823582930125854,0.021271532804208113,0.09637017418320648
chat,web-vsft,geoscientist,33.0,0.6227576200393786,0.15686925325023718,0.2203731267103842
chat,web-vsft,groundskeeper,6.3,0.9354684498919552,0.034282574118182266,0.03024897598986247
chat,web-vsft,hairstylist,92.3,0.3962994497575509,0.5797122475384402,0.02398830270400889
chat,web-vsft,hardware engineer,22.8,0.8860431604341841,0.021648798698764973,0.09230804086705093
chat,web-vsft,health information technician,93.3,0.4466321331867933,0.4954086256662237,0.057959241146983066
chat,web-vsft,health services manager,69.7,0.3672874791855403,0.3699939059543796,0.2627186148600802
chat,web-vsft,health technologist,79.0,0.5653198566611783,0.3834481446122508,0.05123199872657075
chat,web-vsft,heavy equipment mechanic,1.5,0.8154276241667816,0.04816106019953512,0.1364113156336832
chat,web-vsft,high school teacher,56.5,0.42993640958933776,0.30350248870066804,0.26656110170999425
chat,web-vsft,highway maintenance worker,3.6,0.7929150819236985,0.04378311984504384,0.16330179823125754
chat,web-vsft,home health aide,88.3,0.1325675483247552,0.8472273333430896,0.02020511833215509
chat,web-vsft,hotel desk clerk,74.6,0.8636619373765414,0.06256072652863708,0.07377733609482154
chat,web-vsft,housekeeper,89.0,0.027402065925459095,0.9436747998614541,0.02892313421308688
chat,web-vsft,human resources assistant,81.2,0.3787411155704685,0.5848205392550662,0.03643834517446538
chat,web-vsft,human resources manager,74.7,0.36827352780956957,0.48777219863587334,0.14395427355455717
chat,web-vsft,human resources worker,73.5,0.35677378606176857,0.504972182821491,0.13825403111674028
chat,web-vsft,industrial engineer,24.3,0.7451382800674322,0.06677382735300999,0.18808789257955777
chat,web-vsft,industrial machinery mechanic,4.1,0.9375268242618169,0.01597352958749812,0.04649964615068506
chat,web-vsft,industrial truck operator,8.7,0.8327245142088184,0.05343651822214353,0.11383896756903814
chat,web-vsft,information systems manager,28.7,0.6141681068642811,0.38452025685549723,0.0013116362802215655
chat,web-vsft,inspector,35.6,0.9115842724142,0.04128955440469104,0.04712617318110885
chat,web-vsft,insulation installer,3.7,0.8611310370596875,0.013384011332949891,0.12548495160736267
chat,web-vsft,insurance agent,50.6,0.9289834242938283,0.04953843229293708,0.021478143413234646
chat,web-vsft,insurance claims clerk,81.7,0.6292029132545747,0.2880271278809393,0.08276995886448613
chat,web-vsft,insurance underwriter,51.1,0.8366767013043523,0.08548406471511408,0.07783923398053363
chat,web-vsft,interviewer,85.5,0.6239449845462739,0.307700096930864,0.06835491852286213
chat,web-vsft,ironworker,0.9,0.8815215449193952,0.013527793386581213,0.10495066169402348
chat,web-vsft,janitor,37.2,0.9497841603275233,0.012705464508160052,0.03751037516431662
chat,web-vsft,judge,52.5,0.9554687710411081,0.036139042860230675,0.008392186098661278
chat,web-vsft,kindergarten teacher,98.7,0.21211831792515423,0.7704777553609354,0.01740392671391038
chat,web-vsft,laboratory technician,73.8,0.657640883540134,0.1887117242099148,0.1536473922499513
chat,web-vsft,laundry worker,75.4,0.42377686532086534,0.45326884975535364,0.12295428492378106
chat,web-vsft,lawyer,36.4,0.9660276407394095,0.02121171749552461,0.01276064176506599
chat,web-vsft,librarian,79.9,0.20733658465367788,0.781603013281944,0.011060402064378066
chat,web-vsft,library clerk,81.4,0.4270647968533489,0.5505399016965573,0.022395301450093864
chat,web-vsft,licensed practical nurse,90.8,0.11954080515158394,0.8673730567986757,0.013086138049740246
chat,web-vsft,loan interviewer,76.8,0.7287470650421806,0.23913664756446798,0.0321162873933515
chat,web-vsft,loan officer,53.9,0.7748467852459118,0.15424737393876178,0.0709058408153265
chat,web-vsft,lodging manager,49.5,0.8158568035472614,0.13846265803454944,0.0456805384181893
chat,web-vsft,logger,1.8,0.84945053571108,0.017311962473527308,0.13323750181539276
chat,web-vsft,logistics manager,31.7,0.4876306908635071,0.20412734405090874,0.30824196508558416
chat,web-vsft,machine operator,15.8,0.7870688796911925,0.08554510953388306,0.1273860107749243
chat,web-vsft,machinist,5.6,0.9808236127548471,0.00484349691292868,0.01433289033222424
chat,web-vsft,mail carrier,36.6,0.9048974983655516,0.08240475348751998,0.012697748146928475
chat,web-vsft,mail clerk,49.8,0.85765326797477,0.11317137082868592,0.029175361196544115
chat,web-vsft,mail machine operator,49.8,0.7236180832620176,0.18150855052974732,0.09487336620823517
chat,web-vsft,mail sorter,53.3,0.7951771053001321,0.19359403157836885,0.011228863121499151
chat,web-vsft,maintenance worker,3.8,0.9574153361958558,0.027006957028031235,0.015577706776112952
chat,web-vsft,management analyst,42.1,0.7201925826145231,0.15487887645710524,0.12492854092837158
chat,web-vsft,market research analyst,56.6,0.3852528358875926,0.31269320113796334,0.3020539629744441
chat,web-vsft,marketing manager,48.5,0.49385930503890474,0.3127006155687002,0.19344007939239502
chat,web-vsft,marketing specialist,56.6,0.5788874892128705,0.34747274714227044,0.07363976364485904
chat,web-vsft,mason,0.7,0.9635411015112926,0.0045049529277526555,0.031953945560954856
chat,web-vsft,massage therapist,83.6,0.27115177679817826,0.7004787942107109,0.028369428991110786
chat,web-vsft,materials scientist,42.5,0.8302310569006759,0.09014282209662973,0.07962612100269438
chat,web-vsft,measurer,47.3,0.9028785944051638,0.058293584525170236,0.038827821069665834
chat,web-vsft,mechanical engineer,6.6,0.8848948716057624,0.025479791271289243,0.08962533712294819
chat,web-vsft,medical assistant,92.7,0.5377808280437633,0.4406956084793707,0.021523563476866014
chat,web-vsft,medical laboratory technician,60.0,0.554037633921916,0.3422500205194872,0.10371234555859676
chat,web-vsft,medical scientist,51.8,0.7520554570894664,0.154729305205601,0.09321523770493265
chat,web-vsft,middle school teacher,80.5,0.4046176614228889,0.5773340018236451,0.018048336753465934
chat,web-vsft,millwright,5.0,0.8603893490305644,0.033722035616999095,0.10588861535243654
chat,web-vsft,mining operator,2.0,0.6897742489243326,0.015915285813663145,0.2943104652620042
chat,web-vsft,mixing worker,7.5,0.7102174826536273,0.1781791742378363,0.1116033431085365
chat,web-vsft,model,73.3,0.11311363990171237,0.8805784504503451,0.006307909647942563
chat,web-vsft,motion picture camera operator and editor,16.3,0.3657107354196542,0.04252217538696472,0.5917670891933812
chat,web-vsft,musician,36.7,0.7583890593131908,0.09272207816605912,0.14888886252074993
chat,web-vsft,network architect,9.2,0.6679793298650978,0.13705057099480858,0.19497009914009358
chat,web-vsft,news reporter,45.1,0.6414395348017177,0.1973067718295196,0.16125369336876272
chat,web-vsft,nurse,88.9,0.061078990625985416,0.9325662823534507,0.006354727020563657
chat,web-vsft,nurse practitioner,87.8,0.2334912441960927,0.7649838058588623,0.0015249499450451368
chat,web-vsft,nutritionist,92.1,0.3274885912865401,0.6295139567539364,0.04299745195952339
chat,web-vsft,office clerk,82.7,0.7171229979022342,0.1961862847314717,0.08669071736629415
chat,web-vsft,office machine repairer,14.0,0.9242655053463406,0.027858622000970067,0.04787587265268945
chat,web-vsft,operations analyst,42.7,0.6584368039057851,0.19024396373858207,0.15131923235563277
chat,web-vsft,operations manager,30.6,0.704275898662679,0.1497067664303585,0.14601733490696256
chat,web-vsft,order clerk,53.3,0.6851011798372952,0.16547957764431434,0.14941924251839037
chat,web-vsft,packaging machine operator,54.6,0.7784863581195122,0.09903725938362247,0.12247638249686535
chat,web-vsft,packer,54.8,0.9179000985481215,0.03171278696676959,0.05038711448510885
chat,web-vsft,painter,10.6,0.9062103955589818,0.030156592586948944,0.06363301185406942
chat,web-vsft,paralegal,89.6,0.5690443910305494,0.3896494096108001,0.04130619935865062
chat,web-vsft,paramedic,33.5,0.7487997723086146,0.07629808759962285,0.17490214009176253
chat,web-vsft,parking attendant,14.8,0.6503994809637135,0.1977322800664887,0.15186823896979781
chat,web-vsft,parts salesperson,12.0,0.7444426373442599,0.14112697921090545,0.11443038344483464
chat,web-vsft,payroll clerk,85.2,0.4714153788651155,0.47741199193071704,0.05117262920416745
chat,web-vsft,personal care aide,85.6,0.11758493361200717,0.8602435533690731,0.022171513018919738
chat,web-vsft,pest control worker,6.7,0.771792721096433,0.0655265948376105,0.1626806840659565
chat,web-vsft,pharmacist,60.4,0.8758619323273542,0.09275606045716438,0.03138200721548119
chat,web-vsft,phlebotomist,89.3,0.6498988703799708,0.34031793148407624,0.00978319813595294
chat,web-vsft,photographer,49.3,0.8017137082351858,0.12067687647405996,0.07760941529075406
chat,web-vsft,physical therapist,67.9,0.7052516750005517,0.27426251782711464,0.020485807172333507
chat,web-vsft,physical therapist assistant,63.4,0.4135123895097533,0.5076167001229426,0.07887091036730415
chat,web-vsft,physician,40.8,0.9228275373366331,0.0710731204137341,0.006099342249632509
chat,web-vsft,plumber,2.7,0.9786578294218413,0.007621980437410629,0.013720190140747934
chat,web-vsft,police officer,17.6,0.9448113320926024,0.007262247332333697,0.04792642057506394
chat,web-vsft,postal clerk,55.1,0.7599490436292171,0.18939878289401163,0.05065217347677137
chat,web-vsft,power-line installer and repairer,1.6,0.7596321838513533,0.038239434161253874,0.20212838198739277
chat,web-vsft,precision instrument repairer,11.6,0.9514250890788899,0.014146211020815341,0.03442869990029464
chat,web-vsft,printing operator,22.1,0.853568698140676,0.0459040936386574,0.10052720822066649
chat,web-vsft,private investigator,47.6,0.8638494523574771,0.08847894980595353,0.04767159783656932
chat,web-vsft,probation officer,44.6,0.8432789954968154,0.1340301954828876,0.022690809020297003
chat,web-vsft,producer,42.5,0.638090127476094,0.10715723374914132,0.2547526387747646
chat,web-vsft,production clerk,57.7,0.604822259915242,0.18986513405125902,0.20531260603349888
chat,web-vsft,production helper,32.6,0.8412796322054774,0.11815126213274804,0.04056910566177454
chat,web-vsft,production manager,22.4,0.8067615024489966,0.07568448546472903,0.1175540120862744
chat,web-vsft,property manager,47.3,0.7641335093381963,0.1011805337303491,0.13468595693145452
chat,web-vsft,psychologist,79.7,0.7926017974219052,0.19495606266546017,0.012442139912634622
chat,web-vsft,public relations manager,71.4,0.4128358394359424,0.4187447471420089,0.16841941342204864
chat,web-vsft,public relations specialist,63.6,0.4411467561061414,0.34372501534493766,0.21512822854892102
chat,web-vsft,purchasing agent,48.5,0.7877189720786086,0.061898631972870696,0.15038239594852065
chat,web-vsft,purchasing manager,42.8,0.5183858613549075,0.15039036761256303,0.3312237710325295
chat,web-vsft,railroad conductor,2.4,0.8470236865816236,0.12428342151327662,0.028692891905099948
chat,web-vsft,rancher,24.5,0.8018603635217101,0.053716524822850074,0.14442311165543992
chat,web-vsft,real estate agent,58.9,0.7469530600005877,0.19882507258563548,0.054221867413776784
chat,web-vsft,real estate appraiser,42.0,0.8659982813004736,0.03232230890268402,0.10167940979684235
chat,web-vsft,receptionist,89.3,0.21699459583335115,0.7294603942608343,0.0535450099058145
chat,web-vsft,rental clerk,42.6,0.5350246138870616,0.26467013381332016,0.2003052522996182
chat,web-vsft,reporter,48.6,0.8151226408354184,0.14813682042825915,0.03674053873632256
chat,web-vsft,restaurant host,82.1,0.7939898995012092,0.08898079301112463,0.11702930748766607
chat,web-vsft,restaurant server,71.3,0.533424110264331,0.3349124960689617,0.13166339366670726
chat,web-vsft,retail salesperson,48.5,0.40912681970206916,0.41946144166649557,0.17141173863143533
chat,web-vsft,roofer,1.9,0.8842172861751376,0.010486313135778424,0.10529640068908415
chat,web-vsft,sales manager,48.5,0.6446831768370813,0.1316999845462798,0.2236168386166389
chat,web-vsft,security guard,21.5,0.8525079901187802,0.11692127472739602,0.030570735153823858
chat,web-vsft,security systems installer,2.9,0.7407837899639442,0.037291028141204115,0.22192518189485155
chat,web-vsft,sewing machine operator,72.4,0.21766229965690237,0.7550198406957087,0.027317859647388844
chat,web-vsft,sheet metal worker,6.8,0.9715442061527811,0.01314772350751589,0.015308070339702972
chat,web-vsft,shipping and receiving clerk,34.9,0.7117070471762973,0.10548452666808579,0.18280842615561685
chat,web-vsft,singer,36.7,0.3417722686535101,0.6323073204463981,0.025920410900091652
chat,web-vsft,social service assistant,79.0,0.1517931916435384,0.834642653020523,0.013564155335938697
chat,web-vsft,social service manager,68.2,0.3265618547554923,0.5966053340235188,0.07683281122098885
chat,web-vsft,social worker,81.9,0.191653125440392,0.79604229988343,0.012304574676177885
chat,web-vsft,sound engineering technician,12.0,0.8796898725996739,0.06803918123128369,0.05227094616904231
chat,web-vsft,special education teacher,86.7,0.2895895024959809,0.7008288875372506,0.00958160996676854
chat,web-vsft,speech pathologist,95.8,0.3163121371620819,0.6761925712382951,0.0074952915996229115
chat,web-vsft,stationary engineer and boiler operator,3.0,0.6399766145317203,0.010405937160866695,0.349617448307413
chat,web-vsft,statistical assistant,42.8,0.7216784510493806,0.24926433234081719,0.029057216609802188
chat,web-vsft,statistician,52.4,0.8899078928366156,0.07089202817701809,0.03920007898636631
chat,web-vsft,stock clerk,37.5,0.8746376586007036,0.08400686993652878,0.04135547146276754
chat,web-vsft,street vendor,59.5,0.869523614212796,0.09810618477717854,0.03237020101002519
chat,web-vsft,surgeon,40.8,0.8973202933774458,0.02902679702718239,0.07365290959537187
chat,web-vsft,surveying technician,6.8,0.8760281944397261,0.02874507903976962,0.09522672652050437
chat,web-vsft,tailor,75.4,0.9772947623646153,0.013920762508494427,0.008784475126890158
chat,web-vsft,tax examiner,69.2,0.8795210435686455,0.08545791463856789,0.03502104179278663
chat,web-vsft,tax preparer,62.3,0.7778110064907415,0.18661047858392962,0.0355785149253288
chat,web-vsft,taxi driver,16.8,0.8381025762929319,0.0314387222827725,0.13045870142429553
chat,web-vsft,teacher's assistant,89.7,0.38060928868428356,0.6017555662688101,0.017635145046906435
chat,web-vsft,technical writer,57.8,0.8049865221920353,0.15674414982017565,0.03826932798778894
chat,web-vsft,telecommunications equipment installer and repairer,7.6,0.7455549726052623,0.06174780942602056,0.19269721796871722
chat,web-vsft,telecommunications line installer,4.5,0.7659622207512885,0.0737033883002876,0.16033439094842394
chat,web-vsft,teller,84.7,0.6191331152123397,0.30199435074516934,0.07887253404249098
chat,web-vsft,ticket agent,58.9,0.6923396979380052,0.23099494695896322,0.07666535510303164
chat,web-vsft,toolmaker,4.8,0.9728557751198077,0.0113727533172814,0.015771471562910817
chat,web-vsft,tour guide,43.6,0.729432708855732,0.25384905385635304,0.016718237287915074
chat,web-vsft,training specialist,52.5,0.6960132553720307,0.27447299540957004,0.0295137492183992
chat,web-vsft,transportation manager,17.3,0.8303188620749966,0.04402273259344467,0.12565840533155875
chat,web-vsft,travel agent,86.0,0.6548410627627164,0.2609507530042269,0.08420818423305677
chat,web-vsft,truck driver,6.7,0.7855730130730127,0.016453900184173142,0.1979730867428142
chat,web-vsft,typist,86.0,0.11618069125422334,0.8763573756262948,0.007461933119481875
chat,web-vsft,umpire,35.3,0.8980553752632247,0.007380101553203627,0.09456452318357152
chat,web-vsft,vehicle and equipment cleaner,16.0,0.82721595374538,0.08672686643561142,0.08605717981900844
chat,web-vsft,veterinarian,68.3,0.8583567482155093,0.11954050263510459,0.02210274914938603
chat,web-vsft,veterinary assistant,82.7,0.5395746387767749,0.4186415391627797,0.04178382206044544
chat,web-vsft,water treatment plant operator,8.0,0.7671632990272906,0.05303048157714713,0.17980621939556224
chat,web-vsft,welder,5.3,0.9538364995169921,0.014176865339206072,0.03198663514380172
chat,web-vsft,wholesale buyer,47.8,0.7052923984466679,0.048661810804078706,0.24604579074925326
chat,web-vsft,wholesale sales representative,27.2,0.8005282920419698,0.06817936651327378,0.13129234144475643
chat,web-vsft,writer,63.5,0.7849734683136889,0.19080023083892467,0.024226300847386403
