scenario_id,trait,polarity,group_id,split,question_sha256
0,Openness,good,g-a37bbbb0764cc5bf,discovery,95d8dd17dba1f9a56cbea1db967b7accdd7134d987152d826e53ffeff3399b46
1,Openness,good,g-43de3a417d75f481,discovery,05f242c86c3204237c5871b135dd29c14e01ebd4c28bed6414ebfef8ae8c9ed5
2,Openness,good,g-68a90152c04505f5,discovery,606d1684962dd8982862bb696fa1077c7f3b79b306e1c56ec04a34c73c9812f3
3,Openness,good,g-26a6ce94f8d2ece1,discovery,169cb35bcbfb462c9eb7c0c80d007c535e2348768362848de3011bd7e50089a1
4,Openness,good,g-0e5b96c0aaf7d37b,test,0cad73c2ae9c8de90b5a0bef6c8be9ebc45d0a39da25485261bdae71171c683f
5,Openness,good,g-5e3322c682b4e46a,validation,5106b3ede1bc73021bd74995b3fa52aff7ebf91e0c208b67f4607c0c81762192
6,Openness,good,g-0e71c9d61a801b86,discovery,7559baa500e683340b9b43e46f359097ad1142e2c0067fa6624bfad52229359b
7,Openness,good,g-2aaa0d08e3a122eb,discovery,8e0c18d90e4341f882e6662f3cec5629144dc752b30dbf9372f7a2205a0cf107
8,Openness,good,g-953d1c8161d6c2ea,discovery,95b9f301317b41991c81b809f43fc87839b743250af7f3ef91992363f8e317ef
9,Openness,good,g-8d81fb9d8d154c5e,test,f1a77436da6817028d38ba74cbac7e325cbff6de1d88e48c1605cf5b4ffc099b
10,Openness,good,g-6e32bc5b03ab4d23,test,6ea865e61a70eab55a7360cbdebfe909f169bb97b654fe021728491ba9eb5ec7
11,Openness,good,g-71447c96d68bdc65,validation,7385d57b7a0a69aba77f1fc7a9cd10803e64bd1e3d9622e5ecbd249b7f584c0d
12,Openness,good,g-115175dafa22e315,validation,09156114c5e98fe0a3974cb0e0d27d5f011af86967a17ee511327c867ebf5c17
13,Openness,good,g-803ec8add3498ac6,discovery,2d9a613dc06078cd43368fa148e25fed0f28c29a94736a3e146a9dd14a8520ab
14,Openness,good,g-75fd229c68471d3d,discovery,bde29a525334dfb2b8b790d669db1c0724f0bb4a79448a1ee5eb4106b6a9a35a
15,Openness,good,g-614c38a4fe853d40,test,ec5bb6b2e895b422f6ddcf98f894eab969bedb0a7762a91ceb168a84c8254dbd
16,Openness,good,g-3d2f323697bf5f15,validation,88a9a4ae2d8fe1e824c85eec929ca59cc8b199f80390340a63b0bb90093c1f33
17,Openness,good,g-ff79e6583582a444,validation,c692e2115f201ac8d338cb98d7dac17a5b16863f95873ce1e38426827dcf4ca0
18,Openness,good,g-c28e42d96b947502,validation,9fa99971c257b4eac29d0a9227aa7aac4cbfd023c15c7734417573c72ce46d6f
19,Openness,good,g-5dd919819f5f1549,test,29e79ee868c200be769d0b84b30115fea7ce98df978565377b99e23a4f9655a5
20,Openness,good,g-9246e824773fc95f,validation,d973e3abae235fa4f4d7e3cbdcce14de2eee2b6547c24b26c0b967235f614624
21,Openness,good,g-7b50cf81bac9fc36,discovery,fe9c084070623d5ba345231dae83412bcc94de5bcd1d9402a97cffdf0f13e167
22,Openness,good,g-0417a7d51830bb70,discovery,14561aa81005e5b7cf47536b2f1b3d30ebd90ca5efdac75314822fd8727fcd7b
23,Openness,good,g-4b42dd669fe6169e,discovery,e146cba5d9815cbaaa2f91fdeb1a972e7919dd82a9f1350c2f919f78e6d88579
24,Openness,good,g-eb7eedd2171aef6f,discovery,c055870479ea51e59a6554aed721b23a1d1aef65f624c5c5b8ea4123f6af0207
25,Openness,good,g-d3fc45e172f79b21,discovery,dc4f8ea85ac811ce05a5676f2a9c03c7c06fe5c037cc7b041f229044e83caa95
26,Openness,good,g-972975fc6396b41b,discovery,e779d1cd30881a24d7a4702e89dc175138c0721fcecb24dd01b23a5db6c049c4
27,Openness,good,g-d92723c4497911ac,discovery,4f665ee25ae19ea6da16d95c04340bcf95029583ed14c39c56042c6c209a6398
28,Openness,good,g-c8aadec2f347531f,discovery,2336e825ee567ea445491250c8664f446e5aa80a36ad214dc45b2c9a4ad2606d
29,Openness,good,g-096e6b61808171c6,test,9abff3cfa1e22c0dcc396870c764a81bf0892be26153634eca52ee229854a0c9
30,Openness,good,g-c97e340a8bff18db,discovery,3883ac13b0ae646234f11074185fd30d42992fba6e1f2b91f92f483e567e3007
31,Openness,good,g-3c4e6cc4afd15d16,test,e659ba6b309ff29bc322aeca00abc1c7baa7e95fb59891e7b3887ac1c79d1bd7
32,Openness,good,g-462964112f8b27ab,test,837ea7a1279d2a804c39d990e8153d7aee1b4ceac4f50ac9d6970a71b98bb2f3
33,Openness,good,g-0327562ac0e86ecb,test,7af785c04c06e13424ee5aa59225aa6dff4575df30b7bf90b15653473058a893
34,Openness,good,g-d914fbe47864274c,discovery,330c04dd2b74919f676de22dda23f451a1e6d6cab2959ab4c3b49f7a95882aee
35,Openness,good,g-bfbbe6670e529aaf,discovery,8c98fd9c255cc34328781081ea4ab56b3b8d0cb46b0b6261151b9c8987d36f8b
36,Openness,good,g-aa6ad7c8d40b4e88,discovery,33846e3dee31b7b7314dc4aa01916c0d6dafe112762b59f418ef3f164ae2b5ed
37,Openness,good,g-ca3589e5ae7fc505,validation,b9d756f74ffd6e3c988f2be8cc2cdf9e9040b0959f28b402e5f667494406e911
38,Openness,good,g-253c48ef0cb09a0a,validation,6febb2a6943c444051e6dfad901551c4ef78b51fc40d64a94dc9091590355c52
39,Openness,good,g-dd6a663d0e7cbae0,discovery,09ae27f7c5c6a24ade5e70c0f472034e86c1e2cb89d2cf51479bd6bd20e34b36
40,Openness,good,g-5e10b0fa901b0399,validation,c5e2509d1492d96217dea6b35f3852f30e94aa36578e480068e469bc2f2a1938
41,Openness,good,g-898d1890c3028603,discovery,3a6f9d35b616e0b79a886ea9bcadffecf6efa482b8e10625bb91ae93ebbb15fb
42,Openness,good,g-d646f2fabdd13a7e,discovery,72ef181dbdcb4dc711b40358a0d253b23d576c19128f9494c51520dfb5ab6835
43,Openness,good,g-d35d93509ae15a9a,test,a5927fe8af101162e5819c13550c7a6d8f2fb38b1744c0468e9c0c9b4e2a5ea3
44,Openness,good,g-85e7f7aa69715db2,discovery,ea4dce3cf5ee9e0ec8bc6444237ec000177648c8e1fb0f26e9a00e497ced853c
45,Openness,good,g-92126ccca0f2ca2b,test,f018dff9e4d5f4f497011a162885ed3c1a9a8cb7ca646d2578e9d40024dbd93d
46,Openness,good,g-7f8ccf56f0868c08,discovery,a276fdb3af54a0d07b4769cbfe55f8a08827dfccd3e073a854aee579650a3aa4
47,Openness,good,g-4ebd698b4a1c3c7f,validation,4617a8ec728acfad7ec535ee3e48eba53b198b586157540a2755c8946109204d
48,Openness,good,g-db04614e17cac1cd,test,e8a89d053d9f97193562670cb90e14a524ee88d985813de4495983b77c0b243a
49,Openness,good,g-8e7e24687e7a199d,test,b9054f87f7000c780942f1c79d33e90b2d62456430162580694540c2a5c0e5fb
50,Openness,good,g-2308f4e21cb0531f,discovery,dfe4ef2f564aed26bdaa642ba14d540b09a03a07c9820ce42f934d11cbd571de
51,Openness,good,g-00f704fb7518dcdc,discovery,003ecdcd5f39e52ba6a2f259bb800c73412cc49af892c9a1c83f3bcfbbb83f85
52,Openness,good,g-1a2835647e325230,validation,2aee0c070eb8e0d7f59a0d22b7105084a53f6abe7974c0ed91e0f5a6fc9832ae
53,Openness,good,g-817b92dfe4085218,discovery,d3cfa2a4f8d9e02040c1951f5784c64a2a6af4b40a8d3032de8daf76ccd30b65
54,Openness,good,g-6389412746d41c33,validation,9520f793d2e4baad4399c0ca5fe55692c6bca3626b4a0e8fc0558d2a4ad36737
55,Openness,good,g-cab5380d78c2540a,validation,ea7e5c10aae23a810e70f007802ff040d2626c08cc93f350322e25614d1d8438
56,Openness,good,g-776e7e383d2fc118,discovery,a54a3748b300eebafa6e6f4f588c00f3c650be0b5df0aaae43d96decd8c3d42f
57,Openness,good,g-7555af12cafef5dc,test,d5bb6e6df81f4611d161990f7610cd0e1d0aecb96bf28f3dc4fa618f19a1447d
58,Openness,good,g-f2604e9d119575b5,discovery,e37a3461b7eef278e1abf4d344467ab7ea913771c6474b1e62ebcf819c45b6fc
59,Openness,good,g-7bca50a49df46e99,discovery,911e96cb0dc63a3f4466a3580f63c14bec50757ecdb40deca5ea1b546e55c2c9
60,Openness,good,g-94ab087f60890852,validation,c4cb9c3b0578fa3acf07a7157829a416aa1ec27ec366864c91e94a12a3d47691
61,Openness,good,g-52bb8623bcac42b5,test,21b5c783a1dbba8798c9a0999a70f5e77f01b7be17a3b418b95d08d4f71f82f8
62,Openness,good,g-b6bfffcc9ea0e974,test,900805a2d00296d1046316eeb75c21c5cd4e71b2aca385cb83c809232cc055aa
63,Openness,good,g-3f054a8e6d320a80,discovery,1cd1907bf2e2722b7e9846344962c343afbbbd4dc4c473266603cd7d0e39f354
64,Openness,good,g-5f035bae856e785c,discovery,5e3b347e6c7a21b861aa17128f363c17c25e360cfac4e2e4372c57c0e05ab8b5
65,Openness,good,g-57fd15a27c66a707,test,b6e28a0e793821d7c8d47bb9dc1dbbc79f1d3217aea20730e79179a886fbcdde
66,Openness,good,g-8ec7fc2b0a4893cf,validation,57fd4426ec1ffba5184902aa8950d426554c057e1322080985ce5a6cc803cb7d
67,Openness,good,g-f2ed1fc989e0012c,discovery,0dd58c941cb1e0d190a53f18ec0ca865031272b011f332d0de06ea6881092522
68,Openness,good,g-d9f93b3f7455fed4,discovery,bc45bc56ecc4c0edc938421ce503ec05ae0f24e3156a639da7489490b95e4424
69,Openness,good,g-c597a9d371e8fdb5,discovery,1afeeeb372bd7cb6ca8938286bc4f0f6c7152e1d30e73cb6bb663114ee84cfeb
70,Openness,good,g-bafd88b51b54d7ca,test,2c5c06967ea682419c51ff15fb1689eeb64f5a4781dbd859c614896f93ccdeac
71,Openness,good,g-1767e5f7b7ed10b6,discovery,771ec5b019941bbed174d82293561b50c5bcbcb94b51c7cd0b65a015f956163f
72,Openness,good,g-99420af1f361625d,discovery,adf612c489f879f159a52dbb698d89eb6bfcb64d2ba0460a42c5dc5e71af9167
73,Openness,good,g-bfb4476ffea7c48a,discovery,5931e383b7328c42070e6bea0dcaee873dba5cf8302ec5bec3c76a0f63ca37bd
74,Openness,good,g-aa76be21114cce0c,validation,a745c02cbdd920a4874a62a340fcb87a238cdb5d3cac39e9fcea2b4369f264c5
75,Openness,good,g-9b02c41248bae06e,discovery,2b68365741a0d85ac8072d7b88032466ffd66531c403ef2270cf370d762e8fad
76,Openness,good,g-84bcab421551a326,discovery,ee4dceed3b84cab927379f753686c301d85297acee78c26414cf5a4de88dc5e5
77,Openness,good,g-f802f8cc822540d4,discovery,28cd217208acbc66d9ef6493bcadd7676deef65dc04a0b73a6852ca5a3e14440
78,Openness,good,g-04a91a5d89d61874,validation,c44d5d63c93a2ba7a673c4e4e7bf1d54d69b02bcf7f671dc3730522b6c8dcbb1
79,Openness,good,g-5b84a78a2ca15b6a,test,a84c054bd9595552f8b5b9820f0144fe89a8bae3fea6b96d5608b078b31f40fc
80,Openness,good,g-81df959b6121f73f,discovery,6c94399733e131a6a9740cb158c85a6464db407d8a86b325e3cd3abfdd318d70
81,Openness,good,g-04947cbe68a5a914,discovery,e0f5bb8a80c18c7d62bb4fd7cc420efd5879fef235e0fd64a1bff12edc09958e
82,Openness,good,g-85626d36d1b1ef81,discovery,9d146cec28aa29d6c585cf1dd8e0b047cb5599d751b3d924567b7c0ccfd5548b
83,Openness,good,g-c4447882001e28cc,discovery,3281526432cdb195dfa2c70cdd63ba411992cc853705a11478b1fb313aa057fe
84,Openness,good,g-d086e590f040a1a4,test,01d79b9d8267ce2f94c8d0be1065217221d97d11b1085bb737c92829319711a8
85,Openness,good,g-6487ea8bd086a044,test,5860bb47b541a70dff40cf2be69647ac75a442cc310756e9716fdc4c781f4fdb
86,Openness,good,g-095ec38cef869cf4,validation,8f7d19002aa037a70ddc7e974ac4c26c6c9f29e2e3c7deee2d68ba63bca51de4
87,Openness,good,g-ab03bf74d075ca68,discovery,aa8934bc4b8068445f819183b659a1e0978fee8db39c6b1f9e9ec47880dbdacb
88,Openness,good,g-909e212a8c16c0c0,validation,56210f1524b51800a6b9496cd49c75b815ef62246a527345e1f5407b957d07be
89,Openness,good,g-8ecd5fbb13fc6f6c,discovery,41ecf3d8cc8cc1d33af4005c63cbe0e8ee3dbd4fcd50d58846cf03282776ae6d
90,Openness,good,g-b0900483ac6760b7,discovery,c9cd83172e83cd157285cff721bfa5de596d60a8607bc8edd0c723a45ab42b14
91,Openness,good,g-bc1c4a5e116efb3e,validation,725da8788d6d403ae8200e27386b884f2b7b38a60b839f72c550958b7b94f032
92,Openness,good,g-71d5755fd1519716,test,a3c4a6334683ae4d5920ea444d993f57f17fa94b1582cd183b1267c1319e4a81
93,Openness,good,g-2f7e6df2101ee520,validation,1da409a6e11f1961ff523f9a8dcf99e1aaeb5434a538740e14501658aab17bcd
94,Openness,good,g-94209fbcd94101d9,discovery,19b59f418728e759d0ca832b602ab10c3c570f8fd73a1d59821a79489cc81d7b
95,Openness,good,g-52f19ac02bea45c8,discovery,0880af91e3489518a504c6909583daaded0df872444bf4d13f4e9b821d53d0fb
96,Openness,good,g-06ad59f993e2e498,validation,adc96e9bc485d39f1516fe03ac6f46e16ba2b27bbf686f31c617b1c28eb84154
97,Openness,good,g-c169dafb9abff9b8,test,7291fdbd376b578e41639dc33eb94a11323c651ae9502b0ea2200b471b51253b
98,Openness,good,g-ff39e8f554126bdb,discovery,b26ab067e9d0e4698a6a1e6b5bf1d38d0eae949026c820b3261fc4e69aaebc11
99,Openness,good,g-03dfca5090da52ef,discovery,ec7281488e8a87d364bf4086417d4ed36d5123d23c063196b4f25fa92a3ca7f6
100,Openness,good,g-7ca2b0f6fafed1eb,discovery,cc104bb19f6195b30e25e6771ab3b634615d1f32cbbc15ef740005493b514989
101,Openness,good,g-eaf957b719c87492,validation,2097ce3d8a5b9fa7bd2673df190d5d115acdabfa4c403de141247ff109d63b5e
102,Openness,good,g-9649340520a48723,test,646e8d4d21a29923e1321f08f7c40cac3bdb00ba4ae654f8e95e0fb09d34985b
103,Openness,good,g-12b3df9192c0a044,discovery,618175ba966d23c34d6088daa7eebec6b665796ec07a1ba6e7234d9d99be0ad1
104,Openness,good,g-c3801cd652014eab,discovery,db835e1d3c2515f180b56a219be2e5a6b43ceacd435097adf8dca611a152ac51
105,Openness,good,g-b745af82e9fe7d20,discovery,5e065d1bd449587fe99c98772b6c51ea206671bdf294efa26a98dccd9c4e56ef
106,Openness,good,g-5f688f415f620931,discovery,09cb07ccb17774c1dcf51a0347c1e43bc985710e6767afa2f7bee0fdcacdb27c
107,Openness,good,g-f24b576bdb7d04fb,discovery,3415f3260011d2d3e31e70b56b1dbbed218063432c8df816b3e7bcfac07bed75
108,Openness,good,g-d8b3062e19579428,discovery,443b50094defbb952f650c4ad3229db715cd6cf68b88a6b5c75f19515c684d0b
109,Openness,good,g-ca45998c5f1ec1d4,discovery,1298a67bd0e43af108d7b6330acad3fac396c3b8c2094567cbd42f058b058fec
110,Openness,good,g-e3f984d13f9e21c1,discovery,9eb1abe2dc7e9ab08075fecce1a519638fc12063fc4f84cec961ad89e5d2cd1c
111,Openness,good,g-ce790cfff57b371b,validation,e997fcd3e84892e49109ca2caa7d18f9c273d347f6570a9853bf0347e15caaf7
112,Openness,good,g-d861dd664adc2a7f,validation,27aede9ba0fef7fa8960b2ce084dca1b0c93803da41efd500d799f177acfaa6d
113,Openness,good,g-a33f431fc07018cf,discovery,5974bf0ab666dda49c7b50514d852ed0659af68d058f3d4d8de5f40bf9b880e2
114,Openness,good,g-f7f12ccb7dc4bdfe,test,47ca423f7305cbbb64d9ab65d91dd3e9ea660701b1eaac1335b2922f029b216f
115,Openness,good,g-aaa48cb0cd6dd772,discovery,df2bb13d37eb70e62d6beb4b94b79b8ffa652ce2c387180480deb34b2d1b52a9
116,Openness,good,g-88ad8a1f069401e3,discovery,e597d6d9b49612af41b5e42b84546618508e52c8198e86d4a3e4f0fd2c22b938
117,Openness,good,g-81933096771953c6,discovery,1b7be613ed9a08607d72dca6c7d9cd7432a2b66d53c3b552fae9ec55397a3988
118,Openness,good,g-7a7021f92d915e51,discovery,e5c78988b70286d7eac8ee9543367ad8028435b606817c01688e0d48647df8e9
119,Openness,good,g-f7d722c7a05b454d,discovery,8da3535adcc705b3e6ce30243e954ec534255448ef7ff873b333934bb81c5758
120,Openness,good,g-25c31de92e6dcd20,test,20a20ed52fcadb83d644b4fc0387125b857e22e88ed8b3184921b513c49be339
121,Openness,good,g-ef8dfca310552674,discovery,007f494e4fc3320e4c189910887a8065c34b7d487c188c70946d719eaa42a70a
122,Openness,good,g-c8fcb2594b7acd13,discovery,95ef03d9a7f99ddb7d63bf07fdca4270cf0418a220c2c321fbeb94e76b332b27
123,Openness,good,g-2f22ba4790bcdcf7,test,7cf24dbd5070bc910a08b1b0cc888229e6538eb148611b36462e517c4a167dc9
124,Openness,good,g-bda135f9a9c461a7,discovery,bb84adb8eb8e2000c3e5c2269423531ebb726011f9004706b5ca2dc10f588c36
125,Openness,good,g-8b543deb8e44e185,discovery,b7ce86d0b8d407b3903ef034311cfd630a8ed44ff107e02fa308890f50a7f769
126,Openness,good,g-938c7a8e13e5f2c0,discovery,9f1911ecdf22a73eca1a3757920e51781663d44d2e7f3121373cb42e8989ae33
127,Openness,good,g-133d6fdd5ae12b3c,discovery,6fbd25f2f2d50b7e603962fa114aef807a453f05c81c0828d78d3d0c3b75131f
128,Openness,good,g-6762937494768adc,discovery,9911e4530ab32ac9daa688f9596377de895fbb78bf2447cc628a8f74aaa1224e
129,Openness,good,g-4968e769afec35bc,validation,80e5fd065d9bcba2bbdd5b3c3207edf66674d76bab5e1b0abfda39fef33bf562
130,Openness,good,g-e6032276dff082da,discovery,2a77814e94cb3f22805a3fe0690edbc44bbeb36670b9f43c1ff0fb35cb69c724
131,Openness,good,g-37c8e4f5059ac557,validation,b488dee0daa077e5531e3e3b39a3426d50d9630611094cb13b9fbe9ef7e997a3
132,Openness,good,g-8ad4b0c831361a6c,discovery,bb21b50472710913580c00aafc28200a2fe64c02f92c6c2a28f0111458d924ab
133,Openness,good,g-9e4dba492a3d122a,discovery,2e98911fd541a9167d2f4eed73270979956865052980d191bf17379baf0bd867
134,Openness,good,g-f1643c3b7032016c,test,cb58c98cfa33010a404bc34d89beac99dfe88af879fa2215a946e5526c253d9f
135,Openness,good,g-b7269d073a8c1d44,discovery,00858091ff5636f385cb14f04ee5dd91be3ede42e543f5ff02f82ce1f4e68bb6
136,Openness,good,g-5eb556b6a6765b5e,discovery,a628c4bb62c5b679f7842df61b039b376efe6a16dfc6c29edc7f9409af0fb6e8
137,Openness,good,g-1feda5e22cc22a1d,test,dbd3b096917a55620dfbcbf38c1954a27630e3f8b68c12e1fdc17369b5a12a8e
138,Openness,good,g-f750141ebc99d41e,discovery,5ae4e83a50eaf703973613777d991dc44b04d004065b7b90f036b2962a9f9850
139,Openness,good,g-db74276aff1dc177,discovery,c098abb8a6a6bc2dfa8d9908a1df91732a493ad45e973d05c207533235390cb9
140,Openness,good,g-c0351cd0caf4edf2,discovery,a1c017b457a5272218eda7787e1c6383f408b4bcb9a56a34c1f4cc6e4741a70f
141,Openness,good,g-56f5905a31ee709b,validation,dc53f68ac9c5be95b1a00399ef1d0b35bafbba6ca611c361c34704f4f6568d8e
142,Openness,good,g-c2352f18060b2538,validation,8a90f71f894745dffae479b071e62595b1a9d846e065a5c5693d2d27df88b5ab
143,Openness,good,g-314caee3650d614f,discovery,42d18f63429723bde68dec02b7977c6b52aade08c0e9d3add5ac79aa0f048a9f
144,Openness,good,g-1e3e96b5dc79b4c7,discovery,4ea587976aa3bef660032641aa1fd01e26c897054dce360be4baeea2f9dee0cd
145,Openness,good,g-f4cc7b2cfebe1851,discovery,ecab79456e6954a08f67ddfdcceaf4afb2125fa8a3965974af61e3587d5ea6f5
146,Openness,good,g-d762ff016bca659c,test,778ddfee4f6b2a01ae85cc58fabbb674ec151029eacbb89ce78ff15dc29bdb24
147,Openness,good,g-6a37c8aa6665a6dc,validation,36662e2eff51d739d1eb454ab66771b4168bfdc036f004329de74296a6692b35
148,Openness,good,g-daa25c1ab001a26b,validation,eae07a8626d77c88835a9fd479b569d8f8ac3bad202cf7b25b4fc80f29cd9118
149,Openness,good,g-3ed24b49326f418d,validation,6d0884a562b91b76e568e2035d805014fb7a02c40a74b089ef30f73b068a046d
150,Openness,good,g-ab84abdda20c8cf8,test,2cd59ec6d4196a2529fa2c8adff4f2f4a76d0c2457eb52fae947bf91697199b1
151,Openness,good,g-87b0a9c7b4d57abb,discovery,c40722e7135aebf2cd25509f475d8c17258db6c07ab924cb31266df606c7fcba
152,Openness,good,g-91c4d12a2a96f721,discovery,2428c8888fad3b8a58f0fbbadb1679b61df7949d97d3e57b62dbbbe8bc3196ed
153,Openness,good,g-68b178bfc6866f93,discovery,0190f8dcd6cff38f6976ced6e7efc91250694c4707640586730b8a23a3ba3eff
154,Openness,good,g-c3d8c9c8ee652147,validation,a9d693cef2af1b89fa64d7b3301cdf73b92ae7739cd9d1bf90a1217af76be836
155,Openness,good,g-f2ce9a290570859c,test,721bee19b9dc0b29ade74e1b21429805c857253b76d132e9ea65ea0257e8665c
156,Openness,good,g-3e370947fc163a49,discovery,b6270507d1ec6b4ee4b7646665bd242cc460fb938a31c0314291cae4b20ebda4
157,Openness,good,g-816f9da78196611a,discovery,d0dfbe22d554f35a130b0036e586b837c964af09fd168a26e6b342a2ad6f3bff
158,Openness,good,g-cc1b5d029b6e2c4b,test,2cf4efe7768a6dcbf9a976845f861cd41d32380808695c1c93b4bcf44371ebac
159,Openness,good,g-641b37f3caf5449d,discovery,d4ce7cb6114fd3967162bba223743712eca35486dff49c598660ece7048664c4
160,Openness,good,g-d67ecba2ed279abe,discovery,c955809e8c24dc526524142648e11b47bc7eb149b33d925c9e30fa5f7311fb7d
161,Openness,good,g-25ef2d8264aec2e1,test,b65c773f6843adbaa72db7617e11f60e531f4558af830918c649641f240c86cb
162,Openness,good,g-487fbfd7ceacd777,test,0699b99ae9bf270a58fe8c48b9cae2b2c73b269caecb292b4e50e01033f09f7a
163,Openness,good,g-d1d87de3e9721483,discovery,9a5872b886a3b168a564aae68841f237f25ee619158c91936f56fbb2b16fbe4d
164,Openness,good,g-5f48411c5b33b732,test,53dc909ff96d1193606b06b21a515aed27086a10320229f54e09caf78a116f73
165,Openness,good,g-d4b80c93d14ad093,discovery,7740a8ffa4ef207477368d6966cb238205ed8553182f87fa34429e6ec880bbdd
166,Openness,good,g-6e4afa6aad7ed4d2,test,b17dd4e732dee55d618427d6b72303b112b3b9e64c7c3a95ad7372cc19700780
167,Openness,good,g-372af9720002cd00,discovery,425bed265051991febd2a05a40db54ebfcfaf86eb3dc3f8e85d0c3ce8fdc1052
168,Openness,good,g-f059b24ecd20866b,discovery,6d5344acb4d727981a3601e012727c6fa418f3b1b837d1487eee95d0a9f9944c
169,Openness,good,g-f5c82198ac86de80,discovery,b2834c38ac071dc38630b169bd35665f8a47e8c76e44e6792880bfd441dbd3e1
170,Openness,good,g-2f39e9609e474ff1,discovery,b5b72d7f9f55e7c661f4d1d8e3dc31f906de998dcb707c9c1eb2ba61c5160b18
171,Openness,good,g-c391bdcc3ce2fbb1,discovery,f0efd8c7b3856c6971ea72b2b943146b88f837ced4d0067e6152297da11fe963
172,Openness,good,g-7531f97aabdd60d5,discovery,f4bf1d49ee596a3f80b72faf1fdfff72fcf06a8e81c8ce8b2360325611de2755
173,Openness,good,g-a89aef924ef0d083,discovery,ea8bf6b83cdd49daebc1bc9e5654ece3b520e331cd6006c81f486d72d2bac08e
174,Openness,good,g-ce0229b7c6149d88,test,43c0824208152c4064a66427df8d2fc7be631e83ac1c160e947fe9dd97b8d646
175,Openness,good,g-e19f09f1b76954dc,test,1414c88ec1061b7c90a85ebb083ced77e8bae073ae7ff15e50d1e898943492a7
176,Openness,good,g-116a7796c3e7625c,discovery,4682ae2d27730e4f791f933961dfe1df57d4b72650f54efac99a5b862aa8a17a
177,Openness,good,g-fbc943c85f5f0cf6,test,7dd8c2f70f0ca4db047b8393c9892ba45d04a377b6989a2792c15c4090ce85f8
178,Openness,good,g-f8be653d0f0bc6e1,test,d2a8fff5cd9823b026ae243b97ee288c090a5b70e2f7f840564e13901a35a2cd
179,Openness,good,g-aa967be664e33c47,discovery,5cdd52b43edf3e07ab73e5ce5e1a3af64bca12515b801425388290b9eb956be8
180,Openness,good,g-be22b1076648e6a4,discovery,dd468fcd738f42866c1622995ef4ec1438453b562b38809894105e5585f63c55
181,Openness,good,g-e914309500f47dd6,discovery,fa78ce78284d18e57bcf4974ff6ef8cfa83f53ab5872f778ba981de5dd57a92f
182,Openness,good,g-cd6cef33aadd6649,discovery,455734ff587613513529c827149b9e0f49414ca025eaa8ffa302644e5e827649
183,Openness,good,g-4bc12fadc3f4675f,discovery,ec91ab60d58102f854e5fbfdc5c7f068b6cf5f5f36b1d02bcb65cc3ddee23fe9
184,Openness,good,g-60408c7726b5b42a,discovery,06ad1297a2a52dd7b1d8428509885a28bf0b021bf1c9381de6ec1165d3338011
185,Openness,good,g-70decda2ea12f553,discovery,f9aee04b1c38343658f7b56f4d7d7311491627b76fae76ed42b37900c6e9e6ce
186,Openness,good,g-6cbce65079b952b0,test,8f8e9f2e35c28e97cd22245e024228ef4cf4283072bb98c80acb0cd485dcc3c4
187,Openness,good,g-c17a2f330e5c1d39,discovery,8910556496e561a7727442ce6f8128e86682dad363f5c4f49c1a9389e4710894
188,Openness,good,g-4ca3529b1896196d,discovery,3c6cc43aea493b9976884bca4c648d024de67f8d03ff66955bd4cb5d5cb25396
189,Openness,good,g-78e0e586453cdd2e,validation,1f9dec2d5a31e100ff44c8ece3926c54ec9513f4a6c2b631b897a92e8b9687c6
190,Openness,good,g-c13c1fa9f1e4d89e,discovery,f6e9719544f99c3f150bcbc3b29d335e3727fe88b7ba4e4020d15b66eefa7b63
191,Openness,good,g-39eb86ef9ef45ff9,discovery,7958c34672319309c57bde0badda178d5c7442c20840a5980d978061946d4402
192,Openness,good,g-7a3f9d7a689e84e5,discovery,4b5c941beef90a7d094a7f5d925ba49d0bc89bf31d4def5494b6f1c6fe139075
193,Openness,good,g-25d2e018a38e0b1b,discovery,0392b3df736b010b6a90c55830c91629a4d5a3050d15492f2ce37bf8ee0fd261
194,Openness,good,g-024e578205c8a047,discovery,d6dc04ba5f11663e95e91d4e88906eca5b91ae04f59a1f3b804ba1251fa793eb
195,Openness,good,g-e3dec4054ce6c4bc,discovery,7758047c3232b18bfe47f62634c1c4fb0b14e894faa201228238548a37051523
196,Openness,good,g-251a46ccf81e4d1b,discovery,c72fad66fde882e2ae1d7e916f3044a393e17c73bfa84d92f6fc00a7d704a33b
197,Openness,good,g-67434200d1fe7e44,discovery,a2e2bcd0584bc3e2824f03f19f7743c469f8917f2d7d4c6cff9ef39f16a182af
198,Openness,good,g-b5b6e0a16406c59f,discovery,b82b69a752bfe729cfdc7fa668a5118b775b715c1e257682c0a7d7bc6368e55f
199,Openness,good,g-fca3f0d6420a61cc,test,c6f8327dda9fc9254ab7a30c5d816dff887e3ae70ccda84f2e44e9530338cc9f
200,Openness,good,g-4d83a1f3e47b09a5,validation,d951daf9e3dbe3bf9541e66601a1d8c9a903f4a9e6f84cbb176626a54119d4ab
201,Openness,good,g-34510ceb5116eee8,test,f3d8bdf7d75d6d94d280d2d865d443845becdf01875c06b2a9d98363c6023c4e
202,Openness,good,g-279350954322d0c9,discovery,66bb78121930b610d69564d2fda8272b97aa43032d87bd789fefe597dedb1b3d
203,Openness,good,g-6b3c91b001cf34da,discovery,088595c5b478710bceb108f4c13910e46d201639e0bc317f782c36818f43d6c9
204,Openness,good,g-facbcf46fa89c2c6,discovery,2eb04945b4cf4f534ee8e2e2726bbabdd626a5d31187debe4ff4c8cc03a2db50
205,Openness,good,g-63913a37964f615b,discovery,3c3339bb2e7dc26c15fa558a2c62dff4ac75ab65186ad2619ab944107e5bc915
206,Openness,good,g-320568925b718823,validation,aa559236c68ca8a7c5ee8a79bcfc09697c442a45d6d2c348cf8f71eac2b8136c
207,Openness,good,g-f5d5ae98b3b179f7,discovery,3bd711a10dd1156af8f7d96c48fe99cd8f5dbf03b93ac10c8f403b0ad14c258b
208,Openness,good,g-63431382a632033b,discovery,e8bbb27ed3fe44070ec1e33dff83898825e30dc28fbf9f02e22cd213c77007cd
209,Openness,good,g-c11a92900ae0524c,discovery,59de1b48c4bbc688fe3331fb4f35c175116895f5e5820d75c9458873c389e868
210,Openness,good,g-6bab51537255b0fa,discovery,937b221b6dbad0fca27a3ba97174dd1906e7c4eff5e2181fbb0bc66d59f86a67
211,Openness,good,g-89977e5296813532,discovery,4f1dc78b4a62f5dfd6ea38d1468fd325b4d4ae3627204ce273f2f56eb94749b1
212,Openness,good,g-eea091968f88755f,discovery,72ef8f67ea429efe5c053bbdea73e57b21311475704a8af8e818976d923b8498
213,Openness,good,g-4531c0f23b7b3b5e,validation,0614d5e999179355edd4651822f7e24f897f3a9bc7f68df449d01072401248d9
214,Openness,good,g-8ef5e77656d1553d,validation,9b4db57b2a537288cb068a887b75a75063306324c57f6e7a6a67e8cc07f88189
215,Openness,good,g-d20c93bd0311e51e,discovery,f27988e2e891ea72a3e9826ad64d58d86322edbc87febcbb450c8db9c1c12b8d
216,Openness,good,g-64739ecf5a650b7a,discovery,77aa0af1c4d8f14e60c2b6c7f4b5a50a88fbb49b9d939514fac976571e35222c
217,Openness,good,g-c789a863320d7240,discovery,f18613d95755fb7dc3de9c8fb71e307ab81cf34082543cefb8f6dfbd839db24f
218,Openness,good,g-55220997a54ce626,test,6ab3f5f2acd9c5f91ad12ef59af2c520a689ba8e36429948f895ecae0a2c1630
219,Openness,good,g-98faf88bdeceb0a1,validation,9da687f7087a4d72c9f13e75b76b27a7e073c6fcf0d694f3aae534ae5576ddcf
220,Openness,good,g-dd27b88370acc72a,discovery,59a982a7fe6c1f78501e9efbc5f779bd132d97d777c662d44fa64be54e61b376
221,Openness,good,g-96f2789e0362c74a,validation,83c14c0ca12713c723c4654f66db5c764bd878b0e52d80cdec684e7dc4c3dda8
222,Openness,good,g-c531427b978f49be,discovery,3c5ec59c28cee67afe3983ba7c39a59eee4b58c3fbc3d9f87a1a15327d77fd45
223,Openness,good,g-c42246cfc4ba7e29,discovery,48d6fc581f13ef553c5cf8f577f2191cfca185e437606f5e3b9c6e567775c1e8
224,Openness,good,g-34dfded275df167c,test,a05c518f9a1d5503afa5310c12931b913d475e408ad5aae208ab38d76d7d041d
225,Openness,good,g-e04b1a959f498108,discovery,f0b1c5221adf80b39b528561e29599637374241633e16082f5c9e8c559b91c77
226,Openness,good,g-6f6d15600bbea0fa,discovery,5e37abed3f6bd75aacbc53ee0ed6aa227228fc35396b96f88adfda7aa7093cbb
227,Openness,good,g-475aa17adc3626b8,discovery,b01b4819b2269939cc55961940701730886f89b7a4dee770b9e36499926a24af
228,Openness,good,g-aa5083ad67bb290d,test,e247d7153defd4431d6472785080d1278a878d9d09ce84c5fdb7d8a8f680dd04
229,Openness,good,g-608319652e727df8,test,0ac5a572d86918df5c460bacaf16187f3449d526e7110e54780d3120fed2c195
230,Openness,good,g-5ac47da5402fedad,discovery,b83f888e1dc0b82e92e30b24fed183988b39f1d0084a3cd83ecf6bb98794b049
231,Openness,good,g-64e23017fb5bdc71,test,133b584d8e181766cea3c888b969808384241a914447343d537d1b53718b9285
232,Openness,good,g-88fb2c8f67662905,test,c176070addb51f82880376ff09218256a49278d1cac57ec1665ab378369aebca
233,Openness,good,g-a76f37cef918fa47,discovery,7d68f38cfabb3742b50f721d6838d3b50f51c81c06a98f765c67e7c3f817b008
234,Openness,good,g-b06ffe9e84f95008,discovery,2a2dc923493a61dd6d7cae50e2b35ccbe8a6e7c6ad0e75e2c6af932bb21562b7
235,Openness,good,g-ea5fbb7a404e2b0f,discovery,d9994d550942b757f9722422cd9de2a7a4f6ab5db84d1f3024e7455cc367b7c0
236,Openness,good,g-ee7869d2d84e7b8b,validation,c34c352275c13010f406e459d1d6950f67eaf3adbd2df2e72b2e13d660368562
237,Openness,good,g-a611bb1b16440963,validation,2038ccde12bde90ea60b0095514f4a168bfe6e11131cc2266dd119f01535bfde
238,Openness,good,g-d0053508597b2d9f,discovery,1f4b898786c1d6cf662ad59b19e7953ea05e5f79327045b270da46d3ff89ebb8
239,Openness,good,g-e43cc865b5a2bb5a,test,fb31ce980ee2e2631fc57c5280b7b26c73d275e22efba4bc35f8035bda6e056c
240,Openness,good,g-759737008814a18d,discovery,18a6c101e163964fb95ffb91d62e017802e8059dc51f1aa89d4629e88b34c3a8
241,Openness,good,g-606ab001936dbf47,test,2bce792b61fc4de5503b680aa45bd05c380267b0f9fb4934e3f475cd420a01ad
242,Openness,good,g-c1f39eba6498a36a,test,9c73560aaad86064d5610f63bc8f4cd3f19158b3c279b95f36d62c313920eadf
243,Openness,good,g-7e745e3c78f0cda9,discovery,6409d66e9a2a06732978d9e6418d1c5ec9d0870a6dc351f0b1c07166874906a6
244,Openness,good,g-9579219a63b906c5,discovery,aca84ce1c064aebdf3cda96362479cc348c430bb89030730717ce41f6bf9ace4
245,Openness,good,g-e866f2b906b3abc6,discovery,4c828e0ccf00b658f8ff60bae9fc32f8a8d897cde876b3badcbea340566d3838
246,Openness,good,g-e34bef2bb43a8c05,validation,a969b5218c33231bdf68f8716fbcb84fbde8d6fbea1714257b1d87135b71276f
247,Openness,good,g-3ddea7707e0833c2,validation,c7882dce587625c685a8170700d7f3062b18a3624656b937a6ef9d8bcd917171
248,Openness,good,g-1d88b6f67f582e6e,discovery,67586847d75e389318c649d118d473e94583bd4171bf812d2b5ea635f8934a51
249,Openness,good,g-40a144ec30480aa9,discovery,0ad1012fe0f402e8b11afd2243ba44ad64da0ad8679b4b2cd5975892fd2e08d8
250,Openness,good,g-cdc63ffb46088c87,discovery,a7e78f3bbc5f768b0d749799c7c8da1312a4f3b253a1acb91c445b8c98511822
251,Openness,good,g-291bb30c7bd73a5d,discovery,18d2318a9bd4315a6ecd560c8d2b3646e2c85ba4bfed671eaa6003c066c113c9
252,Openness,good,g-f71bd40f8548d077,discovery,2388ac58cfd55e46a38d6308d2d5cacacf1dbb3cf7ed1627ca809cccfafdbe05
253,Openness,good,g-c4fe5803aac3aecf,discovery,4b83d1c9f011e6f67c283798488515d11d807218b6636465bc3c076943d9713c
254,Openness,good,g-94bd1da3baeb1fd1,discovery,31755e0faeb6e71b2d642fda7396e5477b7ef9e250447d1508768539b189b56a
255,Openness,good,g-9d6b72463aae1ec6,discovery,7f923c439b6bf2609397423aa2ba73e253be04b78bb4095dff65ad438025f187
256,Openness,good,g-44928603bf7fb1cf,test,570093291a723ac266290e27cc289370ae2e9a87a9cfa5126ffc7219ddec4aad
257,Openness,good,g-8a917c33df966685,validation,bb60e131f0bddae1ad0281e356d3b77174bbfcb8346e46128f6062f3aef870d2
258,Openness,good,g-7d613105b5e893c3,test,02552a45bd5d130f08c7b186ea019c46094a0b727a961e5f4bd80c61d67c443a
259,Openness,good,g-75b8c0da237d4042,discovery,c44c6861f2a290fc8fdb357812734765add27d4f316c11fb22912998a8a8e6be
260,Openness,good,g-7496b5ff5a573a49,discovery,b922e7a7dd4215255113465c87ba1ab76366d62a5b283fe3fb5a7915a952383a
261,Openness,good,g-be35229ddb9f2b14,discovery,7d2cd9754c168dc629b367c7116bf3261189ccfaabe200f5c9756375959d873c
262,Openness,good,g-8a8de71659da3b71,test,9b55b0b04fe2dd215e1942ea7aa6b2693fb34c3ba7713a36f25e4d3fdfb75e88
263,Openness,good,g-b09355c820e1d0dc,discovery,97b429eae47e954584a2d08af46bba11ebc123781e2962ed03215605bce99702
264,Openness,good,g-f4a604ee988b1990,discovery,4ecd06f586838610ffdb6d2d8996fecc283fb03c1bbbf74bb2e622d1adfe5faf
265,Openness,good,g-3f411429b043b115,discovery,beb6e4e446f51dc29858c2bf51c024f8434b7637b0db6037a8316c32271eafa2
266,Openness,good,g-2c964069e6095cc2,discovery,e5e210443606e02a4e56807ff01dce9e006126e3bcc2eec7b95a9a1289fd0d4c
267,Openness,good,g-fd3a295116ff8865,validation,3e7f15592445466b82b41536b9077b95a4585eba8f49d4417f4f0a35b0da9e3b
268,Openness,good,g-91bdbbb61bd93b8e,validation,8ee10f23c108c6f85700fb403114e1f997c059b43e48c5d5a62f9637bbc9fdfe
269,Openness,good,g-ca87358ad96756af,test,eabb3415287921ee660a4734fd665db8873ce473dbce4d85f9da6aa0f30adeeb
270,Openness,good,g-926a6d8a0c921dba,validation,4ceee46458f7d338c485df0d27bcb2a4e979d2541c2b932d848b1e486ebdaf83
271,Openness,good,g-d602d188457cb7c0,discovery,9bd82ee3881cc441a8642d82ab3baa5f7222a36908820e0d152a11296c08091b
272,Openness,good,g-23840c1bbda95bdf,discovery,b2065d2c91a236386532b57b8627555d5117504b9f598e44b6333615956bb3e8
273,Openness,good,g-08afba4e69de4324,validation,fc3d45a98214756c65932309abebbe7306f995c1503f5024d5a88a79bac5535a
274,Openness,good,g-a9cd89bf0c0dba88,discovery,1b69f6fc7f55b143c063dfbc32141573a46bfb101f2e980f294231c6a970575b
275,Openness,good,g-a053ec3812e77721,validation,8a95937a30c704462c9fbe0270f9743a85e37a99f4f8a1e81f6aa223ae29c983
276,Openness,good,g-71632c38e660329e,discovery,80b3f87978926619a2fd2400c1471371bd588b86a657329e3814132483ac16ff
277,Openness,good,g-7562e0bb634d5ba6,discovery,80f25e25bdfb667a32119eb78950ab320167ff14fa7109203f6ce79243ab4bb8
278,Openness,good,g-4eff8848d4a26d29,discovery,fe87b1039062a3b739898df441e8bb96ee390044bfc1f17b00740d9485072481
279,Openness,good,g-e039fb1fcdfd24b9,discovery,4713b80d0e109c4ce62289cea254a00041296f2da64bfd7b83939480aee8fca6
280,Openness,good,g-e83f191ee61acfa0,discovery,8018a1c673a0e77f913bf7eb938a38f577b44c0dbe3a6048774507fbef1442da
281,Openness,good,g-0d21335ff0aa10a4,discovery,14fd7e6b670ad0d041fb91107e5ea66aebe5ce6848d16c25a240c3ea1c9b1c1f
282,Openness,good,g-3e82caf75c7d09b3,test,f50094aa6c921120b6186a553cf1b837c591d0ab257578d202589d6bb3c9eed5
283,Openness,good,g-224404684f4d55f1,discovery,ae669d5a371f3791ded5915b7c5467977f8a1ef6707e4f08fc3007bbee712800
284,Openness,good,g-2156e9494b32ddba,validation,07231c0a552439db582651267e7c29eb0760daa2c1d1504208ca892dbed1e806
285,Openness,good,g-0a25deeb99f680b5,validation,be739cfc801a9517008843033e67c77caa5e050f22adf248c6d8b39b1f376d1c
286,Openness,good,g-0512d272e8d0643d,test,d5af6ee480f2d771da91f6f2df432982e43298def98942ce5552817867f7b428
287,Openness,good,g-647eb194ce221a28,discovery,66696a9d9f64751b4eb4ffb597411fd919fc8db2a058bebf773c50f3ee6ce349
288,Openness,good,g-45be26213dc6c1cc,discovery,bf36d2a57aff24efe5b24adbd31912b4493abd362043b84530194099440ecfbf
289,Openness,good,g-66275ca60381556c,discovery,a4e5133f95a58a393e7edaa6a6cb6a30c547723d7617fd31b07f1fd44d52f394
290,Openness,good,g-69ddc0acf33e5777,discovery,4b3d70ae6b87b19ff117060d42aa9a1b19171afb5bb329d38149941917b55e31
291,Openness,good,g-aebf4f35d7a82a9e,discovery,2f74865d71d8f982187248e3a01b795dfe4d77c4c3d7ff92e5be6f3d9d6d9641
292,Openness,good,g-de2bc90550888765,discovery,c24bae735ccbaf9e9b814bef6879ffe8d406d6b17103ee3e4e41e5ddac27cfa8
293,Openness,good,g-a9f921b9bf5dcc58,discovery,6e3568ac967e2a9d24b7dcf5f682cd30146e9adfe09cab70963c6534878fb1cb
294,Openness,good,g-bb0772ac4bf94ee1,discovery,c512bc2afa1b53f7b4830eedeade03878da44bd0288638d36d9584929abd3d42
295,Openness,good,g-098c4e95afb6666f,test,5fc4b67df9448306fbc19b9266f3a14bc783a4d0d708ef8cacc8d7ed126090d7
296,Openness,good,g-ca7bad016f1b9986,discovery,62d553c83c00da3f44c0d8e88b2d13572f0b4431e0ba5c463ca19afccd31720a
297,Openness,good,g-046c853224cb40eb,test,1ee6505584519ea8754b67b624daa25451662ea9663947fb2762426deb2ff1e4
298,Openness,good,g-8d1f356c88571004,validation,48764cd0da16b4534d640beb4cd4392c17ff6041d88dc21396d483897f8456ce
299,Openness,good,g-80f2987689908993,discovery,1a7fd164ab41ddf76e6a4fefe7bf7fb33597ca3367aefb210ae4e3f4155953e0
300,Openness,good,g-fd961e90957c858d,validation,f9851e58a21214c97a1a0062d380cf59045c4b10e7a3a790567b1aece1585564
301,Openness,good,g-71f6989b86e381e9,discovery,44d726ef2173e319cdbd4b264291cf96166fce9174d9068d33bdb1c7d173bdbe
302,Openness,good,g-18d35181ea2f1626,discovery,14003073c6e7e7845573f32e4956cf1995d66107021678987867b6349916e1ec
303,Openness,good,g-878543114fbc8512,validation,84cecd10b9fb82fe41f1cde3a35460298f6ee137324523e29177268434639cc4
304,Openness,good,g-47a04f23587aa84a,discovery,3a9109303e5706f33c7fd98c4d754d322891108c0ce6ae513651515e576763c2
305,Openness,good,g-b95f06c17bafc0e1,discovery,306eeda9f3f668f6c4dfeebd4b3a844df958b856008d9f0382bf1bf9589e3f65
306,Openness,good,g-171ce5b51cea811c,discovery,407905a18897369a9b240ebe0f8a9f477497572a3659020d6cbf93c5154c7ac3
307,Openness,good,g-bb0c9f141cdf08d9,test,698f7a4355ef71c9d94dfcfd0fa9e7e962f6c7983cd38b69e953a6ee72353d8d
308,Openness,good,g-8b08c371725543bc,test,77a775c03791b2c6c5f0e8265c56c15ffd3e3327627a0d9af0898e003fbe6dd3
309,Openness,good,g-f4eb79ee77c60499,discovery,0bbae4e0245f3d05aeb15bcec901c3a8e9275a4419c2f3471ddcbe841d3589a0
310,Openness,good,g-cac6ff8ba564c44c,validation,10afb6c35209825c2e5c4027396d23600122242fba1e4c3cd3f9a1129edc79bc
311,Openness,good,g-78be6e14a54f3c59,discovery,485c39c6fe876a9a7c3bc6b916c12eb390c2b238396f580573ba821a5e352485
312,Openness,good,g-1b4fa74669090af1,validation,3cc807223b90780efe54b8e27ed113626792af9262b07c7f2a2d25d973edbf97
313,Openness,good,g-f918b7d62db21e7a,discovery,a63d93f2451496926b8e6969191ef728bf35652db9f390a5579c7e3668f38b2e
314,Openness,good,g-0bbb909220c093fd,discovery,4c70ce0d470bfabc5af9c1e29e10a66d24076b78a410fd95e1a60edcb5d6b259
315,Openness,good,g-51dd54107ca6a888,test,031a797d9782ab298bd5eeaf47b943dccb06a99e357a4d9470c00d3ff4bed1de
316,Openness,good,g-fd9edc5bd2fd8533,discovery,e5e13f52e97ed920f45f9e1fcae90e9e8e6791d44ff0f0bdf91b1ca90fa747e4
317,Openness,good,g-4bb0389e0a2576ce,test,688ff15df9a5ec32ed7270298108d0fd76facb05d6d11caddbb64d78147e2855
318,Openness,good,g-84258f9d29241674,discovery,5594bf640e9bfea8b0bf38c6e29fc1df9d21edbfde188993242f29cadab915b2
319,Openness,good,g-4fa7b0656f6fa291,discovery,f81f49e6c1c61169d6a176b8f9728908c7251f2e18141e1474e3ab4f85f2b79e
320,Openness,good,g-77ba7b2faba5f61b,discovery,fb2c55846c0c04ff2be60d62fdae54c09815969d26f681da62760882da3db8c6
321,Openness,good,g-84517c4794b650ac,validation,0053de18e1fd1c1abba2df59e264a74b1dfbe33e3367fd5a712711eaef90872f
322,Openness,good,g-b4416df77d6c1bf9,discovery,bdca5c7e2cd21c523434bb7602aa4d9b3979c8a42ccdb356e36c4b4b938c3b27
323,Openness,good,g-262650562392c4a7,test,d0774a636dc280b92c1ed2679358f64e595d6d61c61e92068871801c42473a8d
324,Openness,good,g-31a6c9630340932d,discovery,4d48ea6f81e89780cb4a61eff747894060a810818491d21271364fd25e111208
325,Openness,good,g-a29beb66af1d8469,discovery,44513088ec168f012ed099b3f19a3a004d98be1e331bc4023ad478ed6c24cf1f
326,Openness,good,g-c18f0a703c53fd57,validation,0ab05fde00c5f3ea317e951b743d93b7c479ac1ec0ea90fb0d782d3cb6c22453
327,Openness,good,g-d63be1cc22642666,discovery,66654096e1e785e9c2c470ce51aa419feaed50f6e0accc45d6f54c0b7af63573
328,Openness,good,g-f6718a4eb4092b13,validation,4f25bea04dd4bd20c21b68b3290619afbdc14fa548a1cea6a9b703ba83a797b0
329,Openness,good,g-048491ee162e1aae,discovery,61447d295514dfeae07c084e5bbcd077481f5782ae8f881f491010674f1f9cc4
330,Openness,good,g-0a9c9510583499b3,discovery,d0754b15a7d638cadec6c23f5c398154712e5fc7b66fa46c3b5f5b1c8871edb7
331,Openness,good,g-e3ddea27382ac1b9,test,5551d6a99f08f58059d1f510059a5ec2d585cbbdfa26676e1480f59ea504dc10
332,Openness,good,g-96d8671c5f2046fc,test,0b97bf9c08563b6f90bd4ea01e0f367fa198febe9aa8d93ecc506117420415eb
333,Openness,good,g-91a62c50373a970c,validation,b5308fcbaa542a5c87b360e9e10eeb821a225bdd1dea69255f109c4de2184427
334,Openness,good,g-d99b4e77c6d35340,discovery,b9cead820caa6b3e3cd183ce743da791f726d95d5a80afaa0533e3fbba7a23b8
335,Openness,good,g-e563802de14ff97b,discovery,1f3374d18c0551afbdf60e2ad0946053e2346a715dd2fc1cfa5a3accc39ffe66
336,Openness,good,g-20f2076cbcbcf12a,discovery,0f716a8e9e6ab005dd2b93faaf72eae717a8e242b5daccd9c7d302e3f254b70e
337,Openness,good,g-122566bbfaac6072,discovery,79d07851b7366dd462fec8e2fafb4974cb8f628508119bb30a22c1f84f139167
338,Openness,good,g-728332da7ccd4859,discovery,df7eee53c0d697a2a1d8e3d78886f8ed7b137aa3b924ef04038c109cbfa6a569
339,Openness,good,g-c12f659ca754c7de,discovery,7c5d2f37d03d657ea3cf65243c907d5389afe4129367c30db3a199a78af58538
340,Openness,good,g-943faa0ce1669f74,test,1adc68d96731ea4c21152c8d11afbe1f2b6d7dc182ef85a459742d716f3cf538
341,Openness,good,g-11115439fe3d923c,test,feed8771147965167287ef3077fc5a908aff180fffe4c3d6cc0f280e7fea6898
342,Openness,good,g-ac1a561417fc0a3e,validation,39ee702a75576dccc8e55ed71daef9d270028e1426ce8e35629e0d985edc9fb3
343,Openness,good,g-666013f8aa5be415,discovery,c741842d6fe2d8e24a353f2b0cdc1f0008767d2b5b985a77406bcdb45380eab7
344,Openness,good,g-57757e004ee78598,discovery,c5d5c119cae4f372ab44ef596f6378beb2a03478fe58bd252c5b86ddc64bb7bd
345,Openness,good,g-b0acf7536c52adf9,validation,ffcb9541bcfbce5d9eef5c00d6362075af27c10cd8bf7815ae9b0bdbf0ba815e
346,Openness,good,g-4477ea5cd2903a3e,validation,e97828cb69353c1ea8bf7be7b9497bb82da9b35e10087889aa33a63bd3c6b1eb
347,Openness,good,g-ac14d40ff95369fb,discovery,6a068002e8e81a4792785c5210862a9ac145b76aaca1ff14aa65aab82d69c29c
348,Openness,good,g-d408cc29d1ae4066,test,5650a61cfa7062f5843d300d641b8ef26a75d1ce8f3b048d41ca116e35f1732f
349,Openness,good,g-959a2d921d40aee9,discovery,e1e64e9fd0a34d54a33093b9955519213e307b995c630d212b84829d4793f257
350,Openness,good,g-b9eabe33545daedd,discovery,9a6d627f915f248a55e981adde0ee26e7df2ee73a1df14c1843477b43f68bc7f
351,Openness,good,g-31803f44297e5ccc,discovery,d62d118ddf39fc2bdf9f79cb717f783dfe67b8a6ce1414ffd02b45bf51ae8dea
352,Openness,good,g-63f73df8d80b32d6,discovery,017af47d82be21e16e6e9f3ba18924bea61ed5073b51cbaab2afe1f187fe255e
353,Openness,good,g-9857b49d588e8ded,discovery,55695a0d279479681397a99c6ebd74cc954cafd3a9c382896c2a46481c3860a4
354,Openness,good,g-4cda1aae8b155c44,validation,34bfe295ff077857a4224b723841281a61597110eda902fc16f8339884e6686c
355,Openness,good,g-12ac5436cd24262f,test,d6244a25c73af8361cad4c4c8a620a1535a20ceaf72f95b9fc61a2eb0eadbc71
356,Openness,good,g-5efd1fea9f8fa78f,discovery,1fbcb48c0c83f5277857a130c12a6fcb95916fa7f2f9ca476e82633eadeb0b06
357,Openness,good,g-30b503be62afb66f,validation,79e8e4bb81d00e5170d472c18a6cfca84c6a2d4b900fcd477827100f39cc73ca
358,Openness,good,g-5721e2ce142a4a4a,discovery,d7ce5012eef2469141df2d41092b3df8c9a2fe7043b7fbc09efa49ffbcd308bb
359,Openness,good,g-5f3fa8ff22b6a6cb,discovery,cecabf1f93966e3a80bdf11b4a74e55fc42ad6e84f560dff17ba4bd995d1c505
360,Openness,good,g-9bdb100bd25b988f,discovery,88ecf443f187db161164bf24e3f3477a47d8a910689a46cc64d22c9426e381a8
361,Openness,good,g-97e21457ab55bc01,validation,ee2cb32ac1525e623c9e9a8936c9095af753a6ec9d0b5ea3325dce784eb981b4
362,Openness,good,g-fe9af90ba36e3e74,discovery,240911ae7e2b93d2b9f290706ffb35b217a5360de9ddd33327497e24c178d8c2
363,Openness,good,g-718c637bf0f8ec8f,validation,81b1bbd943ffd816bbdc1b7edf49f8c148f04188d64a48bf53818052682b044c
364,Openness,good,g-1f339a261eecd1af,validation,8dcfcf5aa0b4b38bc956dc13fd1d7eff07bb0c52a98d8fd89e992a58329e393e
365,Openness,good,g-5722fa278e094763,discovery,ebb8f1835b477eb403c110749d7fd49840d877b7f815ce361de82602f2d8e228
366,Openness,good,g-bcd0c3c368aecc64,discovery,1a56965f49cd67344410ae3b936b23ded8980075731f345a3b3b4ce1e841111e
367,Openness,good,g-33c250cc8fbaa1df,discovery,cbf330676addfa418680a3fa2e757396910172fa65038b2d3776785630d154ce
368,Openness,good,g-c714e701e18d9600,test,530019cac9787dd097e97f0dd7dc57c20ea54459f329115b16301be5a265239d
369,Openness,good,g-380b715dbf458ae1,discovery,13d7d2212a27851bba2a06958880bb3481dc2f4653b73cb5ba1e025655c6f48c
370,Openness,good,g-8d9594aac7f12805,discovery,07efced22c6992fed8c1aafc7ee4485a3637614861ebaf1766c8d89718db89ad
371,Openness,good,g-c8ffc108912e95cd,discovery,74897ec3c42c611672f3c68b35a75f518bada83e45952d16bcb6d887dd8c053f
372,Openness,good,g-089de73d17f61e24,validation,050d38d021046c4262f0c33f84581fd700ea33384e426d764c9922502f159fc0
373,Openness,good,g-938aa9ad4190daa7,validation,f7a0b5d593a3031a323d6157c3cbb41f9aa82203e8ac3c09fc9a0ef3f1ee1133
374,Openness,good,g-32744b46c9f36f3a,test,12281ce74ab127238c1c9fe7d0fecd8b32baa61a1ca1ce5ff895cc14f17f38d3
375,Openness,good,g-c367859cf7ff501d,validation,526d2ee2533ec1244be94562656c4c1b241d5cf435696b3600e00936f92bef2d
376,Openness,good,g-0f0f82e779b7df37,discovery,dc3d29bd0896b0935fb6d8da8464aff79400072cfb8c61959568b2738f82cf3c
377,Openness,good,g-bc2a95a2d9862241,test,79b3c54baa8174fd3acba41c41c0a4ea5ce2af3a48c2f0c0f7a9d17086ffa213
378,Openness,good,g-63920f00f2c81a10,validation,90febaccba5a61075542e8fb45b26cc23f95b3acd8b81a0fd4512de61aeb2fe8
379,Openness,good,g-0356d0aeffa3058b,discovery,d54a3decc6b58f39c50400c60ce5f979207c873c4f27e3fea1635dd45d4ac60a
380,Openness,good,g-2b44849d2ab69d18,discovery,3675224433167cc2f08e042e7dcefe3cb9e853572c45aaf43c5c9de0b5451b6c
381,Openness,good,g-038064704a5b182b,test,238f968faa5cda8f7dc21541ca6fac409dc16039a3a7a91b5352cbd2954379c0
382,Openness,good,g-14543f723d526820,discovery,4c59429d6de7dfea0dbf3e601707286360473652c500e43fc3ce57f4193fe8a4
383,Openness,good,g-d61eaf1d6f89789c,discovery,2118df7f0bf989dbb5427961516b9ab952f6dcdfd592c6093ebbcee1668db9b7
384,Openness,good,g-2526977ace40f359,discovery,167d577da866683ec677609f9d9b0d9ec75d39a0298f6b790f97bc1967357c4d
385,Openness,good,g-7cd73362b0c053a2,test,976acf2ec98a84d0a9b0a903a0082c955892d38fea7ed69c8b07c0b97759b15e
386,Openness,good,g-2196107053073a8a,discovery,7b166f5fb1592686860a985a8c1859c1db5c42e52b14a3b1f0ad65537689201d
387,Openness,good,g-5f8e2f9be9e684cf,discovery,6ca158f339b0a05e5e8357e67f0ef558acda6b57045d80d562a8cb05f885f165
388,Openness,good,g-7da6aff7cbe4e600,validation,20443c2468729108deb5b344614bc2b6824fa19ce688d723bf995cd6d008a458
389,Openness,good,g-4a3b0e25dc2200c7,discovery,f36788643a27c8d7434db99a45b32eb2a503e9258c95ce402590de78a744107a
390,Openness,good,g-a3c78a35b51f9bd3,test,fa17992248025056fe90372632a5bf7c056a0ddef528c23338696680be45aa58
391,Openness,good,g-d124cca24072e110,discovery,3b804468b84d54ee26bf050630dc503173e437c1d951de872c15465373bf992a
392,Openness,good,g-5a593916375ff682,discovery,0473c7dac640c3d92e161d70431ea19b0789186de300a602be41242c94db373b
393,Openness,good,g-1e74d972b173139d,validation,4113aed9b296359b513c5126c17f00bf106261192b9c4852a6e0db196d4ad096
394,Openness,good,g-0642c2bcfc977bd4,discovery,be05b156b6cff658c78634ca7821941c8b56771492c628802bdf1288aab72ef3
395,Openness,good,g-4f8cee7236b6bc53,discovery,eebbfa494cb52b531ba1f160634efdf33b36c16fe9c4b72e7c931479c9ca298d
396,Openness,good,g-db20d4541d3fc859,discovery,8af168e045247535879ff609bbbd6e733528aa6dfcdc86ec32c06c35f8a6ed73
397,Openness,good,g-6932ad4ea0fb5376,test,644c950bfdb2b7898ea2ffa172797bb3439817c114b965604f003a301eddf48b
398,Openness,good,g-cc5b3af7b38e0160,validation,5e364c4628cb523b6f0752adc1a024ffe9f62e110a37bdaceece4b11bc671457
399,Openness,good,g-5064cd0ab19f1ced,validation,087123f0e7e1c2bc6fec8073156b4eb65e350c43f1b4de130aba07e6d9e66be6
400,Openness,good,g-0816e7524944c74b,test,22140082c080318e229390896a3063ac0d3168d7c83c31e56a99101dd5dae3c3
401,Openness,good,g-657fa5315d86739a,test,7c2c8331e209513d621ae0a86f7524d9795ac39ff93af20f7ede0aa40f3bad79
402,Openness,good,g-b053c78180b47780,validation,d06e41be7e4498017a5968e45601a94dab363a085497132cd64d4a87e0d9e73d
403,Openness,good,g-0932705eb4c43815,discovery,7283aa198a6474d2b900b8a699f6093985b303865211b361051fa18f45388dd7
404,Openness,good,g-457761201de6acb5,test,3b0c248a94eca4497b7967bf46a97c183656413d08945e40d1d427755dd10c59
405,Openness,good,g-e92bb04700162731,validation,e391217ebc16be7a4ac72ba0f980ea58bcb0d2a7c27c66f49ea021625d706dba
406,Openness,good,g-e6a1913428909d15,test,0610c39f48dd5f24ddd7a199cc3583f047995e0d1321c2661e174828694fe239
407,Openness,good,g-a79b30437274252e,discovery,de74caf5d9f97c39ffacdf0e1acc715fbf5d62f0de80e119b52c54b45517797f
408,Openness,good,g-e27b4fd0a3b084a6,test,88bc266d69774b1eddbd5d15e2e97135d5b5414c0493444fcc7dbf080373e506
409,Openness,good,g-cb2b270a93eacd29,discovery,51474d77cdfc399fafbea59ba0137ec0eeafd87e59a4e43fe5b235d109cb36f2
410,Openness,good,g-1a341ab84cf458d9,validation,e53f42cca7a5b90ba165e37333d4c695cb812e375b19be20d614c49f61805b73
411,Openness,good,g-e7c3acbf691c7f9d,test,ee5af87c8538fe71a55766a37be711b412b8f2bdd187ffadfdf274067df042e1
412,Openness,good,g-0ac26caf98d716e3,discovery,ad59a283769ed7fac532e3e127c6bbc4aa90a9d9f1f6c7b6e8afc9bbbf18e947
413,Openness,good,g-1550cddcd11c6704,validation,e0fb58e35f7fe127fbdec172bac357f66694b4ab858d90e22674e1810da50120
414,Openness,good,g-08506f1b87093cf4,discovery,7f2ab8f4112372ee68eb16f3c019947331780f0776bbff7ca93f9b73e33d17f6
415,Openness,good,g-e7a5c4eb882dc901,discovery,cb08efbd4cc849a5f3e1e79969aeb5867d216b6f641ad15120e855de4f17cc6d
416,Openness,good,g-b76ca821241b65c0,test,8e627ecb32f95109295b34b9f4b83994647cb0d3e7ace2053d9646822be9aaf9
417,Openness,good,g-e3901730a8c8a823,discovery,fac2e75926ec05bd7ea52cc1ad34e42c74cf135e4090fe00330399fc1f614ff0
418,Openness,good,g-431b942473200ffc,discovery,913b142759a316fc4aa1e11d8b44217345bdef3af7c812928c044ab98eb3a336
419,Openness,good,g-0c867b2c12d43f96,discovery,d844e1e36a604ebc8068f31965f8bd1264ae0327dd75fb66331cb4fc21875149
420,Openness,good,g-917f30bf4046acc0,validation,30227eb956f48772a3ab261f5e9b22b3d1c105ca9db9c47b49e244a5cb358a60
421,Openness,good,g-38054f847c582f92,discovery,d32012cfad6c04a592d6acbac73636651d2b280c5c8e96ce765f22c5f59e31af
422,Openness,good,g-5968c1553b9de19b,discovery,70423b5baf60ac06ca9a09fe1b83b89ca87d5fbe3b3440976817b18fb5077b48
423,Openness,good,g-f451725f7779d0ea,discovery,934af96240f6a6ce0ab354f49ed34712b95db8de068b581c3c2fefa0e0060a0a
424,Openness,good,g-e6ebc64bc698dbee,discovery,a1811e88083a0c8d9ed0fb363a56d7b1574ba484133f3bd9362d898c4cfbbb42
425,Openness,good,g-31368c2e9cd46cc3,discovery,7ff8fc772ada61aef235510d1df85789e2f97c0d16259cd2e23d440553934f07
426,Openness,good,g-c18094daf42e85b0,validation,374168863b88fe4abc2e9d33497db0abb814244bc5afadab2c49bc6610b7f4a3
427,Openness,good,g-2a8d9a0707d4bbdb,discovery,7caff4731015e6357f80d8e592734174ad0af5392f5db8c4a3376f75ee078c0c
428,Openness,good,g-4bdce982434460c3,discovery,64f20db430af5204bd5e9f633e8258e68fa5a37f5db08e4e3a48b58efc8b52bb
429,Openness,good,g-0ad5b0c94d88201c,validation,832655471dde499c67ccd2d61378886ed258d9b845e6401a46cc450f8e976809
430,Openness,good,g-d1cffcbdcbf1be2c,discovery,72020a2f0c95b42d64036365a0073c5491ee7ca376714a2f938628a8702b8e66
431,Openness,good,g-059b7189611b6275,test,56c06f864827a2abb79a9d9075c0f0a90e7965aa93f9f1913885226d752baba4
432,Openness,good,g-fb82133051d8b596,discovery,723b0e1f66e09ab4fed828b7b829fb24b98290dbf85248e626806ae2d1f4a611
433,Openness,good,g-d367d1a52a99e187,test,4d059496ffdcdbee27f7cc95e0ff14dce98d236f80195e24dff93ad1b6d0d824
434,Openness,good,g-4199442ffab92ff5,validation,1690ed92e8272e82dba1819f75523bb68e4030b9d517d57e08d410d45093f96b
435,Openness,good,g-56320bcaf5995088,discovery,4fb1faf39cf6c33c4c48fa4d63792d480300a83271a54a17807f954d16d57f45
436,Openness,good,g-97cdd97c70597ccf,test,098531e63053b1b38c31ce2479e5fde9e757219de396210bc160ee8d9d766e42
437,Openness,good,g-006ad3d2c2035fe5,discovery,704766589624a780267e17062290f5c03ad05d5c42fdbb1cd23340fea5038e3f
438,Openness,good,g-c54faafb9026fc39,discovery,ae40ac9cf0e0a65321c2904fec0f0ebfbf1c487ae6825fe4b5dff5b5a14697cf
439,Openness,good,g-6d4efc77c62dbb64,test,e8f2436556aba96ba2fc1d3ebb30b384a17884a771b17c688bd7992557187fdb
440,Openness,good,g-3fff74131ac42b13,discovery,6eacd6ab3bb1615b816f46c23aa6e38bdab149b74344cccd261048fd6df3852e
441,Openness,good,g-bd5abd7545ad5562,discovery,4ceada00fcfd4b515d8b6fda4ce09f0f0ac491c51aeb19662a185071e0855021
442,Openness,good,g-ba752a453e17ecd7,test,9c0358f6cf009e8ffb94d6ee1c26a2a795bbba8026d16ea82cf6ca81a2d48f1e
443,Openness,good,g-4a66e5de7bb15fe3,discovery,2c55fd6692b0e616f2dd79aef455eab0e05ef792674d1bcd3a0518ddda64a251
444,Openness,good,g-441ca7794afc6a22,discovery,afcc3b37bc3c8f33e8b74e99a34acfe0c2453a7aae9bc2faa0ab90f8b89aceb4
445,Openness,good,g-5674ab2e17d498dc,discovery,986749fe0d9fb24c2a7e4ec45213a36ea397d7ef2f444cb2ace7559bf244bc22
446,Openness,good,g-e7474b49183d2190,test,a82e2b326657b06c5138f5afaa4b39a050294bf485733c2f94e42f9078f6d29c
447,Openness,good,g-837c1cf6eef8fad7,validation,8c0bcf4b74ef6c67c2d94d6a2d97fdfe858b72c5e3cb04fa5daf65d06eff6f4f
448,Openness,good,g-c9ea6e934e3ebb0c,discovery,2e36fd95f859ff236ed2f5b5ed9af42d4a4209ac6a4001c8aa084e49efa88f5b
449,Openness,good,g-1b3e13ae134d1eec,discovery,eb0a27f1c51010a1770a46acd502a0a62e1da0b4f86fd8a21f0af4fea8aa661a
450,Openness,good,g-5b0e70a3ee79465c,validation,b0b9d484146b567f90d7c5572a96eae6a274b93e8b93c56c5e975010abb23714
451,Openness,good,g-5ac8b1b5698c0e88,validation,baa563dda6a78711e7b99dec2b30de70c38d1ed8e504c8bc15ce6f7848883eca
452,Openness,good,g-5d3fe7fda8d5120a,test,e2982b6c430a9b2d1f7580b5bead1cc2f7ef2fe97552af1a9dfcc966daf502b6
453,Openness,good,g-3beeb2087285257d,validation,14a11671a70d28764aae0d2877d53d804f3aa1a3e4f7b0ffc1aebf73f1df0f91
454,Openness,good,g-f456127b0e5054ef,discovery,288ba8a334de649c8ca0409e4b14c9e7e7a0c9f4935e68305a7e68f12cb4f046
455,Openness,good,g-10a7700343a6b1ac,discovery,6ee381fc47c2a9e9f1bed5b9f861cf5d982df5b47284eb20acf5328a278c9448
456,Openness,good,g-80735ff92a0f1ff7,test,d4fcc82fc5bb3b37ba12d2cbad0d458ba05251449f68f5a5edafc4b6f501fb6f
457,Openness,good,g-451d12384ec5903f,validation,d9394eff0ddb5eb62790ab591cef17c97e6257a2394063677351ba2a54dd0b9e
458,Openness,good,g-5454d3b9258de9ec,discovery,d12d50e8683c791081a5621ba94465ac2cccac52be4121c238c118480918bc7a
459,Openness,good,g-839e44e14feedc98,validation,94d36d0a087268e453d191e11e792143b7e57f922c998c91061a7b20caacd6a2
460,Openness,good,g-f44bbd9d704fa7c8,discovery,cde7cbc12450490a8426624829a9e6b95996705172f95ae9ec85fcec27eb84b7
461,Openness,good,g-691ae4b3dc03a086,discovery,8a7c62d3920f1c83951058a8e438a2a8f5b7568c2f9f5186b93826f0f7cd40fa
462,Openness,good,g-3a98ded4771b85c4,test,e61d319142d64541404eb85e36035ce3e2d672ff28d4dd84b6211204af405359
463,Openness,good,g-014d098b3843bcbb,discovery,3ffa7ba596844727b3a9a1f9f2900c3ec794c9f1f31a6fde0aae05f0b83c76e4
464,Openness,good,g-2565932382a734f8,discovery,c6197ca96f3c0bdd56be98ce13e4dfc421796cc023ab648b164ed20e9900a49d
465,Openness,good,g-9d09887582adf6b0,validation,0bd343547d22e1dc441836d1f4a1b529e5a7bc26af6491ee1a150b23c8ccb80b
466,Openness,good,g-142d0894638c04da,validation,32701ac67cf2af21f59db82dcd7b481e432bb111594e5f463f181a21b541bc39
467,Openness,good,g-0b3a57aad5349f8a,discovery,5486d5a5b1cb9694fa5f699906b33d28a6ad0c9d630e103511dfc5997bf90045
468,Openness,good,g-47a982b974c0a3f6,validation,975a7886353d92fd1585c24a17a0af0a7f7f63bf55ba7a45237564a47446834f
469,Openness,good,g-ce60f91ba7321164,discovery,a4f9c31276a34dbaa4c6424b37609a0f2541434fa6416d73b42d9d09f7234816
470,Openness,good,g-7d97c2ff95eaffda,discovery,6b65bce3bb0bebe834e3ec39b82e9cc72f1c462dcfd610f4a3bddb4e1e7f0b2d
471,Openness,good,g-b884170736fc937d,discovery,17b25359de3892783589a371f5043aeabdb282b9e58952bbdb893add45cb88df
472,Openness,good,g-d9d3a1166aa4f9b3,discovery,a2c2e76928ea62f59f7cd16a6ade455f19300e9135f9374a5e862e24783a404f
473,Openness,good,g-3874fbed40d5c9ba,discovery,23b21cdb60bf6041c2e10cec1b5f6b5ee6d38c322abcd1eb87a179994f5c149a
474,Openness,good,g-23eb32d0cd36827d,discovery,71c97f269bce26fa0fb7c6ce3b63d540ae7d521e6f8fd46d9bf5ed4378932577
475,Openness,good,g-b03322056a53a116,validation,1563dd14fc965de062e2687f555aa7f1d72a9c16a16940d27ee476d893bef79e
476,Openness,good,g-d9b91dcd74d91730,discovery,6cf51c1716efdce02c909e731ac1ed1ffd9dec015726497e8a27616bc3388dd5
477,Openness,good,g-5e6db68f4685dd33,validation,966fa2d04d055731fc202eef28a68efd1d95f8c93708a4b3a6b9a18425391445
478,Openness,good,g-1f755ccfce42e5f7,validation,faeadeb8b595251bc814691b33b48fe662fcae1674beb406541715d40dbfab12
479,Openness,good,g-81a35d00f3ae9d56,discovery,4c9fe780de905adb2b3f3997d24e2ef03be8495548ea07cc68fa6edcd152bc35
480,Openness,good,g-9e58805b80a3c6b7,test,43e0b318298260b2a044d407fb6e435825487ab92f5a8d32ca33ef049727594f
481,Openness,good,g-755f75aea3e85506,test,4d4c9940805241f8e9534b35f7367a6ca274f3f43b1eacfa69ed7b77d652970e
482,Openness,good,g-96eabb5b1ca5305d,discovery,d8eb88da765e25d39eab061e71a018eb531a755fe69a961d3900a620046bd8f4
483,Openness,good,g-550ff381d4179d6f,discovery,97c40f2a7d74633c0bb03f2c1ea12820c913b64d97fcd51708f0323bdb031bc1
484,Openness,good,g-10a1609604605191,validation,1f850390667c6feebf16c87705f2ab8ce51da38e8acbf00790ec8e74d82f13b9
485,Openness,good,g-eb13f5e2e675a5b3,discovery,7189b1ecf9e5733c4a1f4832923a5996eb6e5ad90c2b5e50a858856195055778
486,Openness,good,g-53775e0953f576d9,discovery,15cb491c3603d73dabf1712d8378ff40e1c2392fe93aa6e634131c7a956ad752
487,Openness,good,g-6494eef8a87d95aa,discovery,f332b478aee2988c5638f806cadcef9cdd256267fef2d880adfa23c0c733f03e
488,Openness,good,g-3933e51f6ad71bef,discovery,3891a201b2afef67291f9e20591fe35f91da32ee5c782983641f3529007d7b40
489,Openness,good,g-b197119ae4485877,discovery,fabe0ee37e226d57d2fea44770d010fdff9c9959274ee020dc33ad56bb55a8c8
490,Openness,good,g-4bf759369cfaf9ad,discovery,5c905b7436fe2123b956c4bbdcec4a1b72badef7424ffa5f13724c4a97336ed7
491,Openness,good,g-743faf4277bd07db,discovery,977c319b3446a3bf1b0408deb7d20a748be2ad595220d7b467907529593532d8
492,Openness,good,g-882f0d34aec4cd8a,test,23b14e0a8f53aba21f50c3ac3279e2e0f3e2b96d15ef559bbdb5a7cf861d874b
493,Openness,good,g-df25e7b146f1b3a6,discovery,3cf5713a2217384917c999d8e893002950a7a8233a5ebcb50d2a5465376fc7b2
494,Openness,good,g-d9b683f375a4d96e,validation,b840ffa98a2f80d7edee539e62f857ef2ef721cc9063e5ed3718e3ebd11e855e
495,Openness,good,g-f0d8f98f6bb213f4,test,e22f31ed6ea0833ededaf369d13115bf68a5bc158117b51aa1289227a2930d3a
496,Openness,good,g-de39556d37400414,test,a436a5a57d186a53e7b436982f3a0c33e863445f2b30bd41085ce5d18dc97e7d
497,Openness,good,g-7e05c3f9cb3a00bb,discovery,f8d45c75915ce23660431d1da6bd2b9b40f7e7645e6476d4006ca6d84cb8654c
498,Openness,good,g-fad229beca6b9f0f,discovery,fef389b894a4a3e2d02aac1945aaf801ea8fcaa533356fa51e210403fd878527
499,Openness,good,g-92748d8d0e351feb,discovery,ec5c2c31d713b269edd967e0e9a1ae95f3854f740794598913e9a47bffdcd586
500,Openness,bad,g-1e37cb1e288be182,discovery,72a1acfb23c78cea9b9dcc56e9d6af190a754595680a5eb72160d7e55a91f2c7
501,Openness,bad,g-a6b170be6d9d923d,discovery,d9f0e98ab7ade6796d49d41efae7a4f8483d5471fc1bc0cd3929c7711a64b880
502,Openness,bad,g-02d440dc202dd7ed,discovery,548ac71bde8bba98b4df2928fafe12aaa317c7463fbbd5601644d3a3e8fd51a6
503,Openness,bad,g-ebf4be5ea69c25d9,validation,c42039e8985161972fe15055fcb92ff438125458fa49dd201fb6430aac6d44b3
504,Openness,bad,g-224607e1fe82375c,test,dc54e720ce38fdf15d1ba12c810d74dee7ec4d4ca9f5d86407acb3c3efae5bd1
505,Openness,bad,g-76b7df909d4ac0d4,test,d5edb937e2c9f2c7474b0ffaf4d934ae9f693749d181c240e0d113624a33cbb4
506,Openness,bad,g-a1df1c7ad5932c43,test,0cf4a2cd0ff3a55389a591f47c17e86fec8230f245236451b9479a459d4cb401
507,Openness,bad,g-527f237209f4475f,discovery,fa78e528b0bac9253218a666e0293fa5ab648b5971773bcbef33e1ffa76317f6
508,Openness,bad,g-41a421223f2457d4,test,95a320ef5f6c6044fb375d53943ada46fe894c9b3bffa7cfb0115189d7bc5801
509,Openness,bad,g-57029f656804f24d,validation,f74b470c0c2bb9898b063bbab5b265753fc7f1f9976e2fdfc340b82d2b6146bb
510,Openness,bad,g-8af0707ab09a8314,discovery,a70975b708bb4b2ea0d6b2409c8bf64be910cb1f7897df18bcaab29bb4b953ed
511,Openness,bad,g-7b60cbfd56116504,discovery,1c0a31a1ef21484a0e41540142f12ffa681c517a392ca23c12518a179c19e99f
512,Openness,bad,g-ca557cb00afc5137,discovery,52d32b717eccdc14952aedf2c7cc72159a64d57b063a631f58e7afe52d3d14d7
513,Openness,bad,g-2bab4b9d4b33ecf5,discovery,5d22b358ddd569053098eff1db27833e00dffba17f6e467b3c49b7ecf0540bf2
514,Openness,bad,g-f3e026b856d64f54,discovery,12eaf894ddcd8872d063814ea8ab2f346b4bfd67b277cfa31f1f866f6c73cac5
515,Openness,bad,g-e2b61b801736c69d,test,9616c53f3198c1fcdd71d4e4b7127cabbce95df4d44c338d3990f0b25745f437
516,Openness,bad,g-315cd848da61cc2f,discovery,b97837f2e0fa8b38bce5e67df97789ea8d03b764cd4afcb58cec2aa4a1e08e69
517,Openness,bad,g-c944980a50f4ec9d,validation,cde5b04aea822da5c5895832bcb28554207073ecb3015b7908a0dabc7a0a316d
518,Openness,bad,g-afc96d1a42e61cd0,discovery,22c1cef9138bd9b6d55c6dc0c889ff74c901a132b278136a9a4feb4f01b3976a
519,Openness,bad,g-f3f7baf88642bbbc,validation,0664c47106785ec46e018d48245702b61a94a947749708bd6d219066853d497b
520,Openness,bad,g-b018a020967d345b,discovery,060af0bcb1cde4e2d04d50859a0b7420e02b77081a5fef9eab41e12b2fe24ccf
521,Openness,bad,g-8339b5e3977eda9e,validation,340547e9481ffd0a1244c0b127042a053bf2c69873e0ba319652d15147c120c8
522,Openness,bad,g-162d7354ff44d23c,discovery,f406ff4b456247e3da795e1f1f0e933598dcb1726c6df68368156b441a47196a
523,Openness,bad,g-b41ce904712fae9b,test,395c3942fc6f9fb788d5bbd97c9011740244f52c8ac173ece441659f68910e09
524,Openness,bad,g-6550866fd70281fe,validation,a1937a23a0227ae48e7c49528ebe955d90a7d2a3351768c9d91020c75409ad73
525,Openness,bad,g-0865799bb1dcb002,discovery,b4fb71a42184ea7447bebb0b880ca4994fec4f8f967f013a0457194751faa445
526,Openness,bad,g-07986f82d2eb1dd2,validation,a3366f9e1cccdcd4c834b3a0a5c94ad079de9bd5c3bb69163052b08b93771562
527,Openness,bad,g-58fec8649af67397,discovery,b6158f63791194f74348c67308774d338c748ed5289b41404f6b642e844be331
528,Openness,bad,g-085fa277d641ae55,discovery,80936f817c4a7fbcc6bb858bf313351e66732bd57b1d13f09d74bd5766b7fa9b
529,Openness,bad,g-24d4fc98239f651d,discovery,31033cfc7a8809b25c5769cb566b8f1bbb275dc2064a362812e8afb3a71d036d
530,Openness,bad,g-fbb262ccebd3a877,validation,ab5d1780aefe6828fe39b51ba0b9a15df6804adc2b490a967d2ff557ce97aead
531,Openness,bad,g-05fd7d2bd9fc4ce7,discovery,2cf5c17f850ca7431f181bcf7a6e7fe49e61e3d6cc635b32082f459db3d31740
532,Openness,bad,g-1ef9a791aa77c564,discovery,40782a78717fe427a1beb2f171df3d99d02e963d874da021a6010e5bd949e335
533,Openness,bad,g-0870e2a48a2b9c3e,discovery,53c6d74819236b40eae770f5e9839b6bd6130ca50ae77d5bf87c42fe98648054
534,Openness,bad,g-a9cc9587c4578d85,discovery,e3cce9882e25dd9fe3b4e6b7b51ac88d05b0657322565d9b7de1fc3e86e2fd60
535,Openness,bad,g-669fb7803ab072ce,validation,fe1e716bb80207630aeec27fb9c2c88b9f0dcd526abc362df55f9c71b5639fc7
536,Openness,bad,g-b683b3174aef66e5,test,4cd80ba0ca917086aa5374c64a75407e6108bfa43e2fb61eb5626592acb74b44
537,Openness,bad,g-c917da950d999880,discovery,52e62ad6a6349702b425a6aac74ed2e990a8a67571a522d4d6a1499d8ad32a4c
538,Openness,bad,g-5a1d458c3e610843,discovery,53cc13a5c680aad47c24d0674bc1f04ff96968ec99c81fa45c3a9cd3272fc533
539,Openness,bad,g-2f420e5413a8d50a,discovery,3c701118a5f649c7c1c668ac0c0fcbb41a76b66467ff46695b50880c9f90a130
540,Openness,bad,g-8d5974d3146a820d,test,04edd43ba50e30b8d1c78d4404a9c6a961f66d988e0e42ebf41fc874067e2996
541,Openness,bad,g-52c3ed1a4c8772c2,discovery,4216a77ecd3bf78451a8b6e03b9c709b6de2a0bfb16f4e8d0e2e3d742a0daa50
542,Openness,bad,g-ca6c4d4ce33b1e21,discovery,4aa588956f2a4c4cafff3b1ab4f37094bfc2ab4389c3f0e141aac5c8477ef588
543,Openness,bad,g-d36f3c2f1f006bda,discovery,de2f203165eaf5a5217dbe0e2f2158b5241d0bd4eaa67ce97aae101bb479f763
544,Openness,bad,g-4f66cea2b9889323,test,f54dd848babfc0d023a4d85d0136560b5f3f71b10a3e8a6beb5eb79a205ed987
545,Openness,bad,g-aa398ebc17f60559,discovery,7d8eab294e4ee3da6f23ae841cb1d4a3b0370d9b593556e88e0b614b52ad4acf
546,Openness,bad,g-40aae902c5e6b19c,discovery,2ea20087ebce2e299ca4135115855aec605d80a7063c4e12f330dd253716cac8
547,Openness,bad,g-82e6ce6ad90a4c16,discovery,342526facb901ceddc64c46735830ca5536fd9a6d64e0fdbd76baea49a4dd83c
548,Openness,bad,g-e6d557f8e10c101b,discovery,417f845c8781e92b118c11775f7559277eb5e590cdb8baa8fe3fcc53168355aa
549,Openness,bad,g-0c8d91666385f05f,validation,c5de3c86de50c32fd2818c1fea9d15f25a4a55be44e1c489192b9cda7acf340c
550,Openness,bad,g-a4719a0a29d69d23,discovery,4c707c810f1dfd611f78db1375f9e939500673ba5ef11d0d854ae8684dd74999
551,Openness,bad,g-4d1f060914c032f0,validation,e42d6f7f455f776606f1bbf9b35ae516732f60aac57442140ed734f167740c80
552,Openness,bad,g-f52e45b41de19d98,discovery,1b38a0e0b9882ec8942cfab0dc325203e300abb6160171f632dbc6ffad9f4c3e
553,Openness,bad,g-fb7a73f8a36c4cf0,discovery,e3032196658c941f00c3dc3e60c4969bc0bf5d4507fd5b29a55ed656f229c6b5
554,Openness,bad,g-23fdf84a6283c87b,discovery,73797879b64b20256964f6d2d1ced4583b3b7568329bedab51fb94051863aa3e
555,Openness,bad,g-0fccf14aa808b9df,discovery,1499e3f5d76a6b8c9000748171b937e5b0d58a9df2e34fd259045b06780c4992
556,Openness,bad,g-492c31b8233a066a,test,e926c5712d6c39079dc3ae94f3c21f33e0bea9932b0a2f34dacae9d3497afe09
557,Openness,bad,g-a9baf75d55b3066a,discovery,3bd71fe7d11be48d44e7dcfbe3e22cd2caabdf84f3815b6165ec74c70f023d2b
558,Openness,bad,g-e7067187a3e68ad0,discovery,f4c546ea77bd07ee9dcd0042424565e5e5f97985a35b1e4fa8564e967e3fe6b0
559,Openness,bad,g-99a4b402da61ac55,discovery,6d6360f74b0c6ba59bfafba94e5fa4d372eae319b025810239e6844ea3bb403b
560,Openness,bad,g-3914f2c167cd3bc9,discovery,c1e1bda47f780f5d5fcfbb8e107f33a4646300b3edffe373cb01f9b87eb34090
561,Openness,bad,g-bb7c8ed383081ea4,discovery,f01a64a474dea630094face779b9fe099a54470268b30cb6fd6be6961c9d2c0a
562,Openness,bad,g-99b8f1d56c40330d,test,7e0344f60c03ee58e0e7ca209c343559a04ba6d8d6f03b77716a156618821367
563,Openness,bad,g-030564b21ca502ad,discovery,44503d104827936d84b5e0f046034c92e2a8000b262d99ce5f39b7dd28d64e3f
564,Openness,bad,g-8988149bde5591ce,discovery,6ecb88d5ce781b23a7d6fe07ae8c3a18fb2ab3aed2e94f584ecd7672866dc42c
565,Openness,bad,g-e500bcb01f62059a,validation,be5754a25109f7947cf69b6b141c50a7206cf86bc967c10bfd3471dbfc425e54
566,Openness,bad,g-c3a9b9045743c0b9,discovery,d520800da305997d69a4fb9e46e2db8b926dcec6dde336a233262d27d409905d
567,Openness,bad,g-f97593e6b2c7d859,validation,0a60c25fc76dad72057c976ee652a6cb55f3dd421087843629e762db6a373ae4
568,Openness,bad,g-d198e075e53d33e2,test,238689410fb511730aec7b3d008f60b6b13b40c7c7a1742de63340fdd19ea855
569,Openness,bad,g-04a81c6b879f9a03,discovery,1663e31ec33f1aeb0fb525d7b9dfb1a42e853429561f217b72f68a25e183f9be
570,Openness,bad,g-01330382837d8117,discovery,54d535add279151edf93fde5055be82a614805ac061728f5515d3f118413c142
571,Openness,bad,g-a09cae8b21919a9c,discovery,37d08e4f401c6bfd6506753cc8b527dc1d7318e993b860c512ef75a9d0f33611
572,Openness,bad,g-2c96183637b50be6,test,02f7520410f03a6a9c4dbffe675ff52009b5c0a610580db380b123601250148d
573,Openness,bad,g-789c06f52898c82d,discovery,9ff22744bb0caa90aea60d729a6f8319d0cfa6a5b3f6da47aabe2c97bc453e34
574,Openness,bad,g-1283d8a113369a4e,test,c1999059159c45a6a6eebff0b0762f1f230b0d1e695a46dfafe243f18318d0cf
575,Openness,bad,g-7f80bf9a65f3e062,test,b277ef826707f73aee386cc399cd052de708e4e3e348d6fa932ba18b8ecb0b33
576,Openness,bad,g-3e8a07c1cc5a79de,validation,297315af8cd13ce415ce5d84afd4c9d5150fe61559b07c90bb3ea914f5fb8fe1
577,Openness,bad,g-e474c62f03d783ff,validation,297dac608b94a331f6c240543330a47b3e646eba85e5b49e1d7c30e93ee2b111
578,Openness,bad,g-e8f309391ecb96b6,discovery,2597ace4d2dc84d517abd67e2ce29c58068b38f134a289ea4dbc1903a90c3241
579,Openness,bad,g-ff44f59b21bfe0cd,test,e606b9eb85e69bdaccbfad998cc4dda13842b3c680f156218cd133680dfdbf3c
580,Openness,bad,g-4618d26bf599fac8,validation,56cad8a72bd5805f4e41099664ba1de0ae521419613b209520946b010a514d63
581,Openness,bad,g-845cfc73a110cd24,test,0019224c7bbf34a34051c401a8c41576ef2d9a45b395dade02c5467c12f9c1c9
582,Openness,bad,g-3b7030d99bbd3eac,test,ef766a9c201edb1138f56603480776166df5d9211b7b3839f6a5abcd629cada6
583,Openness,bad,g-0ad158d8e99d8558,discovery,c1fa6e1f9398402e1d3201ee6e7bf099a4b44ff1070e3bbb7611931cedae5f3d
584,Openness,bad,g-e39d2cf1acaaf0d3,discovery,1edd0bd40acf3bb2f90e233d5799e4fbf6cbd32169564bf71a27f24a247c79e9
585,Openness,bad,g-cf6be0721271c932,test,d11ebd592a7c3a07f9e65b19450ca323706a318551460af72cdab8bb22eeb7d7
586,Openness,bad,g-c118baa25bb3ab2a,discovery,80e28fac47a290351a5298795c86a1c7930c48cf1e3e8473cde67b8217ea63bd
587,Openness,bad,g-c0d0c7211c332675,test,48a7e54bc3597a94f7a9a724658bd115bc0f046dacd209fe13b502fa5dcd2fdd
588,Openness,bad,g-647b5df08680d65f,test,a976fa40844b0ddad72dc7f179cc6e03b492d17c7b6ecd7bec3c3ac561c49877
589,Openness,bad,g-3b14e5b18ebef6b2,test,ef663fc1f5db65955da78d5b33b853d75bb59c738e2724cfaef346c6188d77fd
590,Openness,bad,g-d7e8b42d67ab2747,discovery,c6a34931f1d6c9925377a7519e24b329dbb303b829b8579251432a614e33c011
591,Openness,bad,g-716c45454419067c,discovery,514e9f53d54440af3d9c8d29808022baa90049cf320bac89e575800a8ff020d1
592,Openness,bad,g-e03a4a8dfef332fd,discovery,2901ff76f56209ec59a50975700b23eae48bdc2523f9c27564e4204146fb3965
593,Openness,bad,g-94c5db2ea69c2ba1,discovery,3e240eeef7063896aef096d95d4ccc0f2521c82ac33b69b22bc861e88766f3bb
594,Openness,bad,g-9a66fbd680aaa6b3,discovery,a95422405656104ebe71c9aa8008ebd7cd83ad88b60560481060a28345fd3780
595,Openness,bad,g-e8136cc236ca930f,discovery,0261136da5a7995a48edcf40663af29b19d5ad1d6fa222dcfe90f2ca54646ca9
596,Openness,bad,g-a7e2c11ad1271dfb,validation,9a9b90f580169d4b535a6b5bd6c74baed56d4b995893e95699ee52744b565554
597,Openness,bad,g-4b42fb2c5fa50f33,discovery,d4851f73a91cfe44d55cc78fd3b562310949e623d3c063fd03d240976790b73e
598,Openness,bad,g-6893740a9ea44193,discovery,618a517aa17b8fd9fa5ae3d16b990db1fe5a933c27fabe2efefb49d980ae6da1
599,Openness,bad,g-380c3d98cbed529d,discovery,bc0d07f39bf6b5832bd7e9e52071792c8611403fd691efcd01b6e6c6a9d6e595
600,Openness,bad,g-26e647976657a62b,discovery,7a00c9ad1189753f15dba8253725d552c775159b62eef03d15fae8ffe8637334
601,Openness,bad,g-03c8de6e35120f96,discovery,67c67f56c1df93fe283f19ad7b7395530e177d944737f71efd446e4afe06193b
602,Openness,bad,g-1fd135c7597681b2,discovery,7ddf24ce7f6a58ecb08dbda24b7f466eac9dc2fb2d70a24012a13cc02cac5671
603,Openness,bad,g-2fe60ba4951e76d1,discovery,342079311b6969cc16f0a893d624158ffdf94c8b9b6c7fc368badf85654e85e0
604,Openness,bad,g-0d3b20a0406c4113,discovery,0414ac1e89ee2bf7d4feb29bb6d58eed22d23d8fc0a138d97e5448a2b567aeaa
605,Openness,bad,g-c5c3135b112e6721,validation,24edcad07e96813a1cd8f361509e3771db4aa7e8d680825213e38ae4b6672e1e
606,Openness,bad,g-7e90182cfdbd6fb9,discovery,3a34a2883b3384f169bb8bce844e56a72e85f74aacac05537bb6f90f5bf938db
607,Openness,bad,g-db1fca83206d3c17,discovery,bcd067868fbb8e8918c54b4e1933d93d07e349454807efd325d8d27330b9d6f5
608,Openness,bad,g-7264f7224d9cb0a2,discovery,35f6406c6a5fbc904571039e31c1c7dc25fef7a1781690b6c043656f9a11a74b
609,Openness,bad,g-703643d941be10af,discovery,7b0efc736fc3f33654450fb6572f681e9e381ff4443095ef1d1f766a2b95a820
610,Openness,bad,g-6e4b5b338c2393a0,discovery,8e8fbdb3b78469f5d807f740cc7e547393205ef8da4bf6b8c8aef14e6d214fc1
611,Openness,bad,g-8563c786dc56bc35,validation,3e0504ec5207de1ea1a6834e2a586e7357006c4f04ffdf0f1d30e9825abf35e3
612,Openness,bad,g-6d2b063ac90aec60,test,e7fbeaa0ce549cb5acf091b13752865443b2881d0157e1ce38c3dcbca8fdae5e
613,Openness,bad,g-8777fd0cc0411ee0,discovery,78e012234d07e1dd429d18b55e11206cbd894eeaf2d9a53f2c0ee63ccc61bcd3
614,Openness,bad,g-a85c7dc16622c4f6,discovery,a737ebd09ac058c5a1218041dab3e9f49cc072424048a6bec29e95451e128f5f
615,Openness,bad,g-0def3f89d29fd997,discovery,2d9b8587e87d50c3269c67509b99cf33445b7a71f1013c842c7584120e5786ea
616,Openness,bad,g-1e14e2b3c42305e9,discovery,c2906f2fb8d63f0d472e025e721025b79c34942d1fc0a54a143a8f6ebcc54368
617,Openness,bad,g-01c887b20e8e70f9,test,b26570acf8b4e8c5c8806b492e96cfaf1a299416e14449dad750ba4f8ebd20e2
618,Openness,bad,g-09028d0cc0e104c5,discovery,3bd0331829beef6efb5e4837a28d8998eb21868a9565f61adddbf931f0bd452e
619,Openness,bad,g-cc246da2a0655340,discovery,f280edacd810eb12639d621c1bda8ea8385e0de2da5d305729a73895c7798591
620,Openness,bad,g-9f8422e571c8d223,test,e85efc2666f6f627e4123945d07d31ddf20b5746a1a842a1306fe156f9a02936
621,Openness,bad,g-262844a7211b8531,discovery,af5fc06caa70f38f3c03c8470dbca7ec2ab480878247061e3598d2235d82055f
622,Openness,bad,g-7ad71c17ee144f63,validation,8ea5dd6a8d71a2b4128e0fcb06bf489c46fe45dac7dd36ef8cd72d0ece56a0b2
623,Openness,bad,g-5cf76ca5f0e92678,validation,21ad5a4972a63d54661bee84ca15ee2053d581b099e0c9d22cd04a7df4dc7b0a
624,Openness,bad,g-f5a72737fb3a9f3b,discovery,83b9a1965541e01de0b14976881f937cd6d7c362869f2971cd34864e947d524d
625,Openness,bad,g-286a8cac83dfd6ca,validation,2e6c644f1f572b625330461124c788f35a14dcce9112b015a19c64441355a84a
626,Openness,bad,g-92cbb73de2ba81d7,discovery,a573252ccf7328a4482e1ea188bb41566ad06e9a1d164b94016ba29a33029a9a
627,Openness,bad,g-9655c5a2f9ff4642,discovery,db05c070ec5f135ba1ee2beae06731315cacf513df0da5377f09182ef8d7cd55
628,Openness,bad,g-22aaf7794a909d82,discovery,b7fee07d2f728360b0aebccd0ce9b90add8124971d566ef251c2bd2719ba4727
629,Openness,bad,g-67ddcbffce8c1a44,test,777d9d36dbf6bda8d765e4cd5107abbde8a9a73def8c4c0b86b998e422b6f045
630,Openness,bad,g-6b6f84f642ea7ae4,discovery,f23e21e2f7037fae97741c8071bb91d11effc1b7be812a41de17aecfc009d105
631,Openness,bad,g-a9f30d088c5c2529,discovery,8a372487d069cff59ecfe9fe277e91cc89923d396a716113db748ac85b3379ad
632,Openness,bad,g-4c38e73149e33aa9,test,e2a6460e13e2f2fc1ec2b0d4eaa339bfeb8fb0189415c9be949faa12d1983d23
633,Openness,bad,g-fd5bfc889b393e1c,test,ad7af79445d68b6dedec1f65e384706b7750fb59ff29678f1969fdbd11ec5130
634,Openness,bad,g-307cfa8f5f5ac8eb,discovery,caaf598a7e65ac9c6993b2c233b1ba476d422e9be65b1817df9aabf5b2448e30
635,Openness,bad,g-dd859f29de7a2d93,discovery,2dfe80d20fa4eda6fb10387e6fbbd5c9a2645af1e6732a818ccdfbc0d8a7ff9e
636,Openness,bad,g-92ab432d6b64d041,test,624d5a9a1445686d276b6fa0250b61dce189a430f4396ed6673ba1b44835972e
637,Openness,bad,g-106366b8439d0b42,validation,bebd593a7a1e424890a4195dfbc13f33cb4050edd74a881afa20866bbcb70aa4
638,Openness,bad,g-a3fea1ba5fa418a5,discovery,8a10e6bf4cea27eb6fbcc35314d550d4135cf925584ce3d2d95a9d208d1871c4
639,Openness,bad,g-1765ccd8eca931fb,discovery,2dc12fc3da5af060e0c7d99d3bce3dab46114982ec3fa3a6ce7cf2e64218821c
640,Openness,bad,g-dd0c89566937f781,discovery,545fd002aa619d745894ef20dbdc538289267ce85751973e13a767ec4ad43633
641,Openness,bad,g-0e92e3f7ade779af,validation,f03cce43c9c92ea96d4ab7886cd7e3e458f966da0f978b9d5f0bb97941db5c83
642,Openness,bad,g-c532ea4307002a24,validation,b94c9c04ddfad6597962a849628ac8792c924e79a60b6a54554c9973d539b537
643,Openness,bad,g-73ca47d10efa66a7,discovery,8fb3764cf08db2c40ce008dfb9d0333844f782470ab0b73e0f2731aef627a161
644,Openness,bad,g-05f81ba34e05d529,discovery,6d2bb776de0a5de8d7c887cfd8e55c94662f95fdbcde3dc9e57cdb4d4bc4fae6
645,Openness,bad,g-5a13fc8b66fdb61c,discovery,c11f19224bb2df11f8f6e6b98280f3bace89f9fcab4876ca9fb0e4958b84087b
646,Openness,bad,g-8a983c064e842377,test,7ed5c0b7fe72164ce34f13310c17041fdce255b13903a5d28e3496e107075ec3
647,Openness,bad,g-04e619d9f29f8763,discovery,9e857ea5b646d336f8183035e8790e85d7bf507f7323e7e3f7cfa57315f59b29
648,Openness,bad,g-32083dd3ffab248f,test,80459fabab8b135ea500450cdb2f654484511b48133f04b08fee5afa947e4d3f
649,Openness,bad,g-0c58601ccd153c05,validation,03a76454cb1923f8bddd25a6d598ae82a7edab09f86dae0370b1957b21e71ac6
650,Openness,bad,g-889e011ad3e90e50,discovery,084ccfd4bd647c7a28b7be6a3ed6d818d981e391971ebab646de593205481c33
651,Openness,bad,g-6a8532499fae1bd7,discovery,d472cc977a6aa05020e99be35ba25b45d5bb750e45a615dae105270c960a12d1
652,Openness,bad,g-deb282ef0b7106b8,discovery,c4237419fba974f71bb2d086d5f9f8259d805550511801010f97e1e16da62be7
653,Openness,bad,g-3caee24bf910c247,discovery,bf892ddfe1301d29c223c61b4ab4786f8a7a91389d060d53a1b81a6f0f92a7de
654,Openness,bad,g-708702a0e8b75f55,discovery,665caca22b0742eb86301aa3407eb116505ad8523255caae576406020c98dcfc
655,Openness,bad,g-0d90e04a38c36fee,discovery,67ceae0336aedef514e5b8946750c325c7dbedf9478ab93726fbc9c89eac7a61
656,Openness,bad,g-b0e0d75b7a2cc68a,validation,f3b8e56334aeca52366cc114c02f9cedf1910482e03ff39fa676890adaabf2e1
657,Openness,bad,g-7fa2270c796bd77d,discovery,2c4927d33c0d5d5c96a25cae1dcfe9e7043d757f86df0f7446abd86ce2befb1c
658,Openness,bad,g-6b270ebd5cd8beab,test,0ab5a2661d03e955696b39b615eb8ccb1689c7e657de3b6146bb471e548a47bc
659,Openness,bad,g-68d2bcedbb76cba4,discovery,3a09c33609ed6f996d1a591b70fb3904ed2593192bc219dd05fa835198a106ee
660,Openness,bad,g-ca8f6edf3e8be9dd,validation,768be2a1e19782744d700da1c90cea67083bb8e4f88d5419d036dc079db88512
661,Openness,bad,g-db7ce892916778dc,validation,ec042200bc55c55d25820efac793b446208adf368d54afa7f2640fee6c6496f5
662,Openness,bad,g-6072141545af5e24,discovery,7039a08b0676bea5c07273e56cdf6cf731eaca5a1d20b9cdfe22f83de1b2e39b
663,Openness,bad,g-b9f2ce1a7f9f624f,discovery,55e55b3a819cfb11044938235b0028de78ad068768fb21d9836fabe50fb0a4bc
664,Openness,bad,g-24d0da25c6016a91,discovery,654a26c81565b2334f8082e571d9d0673cf87bec0abf09ca8a649e04553972ed
665,Openness,bad,g-1e5ee2552850c0ce,discovery,7c7a7c89ef5ce401a61c1bf809206494ab689bb374064f8fbbf0e52ef425db4f
666,Openness,bad,g-0c9014848e5c3844,test,a7cd981d02f5d0edcf0296a3cabcdda0e5bf4f3895d8166f90be41e58f977036
667,Openness,bad,g-72ff6d53360a56e9,test,19864937cf02ee365e41620f14d747dac5490f7cbbdad07997fe97c5d6b82d18
668,Openness,bad,g-bf837330ba76af34,discovery,aaad73ddd89e9b77b44b11490a9415adc6f5afa0ca0982a33cfc1032b10bb9f8
669,Openness,bad,g-fbf88ec62a41bd86,test,edc5cc65aba0320652dc48f4a3c1a872f3ba14bc071956185356b79a8ca667af
670,Openness,bad,g-8da3b14ae0fbf6f0,discovery,950d0773c66f71b36f4d04680b2b465dc621a7bfd20fcfb158c2f4f197582e6f
671,Openness,bad,g-236734caf159751c,discovery,b376b6d491287f34cd5ebfaae82098ece73b0cc6c7edd55b619c4d440ef1e049
672,Openness,bad,g-93205d1f16584735,discovery,ada02d87ce95ed08aabfbaaae68271af0c45ef7d26dcbfcb1f89eb7dca75a37a
673,Openness,bad,g-bfa0a1d7951d43ae,discovery,63a1a90e1917cc5bf60fb7e8a537e0656ef53bbaea888fc3dd0f4a28d15ce585
674,Openness,bad,g-948b8584cb7a2192,discovery,21717cb553b2f6ab3647e92cccae2aee36137d61658560ebcde1b302e665ea18
675,Openness,bad,g-499b5c36aff2f477,discovery,0c742ac6b118ef5424baf8c1fd18d611257de98c94ef58c89ba8e23f5078e64c
676,Openness,bad,g-6d77db894f19fd31,discovery,6dedfd052615bc2ec27816c81309b893facd1b95e822a951109b00db50ca2acc
677,Openness,bad,g-5fa79ebacd714b02,discovery,cb37ef08c3f9580550bab7940739ba9f9a06ad7384bb4d699a35d340ae186ec1
678,Openness,bad,g-ccad5e644f4021fa,discovery,8f886131387fb4cdb535ad41667f8c8db2f9118597e25e36906af75f5b282398
679,Openness,bad,g-3120bf5b525cf775,discovery,e2f6b54a25d3836ec35c7b0a947cfc0b79b112f726e737c5b7ca4f87c4a0fef2
680,Openness,bad,g-af15217d1d40d02b,validation,111136f22ad49c25486daf95e97ed294df80ee9ff60be1f8323e9b859d32cfed
681,Openness,bad,g-2f6660f74f98258a,discovery,b3d4f99e56fa0003f9686850b9f3935171c382d850e40d89233d28dc0f49045c
682,Openness,bad,g-a856f2748ed4d597,validation,f54ae4313370e2f200bea491a729bd7152c12deaf0d7f9ef70b50531fb07f80e
683,Openness,bad,g-a514c39e8ffb02bb,validation,9698f33a80c1f2a0c865394c340e6fde08b6675f342a9c4fafed399860c636cf
684,Openness,bad,g-b0f0e4c6c0b79d8f,discovery,0cca2d5a8b14fe660b3d5ca3b9b82122bbe7dca6c334acc0f715b804a626ac31
685,Openness,bad,g-ea0d54dd9a56ba81,discovery,2da93a446433126271608e4118f94e206ed2614bef5e74a3fedc77ff9a4b1fd2
686,Openness,bad,g-3189b793dab36174,test,0f15bca826480eb9de31947a2deb846d0c3038b8121f7baa98b5256653c24001
687,Openness,bad,g-cac56d025cc24e44,discovery,55c3ffdda3c40763fc9313bd4fc82524f24eca7fc70304c7b279d906631af9f5
688,Openness,bad,g-8e83dab3f2063baa,validation,0c79794dda1667c5aa9b931d21c122e57bfc676a3a7c8a9e9613ffc2cdc4ba03
689,Openness,bad,g-f640014870e773d1,test,af673a6b0f3527a63d56e6aec0c0bb8ba9a2d4e3b01660e3dbadd2d9eeefe832
690,Openness,bad,g-f6c8b1659967e0f5,discovery,fbde593a3dc3cf597fe44ea4caeef8b53f5a9244819897f4069f84adeacd2d89
691,Openness,bad,g-391b7e2aca7e0440,validation,2da90c18ae28a1a4011067ba4ae98655b2088d551cc3c789665181a90ef4dbab
692,Openness,bad,g-2dc1c0423f9cdd77,discovery,abe508b97235ab788d465e57eef296b415559208860b494f867947e4c9f1244d
693,Openness,bad,g-c69687a5960463a4,validation,7626f04636b0384d4d48be00f5dd8b01d1141bfc15dc70c8ac4e27476ef094df
694,Openness,bad,g-3fdb6d1ad1bb8ae7,discovery,c4b0f448e545a2ca146c2d0942485bf5ef514d242862835ed9be9759fa65fbd2
695,Openness,bad,g-ec93d8ad80fc3e1b,test,73c1997a721b63e3b87d20ae52258d3c1346c7b323f9b81f251bdc52f7bb2447
696,Openness,bad,g-85edf147b5e72559,discovery,f3b14fa34a07e88e4214d755605dbef35eed5b8a28d5cc0c4b6664075524af6b
697,Openness,bad,g-256345b36a273446,discovery,f9a678031b9bcdfa02b4d0d60793445879a2cc597fc178a60da136d1e4be54b9
698,Openness,bad,g-e82f07e0ee19c4be,discovery,a7d6a172d305fe1676c9222526c1434795ecd4b66a92bddf58c210d0e8ae8512
699,Openness,bad,g-cf9e37ce954fcb4a,discovery,ecd84f31ac2b9cd7290704794ac741f93e86c65e91eff6b37146541b24d78706
700,Openness,bad,g-f1d7fb60dc7ca03f,discovery,ab1f8da810b409f14ff6c39daa4b771d35226db562d7687a57c51841b96011ce
701,Openness,bad,g-41ab98e01755fcb0,validation,96f1f23dadf450dff847217fd83fc9b7fc931ae00a3a28b842eb9abc9f61aae3
702,Openness,bad,g-21a3a45a870737aa,validation,7c6129c1f841ff385a436a6da1697983b930d6c6c639e8b78d85b1c26b9a1cf3
703,Openness,bad,g-8e30aa4689dd066c,test,95b2ac6701b86c82e8cfac165efd7124cfae74defc8354f2cfb87a7d7bae32e0
704,Openness,bad,g-774598c59cdd1fe8,discovery,f3159fec4583af49b5258737bbc3c15ebe0c86dd5f6b7fa3604c12ef047582ef
705,Openness,bad,g-222ef4538941533b,validation,1c5428e97d5030f1cc91b8017d6226118fbd458c28ac20b227bfa0b2fd046068
706,Openness,bad,g-f54e0d3a207c77f6,discovery,a68375ab216c4763715ac9fde56bc9ca270d65bdca93d63882f947ee67fd8b21
707,Openness,bad,g-a35e3f52281cd8b4,validation,e4da39f540976483b8ea0208ba7c5b31c35c8b0b58a41c440a0046362111b06a
708,Openness,bad,g-b8dd027fe4380f8f,validation,fac5f43e7e31a803a449c8aa67e0f30a35291d0424d9ee65bff8114da2ab7b24
709,Openness,bad,g-ad2e5d81a80e6d21,test,02cba4ad74fe7a2d233ed93568ea77d7bec9d64a6d4ed5e098e90477ff4477f4
710,Openness,bad,g-577e8c74d78dd288,discovery,860b09aa82cdb439de424fc867d644a9c0f8f57345443a9fe465cd5c104f06f8
711,Openness,bad,g-ddebd5af7c4418f8,discovery,c3565d3ac3d778bb974c0ef6976cc91865537dde589e5a83a260cf79f4ff3e1e
712,Openness,bad,g-05a8ed61b8773182,test,0019b54b74bbdea934f1676a98c39e699315703219494a88cc68137674715375
713,Openness,bad,g-16897344df9e919b,test,7eb6e8256df93071a0dc0e1b6c2c267eb37479a914ec8d65911d088c620d0102
714,Openness,bad,g-fe57a3e1cd4c2403,discovery,790314b62dd3272494688af1d8a31d5aa08c33eb11d4064c2e07c1cf448dab35
715,Openness,bad,g-993d9788018f0419,discovery,b21f77870a04ed0f26fb1612ca3e65d8d4ca408d6e1ae7359b6a1862d04d0899
716,Openness,bad,g-9ed68feb89916a14,discovery,9d9187f5b0b65256c55f7a56fcf68917f54eb4b4c7e199159962c677cf3fe1b0
717,Openness,bad,g-4835eedd0211ed0f,validation,a29153a9ac2dc6cbd17a28fe9471693f510afa98d6748a9eaf1bf8a346c3b9dc
718,Openness,bad,g-b54ede420bdf0c4e,discovery,10e1a34697a79195a68eaad762710be5da2c4d8a51f1c18dacc52ba29f01b7be
719,Openness,bad,g-a58083771de53700,test,a857ccddec51fe71cea3f16dd270ab417d068c92a46abb39a22f0ccafab91a6d
720,Openness,bad,g-bfd58a215fce12e3,test,3556d6ad5a039d17f235dae1fce120aca648c5486d1ff4ead1f95dd239855c62
721,Openness,bad,g-924b20aaf0db9a41,validation,30e0d9f2bf3567268f1e32f570c5f3d2f2858506fdaa99554289649dec3ae9d2
722,Openness,bad,g-e7e0304d77c11c6d,discovery,6f2640770924ff8e9aeef33dd08cda4d3f5c17ec64e6b4b9ea283414c78b85af
723,Openness,bad,g-e0375e115fd160d1,validation,2220b7c7deb83f41b8190e5249cc588fbe7bd989938961032e0f1b993d039ff8
724,Openness,bad,g-62708847d8169cf5,validation,1c0575704bf78f6c04986d1430191b6baef36b935687ba472dc4db5144835b62
725,Openness,bad,g-7a95928d4398afb1,discovery,8084cc4504ddbbf24b210dbf156c655ffcde4dd487477fca3aef20c46980dc26
726,Openness,bad,g-d5d0ab0769fa21ba,discovery,4ada93b061dbafa540dab1157921ad329df674fb73b5308bad26f959d6bfb1c5
727,Openness,bad,g-c15df197f23d1f81,discovery,edb56fa3063ad0cb2e5f4369a86429997864718f56194bf2f6e143cccc34ce3f
728,Openness,bad,g-f36c86005be2df59,discovery,71e83949a011a8f854115013a217a0cb94c240d6c1614d56385df94cced00703
729,Openness,bad,g-441d22c66ac032c6,test,37640724b92ad5cd823f7ee511fa81a534aae6226321938c42d2402011111ee4
730,Openness,bad,g-60870ed4cf7f64c1,discovery,f21658e199d7afda886297987616252ca199b726f0618f98786ea8462e12850e
731,Openness,bad,g-b00e7cf55e8adc78,validation,2a921fd0a6e44faf23c3a7bde8cccb4d09a51d3b12cfa64939056d3b19129a4c
732,Openness,bad,g-d0563e08d6807f04,test,b899e9763659cc59317aed4cf0f819c520999fd7bf659b5b390d3b5aebd73536
733,Openness,bad,g-719b161d4c0b3bee,validation,418370cfed919c2bc9a2ff1179895a2fbd95c118470e531a8eb7e7462c348d7d
734,Openness,bad,g-8e790924c0c1ff65,discovery,6479e97e879d665d9e2bfa4d58c9f3852adf5db4e004cd33eabefb3e070811e1
735,Openness,bad,g-c03b77d054d80d4f,validation,5a3b80e3af7718b842e563699c8e09857a26c243546305f67bcd7971c36ced9c
736,Openness,bad,g-edb8a47d871a2704,discovery,64214cce5f0f0bd1cd1a1d8b60cd07d19fc08db0b4b41f2475cf439b8f1eb292
737,Openness,bad,g-5c01018ecb22fdbd,validation,5c157637896adf18268b503c9b8187e2cab1ca6b7d5bd2656eefc60cc41dfd98
738,Openness,bad,g-674dd9953fc1bfe4,validation,9160d9fd35e2c59f29e63d6ba9639e8428f02071116c3a27ce7f9d25b48029f1
739,Openness,bad,g-cb39d53aa60bb81e,discovery,70c18596552a734a4fe6d5d8655059f03d044f3642683f973322012be05b1e23
740,Openness,bad,g-9814926f4b55d9f0,validation,f84d16ce1ad9993d36b73704001fb001ce49a988da7784324feebd6e30605792
741,Openness,bad,g-111c2073b2378bdc,discovery,79e0e97d4968c7106273e7c029d0332e5a9901b098dec15f38571ae15e04591a
742,Openness,bad,g-f63fa71f6bf2d23e,test,0d02418075c3b72a7cba2b8f7a0bc1b06521b950f648f52da911da8ffac79de8
743,Openness,bad,g-2619018aef24ca26,discovery,bd3169d2a8a90d78bf872e834bbb3f79b5905272fe34a183145134ccc47ec0fd
744,Openness,bad,g-72ccc32d705c0ce8,discovery,5a41d29cb3c6016d405ad0ebb57063defdada17f7967c6aaf9db78a691331365
745,Openness,bad,g-53364fcce8984dec,validation,535932bac0e6fc637d57ad6d2f173c6a7ab5d740cd46a90aed5f9df83555d8ed
746,Openness,bad,g-f8f6528aa2846d8f,validation,db1ff804eea5952dfee211513814445509e7ce502a16eeff9242b277bd4f15a3
747,Openness,bad,g-d61e5bc315ecbffb,discovery,54198412ec486e3821b167cacfe25c172641f83db5f35eb0bf69dfb47894054e
748,Openness,bad,g-58da2bda687bf1ca,test,ce7c688b67a0874a4ed0e391e8e276ad8ae1dea0834b4b7d1649468c404c8e41
749,Openness,bad,g-29e0db30f9267b5c,discovery,0d517c242f00c9460b32a4aa4f1800a38fb872e7466441e0cf83bee12b964eb7
750,Openness,bad,g-cee2ecb63fe7c703,test,fb1ed273a4e0c09dc61f5488733affd2c98372c1e3d1a0faea6f275c5d76d819
751,Openness,bad,g-a40086fe070b5e7a,validation,618dd033716139b498967197bdca7e12da6420ba40802531a408c6cae513c70a
752,Openness,bad,g-77238513e4ac3792,discovery,e627941cdd7cbd81a0ad02683d8493753b4faedde7abcfe54d5f9a71d26bd4b8
753,Openness,bad,g-7636acbc5f2e5ee3,validation,58fea8e56b41d697246290edf476251041c5a63fdd46e55f4f2174c972b1fa34
754,Openness,bad,g-599ba82623356fdb,discovery,253e3198abab7c870a041bb72a56a39bbbe6ec78726b89fcd0d0b59dbf9c8a44
755,Openness,bad,g-1e40785e7de9e2fb,discovery,25a31d8053bf009dded14ea76b4eaab07c74429075b09dcc79016788cde54e31
756,Openness,bad,g-53ab2eb19b78a591,discovery,5bb60b08bd8d39789cc8a6d2a6cf507ebf311d38a316d39a7ca9889d774bb236
757,Openness,bad,g-a50531bc6d5f41c4,discovery,cf7dd28787a10151c15c97167ef8b602023a19e463a97900bcc95a1f202e3156
758,Openness,bad,g-ddbd5339a87cca2c,discovery,50f121b180b7b97b49a3e344c1caa04b7821cd08a8d6c74f51968b60aed0b8f1
759,Openness,bad,g-0c747abb43ecd9f1,discovery,d04a6edcd54dc48b9a5fe5bb69eb5693b78ac319a8de946d9bae9b7ee1c712a1
760,Openness,bad,g-26d91b2db0fc5282,validation,f29d8261ab776fb1ed31e47ce3b7b6fc214ba97d611c3d50eaaf4aeeb9a6816b
761,Openness,bad,g-62bd004b5ecf0273,validation,4ca7f33292dd356a1d1e8491ad631fb6d796c730cb4fa3433efb59c2700e9334
762,Openness,bad,g-557f4ef7149b96c7,discovery,a59aa6be7381eeb042ff09e29b32f56c43e150c6ba4c8ec27328accce799b05f
763,Openness,bad,g-a3978067a3a3e8a4,discovery,1a7a9cf5889cf6b54e4ac8384c8d52d5233ab35f5a851043c93775768a750d8e
764,Openness,bad,g-d7e89d2a650d6cbb,discovery,2ed7321b3ecb226748c82e6c40c26d7506876dedab64489f4b08214f07047b70
765,Openness,bad,g-f348048b500c7fab,discovery,8e052abcf563967089e91c1b2655f432c4d6bbebe78685d4c68ecd0eaac54f02
766,Openness,bad,g-abf286016cc5b839,discovery,17bda2f4c8dcedfd0a73706d0c531d81e06a6b78d6f506583ef5fa86f3ce5efe
767,Openness,bad,g-1d20d25f1bd21836,test,9cae6e073e0101fa8afb1ee8a57b376e41729c572ef84605eed6ce75833e7902
768,Openness,bad,g-161910a69a436d39,discovery,43bdd97a89d272214a19ffe5f4df7973bbd6bf03766782d57a62004584a892d6
769,Openness,bad,g-8820503477283d5c,discovery,e6dcb34902ce60aafac6fc3af2fc5ade686fed1ba3ec37ee887804dfa8e0e8c9
770,Openness,bad,g-7db2cd8861c7eed8,discovery,7d5bb4129a49d17d8f46c4c55e87bd0e3d3dc1143e3a9b0fa4c66753a4b42780
771,Openness,bad,g-3f1429b3ebf2b284,test,0064e735ec5cd192aec7c55e3d8768c015d81af0a9f9fad1d080f4af77b6fb64
772,Openness,bad,g-c7130c6fb2027a17,validation,45dd6d7596d52feb33c60184b6432613cb103a59a1ca8992d3af1f908cd26761
773,Openness,bad,g-b47b601513ff0a32,discovery,efcb82e297f22b4ca0119a42d8f18e04a82862cc117f95fc75bb41653fc1f260
774,Openness,bad,g-e958af3ced81f323,validation,3ad9998d6d0e556cebb86d92d5472f4a69737641257078fa3aa833b72768b4c9
775,Openness,bad,g-2db502cf531f74fc,discovery,e09e065b590a2372ba7baed38b5589259588a6b803b6917b11a4a52d6f70f95b
776,Openness,bad,g-2f229fd845335a4b,discovery,1048eb865b14d24b89fb615a834991f1710a5d7a86c4721eeb871ce779b78b35
777,Openness,bad,g-b73a3a083892187b,discovery,3e2d2a3d448cb7684252b5d4eb29c6c79d45e0bcaae403b4f0e9d51ac16955b8
778,Openness,bad,g-ce6b88ab264da598,discovery,328579460529f62572dabcdc3cec8da56cb43307fbb6bd716dfaf38c7cb62389
779,Openness,bad,g-94cef497656f8ccc,discovery,5b6c4a815db3045450030f0f0fd732c4afe669650c72be69589320acbfabf958
780,Openness,bad,g-3de533c602ce6813,discovery,0c349cc54c2eef020aafeb61d3e9ded1318effa9688314e5acf50632b7aa3ae1
781,Openness,bad,g-d1c6e0ae05ae7886,discovery,053bb2793f97a01f51b25d49dfdd013ef05b043f9ef8f660be7452c5f06752f5
782,Openness,bad,g-28cc26790dcfa4e0,discovery,d2b7a93514f5b1d1131e522a4937618c34ce7262ac578558ce123c18dd0ab98c
783,Openness,bad,g-2d9ca163863f5d87,validation,a7bc8394dc6c343c810e71251e9310cb3de931b3f0e78de5739758c5fd0454dc
784,Openness,bad,g-5be070ab85ed096e,discovery,e797077e6b9c5830b5a66f1ca5a48abdd05629c9c15b4b7e1c3e09ce883d8d40
785,Openness,bad,g-327f77db04309bab,discovery,7718d725c648aecf22987d45280bc9b77f22fd7fd143e5a2cbfaa31ab48f6f47
786,Openness,bad,g-e1597ca68c029fe4,discovery,360f274fd3c06faa014c7ef530baf304345060a0e4587accdfb0952cbf8df240
787,Openness,bad,g-de33e46124ae0639,discovery,6e09eb1b3422b104fb6dfc46aa37d5172810db325a7647bd217c529a78ec89d8
788,Openness,bad,g-a216a9917245bdaa,validation,ce67fded5ab1edcbca66ec0f60758140ae8011930964780974e1124e5204591f
789,Openness,bad,g-c731db1a0bba5d33,discovery,2bb8f395a9fb5ef0002984b0c7ac8efcef60f9e7b24eb61a5026158503dd5f6e
790,Openness,bad,g-9f1eaee7db4d5751,discovery,c553b8db20c881e81c084dbe9c63e8b30f8588718365eec7e5c461c4fa7367ca
791,Openness,bad,g-e018f570b99209e3,discovery,526c6226ff340b7c7e2173640dd1d50c87fcb938ddb47903e287ee5523b7b7d6
792,Openness,bad,g-1bd4550d7d1f76ee,discovery,e728ada7dcf8a0ea7660b83379d8a480f9580549b1d4f337734241436d3509cc
793,Openness,bad,g-ff2528cfafad9539,validation,0e996cb722e2ef407a41c6fb8c6629581ee050dbc92832def4f294398cc125f1
794,Openness,bad,g-1449311d0a620c92,validation,7620aeab54d29483c6909ee59ee425fe40ab6c9f2dc0c61a7a5268597d74361f
795,Openness,bad,g-7188e4a9c4ccc8dc,discovery,59fd8e53a0e8c75d03a0eac2f7948ce212ecac98ef3e5a9c1586a3a33eb6d99b
796,Openness,bad,g-1b94ce3d96f2d223,discovery,77d23dbc1615d5a92a1ecf74c766264d75e77039d81bdc6ad3755abf63846a68
797,Openness,bad,g-7bc0176ce76c2b2f,validation,e580f95b083b4ac51d5a2a75dcffa52a90d6126f4d3fe576a9e71273b80c8100
798,Openness,bad,g-93e92e8c9ded1907,test,83cb51292d3abcc977c909937275c9d5d0719bde71bf2535cc4ee9f9c789bd5e
799,Openness,bad,g-5e47ef0431565a29,discovery,3afcdc8958ec3d48ba2111da06fc2b6de559b559a4f3183ac4fb7b119fd8aee8
800,Openness,bad,g-95a87717d6f6a36c,discovery,48519ae5e3180b9a424e9293e33ecff44e329dc23a59478d0745575c18853dd2
801,Openness,bad,g-65266edc1a46f959,discovery,f4c42374f7b0923a32f26fb0c8971b8f0732a1c745076f5157ea02ba4b361596
802,Openness,bad,g-562e291a1edb4b09,discovery,4f70b867a62928f608a322886f81e509131c9310d1f9ff473bd85eb07da10409
803,Openness,bad,g-e088b76e35c30d13,discovery,b6198a278dfc82d94bcdf2c5dced02e9f7d7bee8e4c273e157a34e0e3f5201e8
804,Openness,bad,g-1b33313c24109f1c,discovery,c80f9655d4ac45fcdc1edd48b6edfd0500a4458a023fc506f8fc93561041fa30
805,Openness,bad,g-7478cd1b8f2e441f,validation,ec874fe65e6f7e3819f0a1db46b57240171d01b0a18ce21185d8e9462edc31dc
806,Openness,bad,g-0fa5ae1feaf16229,discovery,65719191e8b375d1a84ee024a182872f160d68a9c0358101f3aad3619c02d610
807,Openness,bad,g-dcb73f7cfb0bf78b,validation,da11a71892496637b6d64a06e1fa78f952bbfda8308ddd9a4f60d3e1a6da34f3
808,Openness,bad,g-908fbaa1ae12917a,discovery,4cde13e33072c4a78e3cfa2638177d11e37da37453bb0bee8e7b91123c4e040a
809,Openness,bad,g-c40a8219ebaaf94d,discovery,488868da45ee0c0f211283ab0a1f1e34203152147b520d76312c8a59cf808d40
810,Openness,bad,g-c574ba960d4cd7f7,discovery,b53d91a873ecb7744da9cb3de8565b787f59de35e3b32cd6927e0b1540bd7a96
811,Openness,bad,g-ad4043c02817bbde,discovery,9f965ca5f0d28899d602577c42cfe409083151366924867926949b7888000ccd
812,Openness,bad,g-288209155f9351e6,discovery,62538d400e4ae088c147df759fc77ec602f88f0ece1553a0aa5c4f38dd70e06c
813,Openness,bad,g-2861ebfadf3699d4,validation,2f5463d32c7c4b9a1ccfcf7884cf8d991784d1615c85f739560d0d22a5d5a3f8
814,Openness,bad,g-edf006b6c38130c4,discovery,9ed6dfc9d4ac9d5c897999d0117facd80ce2caaca7403e9000294d9f4d574455
815,Openness,bad,g-f2714bcb317b8af4,test,9d0f945f7bd625b0dcc071b974b424d1eaa4d0afd6eb87f004ce8b866bf7289a
816,Openness,bad,g-f2d83adef63678ae,discovery,f664d44bf22b25c6a71d282908049765526d9c4fdef80db358f2d5db0b7d6ccb
817,Openness,bad,g-ed7bf226338333a5,discovery,702d4dc9df2cc8aaebf16460c73e83c6758fb11485383889122f19a9943d9a19
818,Openness,bad,g-b9415b08cb2d9f60,test,373526845b3f99ae7815b216797ed992ede773d22016e981f1138092ca97cc36
819,Openness,bad,g-f38639aed9385dd9,test,19efef467472005b08e1b6d6d60a8e4c5102c5f9e0e16a536ba6bc0e3db274a3
820,Openness,bad,g-e5923e1ac76a2c16,test,7d53c12922ae67baf563aa945f0123fb646bc2f1321dda9593de1fba6f23d42f
821,Openness,bad,g-fb124b48804ac68e,discovery,b149993ef52eb90ed5f9e3938fb5d52b025d1627dc73cb5009c5e08612bd4226
822,Openness,bad,g-952e4125cccb99cf,test,22e4a2481b499b80ba6b5f6cdb81ce5d0c6d28c31651084595396044f2f18859
823,Openness,bad,g-dcb16058c1cce5a5,discovery,d6be0dec3e450822b6456459252fb3fab986b3849ed444960fc193eb04ebf4a0
824,Openness,bad,g-3fc083c43931e617,discovery,36f143c1a9b6e1d4645ee0d7119b7eba56e964ce13dbab7fd1a77e0939bfe106
825,Openness,bad,g-4bd16a47b59efdf5,discovery,98bdb3e29f9b315d04ac8fb4c31f783677aacc4f8e142de5dbba04c1158ddc7c
826,Openness,bad,g-33a9c44198bc8b98,discovery,5a93d4c1224bf5d4c0bff5325e997bb39d7751cf5996e118f3f7133bbae4f1aa
827,Openness,bad,g-19d25b2784309d30,test,79a099a2f0371f8d29ae46e047f697aca29475c480708c98eea1cc350eca7ff9
828,Openness,bad,g-22569d1e2ba9a042,test,5f8119316e67d04a6f3e4f119235b13512eaef9844b07ce9e6f2662465abb7e3
829,Openness,bad,g-7c522b998fc07f66,test,03896aff6c9b826aac8e934b52a96d24274561cf2b41297fc27a4e9493abe86e
830,Openness,bad,g-c0d7281341c32b54,discovery,418e977e4194162ef8d6c6dcc03c30ca0140ebaf994b1a7991d5020801e078fd
831,Openness,bad,g-27b5f49ceee9f1c8,discovery,2e4adb081b174213efd4804a5991373bc5e9bbdff0d89a6eaf13271e9b931826
832,Openness,bad,g-fb541031d104ae61,validation,9f1714c1fec04143797a30e0f1b947a6dae317efbbec709c7ff6bf3191dc2e85
833,Openness,bad,g-fbff27be99d297ba,validation,4275de7b3617bbec7bb7d52cb3a2053ab30249371adc6eb7173ff23cda223fb0
834,Openness,bad,g-af4b1d44848f51d0,discovery,baac447934e9c807cc1a74c4f646504a9fe0d8e01f85ad6174a3d203323cc31b
835,Openness,bad,g-5109328a66f0be14,discovery,83d49d525f7505889eab10af2b90d7d429daa89932aba50c69c943fd7afb4afb
836,Openness,bad,g-2678bc88a13b11d1,discovery,3ca272b706af478bb07bfca3edab8e09eb29c6be6889940ff96fd64e8f8dc422
837,Openness,bad,g-17cc4884e5768dfc,discovery,0ef07a0544661a5015de85389c7dbb85e27ed8193a0dccf7fd66a2e7f64e445f
838,Openness,bad,g-9c1aa24d8856b1a9,discovery,23f6b9c9ff3dd7370abf8146c7d5197498fc5d2863ef8d3756acbbdd4db57240
839,Openness,bad,g-7ccc6f1cd2829d26,test,7544a595c8e6e59d23e334b84bca70135bf60d58068827c552349a06a80b5d92
840,Openness,bad,g-e928c6aa1a863c45,discovery,bb5d8c26abf813157fbb3c9c9f42df238dd0c6935c62bdeda87de66db8525dda
841,Openness,bad,g-a7b300149222e2ca,test,752c3719a77673aa348e2ac574513c378efb219131e1c42cd01eb61a7239f08d
842,Openness,bad,g-84ed141fc32856f4,test,9b609b7fd859184665658cce5afc88cecd5dc12f5b2d86eb5690b146418d950d
843,Openness,bad,g-d617cdd01253eb4f,discovery,66590dd19b8180cc18fa7e91668a8d8bb0f19332e25ef871d2537479e5eda2ed
844,Openness,bad,g-11c6bdddef69365a,test,ab1cf80f0ddfa0ddeadce72fcd94a562185c634cf6267c6adafd51d084dea242
845,Openness,bad,g-e6a29ee9a0fff324,validation,c5a12a166bb4850644d3751af32b69278971d4e701a815618665051ffb50254e
846,Openness,bad,g-85567a4c1d76110a,test,369efef7be1139e3c4ca64ccdac17abbf45488a9c341ee050bb399386546d2dc
847,Openness,bad,g-1f6a2320c30fe1ba,test,cde7125c07e1cc951859a7942eefede968714954f076ed7a5271692e38af6ef0
848,Openness,bad,g-d126509b13cea257,discovery,4d189eda785b022cc08d01e18653d0cb9db502776df5746f35b65b7527883fd1
849,Openness,bad,g-6be37f35280dc896,discovery,4412531b5411f3eb21474115d4656cbf1639ad747bf63d875e58f1492a98e047
850,Openness,bad,g-a4db44ff77dc235f,test,1b63b2609d87f4e8772fabc6743941a11850a7fcce26ed9d4824e1e881580875
851,Openness,bad,g-cfe956d412dd5a1b,discovery,39c4d76f8c713e2a5c3b62bf0b2a8495d931ae37a1bae12351dc0fd520ddcf39
852,Openness,bad,g-797f0086e1c21dc7,validation,ec308623f70e51072ae358e6232b50e2525b7b6ae5b5b2879ac00223d389d4bf
853,Openness,bad,g-f126f92803e89253,validation,da4d2722daa5f2e888744742febb9991ec9da6b13df081c3968757e6f8f37237
854,Openness,bad,g-62f9f58749f0cd67,discovery,4ea6aac4c631e181236af97982491c183d8828248bf966c4736b6cf0d4281b4f
855,Openness,bad,g-b47297c1f699f828,discovery,7e5639d23d46c00d1c702faf3aaf2d3604878c0a7e966ea2103ff040c40de044
856,Openness,bad,g-17e1fc611682fc42,discovery,1f37b8105ae3ba5765fb8c65293d5247041d61e56116da2703520dd220710006
857,Openness,bad,g-26f0d32bb01f2d5f,discovery,50710ce4c2543614ab06f62940efa1ef8a647dc5bd6e355c30176e2978809917
858,Openness,bad,g-03c13f0167951cec,discovery,164c4371e3fef2e6f37a9a4b7eb2354e886d1e6dfe5016a43daa79faf75493a4
859,Openness,bad,g-de1581d53cdd59fd,validation,0afc13b716f939e26e9c2afbf2bf9888a01979ffbb455ce9e3b2f85dd7a2415a
860,Openness,bad,g-4009ef9f8d126017,discovery,69ac7d2c25237b2f08b5cdd0dec2e57103715facde54e87223c40d456b71aa9d
861,Openness,bad,g-105aeeed3519053d,validation,c850df8f7324b8f65c81d1b0984f975d9770e3a5f4e11a63e5c13252a4ae80a0
862,Openness,bad,g-88bae34127e60834,discovery,507f5cd7e4daf33b01fbec5f286547906ad7e7493b2a5b74ab5c46aa80195d7a
863,Openness,bad,g-1a4b6170aff5f71e,validation,99d046422781bbbf952a0bbbd538671051b1f7e31de98fb139b42ffd43776bce
864,Openness,bad,g-ad441a37ecf6e827,test,43f3e5b779b1e09e4dbecbc8b372053064e62829ff15fdfbd20a1e1721094554
865,Openness,bad,g-22fd1dc262df9e9b,discovery,b23c1b95d0f515e5b5da3cbf0d5418aac629541a53e9c6ccc8febc7f80c93f7a
866,Openness,bad,g-776641c2545360fb,test,1439827aba55adfbc6ba17f30054305b18893ea8056f9b22c58336079f9d1e73
867,Openness,bad,g-c5790dd250e79b87,discovery,ac7b7eb59908946df1e0006b6914075975ded8f7acacacd1675947d314da078c
868,Openness,bad,g-09eefeff8af97f59,discovery,f049795b0c3268e0c104d39a1cf81407aad2ca394417dff7a78a17ec11e868d2
869,Openness,bad,g-e9f878c0456ee64a,discovery,e43b954a756057d84d930a8693d5d317fa94a0b079a6c160b2f948dda9b801bf
870,Openness,bad,g-0ee1b20bf33ff007,discovery,03f88417f316840b666dbff9682fa3e53f7b170ea27efc4af29be6fa3f359a0b
871,Openness,bad,g-36bf6c822f321db7,discovery,c38d4c635768ed46deb1143a0e9162162f5487bef8367628e505e978c083cdaa
872,Openness,bad,g-578a3ea3e299f179,discovery,f9bb04ef2a8728b6f262110280e17d6dfbfc71add34d40b0fed058a879c22a9d
873,Openness,bad,g-3414b57a63649aeb,discovery,ed4bbfb2ac1c1e2cb5b51dbdeab347d4fe89121721c28317f9c48c23eae0fd4d
874,Openness,bad,g-19b45efd0f6029f6,test,29e22906681bb8246af74b2bda2293930bec649fd14f5bd5c353e9c503297620
875,Openness,bad,g-dcb90b95013e8f0b,validation,e6364cc11fdba03e9a83c58899752c1aff739829c4dc4b98476064e49e7b0033
876,Openness,bad,g-28db34d5120f7d3a,discovery,1105ede07d0489558714ccf0244aa7ed8a1ccb3b643d6d9ae697987fb16c7283
877,Openness,bad,g-3942fc67a1502ac3,test,246305d7067c1a68cfe1777fe627649f5d07d18fd7e07b71ebb737d098528f88
878,Openness,bad,g-7cb1a9e23ec5b795,validation,e6f7da459e35b16a95265cce25ce97c879234d6f259f82d1eda29f0d1a198884
879,Openness,bad,g-cac3e97c082ccef6,discovery,16c536c8ca5910bcddaa0c983fc1f7b16c05a56fdd8114eb66b4582226230f46
880,Openness,bad,g-4ff199c2cde452a0,test,050688b22aedb6c22e8f0cb47ed5f64f2ee2f996413dbbedd5c4482eea6064d8
881,Openness,bad,g-2e6736078c1559db,validation,67ec2c0d4921f3561ea922823c8fa5ee72b9c372be180a3d905771335f9985ca
882,Openness,bad,g-1d379e4de505584b,discovery,8a6758c8b5b4942957150eb437e9713e0258fa965ed70757eb1e143ac68576a0
883,Openness,bad,g-f1414641c65e71dd,discovery,b68458b619c51adb03a81ebc082510a9cde0274c1aa1b3538fb7ce547447cf0e
884,Openness,bad,g-4ebb81133b42b453,test,f68a7067e4cff0a600b0a3663cd324596e07a16a335f95b1e22651c42ece77bf
885,Openness,bad,g-73230074628a0a35,discovery,782546ae6998678980b58efad64913158df402f20a739f2439f39b4b55ff102d
886,Openness,bad,g-e2a5830141edb663,test,c92b1cf69706f51243645298cb38dee6892027edd4f736af5eb634c47c7b695e
887,Openness,bad,g-646c93232116abf3,discovery,a0353ee4c918a308a02e8255baaceeb5feee38fa72d6514766412287ce631882
888,Openness,bad,g-ffb19e483a92d45c,discovery,2f454674ba6b199b268e00757d4541d54cc040049bccf5339e865155e9e496c9
889,Openness,bad,g-5b281abbe39b87dc,discovery,54dbebf9c6507d84186734017d07b1d17e3c7728ac762c7adc1e121941ee6092
890,Openness,bad,g-8d30d6e1923d03f3,test,7ee0382351363d2d3cc11a00b2347dab130b92b0c97c1058619f98e5c8e60a04
891,Openness,bad,g-211079997775919c,discovery,fe1eaed3bc89cc3745f3ee31c9238214b3c1660482cc12dbf95ee8ca99a8a4eb
892,Openness,bad,g-45d192f3518b4aa5,test,a5e4f02c41107b56c9b524a8a35567f617e8d87131790fb7cb0bd61b8cccbccf
893,Openness,bad,g-3cfb78fcff1cdfab,discovery,366778cfe3986a0a32b9355e86130b853f6ad5ba6e9c38f79765e3a3ed2051e8
894,Openness,bad,g-7a03f84d820e6f6b,test,346f2bbcfe25487d40489dbceb21c2be1ba4727330f27a1ed13dc202a6ae2941
895,Openness,bad,g-6fe7f04acf8235c6,test,6aece9e99780acefc33b352c9747e0f7e9f5a8a307ad3868ef7d81a3e8e6499c
896,Openness,bad,g-146d73d452077c7f,test,075a9429c72b5e63ac92c4cdebfbfbaabe53e75198a90cdc11911b3279318687
897,Openness,bad,g-f087fdc84f470362,discovery,a84b8b3a0fa7e212c5d772f71e77636e20a5e08b7b81eb3d8af8df2e6f114d31
898,Openness,bad,g-9d19ba8096e5de65,validation,69514a3d74f65767b4427f33d3248efc3d46a02ff669168fc16928dbc7319190
899,Openness,bad,g-cf091b1d210d8ef4,test,e3e21f1a0153f44b81918e52f93e0b660503e5aa26c95f6c23e76aeea4c10db1
900,Openness,bad,g-96be009e8feb30f5,discovery,18563e76747a9d068baeb436f112d4e8f1eab4aad92e796b539567314111a586
901,Openness,bad,g-e3015029116d63dd,discovery,ced1f468f197db8f81041b61d1a221ebf166f8589f339a33c31f19bdf25e5da5
902,Openness,bad,g-7fea953b10d5ef6f,validation,9e51cea46e5cc53e22b031acf5bf576fb964ed5261ff6235395e910a995f961e
903,Openness,bad,g-b0b4e0856635fa56,discovery,9e5ac68bcbf3906083648efa32be08c2a7e1bbcf5b6172b2dbca159cde295e37
904,Openness,bad,g-449cb9e3df913ed1,discovery,d0a0e91f299733845fd0573708682d53834dcdedd6be73601294bd9e7d021ff7
905,Openness,bad,g-623c182a87bdc75c,validation,117647038d775d3330c6f595603b4b70f3a34f26e0a38a926d126894313ada86
906,Openness,bad,g-2efe76df61ec5776,discovery,b2bb8ba573b94df5d8f9e045db3ca4eecd312299124743365d17ff99d2e3c83c
907,Openness,bad,g-0ef107ea928655a1,discovery,a7adbb85c54feb424ed54cb977dc1ceaa20f1ef616bd81f2d4ec56c46ed7a066
908,Openness,bad,g-94eaa5457d388291,test,256c26d83f7ab5acc15b16d7e541bd47d28005aad1fb783301145a44d00214c1
909,Openness,bad,g-523e4b23f288f479,discovery,880647f67f0585f38f030dcfe86413b92bb13bb1daabfdebaad59ec25e27137f
910,Openness,bad,g-e12c435020ce4dc6,validation,9553a4210a4cd669fd0e2b5c1a96374f1dd159c4a0690a5c046a3031b4e7aa60
911,Openness,bad,g-92ae2598f3cfd064,discovery,ce8d019c7b7e57f0ab8af1924c5605bdb402fb0cfa7f5ee99559fafbb8bcb56c
912,Openness,bad,g-bc62ba2cd20cdf24,discovery,39a82e3d7a6beef730341f3a14300168a0173c14b67beece9d240d8db594fd39
913,Openness,bad,g-fb7a25432aa5684b,discovery,242580d4063168b78d1ff7d37c83a7d7d3ec1fc1265402f403a8b301a0f84365
914,Openness,bad,g-eca51ca103415cbc,discovery,3744cf9ce652ba4ad6c3f21b88aa1e27dd2bebc39c97d85b029bf9f13138d4fc
915,Openness,bad,g-ffa4e9bff1049902,validation,631a1a395bd78fb5f8e6a025e3273d43b1b0cbbaad487f923fc3bd6b236ef99b
916,Openness,bad,g-0a5303e149dee891,validation,93218578d8cd059ff8c27d3c840c4056652cb3cda9bcef71b1f24e32cc7ad33a
917,Openness,bad,g-70d6d11c07c0cba9,discovery,6056309bab06a6984edd0c7db4c07a2866cbd19f7b4dcf358d89574b75051801
918,Openness,bad,g-38b9f49040144e7e,validation,a2b60c55f2c6bfabd91c7158737740553a161a182b7f816201dd256b5eae62aa
919,Openness,bad,g-4c0a77d504ba0789,discovery,58ab18b3a8c377976cbcd045a371bff8bb42f54b81deaff77e926b7f22c55e27
920,Openness,bad,g-84e033aebf705987,discovery,43716a2a481cc55837190fe7ee6aa44b8a6ee51fe5a685499a072d737f634904
921,Openness,bad,g-d4cfec7be6b2326e,test,3d6a255f2d3bfc4f121c174dac8d9d265fa010aaad0d733e0b199757cecda618
922,Openness,bad,g-683bb8cff2b7cb8b,discovery,dc22802ea388dac53be091fd683551f1650d3c7d456b31fa92b941d87898df08
923,Openness,bad,g-7c58228469322f48,discovery,bc80f5422a45765e31859b9c73317062a863a75b2edbff113552dfbe9916d7a5
924,Openness,bad,g-298365019a1b41e3,discovery,af862dc9b2f72cd0b99bda49fca1780e6c3b47bba229086bb247939b4cea2e40
925,Openness,bad,g-ab280566addaafeb,validation,23778003c560a78e8896950fa3c0150f241742dfdbaad8bd1dd8d8f8d32dc4cd
926,Openness,bad,g-7f9a0fbf4517d7ab,discovery,1660f7d2762e71f3bc3af5c3f0970bd2497e2b8b73635b0c8753776d736bcf4f
927,Openness,bad,g-22cc0d0141a775af,discovery,e6f58dc95b758eb2784ce2cb3262c295a5388cc200c1fbc12324be052cb3e7c5
928,Openness,bad,g-2860a249caad0c21,test,054f75e8087b534eb37da4ca34345cab7c5937f210dfd3a09ba45215ca2b77ee
929,Openness,bad,g-ba55730d4b556c9f,test,0b211cd01b49b0b0c701844fb5c0bfb086a59f394734b16e99b609c74e57006f
930,Openness,bad,g-189f01d2384a0031,validation,6e35c498b0dcde1ada606f2c1bad8085e3d0cf4a2d88aee38e0eb717029e7ccd
931,Openness,bad,g-0c073839175b207c,discovery,04c640c0aa15c9d4ac3077a64bd7c57a09173bc783f5fe8d603d575a3148882e
932,Openness,bad,g-2d9e6ac76ec4cabe,discovery,3362bffac9d6e96c2f82464c0c396143800c7da2b3a8da38c49423d4aad209bc
933,Openness,bad,g-aa24bb3d46d83915,validation,09d858630731752c4d0c95925bab7262ce179afe2ea2e75e9def75247f11c81f
934,Openness,bad,g-53b1c5f4d4d95837,validation,740916f8d13d0237eed131eddf811b33d860b3810bff74a61171392abb83db76
935,Openness,bad,g-7662fd0f8e0b618a,discovery,8fae2eb2257fcdede5cdcc90f845cce865d9ea0338b00b89b27e9e6ddb8e44dc
936,Openness,bad,g-99c608ce65ab2530,test,7feec8527ed0ef48a3189f80146c3b5d48bd4474e9a89914b286f9b7b0b27fcc
937,Openness,bad,g-c750e328aaa37d8a,validation,df32b25289390c1b1fe41c1614a12573dd7204963c2330f8a1664f2ebdfe0106
938,Openness,bad,g-2bcd89b6100e8d49,validation,538806fc095645354ba4012820fa67a06f811f5955d6543047f44505b38454c0
939,Openness,bad,g-5483ca008b0b0728,test,b1ebf7c15bb92855a4081fda1ab142dbe02dcfea4dffc69d00bdc2d1ff6ef368
940,Openness,bad,g-5b03b657dea06a38,test,c0ed8ea15e525af3805aacc2802472ad300ee401c8a372701816e4234527c48c
941,Openness,bad,g-be869b123d2cece4,discovery,c7461d63958b1d62c989db6d99cc371047141c21ef4863b15eddaea2780e7a61
942,Openness,bad,g-608d52adc989d3f5,discovery,6c39431bf4bacbcf825b81ad41377551c022de4a828c03e32f91d7e500a476bd
943,Openness,bad,g-5c9e6f903efa563c,test,aa623cc6e69230a9939743418a6e6130d477ea9ac80954cc41459525c0e7e25f
944,Openness,bad,g-04513a99fe6d0fdb,discovery,2e0e09f371f3212765db5996bdc46bf3976f5d72d03d243fee6b7e7b035526a6
945,Openness,bad,g-c6fa913b7a1e6228,discovery,2dca11786d05022f36790ef775c00910c4f097ab397dad73a3d472438d1bd7ae
946,Openness,bad,g-ec5253eb0e847f67,test,d20c80da26076cf539bd7d753f7e5f616c2652b374bd777303d6123c8eec733a
947,Openness,bad,g-bcf82d545b3ebded,discovery,98337d2b66c81e0f3b56d0fb21530657a5594f6c0971325630f53c7c92c1acd5
948,Openness,bad,g-163fc20dacfcdb61,discovery,b19cf9e0d9653cb4fdb06eaaf13e65c0299e1ed68bbbfa7dd1be15b55d6c8f97
949,Openness,bad,g-5c148af0db830525,validation,67ec9a62d2037acb754d7ac2819af5ea577d9e791ea90d123f47505521be339f
950,Openness,bad,g-9eebd2e8bce771f1,validation,bdf643be630c9a00fe10b4a0f4690d7869e36ccdeb5344e88d66984630cb1660
951,Openness,bad,g-e085cc599c5a27f5,test,80d597f552e8e2f581a468ff5a5988e762c2517be2a5f1174ca59e887c398b15
952,Openness,bad,g-f9adff0a17f38dac,discovery,38129985de50ed6a459e3e62e78a13672b236c88b44b9426026455d12095daa5
953,Openness,bad,g-2a11e7d8dda9becb,discovery,007bc65a6fef9bbff8fb00db5ce6948e8f48aea4df83e6b30b09c6f927cedf05
954,Openness,bad,g-cd5267381fc194c5,discovery,ee0e5133d02fe27720e003bc91708ce86a5671c768e07d9321b5e55cc0373f3c
955,Openness,bad,g-c1fe9a50435a3632,discovery,66f0766842e7a22c4838a68391f2c2ea7e6c22c369da800aea288ce940f8a8e6
956,Openness,bad,g-38dc8665ae01f02c,discovery,ebccc3d30d5d8240221d4e7da7b5de14949ac04ca46637ba45bde5b69cf9b66f
957,Openness,bad,g-1174583c7ef54bd0,validation,3b29ebdb587c3e31193936e3675b757ff69b4cbc70a279cd83a420240a0d1ada
958,Openness,bad,g-af18f75b2a929238,discovery,d5c33d49c63a678a1959b5fc89d126de045e6eab5c53c4ff397404fe62932bc2
959,Openness,bad,g-a82dfc2d9e3ea1f6,discovery,9f5b447495f0c6b395d97d55d993637e73998010a0c81343f4ff12a6dd16602a
960,Openness,bad,g-b8bfea9cfc493250,test,96b4124f14ea4bc3aceb4474a4ccb04ee9fe54270156537c514f9b2c18e8cb42
961,Openness,bad,g-76237e8bde905555,discovery,bb6678e8b0f3a13387fb548b9882c8d22421296f4e5bb7bafa09ac738aa5c3aa
962,Openness,bad,g-a7d36cf64cd0ceb6,discovery,187be3c22f04526825bd3bbc2d0890c4a0f454ad34038b605c85afa68e001663
963,Openness,bad,g-be7cbe8a3288e926,test,6a69fdefd45521db10830972fcf28d9b8f74ccb4ac8acc4422184ce69a1639d7
964,Openness,bad,g-cb15c29840a05bb6,test,0b11ef87472f5b0fa17c1b7c1ae63e0d814e0f66e963eeb8682c1a1ad30673ef
965,Openness,bad,g-14b0b5f5d1d11b84,discovery,87e48fceb6e415fa9258f7559b04dfd6b6f8a4c39d08a63ae6b4f59ca3242334
966,Openness,bad,g-808e6aa6ffc7d914,discovery,f03a5f895228dfb7f3c2b79b237394e023b4069a602bfee369ddc4559bbf7134
967,Openness,bad,g-c1bdfdd62b9454ad,discovery,ea2ee6c3916fa03663a65b53982c637bf151e9fa61026b375fc1c57f85248e02
968,Openness,bad,g-462d0de3134b1a10,discovery,f79e89011bba0ca3545f84c010b83020906c70775392e7695d48436223f59e76
969,Openness,bad,g-b38b4506122dd1f8,discovery,c55beb8a13951c26c748d2afaeb67f005d952885216ecb5a0a000060cdc46842
970,Openness,bad,g-ce6221cab8913d03,validation,b964440f585ca5fa0a3893d65a2d7d1825183e49a8b81e2fd04bedd1d6b7c0e9
971,Openness,bad,g-b893c84132d706d3,discovery,b637f992ae61a8475bdbd5a0005c59837403f8976a964baf859b3155cca512d3
972,Openness,bad,g-21972c31f610294b,discovery,7a4b3e660d9e580874ca418d7b7c7b16e496ecca535c69c9d3ab065c6790b66e
973,Openness,bad,g-66471a4838244d46,discovery,20e281a1bebf9618c4d96dabc4180b8138ca6127098063ea2101c3434f5020bc
974,Openness,bad,g-75e583711cdd1ea1,test,d3341ca18b77a0503c6bc1fb32adf6390bc676f64f6dd4ecf728b2c9cad9b94d
975,Openness,bad,g-61bf697a55986976,test,acc2c14751cd330ccc122b24a84383206fa7073d61b6a98b08bad7963b957d0d
976,Openness,bad,g-7c72787b306f7855,discovery,4aaea6e506d035505046c3b384730e105b5f5db529104ec1ec1d92efbdebbed8
977,Openness,bad,g-fc0abff0e3cf4deb,discovery,59ff5a294e1c662f850e3a6d89e8ea6d511802ece994f2caecc2f255e3a6e8b2
978,Openness,bad,g-3bf2b187b1f05351,validation,d99d8480851cd72e04f14c65b338fac483a8144eddc1c83de28cab058b598928
979,Openness,bad,g-f2f89452f0e38f19,validation,9a6a7664931a38c3a6bddcb606852636761149e1a51738da89b4d2223b7491de
980,Openness,bad,g-64bc6ee0ad57a67e,discovery,f32d6493bbf12366dfbebdb318883085f0312eb118d6e25a1603b1da9982f5f4
981,Openness,bad,g-b7fe8c0f65b10b9a,discovery,5f8ffd871b320f49ed0080e67cbc82c33be027aa555d66526983e25314d5c749
982,Openness,bad,g-75cc72a847c6c95f,discovery,534a59c46b2d096ac624dfc18d6b7713b9e85b964986cbd0ef8b02b2968db6d1
983,Openness,bad,g-c18d1a077bd42e94,discovery,80f4ce90e96d20fdb6d51420e19e0d486a58bc41d839f76ad7c646220ac0d8e8
984,Openness,bad,g-7bf104697f9fe184,discovery,f3a712f6bbcbdb068642984a7603ae108dcfec8fa66252b3b839bf165ba52172
985,Openness,bad,g-7ac7ab2d9b88da3a,test,25ecce7fb288302bbb073a872fed7bc14746fa0c9ddd5537f0a285ef856203dd
986,Openness,bad,g-400d91d9a9c57988,validation,2f523937e50912a135386c07661815300126f0f16858a445da0299d84b5a7cd2
987,Openness,bad,g-9635d8aa6e0c293d,test,c77bb6b6d23ff7944f578c3f3b3716a10e29c115e7fb68331094ef58bf2c020b
988,Openness,bad,g-83c10dd610db2ad3,discovery,2deff0d413b07e52102deb1bc05ee75b5a7e2c6891700f2f81727fe8e5413b90
989,Openness,bad,g-c06db81df8b08eba,discovery,b246758b6975b48cd1c37e1c79cf5103f2b9f2a126ccb19b80bd82b09ed4c4e4
990,Openness,bad,g-a2df4f4fdde2142f,validation,49a2f6738f4ce6cb3472d47ea0574c97c60f3b7790d5e2085469e327fd03d3d1
991,Openness,bad,g-6d50c49cf7e8d724,validation,65ef3acf94bd10a8d5d3c1b2ec5f9108a3c6fa9ec2740b614321a25b6417ae0c
992,Openness,bad,g-5352ba70097d3776,discovery,bd45a4494fe85d98051c181e8c7cd7f25e064bf4342adf3a45e7a0a9ece0de32
993,Openness,bad,g-a0454edbc782247b,discovery,ab01fc4575f777da0037dabe585f6978e60375b8a582431ee775e4da13fcf2f2
994,Openness,bad,g-db3dda93d24b48fb,test,bed744ffa1377a3945904d508fb5b8196d62ca7015f5e3cd81eecdf601544ea0
995,Openness,bad,g-bbbc8e9ee3ac69e5,discovery,49f977505a1a0309aefce60dbce12c9f55262676d2a3198120de1e65114df97b
996,Openness,bad,g-58b1731d998c7dc7,test,9c2e34b26b9f86259e0187d3b1f024c736a54be81f56e9523d297185f3a7100b
997,Openness,bad,g-ee72898cafa6d8fb,test,612c898c2880be30dbb6089d2753d34ec740a50b5bfb4f7e29651a1a944f7007
998,Openness,bad,g-d6ffc05cc459956c,validation,834312f9992b317bdedeb51928c1416239d1d823b86c6fa2b8262393f3ebf8f7
999,Openness,bad,g-7f9ccbdf4907f11e,discovery,72640c25a8ba70bdc0481e0416a09f4dd57e72101034f48cafa6f10e5abf0b37
1000,Conscientiousness,good,g-87f71afe397c886d,discovery,27ba1f07c2517287e42e838892ad0522f48cde3afb76add5d92aaa48c90f8df1
1001,Conscientiousness,good,g-3e9af56092fe5b00,discovery,59dd9e137267d376a6944accc6d3bc37e0e7b10c7597ddb41f602346ba33e167
1002,Conscientiousness,good,g-d09f110a45ad6655,discovery,e2badb14e4dfcf3e41377ba3e10c7857b5ab484d1adce9b2c8ee5b266a441694
1003,Conscientiousness,good,g-9c31991bfab87db6,test,a496f5816da1dbd777cedbc28f45f8979056ab4b0f6016640d86e9c02e0bddf8
1004,Conscientiousness,good,g-ba07166769a3e345,validation,8ab7e277eb31f77949607fe2e49437d76430be3a907f0ed4e2c3c93c6b712032
1005,Conscientiousness,good,g-0c08c7dcf7e36fed,discovery,506cc17534074f310f455ef644193a362889390505c6943421ef9d52c5c478c7
1006,Conscientiousness,good,g-4f660edecd859326,discovery,92c847d5394d6d4b47b1aa82f3a7ea85eaf7ae25703d34d04bc1f63153d9f8b8
1007,Conscientiousness,good,g-79f3bd6d76da47d6,validation,eda7c8038afb635beb79bfcc97485a3e2c94fa6cfce743714cf3bd5c18571dbc
1008,Conscientiousness,good,g-d2dc8f0055b993dd,test,87901c3e8c40745b7dd64cfa62ca30b6456317d4104b2b4d5dfe12b7df7c64e2
1009,Conscientiousness,good,g-4334c9184b8be9ad,validation,747fb75456fecb8408c822211ec8d91da8797000b11fce6dba3cce8ab37f8bea
1010,Conscientiousness,good,g-ccb25519846553dd,validation,35a511d152bb853ac40262a35a56bca9a415b79a2d3f2a8b90dce2e1655d62c2
1011,Conscientiousness,good,g-3c68641d48fee541,test,304cd188575e1bb91024a60a03396434f88f1b0d8ce4b58a603c812186df3f23
1012,Conscientiousness,good,g-60a3fe6cb65cd172,discovery,73b74c32d7841280dac00c29268bff087956011c63d6fa24abf18519109df4a0
1013,Conscientiousness,good,g-f2929addff323a2a,test,4cd064e158c48d42c868b24379504f19ce690b2173f392eac39ce18292c4de2e
1014,Conscientiousness,good,g-5cddd67d2f124cdc,test,b66a3505402f0997533f3c2e349b912c7c02e0d6699868f1f88af546322eb8f3
1015,Conscientiousness,good,g-b26e83e76e0031ec,discovery,31dccc69e2a0083af9856fdd3b261c01b8bc97a2f836dee625e13b79ff929570
1016,Conscientiousness,good,g-e30f45278324c0be,discovery,2dfaa99464c05f8e07eb2f620237a74b3a3d17c93cd819cfe6201b9bc2481369
1017,Conscientiousness,good,g-ede5d8d10cd024b9,discovery,43a815a690257860fb56f62aa1d8cbe9947e9d04337dcd44592bdf52967439f3
1018,Conscientiousness,good,g-ce42e598675f67de,discovery,3dd3ed47e5cef8c8396b3d64f0c254f79bcaa65f5d75cec23f3cce62bd2a0608
1019,Conscientiousness,good,g-7cddda1a728f9202,discovery,86af48a64e8fe67d1cbd42c24e3984efeae137cd26bb5c13bec1b48dc009c709
1020,Conscientiousness,good,g-9823889f2d204d3e,test,af5889c916d316887c19a862e732dea0a278ae4a7f136c3c92b296b854f351f2
1021,Conscientiousness,good,g-d01eaa7161a92c27,discovery,a51d4e690958a93e1c02d6c6aeb1e104b028c71ce806b1d09ad5644418e2b387
1022,Conscientiousness,good,g-4f5256da086a1954,discovery,dc40885a46b7cd4e55d2e344840bc23d9f0a4dd8e3370abfa88f526b03ad499c
1023,Conscientiousness,good,g-874c83540d2dc65c,test,48191e62f0f0ddc5ab83bd7a3311cf9dc30752d17e4510731ab4fd824e269f5f
1024,Conscientiousness,good,g-3fae20c1a607e1af,discovery,1ca40ff7d694a621a1bdaab9f9f50be813550e6f1f247615db5bdd2662f4c558
1025,Conscientiousness,good,g-690665a8fdc8971b,validation,ab352ced861329a5ef4b5901c1c24cd638e83607aa28f1fe9985546e44cbdd95
1026,Conscientiousness,good,g-53f27112912bb816,test,5b6e6847652bfc09948a1bf4969960b1288529a03abc68588f82f3ea07114bda
1027,Conscientiousness,good,g-a3d8f53c4bad15ac,validation,c9eef32b378abd473977982a3332b12213c17b566d4ab5ce79f718923a2df20b
1028,Conscientiousness,good,g-50640397834dd964,discovery,4c7bf9e2fcf2e56b4e9c016e73858e4171627ef8fa17eb6f2508eade0a23e157
1029,Conscientiousness,good,g-308fb68b316378bf,discovery,9167acec0864cf5c8dd6bd6e85fe0bed0968c94c2d029ac9d67d1f2c191dc3cd
1030,Conscientiousness,good,g-b27ff6312df9c285,discovery,b6638bed015bb4744cfbe439b97994e99ab76da4e32bd4723759426a6fd942cf
1031,Conscientiousness,good,g-ba7c1c7d6cc8e25b,discovery,f5ab575ef77d2b3aab8466bae1c7bb7e670bb3c3fa47ceca3b772feb89f90f51
1032,Conscientiousness,good,g-68ffb230b659f479,discovery,9db01a3b9ee63fdf01d612722e6428e66932f112779ba5c7485307be80fa4682
1033,Conscientiousness,good,g-119ee0b0cc260936,discovery,06ee451113174adac72592fa98562e7d0d5d1907b865a0ce7c19e84a40444d69
1034,Conscientiousness,good,g-1fc12532d71f5ac3,discovery,095d83c14c130e35e91aefdf83142e0f4cda8d25670614fdd03f858e5e0aa79e
1035,Conscientiousness,good,g-297da6f10216840b,validation,3fbb05454ed14f04ffe0615ded80b355524b8d7668bf22445c62ea69d62b95bd
1036,Conscientiousness,good,g-b33cc2be20ef231d,discovery,1c11ea73bb56694fc635019c0ba4e1998f47b335eacf8ab3140add24d64f616f
1037,Conscientiousness,good,g-09aaa6062f4a39b8,discovery,031bbfe054233d62d38fec07dbcf8d730be34350d81a2880c0592b0a364868ea
1038,Conscientiousness,good,g-7cabe46d3dc75c47,discovery,aad3417a9b15b77f9bc36df0acf598fd85f5c3da89fbd38d0f3f47cf953b6324
1039,Conscientiousness,good,g-dd26c2c9c10fcb16,test,de038b905c2c81bba99190ad953f1e3a9a1ca1813ed1b7542993ed626f50c6a9
1040,Conscientiousness,good,g-501c55f152233f3e,test,a2a6c2fb116fd7c8f631ca4d8184e798391ab1847c1aea9b21c5436c9822a8a8
1041,Conscientiousness,good,g-acd6803db0a5eead,test,aa61829ac2ddaa98b1d342afa103504783668085babaea126dcde86cd7d208a9
1042,Conscientiousness,good,g-f462343d5eae8567,validation,81f21b2bc52fe440ecdc8ab1450ef689dd5d4a0a18e5d252a414855926619dd6
1043,Conscientiousness,good,g-7f75e8915ccd49e1,discovery,3aa343c27667bf034c905498c33b853df54f867d76f4925dbd6b458f737c6272
1044,Conscientiousness,good,g-25368c9110728582,test,9ca9ffe3791ee2e4f0c1cac81941706876dfafa0ed6d22b2aa13ce99f6789f44
1045,Conscientiousness,good,g-405d64df08d69e04,discovery,0ac0576a60ed5c53c15bc273bc1e27f408d5f6c26b79d35c435a1ef80ff23e52
1046,Conscientiousness,good,g-138a6524aa79675f,test,4c7ff728a31a9c62bcd1820fb018187e471db2979e2067fcc1e3676515687e5b
1047,Conscientiousness,good,g-20678ccebce4dd5c,discovery,84c8a906508fad6e40e931c7703a9a6172e86c4099417be2633674da63da7fd1
1048,Conscientiousness,good,g-3f22339e9c1972df,validation,818a1670858eec0ad76e5f3699647e1d5b1ce162c949cb5770e668ec75538e70
1049,Conscientiousness,good,g-2024e2f0abf54262,test,022d2fc5ad20984989ef9e36c9c1fade47942540e242bdb84de3c68312f60248
1050,Conscientiousness,good,g-0a1355d9a0461f7d,discovery,aac32d8b59bb66befbebfb4a4387255dc0c4ef29d6ce8ea4b88bc7e62cf2203c
1051,Conscientiousness,good,g-77d060168ab9259f,discovery,efaec11986ed254b931acecfd5e3e8c899313997ae7d1b2e3dc7b502cd10f557
1052,Conscientiousness,good,g-5bfadccf09aa82f8,discovery,34e5698853b08250d7d0d6423069c2b3f374ee9e9debda1ea2caffa2f2b63e83
1053,Conscientiousness,good,g-032ddad0dfc6d446,discovery,f519be468c9965fafd5733b4af7b17380615d9cc13e9ab96096a825b91599935
1054,Conscientiousness,good,g-68fa8c92151c02e5,discovery,14846377dba12337d930c7562d6d24dd84d536d9e0cb711992f5c79f288330d9
1055,Conscientiousness,good,g-62f1f3d2caeea796,discovery,5ebe0ea1585dee054f5bb47c6254cce0b3ebd9477bee026a11649c90d59d0eaa
1056,Conscientiousness,good,g-8d4af36ecca7cd18,test,da010de6b30f3a505d491d317f0930fb7e32e1e554de95bded6c1c320ea081c3
1057,Conscientiousness,good,g-3c2c8f27272d86f7,discovery,cc9f08e041ba2a685ffbdac763ab3dc58ab9d38ac16a06f244bf22267a0b913b
1058,Conscientiousness,good,g-e1d9c85ff62186ea,validation,240f29e0ea54de2e30a21721cc73bceca9e6b0a65cb23b9ccc74e62b5c0d9bf4
1059,Conscientiousness,good,g-3d88603c43cb902d,discovery,24e9365420bc44accdbf77be86de8d5f2439178f18b88fa432e810f93b9879ca
1060,Conscientiousness,good,g-0582a7cf29bde6fd,validation,7f8e9e0f997d1bd28d516e6a2360cf099517af27d1125f38ed1cad0597193c83
1061,Conscientiousness,good,g-9d6a79db9f70f480,discovery,364f1dba82fedfcc3f8ed12378c1dd358844cb7f346045b41aa6e412e4ed20f1
1062,Conscientiousness,good,g-4a383ae4fc8f688f,discovery,0a5ab083b599ba300c7b04c3fe0237d4205afba05593589966396eaa6297c64d
1063,Conscientiousness,good,g-800c39f798be5720,discovery,515c48cfaccaa9a895b8b0a65f564c4f65317aaa82cd3971f38a4000341a605f
1064,Conscientiousness,good,g-e447034e34165ec0,discovery,4365e9d7b0c7b4df291e7fac01b717cb8052028f9787d771f4866ca868fe4503
1065,Conscientiousness,good,g-1bc72c293f420770,validation,8281985798faddf117c69c25e1a09fd737e965e39c3d0d2cf637687d60122446
1066,Conscientiousness,good,g-e03ed09f565fc4cd,discovery,74fef4490459ab1f1c084e7a1a8680a6aa723421e83648ebe447b72fe279606a
1067,Conscientiousness,good,g-883bd7d6cfce9c9a,discovery,6fb82a8300515834f883a5e0ec37cb07de53318680c7fd5406d8c56a3a681a07
1068,Conscientiousness,good,g-a870dcb24a5decb0,discovery,ed4a1243f8b0658c99190511ed5ed0e5277caded69eda7c433a136947f57c120
1069,Conscientiousness,good,g-2021bfcf916adca8,discovery,ea6accd1541d4065ae4b9fbdc2e5dcdb2c6682b3b1864bbc2cdabbb6bb88a4da
1070,Conscientiousness,good,g-1a0c90623ffd18ca,discovery,d42325a32e53023f5cc291c1562ca693d1c0b7fc88c25397f5b54013959ccc92
1071,Conscientiousness,good,g-603a46b611985fb1,discovery,a002427601aa6cc801bf57b6abcc89c643a75f1c8f53cf31d9d6005379132a66
1072,Conscientiousness,good,g-a0c357c04e807a9b,discovery,dfed120f2d6aa521542938f08b2208184855ed6a31417ff371cc167f08a7ff8c
1073,Conscientiousness,good,g-52bf13c18358488a,discovery,313e793efcb1fc80a217400255d8edc2c266bfa0e429e910301618b632710257
1074,Conscientiousness,good,g-df5e39abd233744e,discovery,d4f0890aff82ddd65bab6264e4acf13bd618fb60113a6015cd8132ba1884fe4b
1075,Conscientiousness,good,g-e6c771807ccb7076,validation,62aab9a6b1256826c257ae8cb6a36f9bfac7412fcc62d979931b256f98068ca2
1076,Conscientiousness,good,g-c0278f6c246fb4fd,validation,14ec74ae7b54c0d6f3fb6287b79becdd6f20a32d1cf1c04a9e85bc5bf342c901
1077,Conscientiousness,good,g-7280d046250502a9,discovery,5ac1133451c490b4e653fd805a7ca155b8962370f4d284d65fbedb1675322bf4
1078,Conscientiousness,good,g-7485d5d3c2620570,validation,329f77f0c0bca30e97b994a4a5413819489f64e60eef0f9239b2f43e198ed633
1079,Conscientiousness,good,g-dcdbccfa33cc17ac,discovery,a0b73cf10183f902f4569350c1f63d4afdc9a6da129d926649346e49d6044bf7
1080,Conscientiousness,good,g-688d1b72c9c98269,validation,4e32901ba2373da71a2f17d0d6be69f9753286d639e1d34e27d501a952d5daef
1081,Conscientiousness,good,g-ff8af3592f31e133,validation,ff9a6a5d4e88a22f17f9638a22f01f105cc4ca9cf4b5f154a7bc26f3822cc26e
1082,Conscientiousness,good,g-dcfbc4439436e371,discovery,2370cc1a01b33dfa9d207d5ed696d105ae1819e1c7194db0cd086fef529a291f
1083,Conscientiousness,good,g-0c8635c814587f7d,discovery,436348e9b15a2bb9af8c865ca28d8d671df9d113ef329514a5d56c89aa723b90
1084,Conscientiousness,good,g-fc98bef6d91fd7b8,discovery,994620bd5d1753c3eedf12c5d2c57db98b7909c64d69f19a54718b8a88ddbd15
1085,Conscientiousness,good,g-854bf78383a68f34,discovery,a7c40fe14d043f13563144f2f8a06163dded0ee584eaebdc95fb9a58bdc8e99c
1086,Conscientiousness,good,g-004ab3fa307a0c70,discovery,770de47c575263d1cb17ebfcbb7d1189d3cb877580e5c851c16f81c9f9185b93
1087,Conscientiousness,good,g-56c3e69c4c1d7212,validation,d7a1c95a363c07cdd1755202dde2f75ad0b023ead364dcc302621ff7c344de61
1088,Conscientiousness,good,g-db8fc3c5b7bf33bb,discovery,b88b97b2f65ec8b4e51c4696ee4b815dc9852014095f77324d09e98270399e25
1089,Conscientiousness,good,g-0d1a6b8a2ef22780,discovery,dc571c89bc7d0ddeb0cd0fcc44a40c4e6f21a9654775d8af4a0ab55588bf4ae2
1090,Conscientiousness,good,g-7d7923b4bc4d74bc,discovery,42ee8fed11ecbdcf4b6b2ec5e726b425837d32b841e56bf1ab35d37773ac9cd9
1091,Conscientiousness,good,g-9d719d1cdbc908ba,validation,fb075689b4addedc62bcb0d17d2aa3dad07fa7a731f0ce4707c90cc0429a118c
1092,Conscientiousness,good,g-363519d3ff293957,discovery,265b86b9d6cd38557f2c36063c218c2d51ea8249e1b56a355b6758e8e44a0bc3
1093,Conscientiousness,good,g-603fc0a409e3c360,discovery,c4c7af68ecbf7f75fae64f0f1c6b007aae2698d7de0ec59461ad0dad0e629737
1094,Conscientiousness,good,g-c70d5c156085ea93,discovery,2a9f916296d9ede51ca87f5c5fda3689106a7c331aab4a558acd2e3d5adf625e
1095,Conscientiousness,good,g-6169d3221e26a426,discovery,6d4755ed5cf0d9d3d4d3301e43535be84d5645bc587f389e9af6a867d78ff891
1096,Conscientiousness,good,g-38808ac949eca132,validation,7681e460ccd564b46bcceb7612f637e0a7ea48d5fc1d15741756e214542d9b24
1097,Conscientiousness,good,g-102b8443a1a65e08,discovery,6e525330c367a1f285fa6acd16f3e0ed10934e200ac0b856ebda5a5ff250afbd
1098,Conscientiousness,good,g-cf5e11e08b51c4de,discovery,62ba6c33c508f133a92395b3bae0bf91b7212c99c3319086906471e351982ac5
1099,Conscientiousness,good,g-71798fa4b4cabca6,test,65bac5f1483b7a1fedd22b5da91478b1e0f9e66bb40d21f8672bff4d059b3b83
1100,Conscientiousness,good,g-8a90977f5c6d022e,discovery,2905abcadb1c52b7999fac6530c376219441a750d864882efdddb0fb0896b433
1101,Conscientiousness,good,g-5a58489a22c9b927,test,06b74ec95ad16c994f590395214d937e71256b2c2c35d3d14c11355f71ac96d7
1102,Conscientiousness,good,g-f4b79707032357e9,discovery,401f4e8a80374d4faf0ec7752528d2d41bc45f24b85907109377a72af156a026
1103,Conscientiousness,good,g-bdec260a09165efe,test,ed375cb981c138482cdc877efd9b71849201ecbb4b93b3547b8b200896f0e107
1104,Conscientiousness,good,g-4cd9d3b6ec2d986f,discovery,bca1e54dd21cbc430c10cb9c3599bb3b6a6be2589b2e237f00f5bb61677bdfc6
1105,Conscientiousness,good,g-244f52bf5a5a7a5d,discovery,bd33f5a77cc7fc617978cc422d2cf8d10d6c29419d496f1493e941ad2b0cb98e
1106,Conscientiousness,good,g-2c560f812411b54d,discovery,9754e52c37af9768146ba39d55ee5cd032acfd9984ea967f0f8658e46398932f
1107,Conscientiousness,good,g-3b3635cef2ae1f82,test,a0f4761e1a438d1a69b66a1199c0758a278181926b3b224f14f10aea9271e47a
1108,Conscientiousness,good,g-9cbcd81794b78f1d,validation,a2ff7289955ecd467ac04902afb1fc8bde6a9f78163bb414cbfe883ef6c6b76e
1109,Conscientiousness,good,g-5f122e273b16b839,test,a3b257ef2c6024dd643557c34a3ff75ef87b09f4278017b75968fb9032cea4ab
1110,Conscientiousness,good,g-c163350087a10bbb,discovery,6fe5726d86dcf919b76916500acf6570c8208c447307450640b4b34cb0434de1
1111,Conscientiousness,good,g-ab4c20d5ca162987,discovery,5b3cf6f621d7838d4a5155d312de7588557e1fbc94a7c11bc127c3392670fd49
1112,Conscientiousness,good,g-c1ff6c3f31107763,discovery,0a895eef688205b3783bb2c71f07d35d41622776d302f33daf7a1f0325458631
1113,Conscientiousness,good,g-04fe37f8cd5fb38e,validation,0c10618617e36fec1a2126f7826363382f655d9afb25303c6ecbdde4bdfeeb80
1114,Conscientiousness,good,g-5e7fe898f4c83bfb,discovery,2676a5ed2e6016802246331ffb3b3e1912c1ed8374f95710f739590b15e86d42
1115,Conscientiousness,good,g-c0de36cfa116fa19,discovery,501cfbcd7839cd045c231c8008b9c513ea014913904e46a3921fa4cea501c36a
1116,Conscientiousness,good,g-ef06ff973cdb028f,discovery,7f447ce38b1a2278025e721799b0f55a9acabc407399b77614113eebaa099124
1117,Conscientiousness,good,g-69b67011e2516fae,discovery,ed21b5003d6effa1a43b741b5a604ed920c077232c8dd125d1b246f948b15847
1118,Conscientiousness,good,g-76d35c27e4e1938b,test,c8986a802fdeefbcacdc603373dade6cac2630657a106f9e974ddd82771895ad
1119,Conscientiousness,good,g-8942de4e90c5cadd,discovery,40898dcb9e3bed8d15e30027eb0c822b1d539656a26e4c680f88c47e1254359f
1120,Conscientiousness,good,g-06ffafe2347c3a89,discovery,c87bc334ed4edc2e7af6169efee6cf85365ae0ecfce316c80f48ff6874a09df8
1121,Conscientiousness,good,g-c3156dcb5e24fc68,discovery,e17dfff2821b8b2ff34e86d023d4960c22fd8da178162b9a3c4c69b7cc0f763e
1122,Conscientiousness,good,g-c0ba7ed5c8b31755,test,8ab0f7959c79d65fa4bb8ea7d0b3d522cf1091f569f4289d491556e38480680c
1123,Conscientiousness,good,g-de4340c93f4d9723,discovery,d11231e332ee14fe444dd7fce1b54229b210f6a9f9bb870e424d651bf24dfc9e
1124,Conscientiousness,good,g-64c77a4ea54443f0,test,cba2a27de72e2ec9e29c2898d6a12cd4394132c4d47a553ef7fbcf16ebb03f0f
1125,Conscientiousness,good,g-3aed2fdf9904b163,discovery,bc35ca88fa4449e0e2ad0d4b51b623682bfd7daab19ee0e34746320f1e5dcbab
1126,Conscientiousness,good,g-ac7f1e7287897740,discovery,7ab6c0318786e7209d11faaa6b3e1b3f216b595839f5b8a9d8b6b9e44e5732cc
1127,Conscientiousness,good,g-e1b2777fa1acc0ff,discovery,9bbb68f9f76f2fed6ad6d5497515711a4b01accab1379e85a82866ad8e34a6ec
1128,Conscientiousness,good,g-e3b04055423ab9e7,discovery,50029d2b16b5578c626fc2b61ce8d8d464204f9f6f9e7b595e35425f058cf955
1129,Conscientiousness,good,g-7283ef51c43df94c,discovery,06cd314bc93140e57c1942ee05173e5028cfe5569a1c3a1a940dc4a7cc648da0
1130,Conscientiousness,good,g-a093845d5517acb7,test,dc556ae175a5d4dba56412cc014a485db3b8774a8dedc0a4e7454318a505567f
1131,Conscientiousness,good,g-4febbc3d54fa42ca,discovery,5a443463a7cadcefbe526544a906579cac3b157ee3f8b7acce888aafd8395c49
1132,Conscientiousness,good,g-8108992afcdc6457,validation,8d6975d5fb34404a6657866c3f42deb3673a1e369c59685c1cdd18712f5ec8d5
1133,Conscientiousness,good,g-c1c6f5bd55943da9,discovery,e967c2479ec9764ec97d16abf9e803b6e9b3b26c7e7b212b704afaffb3c8a50e
1134,Conscientiousness,good,g-9169f645c453bf7f,discovery,1c623b707e17809ea4a4a08e828d949a4e9031917490de8956a603570d187fe1
1135,Conscientiousness,good,g-7630b16496d2b432,discovery,cd69618aa9061cb1f3c7eb38db91843d965d668ee1c431a9a25326837f56576f
1136,Conscientiousness,good,g-adacdfc5d43978bd,test,b9ae8f73931589e1be11e7c1ecf1d43518524a6700b82ad29be7709c3c04942c
1137,Conscientiousness,good,g-ee99b183e28f5d0b,discovery,26e7e34a89a227a939479f7ab6dafa34ad6f26a74ddc9c6f5b21917d263a5eda
1138,Conscientiousness,good,g-e051ccbb93620d81,discovery,6c422dfef68f316430f7878e5c889dc7634771c4d2f3a31d05f98008157bd28b
1139,Conscientiousness,good,g-4d8d6bb849957244,test,c2e80688f5f898f53ed9384a92b94f6a5aff355914ac5276cd37f0ff7b38b86d
1140,Conscientiousness,good,g-811dee30ca36cdf8,test,1da466377c9f249b6fc30c12dc653764c38e59859fb85abdf4e254973477721c
1141,Conscientiousness,good,g-f5f6424c803ac04e,discovery,01c33927546cfda9e47b38159bbde74f379f202dd90fea1384cb799e6a5e71bb
1142,Conscientiousness,good,g-cdcece2f50771840,test,ba107600b0b48db5868f6328132c950fa52e878efe156adb500b6c290ffbcef0
1143,Conscientiousness,good,g-13b5cfa6f689557b,discovery,de10dd9dcea9e1de51012425c66c17a902b5c96c7022fde2a4ce8f49cb0ee2ee
1144,Conscientiousness,good,g-546e30bec8e681df,test,9e1999e812cb4a35165fbf9cbb59f9bb37ed00ef431b45778e2d25ac8c997ed0
1145,Conscientiousness,good,g-d9aa8082da5a4916,discovery,c3a40be3d9522c11acf89b09aed029e2bcc1e858803809ce2f04a023963dfe66
1146,Conscientiousness,good,g-2aa5dc23cbadb5cb,discovery,7f7c18931e818f02c4aff1a48693c6ce92da4570313e051ce5e09b0b37bd409f
1147,Conscientiousness,good,g-05409bca67fa256a,discovery,77d4fef9ab93a205eff3e0242dfd6463fce0cd34d466b8fa041d130ed9271fa0
1148,Conscientiousness,good,g-d7907caa46294790,validation,9ec7575e476a10bb9df7ffaedcb4eeb473a997f359d74c65b8502290b25a33f2
1149,Conscientiousness,good,g-4575eb8f865b22b8,discovery,34a7236e1020254b59ba0487448cba6d4ad5a247609896965de101bf33676675
1150,Conscientiousness,good,g-1d04f98a876f22e7,discovery,6051febda0d2c096cc096b9617ee02c0fa5019988e2b2a60e3bac620d12c6ed8
1151,Conscientiousness,good,g-15e685c35504d3fd,validation,759b0a62eda8c8b0def3ae8516af3e72519874b5a14656a46dfac698e0b423ee
1152,Conscientiousness,good,g-92cdfd84ab177b35,discovery,af82590b741cb895d618771e6d670356fca160bec843d6d62dea97900d4c1924
1153,Conscientiousness,good,g-a882fec75e44bce5,discovery,311c33e17995c3b93a9cc57f7b9fb040aec46b90b87991e9b335c96f98a9c351
1154,Conscientiousness,good,g-1fbcff54dbebc7b6,test,7e6b5ed9d40f13148689a90611669ea7ed51584631e19713d176838cb861e91a
1155,Conscientiousness,good,g-8f774d9cdd565c35,discovery,f6e0f71abdaba827e5b6a343d156ce5e9b57ab9136ac47b9f7ac7a1b80238832
1156,Conscientiousness,good,g-08fc4e9c34a18b97,discovery,ecc237e0341068f39712fe432dcb5e809e6e4b36980af33dbe24ca4c488f9a46
1157,Conscientiousness,good,g-2b61fa6fa80b23f9,discovery,5ea4c2e6bb093afa2c631ac861a0841e6d79d738493f506c6b9760b23d6ad685
1158,Conscientiousness,good,g-22d9d66ebc39a726,test,aab931cece3d66447449d35d2a8884300bc72715f0f6ba63ae3bc6bfb24f627b
1159,Conscientiousness,good,g-9201de773ad45fae,validation,4fb117336f344aa7194ace01fc80d43b11954e1d57d7e927b21481d2f941f574
1160,Conscientiousness,good,g-1e49b2cf5939820f,test,9ee2a6c05c2c5374dd83547f1b726bce829fb4b0dcfaf0f77390e27b093a1594
1161,Conscientiousness,good,g-d5c8a82839724254,discovery,38aac5383df07182263a87151d17da655cddd810889fa7c14c9dc5c2c5d37a85
1162,Conscientiousness,good,g-8e85881a6c746848,validation,01840fc713e36fcd81832510b06896b0c7d55644df6a084ff8aa91ac62fa9868
1163,Conscientiousness,good,g-d976545f50b0269b,test,39242fc204fb412874437dd6e461204e28bc6f4fe80f77168832fe933abfffdf
1164,Conscientiousness,good,g-f9573a524e1ea175,test,ca6555f484e3f722ac13a42a3979c73aadd132aa369cc3148b82db6e27f4c099
1165,Conscientiousness,good,g-1fd60a7e6f76b014,discovery,c8a666e8dab9d71b2cc4b4b06d148cb19d6583545f2819dae41a4e50cce8e239
1166,Conscientiousness,good,g-c8ad72b05f7f873a,discovery,13b7202bb7ca259d5d3210bf0666bf52b599417e4b34555d77cc3a9f0104cb6c
1167,Conscientiousness,good,g-7c47abb845ba8fde,discovery,2149254ff55b8a63499b5c9c87ea15dfa7caf7a292989acb8fc427da1b0b711f
1168,Conscientiousness,good,g-90bd7effbd37e00d,discovery,dd80b1213a78a8f16077fe0e7bdef024055ed6cb04ba7e183250d9fb94665b17
1169,Conscientiousness,good,g-58e73335c65a59ae,discovery,536f5d5d9e52d0975fdaf2020f7f4ec04bd7e02e6e4187e99edbf3ec3b6e589c
1170,Conscientiousness,good,g-86daca3065e34a33,test,26aa0d441b213e6be6716e383d98a2e45196cd2f467ded0ec056f6696739d246
1171,Conscientiousness,good,g-99249405892de768,discovery,45260bab4063c54bea1eab40b9fe79ba39187aceaf261c909e47ce2eb635f200
1172,Conscientiousness,good,g-ded67f7b6f5bf6e4,discovery,177d8c92d50936b0da73f3307f3e55ece8f346becb09ba08723752b09479cdc4
1173,Conscientiousness,good,g-d751cdff5a2bcf2c,discovery,35cc9aefac1226665feed4d8814be87d233b0bdccc0a3d0432c0f7508adf52df
1174,Conscientiousness,good,g-e24eb884aae6d49e,discovery,06a30de5456fdc083ad98b58e1c2540019bd6386f84c21a8088feff5263b6aed
1175,Conscientiousness,good,g-ce2ef470df4d1fe6,discovery,5de0eda342139b51a05b23c7d4fa8f5dc5d58a882749ac4cec466a30f41cfce6
1176,Conscientiousness,good,g-6f192cdcb28f5b85,discovery,26ade7f571398196c555b432bcf7c670877161150379cfb2bde63e8846b844cf
1177,Conscientiousness,good,g-b20ee764f489d884,discovery,07b11eb552987b8caac9fa2e30484436d3f30b062256a4d2f3da057a9852f089
1178,Conscientiousness,good,g-5266443dee49496f,discovery,b1179d720db04d3508e6d08a7fd8356c84c6ed33b9ad96c9f36d1ab9753a15d0
1179,Conscientiousness,good,g-9f71e83a4b9a4864,discovery,26f3e643fc4e13b68d465050685e099edb1951fbb0c9a2e2b97b7af720514798
1180,Conscientiousness,good,g-fcd0d8bb49bc9291,validation,95c451a6696507e659ca90aa24ca8fbd67888b6651617c64a6fbd42f125fd727
1181,Conscientiousness,good,g-f9fea6f007c6e5ae,discovery,fac086a1455964237a4c9404c92cf2198a279d53573b16a09b4462754a5a8f76
1182,Conscientiousness,good,g-1f649a4907c98ebb,test,cd4a32f8e6c2a3f7e675d9c0995b67e1fdbe47916082fd68f6432f72672d882e
1183,Conscientiousness,good,g-3c8003bd19a8efa7,validation,1ef2595185501b0579171e697e8e72d90267c4770e6cf6375d5d7dfb5f72243e
1184,Conscientiousness,good,g-c7ca1bb14fd51ba8,discovery,c458d7e02b813abddbba920f1477c7890040ab00732c181a8d12e0cd9f0db09c
1185,Conscientiousness,good,g-4b513711bc9c1439,discovery,6301d4a549e4d131ec9274684423c3635510a518c90041ba8ae27d2072a37d1f
1186,Conscientiousness,good,g-4e7769bb3ca10b51,discovery,f4475979600aba1b04b8cbeae053ce56295bbf8aad17e536e924e3d3ca45003a
1187,Conscientiousness,good,g-42e1f2871e52f12e,test,4f76b5e0a5536788e36658b25e612be668efc9c56fcbe29d009ebe9a76792ab7
1188,Conscientiousness,good,g-4abeebd8c8e58bc5,test,1e061776184c9d7f4180663dd4af5bd3e6f893ecb8ff3179d6eac1b31a6967f6
1189,Conscientiousness,good,g-64d40b05333a3b32,discovery,4a831e6d41ee295aace522d322766e2b01325a2190c490ac312752bfac532649
1190,Conscientiousness,good,g-c3e89e255681493e,discovery,96999060cf9648be6dd2ed99041308fad0c6f6f943f85fe2202dc5a098e5690a
1191,Conscientiousness,good,g-59b251c1a226bd08,test,9c5d51193a06b46e29a0438caa01fec69703ae80fd30eeec93438ed5de660ed7
1192,Conscientiousness,good,g-ecc6a836617e6617,test,03ed82a703530e7f7617e2708b4a167fdba0c474817ada56151578b5253d3939
1193,Conscientiousness,good,g-e3df72fed6e9086d,discovery,2172b843188db55609449c0a7a39226d2bd81e2c87b5381f0b8156cdb0658ce8
1194,Conscientiousness,good,g-a934cba2aec26503,discovery,61ac1c0490aee0641b0cc12b53d7e2ad9ef6e0f06952c7421712bca43ea79053
1195,Conscientiousness,good,g-e100ad21abd1d580,discovery,28fb34719dcf17c7582f01b77091cb0556541e9c5aadc2772773d7076a557d17
1196,Conscientiousness,good,g-ef23da8274f03241,discovery,6ec888d6dbeee009c5d02866a9aad09ece7ca447966306c8cede64dfb97f5a34
1197,Conscientiousness,good,g-60c7ddac67550d38,validation,fdc68fa77212ab87ed974350b8d0e8e388251c305a2414807017c30ccf121cd4
1198,Conscientiousness,good,g-10660adffc097cdb,test,1c58c25d967973e3ae106a5367870b9d8719cda450a19819328a45fe936d99ed
1199,Conscientiousness,good,g-1c65ca45fccd8525,discovery,dd804a92a3e519005977e2c96a3eac20fa89206f2758df17c7b2aad1352be095
1200,Conscientiousness,good,g-6a0482c900addb92,discovery,9a8f33ed922f14fb3377b0b1efb1a9824daea833ccdf3fd9f7b5cdbc3cdd6d6c
1201,Conscientiousness,good,g-43633f3d31373294,test,f0348d28678f32bc5eaafa3933f7ac28072c957ac1c70327a7313821bab5322a
1202,Conscientiousness,good,g-b2a859a028736421,discovery,8e93d1e598de36c1c4f0dfe337151c245aca680f861636f1bc83561fa614026b
1203,Conscientiousness,good,g-bfedfdd6f69b1afe,test,b3132864836117be2565e69b05a735b34ac5b368f15d4d842e1bf43f5d84a83d
1204,Conscientiousness,good,g-90a731d10758b11c,discovery,e22c84dc98d2caa4dfb8bbb4e11498da9bb256e2435c63201237eb628aaa645f
1205,Conscientiousness,good,g-46ec519726ad9925,validation,05e2c862ef4737f8a365f9dbbd33533911097916b61e68d118378e0ef54c0eba
1206,Conscientiousness,good,g-a32afccc748a4506,validation,863dac2ddfa1c7805b545b435ee8125bd4b496066d358cdc185c586c9f2f7799
1207,Conscientiousness,good,g-6e8a87e973412885,test,7f0bb814683e3d045faec95a2a087c7dc16504b11ad10ffc71bd8f033bf5f564
1208,Conscientiousness,good,g-f84923ac270bd561,discovery,bd64318d387652af77fec11db1dc8777673e11fa153a829992e4bef6575f44b9
1209,Conscientiousness,good,g-5e8feb9d7e65616a,test,afbce176751eb5c271ee5d5e87a0e2e2f744723df28b7b09e6df4d4565c14af9
1210,Conscientiousness,good,g-39be93ef33f55bdf,discovery,0df8348e04855ec577c43db6d66243780b114e92f0925cc984362f82e83788c0
1211,Conscientiousness,good,g-f1642e8dac83bff4,discovery,46594d1a88edb7faf9b8df024e7a68701ec59c6a96d7dcfd755aaf9fcd05d830
1212,Conscientiousness,good,g-bed1f5df1f0b3afe,discovery,cdc839ff3b897a654178904c7647cd22f7786444f57de11d377e1d0928fdceab
1213,Conscientiousness,good,g-853be7a1ffcb804c,validation,30e72189d00cb5ddd7ed7f806659b3ef065e6bb8183f4d3eb67510f38f6349a7
1214,Conscientiousness,good,g-2010e567f94a1811,discovery,954a45c56790edc9b1b24e4f25cab4d7e5383b543ac9bdb8bb09ca490d9df492
1215,Conscientiousness,good,g-b87746b5d2020c8a,discovery,7e6def30f6ef922f4d4109c87bcc4acf5707c8b539bd7ffa4c6c66a435bdaabc
1216,Conscientiousness,good,g-2b92a5ca25e0c568,test,5514894cd0264afcf1ae95a9f93b49cce7cb7b4072506a80d90a4883b106bf98
1217,Conscientiousness,good,g-194be3e34a650ef0,validation,5554e33d0d6e037a41157c27d9620957195fff2fb0a622fb0f2cec2c9f606a9e
1218,Conscientiousness,good,g-75b30fcd1ac9643e,discovery,f14f74a1dcef2ae85bfaf3c6f99e44dfb5a25b97fee4529b91870f3ae26b5dd4
1219,Conscientiousness,good,g-271b9f7361c5643c,test,2b39ab590ef0bf854f548b2a81455ee5deee9c311032280ddb5ace784f82d146
1220,Conscientiousness,good,g-4d1592457da40b3b,discovery,9c701b04b32b053473383b42bd11c9aa713e11d5dd0a56b94716d12b953c54c5
1221,Conscientiousness,good,g-bcfa15d30a85e58e,test,2c2cba59aa4833614d8fba0cdbc7e24960513a674a434988ba40dcc25352609b
1222,Conscientiousness,good,g-7ada84eff72cae31,discovery,6f085fd780aeff8e3bbeb64d00969bda6b1b5917eabff07bac09401889d71de0
1223,Conscientiousness,good,g-199f877a7fdcda14,test,ee649ac0bf4d574bb8dfa377b257d83e7127e40e0d8b62d19e820e86f44cbc77
1224,Conscientiousness,good,g-15a3915c03c9d8e4,test,fb46a3bfebc756dc84703ab3743baac40715bf92bca6bae6a96c7e894c8b70b2
1225,Conscientiousness,good,g-83032922b0a4e4a7,validation,ca6c480d9d86e3f0f794983d724a130904a906b3209ee30aae526b5f5506204b
1226,Conscientiousness,good,g-b8f96f19d666d705,discovery,17b09c6ac84adddb156c9697e3aa12b3c39f7ea2637e9cb89c65ff55da02977a
1227,Conscientiousness,good,g-5e800d40783d3eda,discovery,b781c487b97c7a97ea2c4f553bd1df858cf9f413f6c16aa7389aef2282a24adc
1228,Conscientiousness,good,g-2d7ae8dffb04d480,validation,9fc095709176d88a77f3199a164cbc0886de3ba12ea3dad0b2a97a456251f6cf
1229,Conscientiousness,good,g-ef2a853d16740cd8,discovery,952ea47582cd446f89f347d75d3d7e16b9c133cdb7a18d374a5108a8a621ef96
1230,Conscientiousness,good,g-500e60eb7f2ab510,discovery,c2b3a674d1671bafbfc6ee6257d9d352ad0df39b2c8c787dc6fce7180deff9d8
1231,Conscientiousness,good,g-95f719476062a3f8,discovery,0debd5cea7f524207648a8ed4cbd2b408ab351e48330a9e1cc5c1ee185677342
1232,Conscientiousness,good,g-1d853a05722c846d,discovery,783f1dad4c3a072bb1009f9bf77fa1fb264fe36d959a950301846938b0fdf31b
1233,Conscientiousness,good,g-150f1f29c305fdcf,validation,42b1419c2d538dcae2b33e069254fe8584753d21a365f99ce58eb186ab67cab1
1234,Conscientiousness,good,g-bbc61898f610a139,test,250338a388dff6aae6716146ba8820c449ce32ccbe9649d176616e1a8c2c674e
1235,Conscientiousness,good,g-a2d21ca93706d338,discovery,4325d3e0e3ac3a9e4d974a7a0d6432a511880a40e5927b7acfe7821d8ac7ba46
1236,Conscientiousness,good,g-5ebd913f0e58874c,discovery,556e30f47c0774b05eebac86c8140e8cea60fbca43799a791e6e71d9dd5b7705
1237,Conscientiousness,good,g-151e6671bd9b809f,test,4d051c7e1fe416d8fafaef137b11781489e396fc8f86aa162edd8fa9b1ac7f77
1238,Conscientiousness,good,g-10a90139ba6cd52f,test,328516dab7b2e6cd22eee63dcd5ec05eb1652427aa536872f4929d3fb479acbf
1239,Conscientiousness,good,g-5e72cc36149e4265,discovery,0f8e1e75cd62a5ac4c55dd813f376b6a083f260947c68da917d067812ddb43ae
1240,Conscientiousness,good,g-7d0b2501ae55b9dc,discovery,9a884deb69ccaffbc14d184e73611dbd94dcb8ab55bb981083ec21e9f44e2f04
1241,Conscientiousness,good,g-fa3750216261ff94,discovery,93f770f021ccba05de1fb5104f02b8de3d7409ceac52600edfcb272e7d701ef0
1242,Conscientiousness,good,g-02a34c18030762ca,test,28edc487f65b9ca9a9f70a4619cfbe4e6c83203b219d0808cee6e87ed3f74f6a
1243,Conscientiousness,good,g-b126b7c941f7c40d,test,bf747fef3923fb6d1a3cb112df127d2b127584c6413fcc76a69f540372635cc4
1244,Conscientiousness,good,g-0cbdefa66fdec2bf,discovery,60a991c7da7e339bb832df5f13bee5b4a4613e04c6bc4662e457bbaaf795dd5a
1245,Conscientiousness,good,g-5a3d3cfc1bb437dd,discovery,b88a9c7808e47139f6af4e1a08d062e721eeb66715b36e801f67d64b334cddab
1246,Conscientiousness,good,g-c849a1040b95a6fa,validation,d7c212c695b3f7e3c4692ea8daf33b0958657fa48a7e320e436cf85a6e9ae63f
1247,Conscientiousness,good,g-be8e5bc633f2adb7,validation,ed7892facf19b40a87ef50010ff5cc6a32479854bc2b53ea5485c33002ca1654
1248,Conscientiousness,good,g-3492d94d9b2f444b,discovery,04591d047f9cf6e6a15205becbc4d372ccce2fddae5e16381f5fd0ea04f7dccd
1249,Conscientiousness,good,g-78588844fb69b74f,discovery,3d870ac6d8191292b7333d0b245b04a70cab597bc878cb802745aaac806b1b29
1250,Conscientiousness,good,g-0e581c4815066a7f,validation,78f34f998760184981a8324a45bc64dc79557d8d585359a9ce3c317e286c7908
1251,Conscientiousness,good,g-39ae8f7593509284,test,92fc686c4c16cdb8c7bf0a62d220bed74ddb58cf5b88b98c3cf597edea796620
1252,Conscientiousness,good,g-065b53398bd1ec36,discovery,c5addbf88738456898bc13042b1ba5af6a912636b1afd93b2197e8ff5bf7f69c
1253,Conscientiousness,good,g-dbae05e57ce17489,discovery,ceb419d099810793cc7c6b58d3b4af1cfe142273caf19c1f4baeafb249eb8017
1254,Conscientiousness,good,g-2bc6ff2b62203143,validation,73f20d8f53f28eb26e91a39518cf42e8495615b5ccb676581660a5b72df8f6b3
1255,Conscientiousness,good,g-fb95e9840f23730a,discovery,bfd7afd2640e45470b1931b3f58bdd826d2f86a118162b5bf5ec973a7ed23385
1256,Conscientiousness,good,g-bb7577d04df2007a,discovery,caf3c27e598a9f886583e37b976f32cd4ea32ff89270caa3a492201a029e76b1
1257,Conscientiousness,good,g-28ae2d42b623a586,discovery,c0dc52f59db2022061f3937895ae462a6b778a58c54e6c822b537311eaa24947
1258,Conscientiousness,good,g-d71b9b84dd4fe014,discovery,1e845fb4df1cf4c443f175473576bb138b7fc34e3e98d07c32cdae14f847f9cd
1259,Conscientiousness,good,g-0ad3b936585ffdef,discovery,6a30e6d12e1d95e1ae84d7ac8fa2c1cf740ee7cf5566cf46fc6f2e6f50ab1bf0
1260,Conscientiousness,good,g-083821f12d743684,test,5fd9e810fdadc1488dda6ce36539984b0fe61fbf60880247ca9b75ebc73c36fc
1261,Conscientiousness,good,g-20b55df4920ce2e4,discovery,f7a36c27421b167e8f629bfe8b3e124399d13277bb203e50b038c4746bf7c4dc
1262,Conscientiousness,good,g-8ba4cd635f00b3bc,discovery,fe709e80680c24966f178db0889504907a8c01cc101c398bd26bb7f743e8e004
1263,Conscientiousness,good,g-63e247661f9a8287,validation,b26b245f70208bec1615f5b8e6be40821a10d46ca098eafff8e0a06b0d547e65
1264,Conscientiousness,good,g-98989b4dbe7a4b5c,discovery,cb99a08df6fd5e6b644c7fc746d5faf57e7eb534dd3b94c8983577ac2fab4747
1265,Conscientiousness,good,g-2b856fc6be2fef9b,discovery,1d28b0c06b62ce22ab4a949e7a0a889eb4b5a4ea56d123ad992379390d69e449
1266,Conscientiousness,good,g-686329709ef6adbc,discovery,25876b692c26f9199c07f21cdbfa0cb96adad083964d93ac6981120e9752ea44
1267,Conscientiousness,good,g-72eb03f8c3c4893a,discovery,0d61f904d2f756dd634a2b98fb5fa40697ff910ddc40b0d5691e21f73659eeb7
1268,Conscientiousness,good,g-5c3d032c2747fea9,test,1d6230891931fc0d8f9805f0875531fc0445810d70a694948f4dbaf1fb8c124b
1269,Conscientiousness,good,g-10f4c7565eead785,test,c965df64be810f7b5ece56fb5c1cf118fb7a2739eae082fe6305e677e6ad6d28
1270,Conscientiousness,good,g-7cd406deafb6f352,test,a0312c00ffa63db743ffbaa823b7cc72c658bdacdfb0514b014163dcfc64c608
1271,Conscientiousness,good,g-d6d00b9b074bf8d8,discovery,11bdd6b1e5b02c9f4e25355a463adb53f8fad26a203da6f77bc4ad5978f109b6
1272,Conscientiousness,good,g-b8ff6dd62749d7f7,discovery,f9ec0c2f80ed7a9451ed4015d94d3d427f2e87902bf33e8a3692921f749b9cfd
1273,Conscientiousness,good,g-ac0a5d8fd29a6500,validation,d5bda6a5641c7f72565f9367e7534273a65b4468d387075661583b048769ffcd
1274,Conscientiousness,good,g-8a5b387f20627754,discovery,15aa3334b53eedd5f15e0612e856d788599525a61bc6692dcfe3f178981bfa00
1275,Conscientiousness,good,g-4f62e2c75d68bb76,discovery,c37e3f2fb243b77320a66f77584248ca0bdcc9252323b1a4c968295708cce169
1276,Conscientiousness,good,g-a3bb04826ea4631b,test,3ce21e8e3d156cd888a5a2f0eb53a60823421f28656ea2c87e516f6e9d796161
1277,Conscientiousness,good,g-43335df44fd53752,validation,a7e1ce77477481808cc0f954bb89312fafccaeba837ae937c79106c59cf11b4a
1278,Conscientiousness,good,g-93192c8a5790ffb8,discovery,b8cc0d657469af76c67187f8e9aacd73291f36f132d57d70244eff07d415bbf0
1279,Conscientiousness,good,g-81dec78a268020f6,test,22f75958911f2d5ff275711843950af7546498cacc41093a1dc19090ee57eaf2
1280,Conscientiousness,good,g-9c12f8704c7e2996,discovery,8627498d5cf5fa71cfcc86389331ac00029ff761ee8b9a07f76f037ef1db7d94
1281,Conscientiousness,good,g-ea70137e85f0c79d,discovery,4bc0e953362a85ae401f215bdda3c11e2a6ae48f9ad184fba5f8f0e44d7a13dc
1282,Conscientiousness,good,g-8a39eea3b1424e35,validation,550464f6653502cc195b2b42d6b8fb2123517b9151029b3cf5e0936258cd0cb6
1283,Conscientiousness,good,g-cfaf1217d92569f7,discovery,65d58dc5dc91ffc3787d18b56661767f08a729acf57630a8fd1444ca3998d79c
1284,Conscientiousness,good,g-2e00798eccda7ad2,discovery,f320236fc79cc2b782d1ee7d089a482c9cdb12c9d84ba35e978bb94fb052c8ba
1285,Conscientiousness,good,g-624f8bd4f878a06c,discovery,8dafa171f63229525ebccc3ae4c08019dee43754b0bf27e43c05f12cd70f30ee
1286,Conscientiousness,good,g-773d5b5c08ce3870,discovery,9d0ae871bc6a1970318bd9037f2098d9a09256b60340fdfe2838c58c8e0d54d4
1287,Conscientiousness,good,g-96a2ce8601b91337,discovery,70962c59a866405fd130ae87f9ce1c46071991a44e25294be50c6b75145c0596
1288,Conscientiousness,good,g-24c222203b73a32c,test,cbb7f27eeb8796f563f8d2a260c117f2ed34b87fae3ed4fdbc62dcb22aa1cad6
1289,Conscientiousness,good,g-33568e54cabb060e,discovery,9a29041198d1cb70d0f18e01c617b0b89efc12640dd6a9c93d089411516addd0
1290,Conscientiousness,good,g-bb351a1e353b27d7,validation,3a0f9dd5b90f10a82849c29226be45c72bd4208770e3d12064dfb15303fd797d
1291,Conscientiousness,good,g-77370f9dc24dcb03,test,ff4245e3b1b8aa77e9546bf71619e1ab8f5c24db175545c038023828f0dba924
1292,Conscientiousness,good,g-e4838fb4c5111d04,discovery,10e49896f328b39ce5faf9887037b51dd1739ad58da8f3bf126160ba17a13c0f
1293,Conscientiousness,good,g-7c29489651797798,discovery,d3934445d2164c0ec9412d27b1425834c11c96de0f40e12dc435291cfcfd7690
1294,Conscientiousness,good,g-ef4fd4ccc2f68840,validation,9ce65532f51076ba4360e8e9a24100f731ce0d22ca0cb93f701633ea7425a5bd
1295,Conscientiousness,good,g-207763377852466d,validation,ce35f688af2b01cb8919e80b70f42a2f827b85587ed2deb40b552f42f6a4dcb7
1296,Conscientiousness,good,g-b7c6f0a0098c9494,discovery,26ac21d743ead7689810146ec114558101c0a9eddb6d7af804e4171f435e541c
1297,Conscientiousness,good,g-81a101a95dde2f11,validation,8685eb3f4211c1ba6c91ca8ac91aa97cb1a1517ac4299c9ef3bef3ee7d344351
1298,Conscientiousness,good,g-58dd370be200c6cc,discovery,41205eff40d4638846f404534478ec3de78d8e9dc729c5a73159de815ca4a15a
1299,Conscientiousness,good,g-bba08044edd02cb2,validation,a6ddac42bcbfeb5129e4a31f9b9ef29b9fc9126c8de6612d3e66e48d61ee4d18
1300,Conscientiousness,good,g-41e279f0e416dde5,test,4cef395550984bdd10dcee2d0f6f4c7791c98803264dbb393fedf27325065f69
1301,Conscientiousness,good,g-668ad3c0cef9f0aa,discovery,58c13c449de25ce8867e892be54efa85b4081240b2827182be39f50f15f415d8
1302,Conscientiousness,good,g-cf1e2b737075baa9,discovery,53283c44eb6bb83a29c086c7b10b1d01371d1b86e41fbb108e1d485377f6920f
1303,Conscientiousness,good,g-9297e9dd9b9ec0a2,discovery,9e838041bf77e5ed90936f3adc4ade157d9dc4dff15cc4d772d8dc213dcf33a0
1304,Conscientiousness,good,g-3a0d2902e0066540,validation,3f35aaa2dbfd348f16d88aefc3dccb22fea605efaecad03786afe4020c780580
1305,Conscientiousness,good,g-40ce3bff1cea835a,discovery,0be9128f3669b780fefc2c10bb55222e3bf7829c97231db8a66035a02e5d38b9
1306,Conscientiousness,good,g-806293c91809ed4e,discovery,03bc197c24c04e30c031ac7e41408607e2e0f40dcd77638b207a895bf7b32ddb
1307,Conscientiousness,good,g-2d8c4bc8e0af8fb3,validation,2c02a89e25e4b704d7b02f55676e66dc47974020c3c4983ffd9a9715e3a0590b
1308,Conscientiousness,good,g-febd5b4ad99b5da9,test,1f5a874152645a871c273851f48869165340a63f8f81b15d996f1d69f9d26078
1309,Conscientiousness,good,g-548302251cee85e1,test,2645cd20a4b9f276e964b6c812982c61feb696fcf6147d7e456757383dea958e
1310,Conscientiousness,good,g-d7ced7469b89f9f3,test,d98d1b1e9901b5b7788e5ac1f9241eec1d7415eb94b7ce23783b2b4bdb7a81f5
1311,Conscientiousness,good,g-4e3d02aa585719d4,test,5c3aeae815e59321d7e930ce38c7efc8593e56a11c0524b4ce247909b9d4e128
1312,Conscientiousness,good,g-8826be599c3383d5,discovery,b85d35a6a2c36c727f193ce255fe4cfaf9b43c39eb95c1dab751ec2201a68c42
1313,Conscientiousness,good,g-670de2166bbc7aa2,discovery,74aafc430a4a4ef8cc775c2958f05188e75b3148b84cc3d2cebb1f75f8dfc052
1314,Conscientiousness,good,g-6f88090c4443c463,discovery,6567001b2b7a2c695e0b38fde41556a96871677f1f2eeb7de8b1431f7962d94a
1315,Conscientiousness,good,g-5258fe246fc8a013,test,b27b3c90d8702582fafae889b70c11cfa34722503d76914ea68d7e892b2c1cfc
1316,Conscientiousness,good,g-8cd3e7de608df592,discovery,b43c70ae0e24dc51730d47e3e205ac88ee1a25491be8c6b50227780bcda56a3f
1317,Conscientiousness,good,g-1772b35442361db2,discovery,94a7bc0478cdd5d0d467e3752c70d1559625fa7303c0c5dd4e5327376c3a2cef
1318,Conscientiousness,good,g-44ab243512ccb50b,test,800edf79d75f9d4831c3ad079bd2d3b85f9775368e1984b43d4f9ae9f8f70a4f
1319,Conscientiousness,good,g-b04e32c1d1addbed,validation,c948791e9b943b3e5950ccb80df397488832681de476f9320a9ecf34860d1886
1320,Conscientiousness,good,g-8164f47c001206d7,discovery,c97c62498a68eae2d6bf4ab93313ef35144e9637cf958d211ec3b2ea74137fb3
1321,Conscientiousness,good,g-fbe575c27a136418,validation,24497e0b4e5a69863b59037763a29d38759e1ad33add979f57abdd474d12a3e6
1322,Conscientiousness,good,g-ba83aa0dacaf2448,discovery,9adc17a108c572191e72369d9ac51f241f54cdadc02fde5bc4892079d6a04d1f
1323,Conscientiousness,good,g-be3f1e181eb59dfc,validation,0c6a45709c13ee9f5f0637bd7e0972e5a7bba19db7c984d9aec7667abf0aee2c
1324,Conscientiousness,good,g-5c69984e4128cec1,discovery,28640a16f840fc1e4c7716d5dcdb3d1a58ab1ae4c1602648c71069e922e4e861
1325,Conscientiousness,good,g-fe3372c2d878b1d1,test,4e99804eae838000654933db5db3f26341f050466d8ab847beb9012864438ae0
1326,Conscientiousness,good,g-03250ad5d34ded3c,discovery,da7d3ae52bf7a9ea4512fa86113efde3878006651d6af7938397475de6330452
1327,Conscientiousness,good,g-5cafff22db9006c6,discovery,b6550347630920ff182b52e5089ca0fa185b73e5a52f9d5e7d347e89ef53c9ef
1328,Conscientiousness,good,g-48c4e8bd4b522b58,discovery,03fc264ef6196086eb72406f5504765ae0b23b2600b798f081e1f9953a6f6e73
1329,Conscientiousness,good,g-fd8aa466175c40af,discovery,009f53d10a88aa557bfaf0caacd0f615eb2c96a5f155cf6799ea6a9583a5704b
1330,Conscientiousness,good,g-08e6214d35c6ede7,discovery,f504787cb46b6d12c4e4b8d5abade474fb8ab5f2408d274fdc6f7d6d1d402be5
1331,Conscientiousness,good,g-564918622b0bba56,discovery,67497891f4aed5233334caec4fca99615978d2382b5939f9ed28ee15d5fc425b
1332,Conscientiousness,good,g-8107037c0480a686,discovery,d4c2b0e2feaa1075b0e87608b1af89f0d503425b7becdc99e5cd2255553fbf88
1333,Conscientiousness,good,g-8399154a303f04ef,discovery,031766222054ec91bc411c397276398403a3d60db7fe5c6e41df20121a2c2ffc
1334,Conscientiousness,good,g-4703caf25d13a9ab,validation,94cea9d9aa4670d60614e4f107d2b454bcd4bfc40de213f25ddeb5a0bdf654f2
1335,Conscientiousness,good,g-bcab27b515d8d466,validation,8c2efd1a5153e9c440843341979e4176f290df1a13f14cceee8d25771bf31b1e
1336,Conscientiousness,good,g-e5255a1e84f9bbd8,discovery,ef7b8b2e84b7c3dd17280a14ff1834005739c827fc6ac4d3b9aef51396ab117b
1337,Conscientiousness,good,g-7386edeb387a8770,validation,f26b743528c737d9c9f635a10275b19cbaf1560e147da0b835b9066732d1f1ee
1338,Conscientiousness,good,g-10eda7d4eec9a8bb,validation,d425e4d640a8653e48d44bcc4c3799318a5a487c6f63f0b975a0b4a4f11dcdf6
1339,Conscientiousness,good,g-d368c160e3a6e7af,validation,8df5e2bb4534b0fad749e52476c8d9f02700a04719609bec30e5fc4e92a91be3
1340,Conscientiousness,good,g-63e6b37d66c1c1f3,test,632d8118867058be25f98dc5152faa8b03592ebe6c0433a26fbf3d2fdc1bb2d1
1341,Conscientiousness,good,g-39c24ed9367e6884,discovery,e4738a40ee8a3f77cf4f802088aaffbac7835248dbe76f991fff3fb89ce9da98
1342,Conscientiousness,good,g-130352393cf1a926,discovery,2ac0cd1a625011d299287de200c6d2bbe8a46aa9974f26acd17e208187eefbd1
1343,Conscientiousness,good,g-8a00652b0269ef38,discovery,539b2fbc58be464ddc4a902e21d7ba4d46eeb81668ff291accaa2231c8150690
1344,Conscientiousness,good,g-8dc2b9c392daa41e,validation,5d6b6c2cfe613641a579fec780855900e021773b2b2912696ad6f7fda34c3da4
1345,Conscientiousness,good,g-3c464f01d14cbdd2,test,1f1610e6eb5992002534db1a6b0d5ed4afa8c20aff28757e59f9a25f74899e88
1346,Conscientiousness,good,g-346d01b0219f952b,discovery,2e06d3aa7bcd6092087d1ef3d2bbba759adaaa9a39ee994f4b8313564655fd65
1347,Conscientiousness,good,g-84e46d4872bdc6f5,discovery,a5f7ba4d04b8bcfcfcc789b431fdef8dc8a88b8ce60d3264735eae2649864b3a
1348,Conscientiousness,good,g-7d223278de54ad1f,discovery,4d4c7d0bf76bcd426fe51f0abf1c2240f4d4e8949f5a41c2397f5d40ac50f5c9
1349,Conscientiousness,good,g-c52872e495f97b37,discovery,9192be60cd30fb114fe3b88efee19f6aaa6013dd811c99bac1715375a5813a46
1350,Conscientiousness,good,g-dc8b8a1cec8e3f2a,discovery,d379ca10dcc22a5e9d2b95b02744fc3868b99f0e2cf210937be6c8a5eb36b966
1351,Conscientiousness,good,g-0bb7746a1842af56,discovery,9ceb6aa1a60b52b464f607baddc4c2cd990e12bb986a11c81a6f9a4f8ac15f14
1352,Conscientiousness,good,g-72738e5704711969,test,086e46d42f99254efe41bcb1f30ebdbaa4f0fde04c6e774ea1c00ba3e8937948
1353,Conscientiousness,good,g-1e2c80ef1e971270,validation,e95d653129a6376924083e132d988a6ae0007b690d92e686cae30fe1eae60f22
1354,Conscientiousness,good,g-de4083f4e5c33620,test,54d8d0893f62343a238732c3a02e36e03f6a5ff33ce894d534ead39be33ce6c4
1355,Conscientiousness,good,g-29c314cbf9c6f29f,discovery,1fb22062fa7d64d9828b6b6c48bdefc16b70e834268807df36801dd46c347dad
1356,Conscientiousness,good,g-e694c291d5b26e28,discovery,c32cb81f0b6e0ef0b09b332ce014f288bbd75415ffca765ce75cbda15e9ec1d8
1357,Conscientiousness,good,g-3ee01cb3bf8227c3,discovery,27cd18c86f23c1cc016fda2eb05d8c6ce14820f9f81f8d0b124550fe91982510
1358,Conscientiousness,good,g-b1b709ee5605dada,validation,72494e08873ee770a3673779df74a1bc3843141f01d002bdd788c6b4d519317a
1359,Conscientiousness,good,g-c28e2e7165ac108e,discovery,fa3e82731ca451c8f69ebe7ab1214381f297eebf1028f9331514728497aba086
1360,Conscientiousness,good,g-810bb7ae8ec1cae4,discovery,f78b3a0006bb6a424a5ad5e681d13aa49a6aad3dd1c5c859da324927dbb656ef
1361,Conscientiousness,good,g-be0dd493f4932e0a,discovery,8168c830b232164c34218d419f14686601034ee9ae0f6289ccdd2e243c37d672
1362,Conscientiousness,good,g-1581fa11c0269e5b,discovery,4dac88b4f5b5c7b496005403b752695be13db7e9607819706be92670ea4d1ef5
1363,Conscientiousness,good,g-a6a3d842f1b9eade,validation,8f24ceb1c1c93cb26fe1e693d6693315dbb9a290f69d780daecaee157e7f4c03
1364,Conscientiousness,good,g-569bde3db7812439,validation,2c3026ff242e79928c8858b0949713424aa90b0a02683faf2589e552e2b90d1f
1365,Conscientiousness,good,g-e5bc4c76dc47ac85,discovery,9214f1f2ee5c9891748665a3dc937f68f1d0e86c70e29a9df333fc29a10445ca
1366,Conscientiousness,good,g-71237331075c7ed9,discovery,b54414ee7fe19083d68b4d3d0dd322f729c0768b1ae201a368c5482236396e89
1367,Conscientiousness,good,g-0d9a8c091ea3f700,discovery,84feb487c5769b775a2a16905ddffd5c999b212534b88e73f10bc4440029c548
1368,Conscientiousness,good,g-39c78f5ef2d8a819,discovery,c0f6a5e034d85ee99adaf508ec80062879c309cad876e7534822970db2e15cb6
1369,Conscientiousness,good,g-b7d7046e8f84236d,test,55254842c02b10256c5257affce73ea83bb0b9618699bf2d70ccc0cf1be35746
1370,Conscientiousness,good,g-c7b778a657d3911d,validation,fab0f55d7e27db0bbbc6f2ae4731ec66e3b3f8f0f97d791d75f6790ab4b08798
1371,Conscientiousness,good,g-6e09471d01d382b7,discovery,0ea83b1835595842532a844b71371fa1b1e84dbbfda6b82439bef5b7d2c99ddb
1372,Conscientiousness,good,g-00d49265c9b6483c,validation,805da57a57d170543c77bca526b261f285320ea407ffa06b0667cb209d209d15
1373,Conscientiousness,good,g-f226d74ca779048e,discovery,0a7a3198949c17adbc48ad088ee27092588209f50343cf771c29907610af66d5
1374,Conscientiousness,good,g-223678dacc195e09,validation,b6760371f5beb0ae724dfd949059c50bf0ad2f234a8b6508ae27c4c551358446
1375,Conscientiousness,good,g-e42ace8a7e3e5bf5,test,987534a87fc16373f0451c757273745720113ce5ee07ac6f1cfb871f5af776e9
1376,Conscientiousness,good,g-5f0a15899a101f11,discovery,7b66f283b82a09a50f669d4dc0dcac3c9d2d82f131959396abc8a3ec3508c683
1377,Conscientiousness,good,g-27dac42c7323b020,test,dae166d0f6c81aeb8c18d1e389157acb8fbf04a57c28c415b545b03e21582e99
1378,Conscientiousness,good,g-56c439838beeef77,discovery,71bcd1f8bc35cff549b7473213887cbc40ffaaff632d7cb4988ee2d14a5bef87
1379,Conscientiousness,good,g-bb7036be360deee0,discovery,aa99180bd5a2516100745ba7c8ad08f3eee86b8a13acae6c8ef19bbaee5e8a84
1380,Conscientiousness,good,g-7e9e9396f4074c10,test,85121f255d64503921bed976e6a7b293f6d04c101cb7b95383e6d3f01e546fa8
1381,Conscientiousness,good,g-1ad4bb70e6f58f50,discovery,671749e759e93c41a7689e08b9b2eeedfdd084285daf1e797731a7095e764d88
1382,Conscientiousness,good,g-f0b0b717dfb51e3b,validation,a58fca3c49611bc5a4877fa0dd51226fa7737b629e79464203f2e1b1625acfc0
1383,Conscientiousness,good,g-c5f1bdea4b936530,discovery,107e223060c808fecc06deb02b04c68d9abb39dfe2d7732361c48e19b25b3ae8
1384,Conscientiousness,good,g-ed64a5a5322ce493,discovery,852f847eecd7780069750a514999c86fa97096d05f52caec733711df3ed5cecf
1385,Conscientiousness,good,g-6d2e0c91e4bb3d6d,discovery,00fea3ba560a4a45c1bcae84ea621d466536ebc6fab0a9902b55b4f85c6f66d9
1386,Conscientiousness,good,g-ef87134041a904d3,discovery,1e59e0e3af8ccc4517ae72c77291ad1f88db16e70e307973b8c00c9fbd91098a
1387,Conscientiousness,good,g-182d73ba0bfba37e,discovery,4596c27ea0c33e29ebc2b10db40ffe1416cc529f5900ce8b80091c7aeff80568
1388,Conscientiousness,good,g-7a48dcadf8f400ba,test,a29ec78c694925b925d07b63a438da44a6e45c88d067c28f5126d9f9c82cbd6a
1389,Conscientiousness,good,g-916b5e9642ea6304,discovery,e4b47ae505e903435f86d8fd6977ce9d8606b007732f1043de8b6cc34385cab3
1390,Conscientiousness,good,g-fa56d4aa404d768c,test,abb3f07551ba9e6ae85046e68917c77c9d8a4f0e02aaeea4902b06c23fa8d0bf
1391,Conscientiousness,good,g-5b4da1561d89c7b9,test,bfc286cacb2256ca4d66df184bd694fd035d4601ceb1757782e59a1bbc5dfd05
1392,Conscientiousness,good,g-4f6af370a1d6651a,test,f512a6ab27f11c20c233864b750bac55ef46fc9c7185a5c3fa846aff4b91830c
1393,Conscientiousness,good,g-b957462fbf46ac9f,discovery,1f1bcc985d923ccccd98b1f8c9552f7624367b9dce301f2672c1c4539ad129fa
1394,Conscientiousness,good,g-9c796ec0280ca5a3,test,efba115501f7ce627fda16e0c72b373865df96c1237c1662fa62feba3b645617
1395,Conscientiousness,good,g-06edbdfe6d728e3d,test,1a4cc8ef43ccc180778a2935826d2ab147d430d0b5d47d463626f8f81e8212cc
1396,Conscientiousness,good,g-950522942acf2e7b,validation,c4d4b4b2af6548ccb6ccdc033b33465f6381ded19e4d0df0d8e9866883ab7051
1397,Conscientiousness,good,g-e14f7ccb136b22eb,validation,8b494275eaa33759e2aad17acdfd735797ef80f1707aa419178a9fce03e9e1d8
1398,Conscientiousness,good,g-4acf9ed3962214b8,test,220f46f0379ec719d50085d66e618e19045ad0b7f434fe2fec14ba8287745017
1399,Conscientiousness,good,g-a7f688c061c9025b,discovery,5ad6ccb873b58fe5b8826bf6d250ae99c36e64474e4209798d2d0231d9e8968d
1400,Conscientiousness,good,g-865de291c01bb38c,discovery,67c7ae41e25a6891b8b49c56411e6006a2fa99a85e016a24eb4a1372d4d98cdd
1401,Conscientiousness,good,g-49a5a311460e9027,discovery,4382769f128774e1f22a4499f011ed5467d09cf8ed41d142876e3d244da69baa
1402,Conscientiousness,good,g-b4c769d09bacdcf3,discovery,81bb67ce617d2c189f0e89ca114cb4d43ec4ffe9ebba864a91eb85220c83e023
1403,Conscientiousness,good,g-c265bc52767e8fdf,discovery,f6f8946857e86d0e528b5efdb00a756fd8d9447e18ca63dedbeda16d4f545a27
1404,Conscientiousness,good,g-9882253a3b3ca4ec,discovery,3738cdae84353d1d4b0c878b484e51d479330521bbba78004d3915e5f6ca5190
1405,Conscientiousness,good,g-e58fcd3f61ca112b,discovery,85610c60d542b026fa23efc41f409b615b43378af06d98e2db1fa201be6ee91d
1406,Conscientiousness,good,g-f08d16dd56742380,discovery,395bf7d2899511918ab3d1bfe935a95deeccf52cc5649b3c32734e582ca3a698
1407,Conscientiousness,good,g-0fed190ab9ba68f0,validation,dbe192c31197a9be49afc08cd57bbd431000c65a4b43c15abcdc91fd0d3e9a3b
1408,Conscientiousness,good,g-4247ab641dcb4173,discovery,1ba08ed9553a2ccc4dc21f1a981d259f00c10a7f4afd529ff4631e3b387ad87d
1409,Conscientiousness,good,g-76aac1886e2666d3,discovery,992ae2b515c0d199cd9c8742ca92d565f18f94ab998507bd35cbb090839827d0
1410,Conscientiousness,good,g-ce57757325b4cffb,test,a4cfc606478a093a473f881af1faeaf73815cf1b4234ef08fbf54cfc125923d1
1411,Conscientiousness,good,g-59ed7d7bc1747e1c,validation,a4ebc152ea370c237b43cd803581af41971c4100e2e37ff18d864809867af307
1412,Conscientiousness,good,g-0e5a616cbe724122,validation,d60d3d41b11ab73f339f0e11970c8332da7b817132e00bfed275d50f0a883545
1413,Conscientiousness,good,g-7ad90dd3225be876,test,6250142cee410d530baea4d54ae41181950756ff30544c2a1ec7b467e8d24141
1414,Conscientiousness,good,g-3e8eb291f8fcde68,test,ebcf9bd043fe42791d074e01d49a55b8829d32f177d043b9d8457ac286349ff5
1415,Conscientiousness,good,g-cfe8440aa64db7d6,validation,1a8a45c6a7705ec929241cc7c9ffc3b11dbcfa32a3baa27f921b4b21e034a966
1416,Conscientiousness,good,g-c1192da77cf304ad,discovery,27b8c418ca1b1bfe076cde73ba4d5b5809b06153d25bd43e34bb7507642946fd
1417,Conscientiousness,good,g-54b52df8dd486af4,discovery,1f5c69f9c6dd3f88fa207479cfc3108c3caa9d481fe4632abe06cb996e2be225
1418,Conscientiousness,good,g-855a35ea028ccd1e,validation,ada2760bbbc1bbfbd982de6a0dd9f27eb4cefc912666ee17847c1367fd246b7e
1419,Conscientiousness,good,g-24ab422d4deea508,validation,74ba2766499009ee5aa7339ebd3ca095b5e549cebfacf71a5aa59a2e4387daad
1420,Conscientiousness,good,g-d7c2ad28f9a8d3c6,discovery,9e406c79861097afe080a48c5f8ffb559d31f20caf8bf53743c69a2d5f095b53
1421,Conscientiousness,good,g-c40b1c5676925657,validation,b02b0450de28fa28216722903f23376c7ef644c9c1f9d38354921bbe88c19140
1422,Conscientiousness,good,g-f6220e00ef5353a3,discovery,c47d41c1a913c27d779d7605473795987da9bf6fa631401fb86873d3e7073dd4
1423,Conscientiousness,good,g-45f4ae9050b4e6cd,test,58b7ccc145df3374700029f71925816c438b8d4804450cfa991d6d524166d7ab
1424,Conscientiousness,good,g-c63abb2cc2ff9657,validation,3b470e00ce07ad8e03f5b5a3585c2f63da0b50fe5361d99105788c59c8efd43c
1425,Conscientiousness,good,g-01f6a48e6f0b4e7c,discovery,112283154d8196aae422548f9857169fa334d65c4d62f3f7b78e2275b84efe49
1426,Conscientiousness,good,g-70a501a27df42007,validation,1d7883369bad9227f26e5607a306e3f19d63b330a9bd2861e55f3180e7dcbe87
1427,Conscientiousness,good,g-2da74ee2817b056f,discovery,53d56f9046c26d1abe1fe03284804af9e4b307237eb33cf9c8ee0e1fab643a32
1428,Conscientiousness,good,g-6e61cfa8a716c364,discovery,33f0045de5baa243fbb1ba550a6efa6d2c41a7efb9789c7e9aac94e5b2a11359
1429,Conscientiousness,good,g-5a489744f0e60449,discovery,6be378c71ee37864ad4e3d9a70c923ab22de6139c4a534a815632a981ef4471e
1430,Conscientiousness,good,g-e2aac888e338aad4,discovery,3a20637c17e5765ee6eb06cd6aa96fa9fabe591899b02edef488943b552b61bf
1431,Conscientiousness,good,g-f64e3b1eee968d15,validation,9f28b1c9c3030b4b9f3bbb7e9311b70cc81c74daebb67929a20a3b608b901066
1432,Conscientiousness,good,g-c43ccd44f90c7bca,discovery,6ff5238c3a2604d2e5ab12e8b1239306c8b8014b3288353353e9d479d56c5b4e
1433,Conscientiousness,good,g-7894d8557de6753b,validation,5b26bbdb32a9ac11bd4461c2e055d40b008fbe5674b9ce2ae4ecb9219cffb575
1434,Conscientiousness,good,g-1700c656c54f5535,discovery,a4bf7bdff446b62729a71b342c546cd6bd7d148367df36214da58d63f6a7ad00
1435,Conscientiousness,good,g-e48f9a2df6d08b5a,discovery,0c6cd68095030d575aa418e8e2d9be753aaccc253a87a663ac9f453710403c28
1436,Conscientiousness,good,g-c583aafff75bc384,discovery,55b74bb448e84b767af1948f01acbd97cab2f690bb6d4270fac30c67574cac05
1437,Conscientiousness,good,g-c6981b383d5d405d,discovery,868fd9c0b0f2fe5aec0ce6f73d7d3515df13d4eb7a5ed279ea129e09b654af3c
1438,Conscientiousness,good,g-d75808aefbf60520,validation,4858d81d4b849574e36368df70a592d4ed4eba40968ff14ee83d83b5078fc004
1439,Conscientiousness,good,g-aca03740cc5ceb99,test,3f4c03b6aee0a1f71a3cd963ff124a74f3ce3bf32dd12ffe31f88510908fe543
1440,Conscientiousness,good,g-c0b0ed53ee9decfe,validation,b2a193d589ff6b70fd74b12392d0bc9f60dc72f7ee0f552d0f372af1bb9b96eb
1441,Conscientiousness,good,g-13c17dbd7bcce4b0,discovery,5a930aea93ad6a01bbddf44d31cf35887abd67e188ba6379878627b9b826b19c
1442,Conscientiousness,good,g-b30870b0f48d1036,discovery,15a65e4a96d898c9f05500b86a6a080517dffb4af296bcef8c27227dcc179a37
1443,Conscientiousness,good,g-a3aee863cd342116,discovery,fc1e31e0cba507456e142a1227c858893dc7dd1f83054a1d25517c40576710ab
1444,Conscientiousness,good,g-5fe5bd762629a8a9,discovery,7556b1b4234313a599d5795d3488703b22420d1cd7b87c94b1821b54d1803f4c
1445,Conscientiousness,good,g-734cf51332842839,discovery,1ee0cf49896656f729ab885387a3ef01dd216fa365a243569f897973d68b11c4
1446,Conscientiousness,good,g-92537e6baf330ae4,discovery,3c097cce939d490ce6708fc8244c6863228a1c907f0ac8e2e40b8dd65e3a9aea
1447,Conscientiousness,good,g-bcbac022ea8de0e4,validation,557256bf525a6aeb0b40d5d4f26eefdf0a26d4b7d3562947abbfe1a138711fc6
1448,Conscientiousness,good,g-6ea634f64a763b6e,test,81cc86a542d631f69fc72d911f7a2023b4d38a248a3bb7793e79e6b1822b6a2b
1449,Conscientiousness,good,g-c05ea744b2ba6022,discovery,e0a9600b535769f38b070e0d6fca96f5a68b2c0526f06b012bf4dfbeb1990b77
1450,Conscientiousness,good,g-815f5b1762555fae,validation,8dde58c1bdae04b3a1c9b3277bbb65986267ebd5c87dc09682a4ea27e01a819d
1451,Conscientiousness,good,g-1623c444d9a12264,discovery,846be8df37a7c66bfc739071ea07d140adbe17fd548aa8abed31678e8d414954
1452,Conscientiousness,good,g-bf4449c8431195d7,discovery,199fec9cabb1fd14bff8e3e8247cf868d6b0479e912a4c1d0e21174d833e8ffa
1453,Conscientiousness,good,g-9e31aa1aa2ea564b,discovery,7d2a21486f2cec6f9811a1a7577861050c13fc7db6c9c068b8169a07866a3bcc
1454,Conscientiousness,good,g-5338543772ade0aa,discovery,903f798a333b05fa8508f6f2ca452e31885c3e14b3329d5d84450c3e50f5984d
1455,Conscientiousness,good,g-a659c6f7879caad2,discovery,aaee97ce89bf04ebfda2a8aedf010c3d2df2c77e1872615ee574340938ad37ba
1456,Conscientiousness,good,g-f0769a814322ffa5,validation,6dd0d402036c7ab3d83d20f57b7f4ac11fff342acdab99df6fd89bb1c2d73c9f
1457,Conscientiousness,good,g-1e8f0748ad0545f3,validation,eab902ebf183edad16de71cdab7f018e84b8a0fd70c4695d8244a0032ef4bb61
1458,Conscientiousness,good,g-3096a08125c0ec55,test,6a07bd4990f5dab47875d35032942821539730c10e16da7508904f18de893c4d
1459,Conscientiousness,good,g-61fd2cc9fb8a5421,discovery,8ca4bb2cb19bc970b60d0a5bd60e7f2a93bbee58ceed6d980c673f450672975f
1460,Conscientiousness,good,g-ec8bd72e57cea921,validation,ccdbaebc0d3bda826af0ef3f8167173b46f4680773539cd9806d5fd98e4db6b3
1461,Conscientiousness,good,g-bf06e6407c3f4d82,discovery,72beeb3520ee95c44b7519acca3407de2d61c2a71aea5dfc4b7b968471ad9228
1462,Conscientiousness,good,g-60e313c3028fa837,validation,8cd2733c7f412c121b2074cf2ea3eb3973a16a2c979d83462df44ddabc0de504
1463,Conscientiousness,good,g-d5bb541e4860610e,validation,07317e12eb535d2eb6e1559ca86dbd180a95f6ee888ade7e9682a6343bde9fcf
1464,Conscientiousness,good,g-37e12e0808cdee8b,discovery,33ac952485f4ffa2552e2d4f6c08585c0bfbd90adf53c608b47be4b597e3ca65
1465,Conscientiousness,good,g-36f0a88ead5a4a05,test,af16e873c03caae6a75d0c92233db8b31ab75a8eedc3447fe3a7018ae38a6af0
1466,Conscientiousness,good,g-2641758411aa44c2,discovery,0f928d29d2a8e0deb79f3da4945a1cecc6981fd96782b56cf1356660a2ee8b46
1467,Conscientiousness,good,g-a230abb4c73e1dbc,discovery,55c54adb5fcc18291140a84f67a9f754936222991301de1cd68c740c1018282a
1468,Conscientiousness,good,g-d7a6dacf37aca6ec,discovery,95243807b688129e7b4c339a89d86cb8cc0154e01a9b5f020618dbdba6a4d99d
1469,Conscientiousness,good,g-c9cdb6d7715c9a08,discovery,87d1718518a6f79819b5444cb6850493f1f68b893f06f65d5e800435115fbb3e
1470,Conscientiousness,good,g-b208dc65da95f4fb,validation,5918058c7832ed48fededffb087f82e2def846a458e0d5dceac7739a6316dc15
1471,Conscientiousness,good,g-2b19fca551e90904,discovery,c23a0a45f13d3a2294417bacf8816c6ff8155048f3df2abb8d97e2589780d772
1472,Conscientiousness,good,g-0680ec6039cc2a2b,discovery,610fefff6a2f416ae9afeb788227b627a81369303ec79f65173df0fd6ccb5eb4
1473,Conscientiousness,good,g-96d886919b8213b5,validation,9f2616a24e0f13146246925bf76ce980172d09745634611b53ae29e6a566db2f
1474,Conscientiousness,good,g-80443d1284982428,discovery,30ad3426331abcb475d7a909c6c61bb7d8d2bb17999da8a11aadd023c6964041
1475,Conscientiousness,good,g-03206ffe82bf2b60,discovery,53ac42966a7a52997351006d76386466f6bf43b4cb3f17e70040736571d0dafd
1476,Conscientiousness,good,g-a8221b6f274cba3f,discovery,325204090f6cc6b87a744e8308b7282d643fef0bf76368859e7152797a3569af
1477,Conscientiousness,good,g-d77c702e0d9ee301,validation,7f954ae712ccfb4ed578c07174ae3520878c0c0841e26829f3ac045f3318aadc
1478,Conscientiousness,good,g-9440742afe95147e,validation,b0a13582d79b356b49c68bc482cca53ea26160e90787156aa5c291701305346a
1479,Conscientiousness,good,g-955f3c3b3867779a,validation,7de28aeac391d5834adb96841be74affbf147aa043efa58c890912e8e274cf29
1480,Conscientiousness,good,g-f8e18982e553f15e,test,aefcb062752a07bcf554ee7778953a0cf8999ed824786dd148c98f6e29945c5b
1481,Conscientiousness,good,g-160ba36c5019f5d7,discovery,f81891d1a5f936478f2054c27fa9021a682e121a261165b77cea2f95e033cf8b
1482,Conscientiousness,good,g-b3fc91db30ab1c75,discovery,763f3341c9d6f4e54dd6eb32323034c800341a39a07424952aca3414dcc70b14
1483,Conscientiousness,good,g-2c21587cc19c72b1,discovery,828d79bf0db92022f9cac79cb0d9fe38a1251db7fa66ad2603379946ad365da1
1484,Conscientiousness,good,g-233cd0b61ab82348,discovery,a9d1a85f6041b106545bcdcbcdf70850eb57e6476d36f6de49129e38469d58d6
1485,Conscientiousness,good,g-b1ecdad04630d8a4,discovery,bc7103eb90cfa4c9b9387dfd3afaf7fe184e6b6a463d56cd61c6ef8d7e0c328c
1486,Conscientiousness,good,g-514a644ee14e37b3,validation,de24f9c14dffd81f092bc08c15abfa90ff6e94230e6d26d4b63134575462d707
1487,Conscientiousness,good,g-8891594f74b9cbbc,test,f014045913aac01e82743826241a3b99bb6f5f10ea5c1226c4b4d80d2525ec39
1488,Conscientiousness,good,g-0f567c9814ea85a3,test,554c0b062a77341eb1e8c0d746ebb75141c5ef9c1a1444b03089853c63737314
1489,Conscientiousness,good,g-3fea7d8e3ef6efca,validation,520b0ec390c352fddb125f36d04faa48a512222a0c1001d6c951b39e8d37a1ef
1490,Conscientiousness,good,g-de5e442c7c13d651,discovery,6394ad24777a80a387af9800c5dee60888bada5f30e166c1afca6b335fc958b2
1491,Conscientiousness,good,g-a01e6f9b9bf67cd7,validation,94f4d4309846762aa567756bb97503e55ed5c1535d0a874c72506b491baf88a0
1492,Conscientiousness,good,g-7d02487739780075,validation,f5ccd0bc990ed638a9e51e34688cf7a8da7ff4127dcd378931742b93a37613cb
1493,Conscientiousness,good,g-6a358702798faefa,discovery,675f86f54b2174dcb60b5446ca3c353a09d9a774a6823c685504cb1a2c8752a2
1494,Conscientiousness,good,g-57dc770617ff6777,discovery,0f9867c4d943144a843bae17c1042bb5e7ae1ef99183b7d63c14c48c80b147e9
1495,Conscientiousness,good,g-52b1d3d829779ec6,discovery,122477ae0400656c4591777d4de414d7688ae28338c3ab66836525d71afffe36
1496,Conscientiousness,good,g-3816e6fb540016f1,discovery,c1150dc857ff3e7c521a86088a8764c144c6c82ed9dd673192fd173b484dbbb6
1497,Conscientiousness,good,g-c67a835ad93f2755,test,bcf913ac400bff5b76236fdd1b855ce2606192f3670de719f8765d3d23a96380
1498,Conscientiousness,good,g-88ce3ea140c981c8,test,d7a972a54430645b70f5515048a1001cea70b52e9889e4daa8e49f49dc3d9096
1499,Conscientiousness,good,g-7e6a34b31c36d9f4,discovery,f75e38da4f85407f61debe8ef415ff7c9200d7e80d06ba33d73d177d4a250a8a
1500,Conscientiousness,bad,g-349d7a3692120d68,discovery,b675fbbdbf8b2b355d4ae34d2afab45c70946b3d0c72a4ed65feb00f68c96461
1501,Conscientiousness,bad,g-a8582b0be5a6cac6,discovery,1e0ab3ad063ec498f0a145a6eff06e08433f155e2a2686f0b9655a1eecfae64b
1502,Conscientiousness,bad,g-8c55f82d9c02da77,discovery,9bc4705580ea5c86b35a949e4175ce6d4cd8e4849220c480e869434f7afe61ce
1503,Conscientiousness,bad,g-be0fbd4adb5691c2,discovery,1937b8667214e6281106cf1bb864fa1d84379346c60603d877ca84863df72180
1504,Conscientiousness,bad,g-6d19f89a6b34d52b,test,49899ccc230c78f317d2d6b6d488e06bd3d4268492626e45fe369f4579f3c451
1505,Conscientiousness,bad,g-11aaec2d20355c74,test,513bda66089615e690a027c556665e09cd38fb44ef4003b01727ab4f289dea86
1506,Conscientiousness,bad,g-38c09c12833d504d,test,ce00b875718244bd2014263e6090c9490dcbb703c8c345d31437fa8b68060794
1507,Conscientiousness,bad,g-a839f689e9b2da56,discovery,43520b7bfe2fe77facb8aed999b83029c4b6706c48c5b6224e371c9f7a7b8445
1508,Conscientiousness,bad,g-a4ea7fc89f5959f3,discovery,9bac4bc1bace7e0707b4fb9b819c1cdf4b0ba144c406719c83fa811810efc5c8
1509,Conscientiousness,bad,g-9f4efe6d4fb790b3,discovery,598ee22f180a8984e5883d0b76ddf86150a74e7f2dc9034f370924fb2dc88e10
1510,Conscientiousness,bad,g-4cbd87f1058e8930,discovery,5dd1a71b363a4253dfa6ec4f10ed1eeea05c3889dd7e275410cbb5e4b948568f
1511,Conscientiousness,bad,g-0ecd453c20368e81,validation,070b4c5544e7da676dffb197ddb397c0421e0cfb923116f6ed6c4258e23e5579
1512,Conscientiousness,bad,g-38eafefe23259800,discovery,21bad337f781680d1cb292cfd4608dc1d81c74ba3d71c8a211ab310f33930c18
1513,Conscientiousness,bad,g-f04b9d0e112ce8aa,test,8b5018b0f6dd878f397615c43c912b13f213d4b6d7a5d747d111f878da435d48
1514,Conscientiousness,bad,g-90942d384d61c1f7,test,607514925f9d1e65294e73f608602023fb0364c3dc90d954ad9256dd0d12de7a
1515,Conscientiousness,bad,g-bf8eb40f47113d2f,discovery,c5c2198d9d66f76c6a067fdcc34621fd6d579c81aaed1bdf7f090f3a5a1f208c
1516,Conscientiousness,bad,g-fa004cc648fbc48a,test,204e8c7b584dd5448aa997f8bce4f79b7bb81b50e7acce7a3ebdb2de99a7bf28
1517,Conscientiousness,bad,g-f4b072b56ce64641,validation,10004ae2c54d3108945be88ac60e1da7c217d5702873cf9aa16c4dffca3d0122
1518,Conscientiousness,bad,g-70b72ba0f571f437,validation,1718008de0592824da348838527119e67b4d6d0f2f382e1aa757644a5fe3001b
1519,Conscientiousness,bad,g-96e5c536e1b2528d,validation,bb853d345ab0bd9ea0db300c7ad1e7a237b6fab25ec616e7b5694d78b2b84900
1520,Conscientiousness,bad,g-2af746ee29db1b1e,validation,a9d8099b0e5a8f296561d30552f37a7ea671d272c8bd7fe3843c2a26f6851ff8
1521,Conscientiousness,bad,g-19e2e1c00b0b1ae5,test,e120b8a5f17cecc9611d2baf654ddff25c6989856e64c782c6d40152b21e84df
1522,Conscientiousness,bad,g-7e19966e1f8c4484,discovery,0c60b916bdd83e6fad4656d2caf99dec28905b8c7ae1658290d09cb8ed002aec
1523,Conscientiousness,bad,g-0c57cf8d435cb342,validation,ecbe96adc36b48d559b1927117e6e3d1da01253bcb60b140183fb572a650b8d0
1524,Conscientiousness,bad,g-cbdd00c08fcd013e,discovery,2968863d89071da05ef9f2b8693abab16dc44f85838c55137d82e534b29f3a9b
1525,Conscientiousness,bad,g-bddc178d9efe8081,discovery,f3618403971e136641ddb0a2b5d6782c023412a719a92d38e9819b9461bab82a
1526,Conscientiousness,bad,g-d2140b39ad1ecdee,discovery,20591873523c2c573623cce30acdb18aeab4f3a3e8f1a4e4acae67d4b11dd90d
1527,Conscientiousness,bad,g-4476316b935d4898,validation,65001c04aeae5bfd397c4127152d0d14f8f6cc1e1a9db59a034a1b6a4b9aefe5
1528,Conscientiousness,bad,g-6aaac4c087a792d2,discovery,d3dae382c0215bc2ddf474f10eadbbe0a49dfd3d73d252a91b54c29aa447efce
1529,Conscientiousness,bad,g-6acac42caf3cd7f3,test,86c67255b6863df98a741a857aeccce3ba642a28418f44312ff2062c90d5a77e
1530,Conscientiousness,bad,g-e92808048fcb652e,test,5a146e6dbf82200c82e9711acd81e2c361b9d0daa58ebceb7b4f3cb46d672502
1531,Conscientiousness,bad,g-4b533c32052578ad,discovery,3e383f9800de4f8473817fbabbbdbdb13b451f57cdb3b56f49c4a9d7a8dc7ca8
1532,Conscientiousness,bad,g-3b0f5f26793a5117,validation,4f6b9a9b3f4711912c41f4781b3199f118f7e142281fd40263e3bebd06b3b01b
1533,Conscientiousness,bad,g-4f973960c49bcfb6,discovery,06e5b30c3aed9463a314b4ee1f537819d11c277f2ff9c18ae811295a7944bdbb
1534,Conscientiousness,bad,g-a85fb1e7d1df194a,discovery,4c07624339936a3209045842758315b436d7b8adeca12cc315b5a8bd8c4f0319
1535,Conscientiousness,bad,g-f871daf976560eb7,discovery,4b432e328d7c34b0abbf66533f7e91e71a863f152eb6af741f35d786a541253c
1536,Conscientiousness,bad,g-d782bb7473be55ba,discovery,243195cdd20befcfb14674eb0aeb9884b457621603f108d66f9801840ea6bbd2
1537,Conscientiousness,bad,g-f6e9710dc54e7c53,discovery,46f06a2750bb844702ec309c3fa1ad4667864b61bd84a114ef5cd70418be457e
1538,Conscientiousness,bad,g-2fa3d56ddabc02d0,discovery,dd0f6d717fe69ca1d4afa9912faff8fb0710396d49bd006fd4667c4371633243
1539,Conscientiousness,bad,g-216c86b1cc473dfb,validation,f49413616c55940582fa1f3ead2e36baaaab7bf4578e56635f898a804cc7c38a
1540,Conscientiousness,bad,g-5ac5d1f68751a044,discovery,9e743ed54dc30a1ee0ef96555d7b7880a157d783132d5f56a72a92699776a836
1541,Conscientiousness,bad,g-35ff254354fa182d,validation,3354b44d90033561168b83288c07b5e4d64824f8107480526af5e72b4980fe9d
1542,Conscientiousness,bad,g-0a1e64d331b807d4,discovery,5cbba3df94ff175677978bf33684114b66df28578a13f36e71f6e40fb3a6bf83
1543,Conscientiousness,bad,g-0d9fe59fa779b07f,discovery,d02599aadfde2dbef3eed958b453609edfd01a2deebf08d6bdd79a69561ebdaf
1544,Conscientiousness,bad,g-cbf325e6ecad18ca,discovery,fb4084fc0077e42d16f934fc2233c5886aa38e01768f65bc30991dc07045722a
1545,Conscientiousness,bad,g-63d6010454bb2db6,validation,471fb343129fa34b5e6f10a3af4d471df1db778297d0a0adc04dc6e2f2bb7068
1546,Conscientiousness,bad,g-3ddbeef7ce1f51f1,discovery,5be8dee99f3e8891c44256e67201eb9e2c0d7008d05001180d9413e15c567eb1
1547,Conscientiousness,bad,g-3a624e684b720b56,test,8d4b66defc9d96cfa4ab74376c3a56953420d8e6a386da6cd0b73e04af807aec
1548,Conscientiousness,bad,g-d34a6f1513a30a7e,validation,ec344344cde0c81db5b68caa0cc77c7e869a6e6ed60d02f9ba4df7739678bec3
1549,Conscientiousness,bad,g-73b3ac050d9734d0,discovery,39fe7e1fcb9761092deb260b083558db9c1d02d2488c212a7d0e22b4b36c4ec2
1550,Conscientiousness,bad,g-1fdb357c11a0e8d6,test,bcb708215464a12dacd7b3403d67dfec11e622398f1109a8b4f04c3512a36908
1551,Conscientiousness,bad,g-3f439b74e823dae2,discovery,509aaa08b183105f5c075d01111756a8ebbf52693070f28a4f6900d5c350a918
1552,Conscientiousness,bad,g-6d98c368d8831cff,validation,b5cbadfef18ae20817df4d3b3f2aac5459aef14b8eda3a1eb85e3291edb2ca53
1553,Conscientiousness,bad,g-bcfeb3c57618e47d,discovery,cb013c33ba0888a09a52a317363eae2a961da110da4839afce8e78392d7e251a
1554,Conscientiousness,bad,g-6c83575942ad830c,validation,a89107cd12c090b213dd5144db1a4cb3690db760a2ec45f58e91edbac2687647
1555,Conscientiousness,bad,g-42e2346c76864655,test,eedcd5e0981313e30dacc8621fb9d7a38f3b41523c86e97249b8038cb8cea6ea
1556,Conscientiousness,bad,g-27759924a5f32b39,discovery,7b8e6564a1e79c1f0b626f98a67ccae0b5fa1cafc2c4ee0f39467ec0589bc4b2
1557,Conscientiousness,bad,g-2c24252556d6a711,test,aa25fbddf636e4bc572cd809ea97495240563d7a4a2fc2f5cbdbb2baf859f936
1558,Conscientiousness,bad,g-0840ff1592eb8bf5,discovery,00f94d4f24af20921aea1c71ffdbb31521d082c07be3acdbe42a9e7d5a43bf25
1559,Conscientiousness,bad,g-d847d308767049bf,discovery,eb14e4c3362cdcafcdc0317de6b354a07a975689cc63c1a86dc3a301377ec958
1560,Conscientiousness,bad,g-a50e987f79413104,discovery,c8c9ba1cb8f136cdc3c7689cbe00680b9a1d4fa2869477cf5704654ac6609ae7
1561,Conscientiousness,bad,g-2c798054649bd812,test,b47c8ddf32b6edc321f4be8b13e34ee75ae8908deee0409df735572d516f3d03
1562,Conscientiousness,bad,g-fdaad9580dfcec1a,validation,7dc99860085b4fe5187bc4c93cd7e33f18fbd067d797768d54bf1fc8633b85c4
1563,Conscientiousness,bad,g-99a83aa5e96416f0,discovery,87537ab21c4469f0d5b74b9e141f7300744a51a1f2f227caad60c11edcde879a
1564,Conscientiousness,bad,g-c012dc10f05facbd,discovery,e32ca77eacad827db2030e559bee63882061b97bda1bb73ea3d703a41d2572e4
1565,Conscientiousness,bad,g-6a0aa7dc9f4dd184,discovery,24f1dae155805d61fb3c86e213e1772db8df8da1f1224f55992eb1ef73ae8a6b
1566,Conscientiousness,bad,g-a88bb25e17d8d126,discovery,19fd7e3d514304cd106a7753b7d470c2e0ce27df79ee0ddfd026f9c25183ea0a
1567,Conscientiousness,bad,g-ddd3ff6f03d4a377,discovery,c920f28b7ffcfefdc72739f5e8f2f19dd334bdbb55f7dbbcb5a2a0d392d6261a
1568,Conscientiousness,bad,g-ee19a8a080f0b4d1,discovery,809b07d969cc347446d76cfbf4804b090c1096b2dfcf99d9779facd2cc7ca98f
1569,Conscientiousness,bad,g-9f0df88ee659c981,discovery,8cc86c50d98a89b29429adde7dee00d680a6d41007efe1daa4bccbd1e973d36f
1570,Conscientiousness,bad,g-409e212fb4bf9888,discovery,1543e8cc3fe0e643bcbdf1deaccbf6da26e23c093240190b2df7a1d8eba05e6a
1571,Conscientiousness,bad,g-a680f214b68b3677,discovery,9eaf3e042bf5e89d1b942df2263d58d052dd4645625dafcfaa7c3c9d514bbd5d
1572,Conscientiousness,bad,g-6e128fb89283465e,discovery,c894d2ed67f4f21c87abc6847cf567b76782b35f79738286bad2b47fc9fba46b
1573,Conscientiousness,bad,g-701a04bd678e43a2,validation,24ced5f85618b3d20461548d1c8a815690fbb68e9fbe952b6b2b0c2a295ab9ae
1574,Conscientiousness,bad,g-2988f3a2e264653e,discovery,c67513eb0654d41485e5ed1914833fd62a540917be5bfc6086e35b2c2118df30
1575,Conscientiousness,bad,g-13588939e0f4bfa8,discovery,066efff629bac9e73300c9a7e20d54cd9184242a6ecbf87554d26a42b105ebed
1576,Conscientiousness,bad,g-f3202e20e1673afb,discovery,b850b0e574b03f981c11fe79b5864b79d78fdfd599e75c5840239b4350c347d8
1577,Conscientiousness,bad,g-3d2647cc1939cce7,discovery,3c5c222be58d95bd2c0dcf9becdf4180344334377037d3fab8a0172115e18d1a
1578,Conscientiousness,bad,g-e536594e3c08bd5f,discovery,8711ae6ce8ccdb9ea5840798bfd05e071dd0a56fc5f9d9e5a96f4b5da4ddb45f
1579,Conscientiousness,bad,g-7fa01af75a8f4a61,discovery,6a40a136d2d03e9fc250f8c52f9c5165cad318a28166a204ba0fcb2e5df51875
1580,Conscientiousness,bad,g-31e2f641baad2a62,test,9a830bef033e4c0278d0e224aa36b6697aab33ba535a63c048a71707e7bdd855
1581,Conscientiousness,bad,g-9eb3e3d68be8c1a9,discovery,9845f7a8cd47293e0cb9bdac3dd214983bea358182dcbef9db81177709819d26
1582,Conscientiousness,bad,g-f6f636a2d5a35db3,discovery,48dbf8881e2a38400ef6329af55bdeeff8fc595f320e0790a59e30b64ac98b85
1583,Conscientiousness,bad,g-8ae249e9e86444b0,discovery,dca32e975263ac7d5d01c5df420c73b6639087fcac9fb74aab4891b4728fb964
1584,Conscientiousness,bad,g-715e1d9e5de6e9cc,test,ab2fbee9f2cb27fccd8f42ed69a51108c86b415cce662463b07e2da14c9820ef
1585,Conscientiousness,bad,g-93a393f116ae4ccc,discovery,d943a7c2566dac5664cb127d3fa25e41fa22d6785f3935b3f0804b4344cad516
1586,Conscientiousness,bad,g-cca106b6a05d5418,test,35240d46faa9da09d85623ba9d3fe50c09348e4dfb3b5c70b2170f0498418d37
1587,Conscientiousness,bad,g-4e0e61dfe73d1281,discovery,b7b7749ee9ab23089116d54f80882998005f8506a01c9fb5aaefd98fb6e4738b
1588,Conscientiousness,bad,g-6e5e3c24b5f86aeb,discovery,54f74bc4a5eed523b805b5a0bf05a8322ca859a4437347a70f6f96ad4755971d
1589,Conscientiousness,bad,g-8674fe12b24c1cfb,validation,b6bbf3314d6a694f63e0787a84528988717f4e906e0e08200d40838763b9a7d2
1590,Conscientiousness,bad,g-b5915ce73c619e2b,test,098ca90c753a775510001f65bb02df9c19308f1119dd351c4c8af4f1443b07c4
1591,Conscientiousness,bad,g-5ed57acc440cd6da,discovery,837e11c6e3b03da34d60acbecb9c567a2da9b86dfd1a86febd03aca88e38898b
1592,Conscientiousness,bad,g-b9e969090ba55e24,discovery,5e3bb5b7f765f54888e465acf3c4eafb3115eec5ffefbc8bc2ecdefce350a9da
1593,Conscientiousness,bad,g-8e3be967bf5e53a9,discovery,f3f7c23dccbd4da5f6be700d2f0d9c3a03f3c29f8a707ed376c5ad1c902bdbcb
1594,Conscientiousness,bad,g-d6463b148197e4db,discovery,bc86b0870b228b7dc7e2b60409508edd2a92e7e15caf7ee5ed9a0d3ede283bc0
1595,Conscientiousness,bad,g-b3331cf14c75372e,discovery,07f63d363e6305096770732bb3b1a7ac0476ffc86f758e4e387a9dd782492ccd
1596,Conscientiousness,bad,g-5e677bf316e9bd8c,test,4945cbcc0df723914be6eafec5fab26901fef40599a11ff416e5045ac483d9a8
1597,Conscientiousness,bad,g-2445699f1fcd142b,discovery,27800028df397673da63075b976fc6df97b36bf0bea0774ad56097c9eaea7306
1598,Conscientiousness,bad,g-aff55d64983915dc,test,cb7a3b72ba2fc5b16e2ebf04c2ed013b7febc011a528050d441c8299a144700f
1599,Conscientiousness,bad,g-69168bd6ff28945d,discovery,079e9eb215c4c9561268ef512a51d71e315df3be47a5e6a1e04bf71cca7d1a1c
1600,Conscientiousness,bad,g-e78ee0842d36f2b1,discovery,3e40e28ee17c0ed79966413d07cd2d469712c9a035ff4dd7c60896ed5c1ac22d
1601,Conscientiousness,bad,g-191abb451fc1a7fd,discovery,1075f81caacaca42647d8faae0f752a780a578ba8cf76c9831ac17678dd834d8
1602,Conscientiousness,bad,g-3a7cacb0a0a4883f,discovery,f0be04e944e2c45a97c42c843eb6df1de5d52221cecf8e737535a5049f13174d
1603,Conscientiousness,bad,g-90d6f91684378d7c,test,61827c89f82c0105af903bb21aa9e5d7efdc074c43647be73e2d9a7356721719
1604,Conscientiousness,bad,g-7aa04ea17df3cddd,test,056e6d4b7a85ee881feff61325d0e06d9b8c3608b22c978ed75c0404100621fc
1605,Conscientiousness,bad,g-e0bb2afa5bd92cb3,discovery,f8c4a6c2032114fc115b6b8d1ddbd0b0a9ca41544267f750aa8a219bee559e72
1606,Conscientiousness,bad,g-f2bf5c2de0b367e9,discovery,5fc44b4d8fd4583b4433315f8a02eeefecc4b62afd75db432dfe96525f860eeb
1607,Conscientiousness,bad,g-83c11acc1141f179,discovery,0fc0d206e574bb6b2ba54f62d8f22ac39408518131bad4f3a6ac206a372385b5
1608,Conscientiousness,bad,g-5cba1a76193c0126,discovery,6cefe0c18a2c38321ba24e7a6f7af734a9cb89aa6e54d9eea042fea58fac8556
1609,Conscientiousness,bad,g-6023439026aff82d,discovery,4840275e76a8a325dd638d78c7803b39b5147f8236edbda8b8d54d98350a4cef
1610,Conscientiousness,bad,g-44a44a7378abb420,test,59505a13ca9b8db141b5ba9998bc400fb7d25e94f037d9ad020f7b3d2589e2b2
1611,Conscientiousness,bad,g-5d70b09732833501,test,34f06a85acc2dd13bf8e1c4abce318dc46fcf18476e5335b47ef314b46074eeb
1612,Conscientiousness,bad,g-756f14917db0ded3,validation,a91156f66deb49c7b023b1e59046b6ed9af168e48aa2053215b200f2281e7d1a
1613,Conscientiousness,bad,g-80c8b23278efa3b4,discovery,b856cef8ba63f250d24d2c87f3b736bc2f2617864d5e70123d715d8d0167d9b6
1614,Conscientiousness,bad,g-c10e6259f8e7a630,discovery,53114c2414cb1bfdd05e5451440983322efdc393b48b369b38774885006158f0
1615,Conscientiousness,bad,g-f468d8a30abc3d81,discovery,b54acb9afaae7914157fd183073353acba053dba951898ae9bc55c533322fde9
1616,Conscientiousness,bad,g-aeb1af13db5015e3,validation,19c3500eb47699d598efa3917ea788457398d949eeaa543849baba42b4fa0df1
1617,Conscientiousness,bad,g-2f6db6cb1a8d8ef1,discovery,e90212414c53fb2a1f9d7ecc343b01a9a71d712b2e45c45f734e4573d1c1a2bd
1618,Conscientiousness,bad,g-ca648194a013a35d,test,8be0dfd89f1298a203d5cd5e61b77f99095a9867918d198635cf3a2afdda4093
1619,Conscientiousness,bad,g-262b336dd46030c0,discovery,1daa164d441eb2ca510008723e7e2e4c0aec9f7d1d19fe19e27048f133ac5ddd
1620,Conscientiousness,bad,g-a9366cfc77cd4533,discovery,620ef32de7238e04d0f02935f461b2f3277474705de4ba097bf47c1cea449b34
1621,Conscientiousness,bad,g-5577eb55dcb0dc10,discovery,c6354021098d77db922acd7d260a2d9ae17d04cdd99865b01bb6eb7dad817c41
1622,Conscientiousness,bad,g-e480d73e90beb610,validation,5d1483c856f38b034f811a3006d6ea2989bdd011b8410cc7c7cd7836f82efb31
1623,Conscientiousness,bad,g-0c0c824c86d3df40,discovery,eb2719eb171ca497a3588d4efb3e5958a33ac19552b7ece9d3342f7c4c550383
1624,Conscientiousness,bad,g-a87efa59664aba77,validation,cb187c67bb955aa45a9993e8bf9c9a5e71bb7575963a26c20f8c8b551a959040
1625,Conscientiousness,bad,g-aff7558a67d7c6a9,test,26ecbf337e88caba0c41dc68b0565754046921d212df201355d82c7e5db19165
1626,Conscientiousness,bad,g-7312efccc0d3e42b,test,add90b8cd8a4002f56b754b4746f078e344671cc59331cd8729204124f21ce94
1627,Conscientiousness,bad,g-6182fe83e778add7,discovery,34d2c8a8f6f50f5ad51d939428b03c182019fe10fd212d58d11933ac1267e70d
1628,Conscientiousness,bad,g-6eb4a41f03899bb6,discovery,150666b37765c6e6ffb642db93e27bfe50e43e8aa78f568d4eb6c796f10db3b6
1629,Conscientiousness,bad,g-c36acd0f36a2511f,test,83fddf11ee20aec0d1d9b5022ae9e778852114ae296ac93383bba0c63d8702b0
1630,Conscientiousness,bad,g-86de8fed9244f349,discovery,64aa30737761816c2ee628e06479586685f324a592a33867abbd7b9f916d5464
1631,Conscientiousness,bad,g-e016e65b0682f242,discovery,a4a5a78eae9b36996ade34c0c1303c7d1b87b008bc6c0408eca9706b6362f5ab
1632,Conscientiousness,bad,g-572e6eaace8d678e,discovery,f120f23b9b9e2fce84f8fcffcaa851729ba002699f313bc9c16ea4555c4155e9
1633,Conscientiousness,bad,g-f922a02685a7a667,discovery,9a4852ea1a91fd24a6088cb91052bb5ce971d9b1ef9bd8d29cf791ddfc817685
1634,Conscientiousness,bad,g-195a96adc4e4b228,validation,e05f02a3f22d926e94ad4ce2ed68e35a3d2bc0277517667af648e5e55c8904af
1635,Conscientiousness,bad,g-f9e0722a15d811b9,discovery,0771b3f4da18681bd8f55ae8f340e13469d57c41dc85ca86c3e326197c0ba796
1636,Conscientiousness,bad,g-314731ea10030522,discovery,60700ac8a42cfe284bf810f3efd3c44a9051b141415956ad7caafc5510f26392
1637,Conscientiousness,bad,g-1446490ff649ba30,discovery,8a9c23e09d87458f20049585722631bd0c91106049c387c2fcbd0f27ff632fc4
1638,Conscientiousness,bad,g-1bc0fad5013d0676,discovery,a19403e8319ac11ea4865a38400c5b0719df4efa8d64265a2a8628adb646d811
1639,Conscientiousness,bad,g-036f9b79b7c09703,validation,2c6a3d701e9d7ed1d994d975bdf65768c657fd1aafae91cc19560e09d3eef902
1640,Conscientiousness,bad,g-be88fc44571ed0ee,validation,d11120a8ab399287262ae72c665b561c1dc8ef8d00686b161700045cf2ee3f7c
1641,Conscientiousness,bad,g-5e1f09d89da8536e,discovery,b322cd09b0ca88a76d09a982c47397c641c5ae1c71b1296f42486e0a42570f7d
1642,Conscientiousness,bad,g-f1c250601758caa4,validation,d27c1b7970cbc98c1da5abb3bdd168f5ab5a4f55f0153a6be43cc2bff7e909d9
1643,Conscientiousness,bad,g-fb4481df75db4e32,discovery,bfc3961ec51255de161d17150be274b5031ac4e7e66b0152d0736a72ef68b54c
1644,Conscientiousness,bad,g-0f616e74813e8767,test,f4d989550767fd1c804cc87d36d82b7248b9049510c0558632ac7d9fb0cefcaa
1645,Conscientiousness,bad,g-f8295d67ce68f162,test,f836ec0bb3777afa72da2a59c9b3140f6a0bbb2c89c65a12add00d4a9ac6e2fb
1646,Conscientiousness,bad,g-62749a68e3e345ba,discovery,fedc7d41ecd37a6a6609fa98cd4ad3bc35a568fc77789f3823cc6195549e895d
1647,Conscientiousness,bad,g-9a55244933fb7267,discovery,846b2f1631d409993a65f3fb476c6c9d0595b4e545c58fead0dea78b7df1d5b3
1648,Conscientiousness,bad,g-b2d8db5fdc3f241d,test,33406aea182b95fb8477f869e5a031e8d74ae7780347a78b9d0dd2544710fa14
1649,Conscientiousness,bad,g-1cee335aac7d2e72,validation,e34521e644b6fcbcc0b975480b93a46a792bd52187c39171bd5f8fcdbf534015
1650,Conscientiousness,bad,g-48374a5f30ba96e4,validation,2edcbc8262bc67febac0efebffd866a036e156e636525a36d719a6e8e6997ce9
1651,Conscientiousness,bad,g-2ac0b2662aa041dd,discovery,278bd0a487434300e1e97e5a7cffc72ae6e708d0aba637eb9f5f532ed862e598
1652,Conscientiousness,bad,g-ba291865646d2996,validation,20e453d4666d6d290cade5119a15a7e37ffcfd780db350f9e8c2047c317d0e2f
1653,Conscientiousness,bad,g-d1769615693e536b,discovery,7ade1574b03a7c3ed0311001275c2fb46f4b344d02b751b83475c158696d37b8
1654,Conscientiousness,bad,g-d1a6c95e79b4dac7,test,b43fdf33bc8abb0925c04d81ec912c1859e6f097a647e593aace0c585c735314
1655,Conscientiousness,bad,g-29086f6f8088ef63,discovery,8277ce215c329157d288df21b84d772327538a7ee62acf6b0563cfaceedeb105
1656,Conscientiousness,bad,g-f598941055cea62d,discovery,8e8cd8b93d4c8c3c9083e9992fec52021f809c568d61cabde30b51e9752ac31f
1657,Conscientiousness,bad,g-8bd33166b8b9b2f1,test,300106a30b071c639ca14f76a2431e28d423692382707828c8c5006780f6a640
1658,Conscientiousness,bad,g-364266652280dd7c,test,6db5940a281ba7580432c3b06efa898ccb3c4eabfface52b05f8e284eae1759f
1659,Conscientiousness,bad,g-b08ab88d7929ae3b,validation,6fce4f8ccbfac7537bff1476b95cd5aee2486ac6e88467fa1625b24669444c2e
1660,Conscientiousness,bad,g-99b4aecea4b2c140,discovery,9e3f03bb20102f9ba900f2352d65b5f5ae188ab0658afa744ee1d4548e372ea6
1661,Conscientiousness,bad,g-30c14c03931fcf77,validation,d9bba0407b08a784009afabbca6743b0c0af40806849cc970eb7cf769d6fc1a6
1662,Conscientiousness,bad,g-4719636daa839072,discovery,75308ddfdc44614a9a6f8a32dbe28dfac5eaff1fe36ce744636db7bad1c8382a
1663,Conscientiousness,bad,g-aba61c0795b1cbb8,validation,35d4fd2ab805deae786405e4f0313df3a555e3d7295be16702a37efa2a910b99
1664,Conscientiousness,bad,g-c957738e5282f1d8,test,bbfee0025296245f6253b8bdbf1993d2157d538f2d0285632f4668343425bcbb
1665,Conscientiousness,bad,g-f2e06a5854dd683d,test,64d4014dc82a8d46a18521f2cf5dd9a4452314336fd3b813af4d1b5d8834341b
1666,Conscientiousness,bad,g-e637e17bdc7b7531,discovery,31614d2de7ed135e1941289821baea4e6517d6c6a96040033e83300a2b36f14d
1667,Conscientiousness,bad,g-4c3c63706537489d,test,ad16b1aed567bc59854eaa0984c24cbe94f0114d5e58ddf8108c2ccd409dc9cd
1668,Conscientiousness,bad,g-4671277aa31d9692,discovery,41c3095bb42bea027a442a1c9c37fabd338be60fc2b4279a2f8a4a728d47ad7b
1669,Conscientiousness,bad,g-ed56fe39c73a5037,discovery,a505832e10f63289a10013846cece9527a8d0e7fca038bd3d6954a73bddbd8d7
1670,Conscientiousness,bad,g-3659cacab05527b5,validation,8f3ac3e5483f1b7166a4ff397b0b889c1ccf5ee5b1772be86bc19f3165e41b6e
1671,Conscientiousness,bad,g-83b930401ae9717c,discovery,83cd1472df5b06204f569642d4260affc7a68d8ea664ef7226c6ff80b3627787
1672,Conscientiousness,bad,g-3d86867c2ae89fd5,discovery,5385ac4ffd5a1be5c196a7a9a97c092451c97cbf935f9698eca1bd902b223973
1673,Conscientiousness,bad,g-1510168f12182ea3,test,4d2b54917d8a9384087251de7bd1f7dc07730110bda421dba63d569081b9cace
1674,Conscientiousness,bad,g-975c6445e95895c8,discovery,de592c53322310004ee60a31927453590e3e1a86acc32a8399682f1be87b2823
1675,Conscientiousness,bad,g-bf4ac6ee8fec3f0b,discovery,e0a004c2b09a75f1f5c8913ba41ea0f4181dae6ae9dfb686d0bccdb7a11c7b23
1676,Conscientiousness,bad,g-07ef58d11a046213,discovery,10a03a60cb5b7508bfcf3e3b8420bf229500b298769231934ac0aac6b3275700
1677,Conscientiousness,bad,g-bcc0fabfda414ec9,test,534fdd22a978dadf080b9c65a37dc7f0709604be55479d2b6d64bc6cb48d9932
1678,Conscientiousness,bad,g-a3737c28deece38f,validation,752a66eff4958b35fea7bb18026c38b19714e81ea9a08c29ce8883aef7252d6b
1679,Conscientiousness,bad,g-27901e3e21548e95,discovery,005149973bc4f8a31b1f075d04063c0105848babaad8c0bdffa3c1ec05ac14d1
1680,Conscientiousness,bad,g-65301c2e6f06bf5d,validation,739b50213dd6e4bb35380d78346db675e3eb454ebb9babff62a1d70e9316e3cb
1681,Conscientiousness,bad,g-fbf6dbc7959bd6b6,test,0f8d2242fcd7f6eb80d9749b397bfa58cef7be8660d3ff8657aa4fb1f9e7bb51
1682,Conscientiousness,bad,g-670d01018811bf95,discovery,d3e45e979c0e49d5274eb857f408100164f44c2c6d89ea7b0b368246dd758c1e
1683,Conscientiousness,bad,g-6339fe1309b3508d,test,3a64bf94b0d6550407d07129d0441408de942eea0c55d7b998d0146bbf5bf02a
1684,Conscientiousness,bad,g-1776e1429d801220,discovery,fae3414dbac0afe9be821c817110cfcb6b3344a02456754515b494ef41926a82
1685,Conscientiousness,bad,g-c67c8386ab699ddc,discovery,817a39cb057859d5e2706e644d2ecff6f656787fce0b179a26588e405ad2decf
1686,Conscientiousness,bad,g-e16fee2d972457c8,discovery,e00ee1503a2ac258cadec62a22df2db6cba6506f96260be5786a92c156dd460b
1687,Conscientiousness,bad,g-bb70375b423ffc83,test,fe3732a08177361d800106376e7fd146d01341c33ca5f2c874cd0bc5d011847d
1688,Conscientiousness,bad,g-ddb85182285db6a7,validation,79fd4bbc3ea1c0a27f0a5f8d28ff3ee5c76f4948641732b8e047449af365a571
1689,Conscientiousness,bad,g-5cbb9b4c8182127c,validation,77b3455034ebfde4f5b7fc2087998822547713e782981a635887f0ffc6c502de
1690,Conscientiousness,bad,g-d23db2f18ebec870,test,18212169a6e93ffb2afa06d62a2487c925481c8d84b53c1245567de1bd5ac3e3
1691,Conscientiousness,bad,g-668001b6205c46fe,discovery,2fe3a39b6826127823d756130b1bf0c6265e8f311b20d4bb511fe5309cc2c009
1692,Conscientiousness,bad,g-c90fa685413242fc,test,6fb88b38b8474136938b41f2f31c568c07b074dd3ccf790799d7919bfe419c9a
1693,Conscientiousness,bad,g-943ea3b1ffe381bf,discovery,a613c21cc56620b7537712beaa30573ba7d989984a2c03b96e7985287857ffda
1694,Conscientiousness,bad,g-2ebe855f43ece34b,discovery,3fa077f77f939c37fea36b9501a9639b8627646291860ab9db8be84294b03a6b
1695,Conscientiousness,bad,g-c674ee0f31fb4e9f,discovery,e8c43feeb72e3dea799053f3f3db280cbccb2c08c9b8f768240cc4dd897b6336
1696,Conscientiousness,bad,g-e1db96308899f83e,discovery,5debe41d23ea8116b9b1a11254fc0f970223a7f13d8d8276aa9ef331f01d30fc
1697,Conscientiousness,bad,g-2664f195716c9f8f,discovery,2303bc4dfe232542d8afb6063750b2738fc49ef267719c2858507e51ba57c1f1
1698,Conscientiousness,bad,g-585f70d905dded51,discovery,d9891d3d23836dcc66edf0d12218e14f1fa144a9c74998d0dba5d74fe8e8dd0a
1699,Conscientiousness,bad,g-223dcf0b6701cfde,discovery,ca9878d8d035af6cc7f8dd3e74f6a561a7aff914d290dcdc13e53062f7944b35
1700,Conscientiousness,bad,g-5844b95825686072,discovery,3e7fb7d99ef55f792b13af311646f5e65360cfd0279e4a03392ccfcd464937fa
1701,Conscientiousness,bad,g-48d23d23294d875b,discovery,01b74bc99cebee27f311e3c7f7082fee217cf1b75f5bacb45d3b1e528589c43f
1702,Conscientiousness,bad,g-a5ac1cfb1c943e25,test,bca8565b7542c5152edc312530875487f5aedc5a677282d7d75ce400052c72c6
1703,Conscientiousness,bad,g-93279371e40e494d,discovery,0dcd3092785bab21d51f15a845b9435f3af174ed6b5d2746b0b7bb96f7e2bdb4
1704,Conscientiousness,bad,g-b54736126fbc70ce,discovery,9c573bd021e4c7f166042d82508bdd2e4a3d2f25c37682cee8f5b18d1baf3ae2
1705,Conscientiousness,bad,g-9c3d51dfc44f0bcd,discovery,c2503a317f3f51fd749ed64e1af4a8bf4c4b6c0cd1707636e657d2f789e21cb3
1706,Conscientiousness,bad,g-12e0942f43a2bdf5,discovery,702834503715cf110bca181055b4a9d8bc106f42e3da9505cf30567b0a92806e
1707,Conscientiousness,bad,g-623dc46a6b2cd04b,validation,0325ae1602a4e4a9c6c208d3186148a6c52a15eec65a00a31e1172fba3f8a8ca
1708,Conscientiousness,bad,g-6bee7a01e44baf74,validation,0b8983b5f1cc99c6bd42a2777abfaf4574306110d0c7310a208af459bae9837f
1709,Conscientiousness,bad,g-3da6e9267824d598,validation,6f802c2b235247043d47100e791906f02968aa2d479ec4c61e8e5f099cbb7244
1710,Conscientiousness,bad,g-42c43d2df620113f,validation,1d575fca9d583a81d3770f5a2103e2283fafe5fe338aa4707732d8712c507548
1711,Conscientiousness,bad,g-2cff9f391670ffe9,discovery,a60e2eccbfb902a6c7b6b1c7b44812a55c8afef8d2cabe260f572b1134b4cf8f
1712,Conscientiousness,bad,g-33af1a23e3359912,discovery,892aa21d9dc6f034ce4a15407ce6748b815fafc667d617b85ba7f0d0ba472961
1713,Conscientiousness,bad,g-e07181a0aa15640e,test,64fec4ad28f68774cabc6b3121c8179c59432669795f17648a7332b5828923e2
1714,Conscientiousness,bad,g-5f4eaed5819acb39,test,17385a05ef1fb9394de5c5454443427a19534e679ba6b2f5e87a941e91505eed
1715,Conscientiousness,bad,g-df7fdf1e5b9abf5e,test,7c543808a1441f8c46426c0a513d9a3d6483dc10fb28e5ac1a75452bcea07d15
1716,Conscientiousness,bad,g-2587eca7859a680c,discovery,5979f5de890a9a1ce36f34e4da1769a169289aca6f9cf68640e24600f4f00a7b
1717,Conscientiousness,bad,g-ad9dc6fd63aad700,validation,b9f4035ddc273906d4187a8cad1e1fbba1572c7ec5c8ae5f683e816ba6d0dc02
1718,Conscientiousness,bad,g-e5769d1dd7cfefb5,discovery,12bfaabf64682d8e854fb30caa78f2c876f47af29907644ab119cd614a9d0e93
1719,Conscientiousness,bad,g-3aeb032bc1ab1375,validation,02e95e8b0972f612614d7ff32b19fc4af826094d29892f7b2877d8f77a55645d
1720,Conscientiousness,bad,g-cc461dacaa421498,discovery,adc8f16ca7d41177c1f565585fd6251c6dd0515a4f31694d66e30e9436090432
1721,Conscientiousness,bad,g-fde903c49caad5f3,discovery,37c8c64f190f959b81a045a663ceaad415b3474ee073b8875615ddcf95fdd69b
1722,Conscientiousness,bad,g-f9337cb3f033ddd1,discovery,557e39b84c747afce0871c879c594a18072fd098c37e62f7d268094dc4d63eac
1723,Conscientiousness,bad,g-3010f79257acb577,discovery,b1f7ed6dfb11fa44592d9cddc9ac9d74a685293e9f16c15ff7a51c067815bddb
1724,Conscientiousness,bad,g-5f6f864f7bdae049,test,d0557ccf52b76d0ba8373c4bc056d367526863071bd4bd29e1b1b7d5d2644a25
1725,Conscientiousness,bad,g-07a1a9af2d383855,discovery,124bb89d0d7a29951409fc61cde2c3931d98cce45496b7f6d423f75b5b46f39d
1726,Conscientiousness,bad,g-ca226919eceb9779,discovery,93194fa06321c5e5e843e676ce88aa3b66d37b4f9cf6e25109879927cacd8424
1727,Conscientiousness,bad,g-06bba3fc1168fe58,test,db4ac664106aff1dd01714a5c5b1cd17bfed358c9bb35aed053bde54f1b8fab5
1728,Conscientiousness,bad,g-6c0a547b17684e90,discovery,cbc321b4468ba1c2727bd120dab603ed92abe1b2a9dd3c961fd2c83ff3248076
1729,Conscientiousness,bad,g-98378ec7417ad7d8,discovery,7ec641651964ae11844f33a4947cee06c92f6d47b3a8ddd9efb94319d8a306dc
1730,Conscientiousness,bad,g-14196c5fd1b592f0,discovery,a3c7ae83ee9292e3c9e3a77903c62845514c7646eb9107fe7f224d1651b8199b
1731,Conscientiousness,bad,g-d3eb76d0d895f824,validation,96d15db2955b8e88a28e76ec24e284ac8208ad9ad57a343b403b9bef08cdcc2f
1732,Conscientiousness,bad,g-c98c0a4f6e15c855,discovery,16951645f348d00c2183b963f7091c8958776ab29161d2538b23a218e9994e05
1733,Conscientiousness,bad,g-57e77352e57177a4,discovery,6f7fa77f14c6e0c4dd38d82934ac563db9e6e7e3c9244562697d62bcb19c5c09
1734,Conscientiousness,bad,g-939032a4e2adbbab,test,f3a75300e154663fe81289ec64f2679d66c613c4f093377de61ed17f579c4ce8
1735,Conscientiousness,bad,g-091d154c4ab045cb,test,5eecd0ceae03ba94cfcae62169ca656c5ee2f6c41ad8d7170c8436e45d8fc589
1736,Conscientiousness,bad,g-b6de30e7f022e172,test,ca722c6c35b63d4c36a3cdb5411dead9d9ebcb2bdd1e72a870e2e867ad543e6b
1737,Conscientiousness,bad,g-375bcce07bc4b48d,test,5a2440f855680509b88ecdc0e1f4f4f22cd26ce3ea89b885b89a5fd5e023c6ea
1738,Conscientiousness,bad,g-1f661906ec8073cd,discovery,f785f6ee10b1c5bf13d6d20862d4b24552509cbbaf0566e70ea8ea7dd261db47
1739,Conscientiousness,bad,g-1689bc04d764fa51,discovery,75aa6eab11fb066934d82fc07c2d8f8acd217a3dbc31dd5641270d66dba8b214
1740,Conscientiousness,bad,g-191aeb687a5fb273,discovery,08d4ee3715dee6820731bccd285371722e209c36c23c0acb960e978d578d3d1c
1741,Conscientiousness,bad,g-b334aff7c48bfefe,discovery,889c05379e8ee86f13933de0c8b717cd6b224ee4d8ff8f47bfd8170c3d4032fc
1742,Conscientiousness,bad,g-3ce341daac3babe8,discovery,b210c79c311e858e9adf2037fadf7423d9a3fca1ac6a4f90fcac55ed5757ebf7
1743,Conscientiousness,bad,g-8aea4e6db4a9eced,validation,4dda33fcd83518068b393d9239e7ed9f039d7c936dcf92d35944caf78d50eec7
1744,Conscientiousness,bad,g-bd5fbc4216000608,discovery,c2e59c0bd5135f4fa1254adf5ef4b128087e671da4a97509f49ce01ad90a949e
1745,Conscientiousness,bad,g-9fc7074b699d7c21,discovery,70855888fdfae8da28090f5e6d2894f366a4a610b2f18e7127ee5cd0e4136816
1746,Conscientiousness,bad,g-3c94e3ccde56e00f,discovery,1c8727c0cd797a188e6f14c1e7a4ba2575fbbe82fdbe561ef27d75ac3adc4062
1747,Conscientiousness,bad,g-bd2125a1b8a7fc29,discovery,ef5ff4b034753f2a4c9cfcc5eb7b6de0dab50e31f60388c582baa306961888b8
1748,Conscientiousness,bad,g-11612d5203219920,validation,e4e8734627e73ddb46598916693b4b01e71ed1a0def5112a104915f637e62922
1749,Conscientiousness,bad,g-6c15675140b70b8c,validation,fca6b65414a36f07f82b566d7ea24abe3b991d0abaac5f7228032dcff644a208
1750,Conscientiousness,bad,g-10dca8b1c706361f,test,0b808a566253932d15c3436bd01d9d6a5c32e60f187fb2a3562b8ead6c9e9c15
1751,Conscientiousness,bad,g-bebfc7b0c32cbc91,discovery,9d68cfa01e1830c3237087d6aadfa6fe1f39f1ba1b74e58b9cb7aea74d8ca582
1752,Conscientiousness,bad,g-2b884665b49db8fc,discovery,5dd0fce6261c8b21d9c4c2cd2a33e43d9196c2447e637f89536d5a77d4522dca
1753,Conscientiousness,bad,g-4414383ac483542e,discovery,59a7171cabb90a0ec3a89ce3a65884a9a840f93363398e45316e9355f9322853
1754,Conscientiousness,bad,g-7300f78b22100a81,discovery,6873871fd281d1fc40402eb388abdf341e109c082b521107de040ecd4239ca86
1755,Conscientiousness,bad,g-55275df37fef8510,discovery,0c4fdbd8fd532f9d3cbc7b41ba8d192491887721cb7e47c319e9f4be07831212
1756,Conscientiousness,bad,g-4eb6c8a3e5f8d7d5,discovery,a28162c5abb32f53dff42f824d49144f16babd06a8c5c75b316842d7616d061c
1757,Conscientiousness,bad,g-dcb1e263df2006ba,discovery,49b1356ad0488d3219f15b09770103eb9d8c835a8d920630c504f4f03673d2ac
1758,Conscientiousness,bad,g-4189435a3e84f5f1,validation,be7cbd51ba7202eb54d3319331c7502aa2a814e9cef0f5854925448e629ba559
1759,Conscientiousness,bad,g-6fc16247d848c27e,test,dab80ce6f7c0138562c7e97b57a6f88809508c176e8ea2aadcd10d47fd3e5dcb
1760,Conscientiousness,bad,g-45bc5dd9c3bc6b9a,validation,908974b145b3fc175ad5716de853f162bce8c00a255eeb11d74f32ba13dbfe97
1761,Conscientiousness,bad,g-6d1c62ec0894575c,test,443079ca9da817543b4914dfd63a151c35ee9d9454d4e06926493131576367c8
1762,Conscientiousness,bad,g-63960e93f151dfd6,discovery,da13e984502ae8f044024dae1a77e481c426bb067d465959a5b9b37822a1ee49
1763,Conscientiousness,bad,g-a135a71dd6b45681,discovery,d2d9dc5ab0796dc1d348927b9d01cc0c64e58c2d658ff0c81ea67947a6348a30
1764,Conscientiousness,bad,g-4c1ac5e08a6cdc3b,discovery,9c9dde448391eb02e43f95a36f4b93768ef3093a55028345067a4d48e94500b6
1765,Conscientiousness,bad,g-a8ec0d664759113d,discovery,25989c1ca94d49dcf66641339ad8f7074d58fec623d67c3d50dab8f5fb59a01d
1766,Conscientiousness,bad,g-bf23d349113a7d10,test,612831cd0b1adc9aab35fa534429c67218c187f308a78a1153cf351979a42311
1767,Conscientiousness,bad,g-ea4d023ce9e28663,discovery,5c8eee98140de757da304c037074d79de513f368c58b451c5f4eb2e35612ff91
1768,Conscientiousness,bad,g-a6f4173e5471719e,discovery,7905621fc2815bd9cbf0cf4199463a2da03017623fe1e5a0e24fd3a0e2e334d0
1769,Conscientiousness,bad,g-7baef617ae311e0c,validation,aa1b4c984e560270d6181097ed819d84be0f2e3ed91a6bb0bfe5329fb6a86dfe
1770,Conscientiousness,bad,g-7b0b6a2a518e5fd2,discovery,63069cb46c6e164ed74bb8e8ebcb7a325dbce04795ec24c325e109ec21e33896
1771,Conscientiousness,bad,g-63600a4853d4e8f1,discovery,a05abcd2451dc63404a55c0619317c23b198e44e869991c278710c174847e4ce
1772,Conscientiousness,bad,g-8a47dfec8a3dd8ae,discovery,b4ad45b6fce1d2a5385da439a563a8a8b406794682b636726baaeae060716e4f
1773,Conscientiousness,bad,g-b2dbffe5b60301b3,discovery,b643ddf7a561e8dfaebd32208b41ecf9d832bdb48547f4c0d87155c79ddfc4f8
1774,Conscientiousness,bad,g-64d90e5ed92c5262,discovery,3e14b6f4abd456cb3069eb52d4a5e551d144d85e154744ce95c6829d5f3540fc
1775,Conscientiousness,bad,g-dfb08531b31169e8,validation,7ae41c04a3187635fbb149f80db8ab7641a6da167fad58789dfbebdd18ea7104
1776,Conscientiousness,bad,g-d3951b6571450a11,discovery,bddc92b52987ef0ba734ad7ec8842afa542de4803bd3d5620ca1ea3914f6b91b
1777,Conscientiousness,bad,g-083d295eec22f098,test,12ee0faf80f746429861cf2dedaa6ab92d5ffc23412b90b7b12fefa9b29223f1
1778,Conscientiousness,bad,g-47859a18e256043a,validation,200515f24010d382dbe35f5c01d7da327cb150db203d145bbd39f420931b91dc
1779,Conscientiousness,bad,g-d06014844ad4b5ed,validation,d6ee250c97f114ec2084e20f2400bc18c62c9c98ada6bffacb06ea75ec852d8e
1780,Conscientiousness,bad,g-73947b7886178d3c,validation,8a3c8d619defe88fa6846a6b40b22618a710bd91ded18278f0c4d33e1c2915f4
1781,Conscientiousness,bad,g-337686309f05e31d,discovery,7493990dd5a831d63a302fcea5f787e9f20c3f5000076849daf9278e94620761
1782,Conscientiousness,bad,g-78429823953ee0d7,discovery,37cdf63a886de5a78ce4182a72b49b10ebaa3798c6bdbbdfb2d57b24f36609c6
1783,Conscientiousness,bad,g-489a9565650ccffd,validation,ed1b583af5d248d502d47f8a4d6acb460b47270b902e3e25cb85e1baa8a56b1a
1784,Conscientiousness,bad,g-98fe17693190e047,test,4d71d043af49139aa4c1fcacc1ea1a9887cd493e0da4ed262d5cf451c3c56dcd
1785,Conscientiousness,bad,g-7f08d31ba1aa6967,test,6249983df1dae75ddaf36b5656ce5b61a34a400965b402b94436f46e0688087c
1786,Conscientiousness,bad,g-eb94acd8167d80d9,test,5405e9d85a2194dd4254a27b80e7d43283f216065e25299cd4d3bd77f598170e
1787,Conscientiousness,bad,g-124367b7984a94c3,validation,60004386476c082491b56bf8b50d491349c02a7a5a98195aad119e093f8552c8
1788,Conscientiousness,bad,g-8f2f12adce5ec37f,test,6293cef31f3e867ce98a10d9e8601e554ef213454f3dabe0468d5111560273e1
1789,Conscientiousness,bad,g-5e3e43b2e9c933f7,discovery,0e620817f554e88350b4657320ef7d85633ec02629cf9ac8512e34437364a11e
1790,Conscientiousness,bad,g-e8274635e4486684,test,0f284174b476cfeaa36db4352372beaa46395d0d8b054955e51221e953564265
1791,Conscientiousness,bad,g-b2ac84c9d27d9455,discovery,1624ba2ae4312494bed459af3b79ff1ba8c150a249a83cea91e721ecab4c267a
1792,Conscientiousness,bad,g-7631f2c79ff0aa1c,discovery,fc68ced8083651e3fc0b87692180eef069318c9b7d21f80c858913b83cdb667f
1793,Conscientiousness,bad,g-3e9fe664da274bdb,discovery,eb2f7e9cd0b30da5909c1902d6bf7a2a40a56e9935313155a45bb4385d1870e6
1794,Conscientiousness,bad,g-8ed75d7508eefb2c,discovery,3f512f8eaba9a2ada17baadd014ab709d2046e2b30828ac46c3dff38efc2569d
1795,Conscientiousness,bad,g-5c71606ea5589d87,discovery,6f32742f35c9f64e94bc7eead669379dbc8eb6ae173eb7fe04dc4c6324456b40
1796,Conscientiousness,bad,g-4132e1d85761ed93,test,e90acaa5b93db49b9eaf4999738be289241bb0cb348f35c5881b45ebfd722e3a
1797,Conscientiousness,bad,g-d86f0ca8ccee709b,discovery,f26d257a8c000438adfb01c62338fe1a602f8e311006e002cd3a45f7cbc62c61
1798,Conscientiousness,bad,g-3ea25aa7047ca280,discovery,c445d32eaa00f406c0b5a7256a2bcaba493a002305e053048cae52dcd7f3a8ea
1799,Conscientiousness,bad,g-86b44bce9143b89a,validation,5a0a82f4e9f9c6c7fbf51a1a7d3562002403ef50565f143661873555a1d8b6e5
1800,Conscientiousness,bad,g-9e5cb48e864bc854,validation,62b40e9613256299f0d6ad7a281e2b5fe47edc552c8c4feaa174205fb79800bf
1801,Conscientiousness,bad,g-d3e9dfb50060d4f3,validation,3811a51c22a536aad7b8e4ffb1b50c8ab2096f0a1d3541e357f0b78254dd2e26
1802,Conscientiousness,bad,g-f544f0ab2d8fe262,discovery,f1efedaca2fddc5558eccfb897184bcdff4e86e960fe78d2186908796f644117
1803,Conscientiousness,bad,g-b6336d368abc06a5,discovery,c9f9a66de01f28793562fbec540b1d86bd8e7f6b4028f2e900f760f787574aeb
1804,Conscientiousness,bad,g-3e313c4cba7549b6,discovery,228267ad5fbc92aaac0b7f94d76dd70a3c6c92b82fde1db801adcbfb9685890d
1805,Conscientiousness,bad,g-99617c472b5aeeee,discovery,a422982d25532c36709956ef4171207097e875d3215db7cc88007613b8399d93
1806,Conscientiousness,bad,g-fa9352856e9680aa,test,49784cd26f1865d578a48de815686e6587e36adbe2959d72c4865a2a60989aa2
1807,Conscientiousness,bad,g-b9c0e8c15bc45ded,discovery,a239d3d1f8975218cc91cc3c153bbc886a29eb9420dcfb83bf562d7d18debf45
1808,Conscientiousness,bad,g-f5f722fd87a74460,discovery,1effba4547687ababb37904519ea3a21460a1cbe7c6ca752ce3d25c4d8ce9fbd
1809,Conscientiousness,bad,g-a03aa821014065a6,test,2d050c965115fdbf0a26c7cd092bb86aa68276d158b149065f99682870daa4f3
1810,Conscientiousness,bad,g-eefc76c3325273d0,discovery,56d8c1a4b2b2d934f261795b893cff83daef5c1f1a60a07f37d319dc45759706
1811,Conscientiousness,bad,g-3da5777ee01c3440,discovery,a6ddd3af0521ca2a17e39f6f18a552fe06c9cc52ea0b62bbef64f9fc3da4de05
1812,Conscientiousness,bad,g-3ec7cf9bce856fbc,discovery,c0afa3e47311198452f8dc9c6a6e0c67dee79060a3082c996f10f909eb6cd992
1813,Conscientiousness,bad,g-b97b908ae5422e38,discovery,309a8cd8e5d57ca0ad624bf932fe73468cf9482d9cadc7b9c7bea6c3cf444d6f
1814,Conscientiousness,bad,g-4fb0a9f1ca3ca7ee,discovery,512263b51ea64092f29e4201d25d316a2cab81eb2800e00f8b94f112dda936f7
1815,Conscientiousness,bad,g-2bc09d05dc466b98,test,8ee126566c9a5e0892082cb5ce9f5ae54264d20b4576a115f9d265fe18eef1aa
1816,Conscientiousness,bad,g-6cda23b4de80af71,validation,6f98aa59e858b82e637ad3feacde4404f51e7bbe98a0ccfe869cd1a3c189dbca
1817,Conscientiousness,bad,g-facdffcdd094e765,discovery,e7c31e595b40a437463ca88cbb7bf2d142d36dab6b7aedab349d76257f7fabe7
1818,Conscientiousness,bad,g-9d2fc248c0ea21b8,test,fa1d3a0ed8eaab2f46c87e470c4266a94ff2eda949f50322f9b819ecf526cff2
1819,Conscientiousness,bad,g-d29357dbe3c0fc8a,validation,cd754272e6b8974c325dada5657f1523b3bb0fdf5edeb27a10feee5430de20f3
1820,Conscientiousness,bad,g-6fbb393a0b9b464a,discovery,90983f06fca5e25761bf9700e9461b4894a613b8a72d068bf5f8630c1ed18107
1821,Conscientiousness,bad,g-b16434e790d2f657,test,adf955c80600d0d3299a1b7793781507348ba1cf34b4a1164061a253cb760346
1822,Conscientiousness,bad,g-708e35e11694cefb,discovery,ba516af6d31813c1256bd01566cf8b50aeb16cbbf863f5adbf62cf42e354198d
1823,Conscientiousness,bad,g-6a558d9126036d59,discovery,31edac529fc14b4191a159fe8c1f23750c2ced2c8eb9301218ae1647f3781171
1824,Conscientiousness,bad,g-dc0cf8bff4c5f1b1,discovery,29390df12333d84aef17d544d40424f71624c50bb6f3c38a9746bac3b146e5ed
1825,Conscientiousness,bad,g-fe8126bc529a8cab,discovery,9aaf51539d551ef2b7aacf66cc67539315faff770bb83f118410be664a028fa9
1826,Conscientiousness,bad,g-6b9c01add4acaa37,discovery,7c8741f2e99b70edfa94a235802d5399ba8ffe3ee32a5cb5971ed8cda89bfc1d
1827,Conscientiousness,bad,g-eba4a5eae4d09962,test,29130314040b9fd0c5a9305f3dabc1f0e4ca4cec3bb774bca969169160898535
1828,Conscientiousness,bad,g-a420077cfe39ac7a,discovery,3e3dddc396a03a57539c217687cfa4df4276c10f910a6ef7ff9f49dd5ccc059d
1829,Conscientiousness,bad,g-3ef13e83316c65ae,discovery,76c2d5ef72d5531abcad1aab000a08a9940ed7c1c006cac1f19e6226e172b30b
1830,Conscientiousness,bad,g-29572f19e09782fb,test,e6aed9b3c194b6ece1904221fbeca95e6fc3208bc48d41c897a068551bf6428f
1831,Conscientiousness,bad,g-4c0a21840538a3ee,discovery,d759c2d3fd9ee4c8cd299d526b1a6498dc5af1e271b85ec9c9f015d58341978a
1832,Conscientiousness,bad,g-10e0488a404d9e59,discovery,623557905798d537f380b682a03b90732867c0581c7af7c51ce0c69fd7a40eea
1833,Conscientiousness,bad,g-01dfe38df3163c74,test,c97652d10edee89e0a265b12629afba1d78c7878da434b1de3480c9776c29977
1834,Conscientiousness,bad,g-4240631b4759e39b,discovery,10111d6d572522d341d100d5e5f6ace37a31caaf94873913a2ede40ebf350c22
1835,Conscientiousness,bad,g-e7343fd6d81e3c29,discovery,e25b17f29c49e033a2055d7b88b841398f4b83206b65c78bba07741a98486a32
1836,Conscientiousness,bad,g-3990f1e6aa977237,validation,1bcf24cea77329b2b1d6dce6e6a771b825488ca477de6054ffecbfc96c201e71
1837,Conscientiousness,bad,g-95800971d909aea4,validation,b770e38c33a27319c7850a5cf804553ffec99c0109bd2a10ef16d6480571bb0a
1838,Conscientiousness,bad,g-35d216b57daa7709,test,ef0188f2cf1051d9ae0310acd00e5cbca4fd7bebbddbb70f66aec195bd4655ae
1839,Conscientiousness,bad,g-d777d44b24c2bab2,validation,1be355a00458ad75997ef5ac22d0b0309a42ba124e7a1c737f7ede29fbfb9569
1840,Conscientiousness,bad,g-7554a7d33ea4b0b3,validation,356068159c5ecd306198be2dd9205cc6cc4d7861d83ff5c911ef9db501a50ad0
1841,Conscientiousness,bad,g-2626fd006b889f1e,validation,e7a345ceb019e55d3a83cd988901c17de6d3c7960dbd14ac43e313edab5e57fa
1842,Conscientiousness,bad,g-c3e4937da0d54c58,discovery,67339bab25f53f5a4dcc7f75653fb8e7723cf7993b4b19f640ad5f83560c7f9e
1843,Conscientiousness,bad,g-73984376b80b1813,discovery,c8da93e373398e427cb66fb9bbefd051eedeb91fa0d1605710a64445b50e0588
1844,Conscientiousness,bad,g-de37b455a09a7945,discovery,a96dfb21a97a5582650c41969efe26e2622e4465cce05a0091e2c0989da992e5
1845,Conscientiousness,bad,g-c0a16d8defc2273a,validation,6a060ae0817e530e88e0fca64df829792a6b76bcf2187c99a49d277ae1f81b12
1846,Conscientiousness,bad,g-b612d185a225bf99,validation,14750a1b1ad3de07d4c1abe0256920108f8a3d1ace622230e054635c7b966792
1847,Conscientiousness,bad,g-a5a54faf391f32f4,validation,72812c0c6f53ccb3b3fa64d874dcb69fc629b26360312ae874db06de030fbb4f
1848,Conscientiousness,bad,g-4b01eb076122f7c8,discovery,440e3e31dbe262e78fc67950fa00f650ccb4d3046e91d36e69d6e1d350d8d4b0
1849,Conscientiousness,bad,g-6cf8842fb2299952,discovery,9f06f0fac6bb8e556c0df30e5e2b34b297962d101168f6ad51bd804601df418f
1850,Conscientiousness,bad,g-a5070fdb4f585e13,discovery,8dae68b166e18f19f05e4bd9441d252d2bcf65e16749bfe5ebc88d59b2fe4f95
1851,Conscientiousness,bad,g-70ab8f1316cad65f,discovery,eb94123437efeaf691927a5a7e0b26bd06359f191a5f6159366fa03a6eaef1b5
1852,Conscientiousness,bad,g-6b27abe0c3a023f8,discovery,b290b83553c799994111881808a83d3f62f824dfd69872f60d75991252b0d7fa
1853,Conscientiousness,bad,g-801cf81672a0215c,discovery,b1bc8990f73a5424de3d38c0b5aa2b1a922241af567e2b49d852948ac79446cc
1854,Conscientiousness,bad,g-a95c56b99fd2edb6,discovery,68b479b002600955b057eb70579c27ce62ffb7cab48d1bd78e6ef9a4353ae4ff
1855,Conscientiousness,bad,g-4c16d6897bae7e0f,validation,5aa153254349e92c2d28db57ae30592ee0f39fa3a6f613776dcff2a58b8d2e92
1856,Conscientiousness,bad,g-bc3d79d327de5d45,discovery,fb651b58179f59fa33a505131483d83fbc8c3483816efac7eaa95e8cf5da62f3
1857,Conscientiousness,bad,g-d179b8df55f1959d,test,0ea5963193896677abffaabc5ae4d8d1c000ae5ac15efe4bbb8f92fd960b3da1
1858,Conscientiousness,bad,g-d229941f2188569e,validation,7cce44abcdee98aaa6e8acc9de68232dfc70a5ddbb96b10761f3ce1e7676de6e
1859,Conscientiousness,bad,g-728c444ba0aef7a1,discovery,26ecd746b18164abb6928396baea293e715d7ecf96ac48cca20210ccc75fae84
1860,Conscientiousness,bad,g-5106b69e42707359,discovery,851781fec63cb10c78a4b0026a2af8a5ba604340c82c5a58fd3b9f6b4970fcab
1861,Conscientiousness,bad,g-005b091377a284d6,validation,fa40f81c3b7da5374ebcf4a834ae676291afdf9408b3bc0a8b68a45ad8ccde18
1862,Conscientiousness,bad,g-869c1474b1c82e78,discovery,cc0c46030cfc4d6c7f5c01f625bfb36a2a15f7373ab389a53dd3b4ec0f22d674
1863,Conscientiousness,bad,g-93e87a7dd2a819a5,discovery,b9a2bac5a395bd67d1aca79d8fdda937e91d09ab7c744c320310eaade9c03ac1
1864,Conscientiousness,bad,g-8f6af088604e9c81,discovery,b80e873921a34fdc0787af1cb22cd7c70c0bcf47dfb556f26f2b6c252aa11eb8
1865,Conscientiousness,bad,g-5a6fe9c5e492b69b,validation,a192a5b4a34d1267a5c0081bcb8e1145280ce55a92bfdb61da63c8bcdc3a678a
1866,Conscientiousness,bad,g-621fa2124f6432d9,discovery,90488afa7a941e788453afa0b69d6111d89f05d3446d126fa46f5b0fdd51808a
1867,Conscientiousness,bad,g-8d94cdbeb021af4c,validation,516e5e05e154452dfc72e80855dc301aec447f7ff7b114b524eb26a445c1a825
1868,Conscientiousness,bad,g-792e3309f3268df3,discovery,62436769954c5ff2847c0b2e6fe72151b38c5a075b90c74284f0f068564fc1c1
1869,Conscientiousness,bad,g-e878c3ac52798674,test,c47bb5c487315b1ea1e0aa5f04b6c804904ac9c97b0cdffb6d9cc2cf2e683dc7
1870,Conscientiousness,bad,g-4f90329592e9e3e2,discovery,0ec691e23feb66c288cd8636f1107b6055dbf0e146105370393129bf54be9634
1871,Conscientiousness,bad,g-b119665065065269,discovery,57682746769ed25d7c73b1c122f3e441277292681ef7ce859a93bf08d324699a
1872,Conscientiousness,bad,g-63c87a6910876935,validation,b01f41f1d43c421304e7bbd5f2c8466050921e8552c93b4e2abce8e0d457f4c7
1873,Conscientiousness,bad,g-634180e74b5b8c05,validation,5dbde77e96b99ad59826be3a910b133fe80ad038447711a403520276d44b9c28
1874,Conscientiousness,bad,g-818d6d8f24da4c61,validation,9ae664317ef7caf3dfa91f6d42e2c3887e2fda51375c6edf5b7c5fe0c93884d4
1875,Conscientiousness,bad,g-7f6ad488cf7a9d3a,discovery,7a8f2ebb1948f729227db3a68d7911dc46dfa44b2078bf5d0fef2e6ba9b5e892
1876,Conscientiousness,bad,g-fe48d582a8a6a633,discovery,d161c904dd0b1ebc985d7313dd6a79a2b5367e51e8df1eb88264281562a5ff70
1877,Conscientiousness,bad,g-ce6691a3211fd1a0,test,d780ec4fffc53bd6bf32dff7b200bda3c873e560225cb029ad5b39969aa2421b
1878,Conscientiousness,bad,g-a0105f82e5cdb549,validation,9a04b1a99f0c7b0063451792d7b6a88ce30490a748171a1eb201775c4b5ad2a0
1879,Conscientiousness,bad,g-b5290fcb183b8659,discovery,0db5facfc7a7af8254b79ec87173560ce2c99f2e3b7fe968c73e8fbb39f9fb33
1880,Conscientiousness,bad,g-f63a057d09c56111,discovery,32d315c11e6207ccc49cad4ce1cce0eb3418fb21c88b895d32dbefe1d3245095
1881,Conscientiousness,bad,g-ec0f9937cfac4c0b,test,6e5e9bca2bd2a73809a7643ae536edc66d6b1689c6059a4d5e1b512de6519491
1882,Conscientiousness,bad,g-ec70ec27a5193670,test,88c4e2acb73c82a5834de5cd80a10782960504f42ba5e6029c786e248c72e204
1883,Conscientiousness,bad,g-5e1f98262c233ec8,discovery,3047740ecbb051da4df8e73c5750d0449068b25e3f6a12e580ac432a410e4532
1884,Conscientiousness,bad,g-e29e88a3ee3854dd,test,0b2077edc2941c9bf0dd3a2dc6f95cab27f7e128bf3c8eea7783b6a29386c0a7
1885,Conscientiousness,bad,g-ac75327f4b009dae,discovery,6fcfafe1c713bfc033e343f9b416cb561c837297c79a5a11dd90b5d2059aa6ad
1886,Conscientiousness,bad,g-0389a236fd83e565,validation,c38e4cbf20718acfa48ca4a423fed9bf847d2ddfc9faa13973b3a88ee79447b1
1887,Conscientiousness,bad,g-748a35e088b6b2a6,discovery,a37a08a8ed810a56bda54fbb34d87ceaf054b47612d4c7cc1478dc7554fc01b8
1888,Conscientiousness,bad,g-7316ec6d708432ea,discovery,d6ec62f18d6008bfcfc51e6fce3269505ea52356a1949f4c2403a8642e365e0b
1889,Conscientiousness,bad,g-df2a6f860794890a,validation,e849bb709e14a849c9d452ba7e15f955d7d9a8a7a8882fddfce153a2ccd584d5
1890,Conscientiousness,bad,g-c59a180f69d23723,test,981c9f86dafd51c55827d55bf18e69d24715407edff5e0c9e757a9d1ee9cf3ee
1891,Conscientiousness,bad,g-04d42fa14c92270a,discovery,ad128f36edd5da2e5b8095ee52b0d276872f6b103fba95ebf5a271a6a7843a57
1892,Conscientiousness,bad,g-40fc5b5364b1c05b,discovery,e888af76c2ee7ac2f8afc9f75a2d30743ab89d6bf333032bcde85e7ee6f7df10
1893,Conscientiousness,bad,g-81b7db974cd6300e,discovery,95a108b3361f19500e4ae8f357bd4cc5e3f5e21edf2f1be1062ce85a8aa1b3f4
1894,Conscientiousness,bad,g-218c3fcabea24f27,discovery,bf571927350addf89160cdf5a2aa7cc2c912664f054e91e49a5d27bdf05fcd83
1895,Conscientiousness,bad,g-605d327d1a8aaea1,discovery,bae45aeb1c9893dcb073dcafb84369069bb0b1ac32db8fad7ab377d99eb39bfb
1896,Conscientiousness,bad,g-a97a8ee713f35ca2,validation,35643034ba48a5a2e035c9f3048b52024014853c2d63df3f6768d398dea8119c
1897,Conscientiousness,bad,g-616105148cb686fb,test,6ff899b573a64252f2b91e7d02e88748ff61543441cf796b68c69abf8eac3eac
1898,Conscientiousness,bad,g-defbcd60f250b593,discovery,3d652a91e55b3fcc0780a6f0a405213aace00bd52eed4d427e35087f76ad16eb
1899,Conscientiousness,bad,g-e7ed4591c45625da,test,33bf9b95cd2e3acbecd518578d68b69afd0ab18d676f46f0537d03ff5c37e238
1900,Conscientiousness,bad,g-d73fbc578836e2a9,discovery,c41521c4971907bb2578a07bea09066dfa902927ef7ef6d3cb13593958ebe07a
1901,Conscientiousness,bad,g-35697ca7599f0132,discovery,c81945e8fbced0b752cd829a86ace509f712fdfdf41fd28f9c93252551a8cb6c
1902,Conscientiousness,bad,g-a8b5fbff1123acef,discovery,521ad687bd2345d4757cfde39929624caae8746eb4c6eabfb114e037aa5e8dd7
1903,Conscientiousness,bad,g-ebeff071a8502989,test,b00cd2dc6b05abb71e7a383d427a13bd19cc5ea1ecc505cd5a453b71961b53b1
1904,Conscientiousness,bad,g-0b294d35f7c806f4,discovery,012b382dc72b30fe0a498a33709dd5942b7c976a6fcbcf4461f0ce74043b18d2
1905,Conscientiousness,bad,g-52d5b2858c148f43,discovery,c6ff4ae5bd176de2e2c1c6d472899ed26b6b36812e40646df372fd05bf3ba381
1906,Conscientiousness,bad,g-2038fe1190495c88,discovery,955b7382b4ccd1c30945897e3b03be8fd329d812c67d484b7b3d9bfa1782b9a9
1907,Conscientiousness,bad,g-91973d42ab41e519,validation,ca6cbb8f17d526c21e91c8478dea202de13c47c38f4fe335514a6685a1e60961
1908,Conscientiousness,bad,g-74c065e80d486052,test,63bc05bb1ec242b80d017b6b8d192dff00eeddd95826d4b5f944b8762475f30c
1909,Conscientiousness,bad,g-a0aa585aa6f45077,validation,b2ab6b03deeb70fe3a26992e63ebe0d081af3f55701a5e46d99d4686a1a028e8
1910,Conscientiousness,bad,g-451a6db518e0c690,discovery,265d03413f6b8c8c82d1e7b44515f75085a00dc3d579d0b2c9d14420dd2fa59a
1911,Conscientiousness,bad,g-2b261c97f3858b4d,discovery,4c2ac4960aa8299fbb5c83d1973080d0ece59a0bf067908756bf9fd0ee3024b7
1912,Conscientiousness,bad,g-9c44020ddbe7865c,discovery,736d8ccba38251ca5a7be4e08c15e4948a8dc30ee173896e53bd31b8f4c6e925
1913,Conscientiousness,bad,g-ede9585f95c09f1e,validation,eccbfd13e363a360392b85e9a4f1a19f7006656108317910c8ceddae56a847a1
1914,Conscientiousness,bad,g-49ccaf4cfa3d7a46,test,8417b3c568f30539c3d2bec983e85637621f7e90939e5724737b966c6a783956
1915,Conscientiousness,bad,g-03eafc77ebea78c2,discovery,4782de1ae8062b7e0283ada0a760ad48f027ad6e895502c4c34a6136eb739987
1916,Conscientiousness,bad,g-f2b262d27308dc7c,discovery,d64a746dddd380fd4f56907d30353a40fcf5a73274ff11ac48f8c8208473cb99
1917,Conscientiousness,bad,g-9290bc5f4a327164,validation,9a1331e8ce70a45d6dea10c1f40402d3095d3ff26e481b29100e633ae7688240
1918,Conscientiousness,bad,g-dfaf6efdf78a553d,discovery,3998c969e9135e83a041bcd2ce007731c61a692de6e15e6893c1d173a25f7f18
1919,Conscientiousness,bad,g-6fa683fd64224dcd,discovery,d51de55913c99fb1bd8fa015bbefd75d1e1b02a61c7d6bb13c7e23e468d32efb
1920,Conscientiousness,bad,g-07a20d1f5caafcc5,validation,96f48f5d48f9338df93e77d1326d4c0b09c5c2b3fe4b2e8cd4c097229305e168
1921,Conscientiousness,bad,g-a1ba78dbf043d070,validation,7196f7ac38f93232c9751a09dc12295e0c24ee0ff2e025c3d9eea987f8ee5a1f
1922,Conscientiousness,bad,g-f1ed49a350dd4675,validation,45fadd19c969b8464742bd0a433089ada150d1365ef7d7dae53fc278f10f9424
1923,Conscientiousness,bad,g-aaecc218bdc54532,validation,4c346104acf89fe9e0c65fbae5e284ab1453028399ff5fcfdcfa9bb68d654a25
1924,Conscientiousness,bad,g-3d914c93eabb1964,discovery,8db50dfab225e5c51333209f18b56870f5b506a3cfe69bf4ded4c7b9d40109f6
1925,Conscientiousness,bad,g-475604609226a5aa,discovery,057e21ac08654184921007134cdc2444f009d9075c933998f6562532a58770bc
1926,Conscientiousness,bad,g-1a1f61c00de6fd51,discovery,0e57bc678c62964e42e27e634542fa903edb3137e1d7e4a89af91644e2c097c6
1927,Conscientiousness,bad,g-47385ee9cd679533,validation,da41a3b913838cfb552f1e4dfab41dd80c1d39b396fa83987e10d53c16a47190
1928,Conscientiousness,bad,g-bf2de0e3389329e2,test,f35b5fe6c4565fb27195b18e1a8ceb2470f91a2ccb3cade893e06fc7a7853a3b
1929,Conscientiousness,bad,g-f4cc305856e33513,test,6a6a92279b28b69aa35681c3c758d4229bfebc639896dcbe5068a7dab1c29ed4
1930,Conscientiousness,bad,g-406d6b7c0967d449,discovery,20757fec3cbb20df0aa02ed5fee46d0ce167f86a9f60487a16f725c21cc059b0
1931,Conscientiousness,bad,g-be04362287910cd9,discovery,0fdfa0e23ef94c0116768105ddd124b83ac7142ff0b7a2c734f31658137b0af5
1932,Conscientiousness,bad,g-e9b650660420ef6c,discovery,5fc62206b6db319614cb702f123857b0609605a66b042b47dc1ee69f6f904541
1933,Conscientiousness,bad,g-bd6e00c58580cf3f,discovery,d609f7e0a7751687355a548bae1ca4427c46235cc52f86a2718d33b4d5468d48
1934,Conscientiousness,bad,g-6044a1f5aab8e334,validation,676e59f9a6eb70b73bcb1d1b1a4b860f7a00783a94cb8c7ed6d0a365bfdb5a34
1935,Conscientiousness,bad,g-54f7cfc76beb931c,test,eaaa70e3150879121ed18d08a70d0939a9e968c38322e9d44415407788a6a44b
1936,Conscientiousness,bad,g-f44195fd1d0a7b0d,test,000856069ebcdd9e3c3b18818c5d2a9f2b58601af68713d240a16a6b0c1d88bb
1937,Conscientiousness,bad,g-effca77acc763537,discovery,c6e5e24239edea4043750ff756a79d011e697cbbd51486be961d2f7c753cddee
1938,Conscientiousness,bad,g-4b57cf1fbc0ee69d,discovery,1df3d1cb012cbe43865748e4062757f11c3ee81561dc00f2e732d46e898a3b39
1939,Conscientiousness,bad,g-86d422aa0f02ade0,discovery,33b76deae71717191a2d8334d15e3e0de1fc565215d097a8fa864515a82a4bba
1940,Conscientiousness,bad,g-882b1e5aa313af37,discovery,e0985a88efb8b4ac49516eb6aafff5bee80586f85b1a3c409c51ec9fe1b98d6d
1941,Conscientiousness,bad,g-61dbe8bafbf325e8,discovery,3c2c104c82485a00ccbfd56c26e55f9747a0a594c0ef59ec7f7473bd10a25546
1942,Conscientiousness,bad,g-c29be04fb998a5c9,discovery,02db323423c1ac5636c8de6b9da381a9f3f2065daece194b4e1ebef112e5fc13
1943,Conscientiousness,bad,g-07283abf7dba072f,discovery,60fd05645d50ed115c470b39e28a13b79fe03fd7a75fa2569c04497e55b50a04
1944,Conscientiousness,bad,g-03cb4e0bbcb73a2b,test,c5b6b8540003527b83e3115b1853bcf6ad09775c7505a23fc5891ed3d4d7d7c8
1945,Conscientiousness,bad,g-6e1d3358366bd9c0,discovery,2ad9a22e76c28020aa6657a7ca899515e124637020427f19285d2169f16c14c2
1946,Conscientiousness,bad,g-ea07b603b2376278,discovery,4f60c36d6e46350fac0fc0ad78bf862f48cf939f9332d7c314f0699690d73b65
1947,Conscientiousness,bad,g-e9a6637bd61d4bad,discovery,17f14be0f325afe180cd6642c52e2c2cd06ed93aaf37ac94fd9c9f1969553325
1948,Conscientiousness,bad,g-2bef4b96e4f70eed,test,ae1805365763dac8e5f7f15a4ed690d211f5cb902c3aa34736aa478f94d96ba5
1949,Conscientiousness,bad,g-35f791d9cb0566fc,discovery,640150ab6dc8488be89af03c2087ac80f221e8e5e16a53565d8ef05f4c056c99
1950,Conscientiousness,bad,g-98c04fe579cc1af7,validation,a971c9a3d4e04c22af78637cc631345c59ddc2fbd43b793580c6d54c8d89d0e9
1951,Conscientiousness,bad,g-454a036a00a01d28,discovery,22463310720f82b16c8f263d4d9e8feaf9c855276aa7dfee377823b8664b7d57
1952,Conscientiousness,bad,g-c805de14cf949745,test,ce440c5a52aee7bd2f98fb91c4459f1ffd401e9ad0e7807fd354a6184dd828d3
1953,Conscientiousness,bad,g-be0de3f02a507c53,validation,a945b0cf4d319ea79044d767915ff387eb758babd122324f10bc48561847955c
1954,Conscientiousness,bad,g-28609dc1345c9d00,discovery,e05946155466612939ebb36d34ccb9dae2c3b5e71a35ec01ac82373112ed73f5
1955,Conscientiousness,bad,g-4992aa4804ad7f4b,discovery,a4dfd55dcc30d132975a0ebcdda4c11f755af60823d56f4afdf5cdea908c5b03
1956,Conscientiousness,bad,g-14a4ed55a3e6f1a2,discovery,064f1169f20b280ba730e0c34c540c148224f7b29d56c2e8cda0fb2e1e0d4201
1957,Conscientiousness,bad,g-1c635d71b5c9b059,discovery,6f8c785ec07069decb659f510701de046105939405f909f54951f0347bd47ea4
1958,Conscientiousness,bad,g-1c8c47ff21b061ea,test,e1c39cde93ba4bf99c8ff7c54c1b8344329604cd547a6800fd65f375bc78abe0
1959,Conscientiousness,bad,g-4a7c909627d1065c,discovery,3858327527bbc8f9a5ce2f944ff24119ced7eeb6c78567701d724a1748d72321
1960,Conscientiousness,bad,g-e368255d29702804,validation,74603f32bd06a929584ed06c74f6810f36c72ac41645045bbc86bf8f29933f17
1961,Conscientiousness,bad,g-2d56306921185aaa,discovery,6edb802090af3504e7eb05e21a17bf37f8c0aa9407a2b80d7e9f11aeec7253d9
1962,Conscientiousness,bad,g-9adaba9fbf55288c,discovery,bf50e52cea2231fbd64f48ed3ade21b62d9254d71f7608f282c07cf04a1274df
1963,Conscientiousness,bad,g-bb8e5354f25762dc,discovery,205153d78136be14b583ecd140079cb70bb923791dc5dd8f2b065e4c9b081b38
1964,Conscientiousness,bad,g-beef30e91504a568,discovery,237317ab3344c8cb712a7218580ba560a8f56f6a1c3b197777cfee83c0253b2a
1965,Conscientiousness,bad,g-a1738df92a65a45e,discovery,563d066bfe3bb5c2280cdb42d0de8d72463b034879d9bee4509e8ef00870b371
1966,Conscientiousness,bad,g-ce9800fd667fc68d,discovery,a7b2feab45cc065b27cb7e1a381f683fd5faf35a653cd36c3ce916c978050c67
1967,Conscientiousness,bad,g-28f9d4d4e20724fb,test,06d3b031c7b3f78494bd203d8252c67d2cb31347174115748c8d11603905c42e
1968,Conscientiousness,bad,g-97f4a3c73193e4b6,discovery,f0ebaa3b0b7da3246393a9e1f01bb1ad83e97364ca7545a25f893ce6c636cc24
1969,Conscientiousness,bad,g-9e5ed5b96b5ad023,validation,ae5cc5f04b7c08fa77a8399e917b5a56f9938c2581957c0b58d1433990209f3d
1970,Conscientiousness,bad,g-f0892adde04cba10,discovery,603c482025d025e60071b271288f759a19a6066f410b05d0d25747008b11d467
1971,Conscientiousness,bad,g-4d407ffcb5a64e65,discovery,d7c7e081b25295a8ef26cf42376cff0bc0d2e0c74deeef6c6f252bc5a1526281
1972,Conscientiousness,bad,g-96f474c3379fb71e,validation,4c359e1b6e16e86fc253c81db32ab2050250826ffddf9fe279a0f47e7ddc2aa3
1973,Conscientiousness,bad,g-b91a2a2524c2ca48,discovery,4ca8ac5d71c8f34b2c58d08671b7f3b3634795132725f4223b0b1089d2ea407e
1974,Conscientiousness,bad,g-9ac445cb1cd0ab21,discovery,8fe17f7308a89c7e611b89b66e6c7b6b1775e031c07f50c3b1d915dbec4040aa
1975,Conscientiousness,bad,g-55a2375f6b72b493,discovery,b969fc5ac4ac479b78e8fcfa5b8365069dbef19553f39cf8b0d71fee9b1f95cb
1976,Conscientiousness,bad,g-9edee090a0e99ea6,discovery,f96e6a9182a66967bacedf7e651019e8645199c56b9e8fbc21a5a48652068d22
1977,Conscientiousness,bad,g-27065b0ab9a43ddb,validation,5676957f1dd7c5d6b4edf4e46bd685959c5fcf024ff5e01616e347ed908e81e8
1978,Conscientiousness,bad,g-00e7ec55a1ee9aa2,discovery,5a121281824af8028b1c36f00f6c919d657594bb4e6f9bb28d85c94e71dd5141
1979,Conscientiousness,bad,g-c8bffd10c5756f2a,validation,1d144e25bd05c3c846bb22b8e6a318a7d3c59f568e23bb016d794dab7de28575
1980,Conscientiousness,bad,g-77abdca5708c9eff,discovery,1a94da179892528d192d872b6d26525d55b74047a6148e1528929dbc09183fa6
1981,Conscientiousness,bad,g-2f00ac6fa898fee7,validation,0a7a7d49f12c2811a535f4f0bf4d3677d8cf7ab76c6ee6ab890f65934c22c4c3
1982,Conscientiousness,bad,g-6927cf61c4da8a8c,discovery,14016ac551e69168afe04e2db3a6d2f47540fa68140c1fb6423cb409ed6e918f
1983,Conscientiousness,bad,g-0a2139d7e9531809,discovery,9ab6b78b5b1b428cd5493356473970a36958448a518664668cb5110dca023fc8
1984,Conscientiousness,bad,g-23c902ff95c3814a,discovery,a7afe80875e76fbcb877efbc860a28fa2fd327c8fb6ef39e239e45d00af4d021
1985,Conscientiousness,bad,g-053ec3d351b032ce,discovery,d08d85f8d44d92f3e3887fee80439259a9285b8c4e178a7895be89fb07f4428e
1986,Conscientiousness,bad,g-c7419a501ca684ad,discovery,ef18c670adab2efce498f1fcb310b3abe7bb242511437d3c97d3438c44fc1236
1987,Conscientiousness,bad,g-ad210e32a55294f1,validation,9eaae031dfeb8e08857e142ceb0ffcfea6f3cec489328fc76c540888d47362c3
1988,Conscientiousness,bad,g-ff4e9765343d54f8,discovery,bfe6a364cb1587f20a52c01a042ba1e1a74297b4fae47b419e894c4b7287e773
1989,Conscientiousness,bad,g-1c97963a8f79bf27,test,77e06ca716d23906ae531c9c45665a0c83398b30d3d04471302e0f6ca75d112c
1990,Conscientiousness,bad,g-0921cb1e0329eef9,discovery,0d05c809ec052c14c6c6fc43132d0a6f84ad1ac4c6793b1314eb8e02ab03490d
1991,Conscientiousness,bad,g-5f463a4ce3fa52fb,validation,c23884b7f9e1493f6b1445719c42d56b5a8d73761b0562eb821feff0ef122ae4
1992,Conscientiousness,bad,g-f62a6eb2c198be27,test,14190a2190de46503d7ed1a886e85b6a71ca28ae129a0c7b3563563f676523d0
1993,Conscientiousness,bad,g-d91e68018c08fcf3,discovery,0d46f77e28565a36255678b23533337b1260a7b88909620745ab16868b92d3ef
1994,Conscientiousness,bad,g-ebff55a7b5b7678a,test,a22dc9546b7c829287f41fbeaabc5915b9f2ce5f4b6692d9d4298ad7ad643059
1995,Conscientiousness,bad,g-2d5b2eaf9cc73dba,test,2d44746748d81d8b26088923f5d6fb5eb77e786409ce490d39031676c56beb76
1996,Conscientiousness,bad,g-4e052f91388f0a5e,discovery,f6a2ea679870964fc9305be3d1d60e50887f449f9711fddf338b44d4b2437ca0
1997,Conscientiousness,bad,g-a8ce9897c8e81ea9,discovery,72e97f56bcd92ed21668aa44e3d12cdf4be51070243c78c07bd5c1bc9257956a
1998,Conscientiousness,bad,g-68fc0448f9a3196b,discovery,27b6404b73cb4a5f4bc3ec48fcb8e7b9cc690a7fe829e71446290b730ad250bf
1999,Conscientiousness,bad,g-50b199a75f3ff7d6,test,06fb2f4d6aa67a46d1d970c16920cfe0c97c9e00e644b9d132dc2b39d2d0615c
2000,Extraversion,good,g-2e6ba6f0f8e76c05,validation,fe5d2cda1e7d123f68c0f18ebb89627c7c3246a07d4769c440b3537baf538d44
2001,Extraversion,good,g-319644b2ffc65461,discovery,48f8a7bc89864833ac99565bac93fd4552c610bcfb26c95645dceb07314e1648
2002,Extraversion,good,g-2a4d4f04936e3ca6,test,d659d8e99fb6bc209ecaa1dad577ba77a7194ca0527b44d8c8827e119cb9e59a
2003,Extraversion,good,g-894d7e108d04b008,discovery,f45f5d9d401fe65611cd17958ac5d6831ad8c600118809640c2f5ec1af4dcb49
2004,Extraversion,good,g-d78052df8643a8e2,discovery,abd6d961445a6ca9debdc21fbd2a1a5bbb6440c6915bac5408aae2f29f2e9f9c
2005,Extraversion,good,g-1ae8d5eb77ea7575,discovery,3659e0b507afc5fedd985b05367503cc9f7c36e53926802153eaa39c3012a683
2006,Extraversion,good,g-ec297608a1a499ab,test,ef799b35d6317181c99df94390325e5e974c531e46548cba69adced140503478
2007,Extraversion,good,g-e642437a0cde8dd1,test,77039f7f6bd23b39be11b70563617fda7132ca984fb84cf924f754c48b944f16
2008,Extraversion,good,g-495dd41cc9287ef3,test,7e102b3ffd7f45c2f9a9385fb59786a0761a6ad1c791476a22288ed34a23f169
2009,Extraversion,good,g-409c91cdac706992,test,5f6683c59b193adec4633746422074350cf8c95148717733ef08659ad1887720
2010,Extraversion,good,g-5659b5df6865e304,test,90d474d4c1ca91bcac39ee311f0650d969bafb8f2473648fd2478b213c762b42
2011,Extraversion,good,g-de42b7d2358a839c,validation,6ad0987d23d441a5e901356873cee4a81dcfacd1b07686ac71edaecbfb6bbe67
2012,Extraversion,good,g-ceebb164269e746c,test,e9c07683b17de3075c821cc88a0e0056e96796be395debc89148da13f9fcadf0
2013,Extraversion,good,g-b5395a77bee0bd06,discovery,5a069c00dd9b08a631a6373f0d789d1ad88d70e7d7618c13fddec24f1866e10d
2014,Extraversion,good,g-a66776275c9f860b,discovery,08bb2e4bb9f063ecbecb47ecb9b4f0574b2038dea3853a4f35c30ed3b8f7b0b8
2015,Extraversion,good,g-8bef911527f62a99,validation,cac6c521c69ed575116a99d11b72807f4d2273c249ba3ad204a93ff7ca57d482
2016,Extraversion,good,g-11ff4f2d6947639f,validation,05421593c7ab01279e24acdbde4168165eed1358e722b21fea1a3ec1d485204a
2017,Extraversion,good,g-3697faf9942af426,discovery,10b6e1fd82c62e1a1c94b0eb00d0d155ef75a1d083f1a777e16da4c0883c94dd
2018,Extraversion,good,g-b1be2d1131fb0ce0,validation,617a43d52d442bc2b6f55811b4413b3c33c826c0c6472ff7e5ad912c819d2a68
2019,Extraversion,good,g-6353e749346c8f01,validation,42c06292738c6bc1b812358f331249299425de6af5e63d29107fce52a3c47814
2020,Extraversion,good,g-8b92ac3a2268a155,discovery,c7dcf5cf563fa944f0fed2f2e3b8fd1a760e1433ca734d83cf75f26cc2ac10ab
2021,Extraversion,good,g-a9faf99d51694fef,discovery,ff7960dfe1cfda39fa72223c80c570da641efe6a423da0a94b65d380b86db0b2
2022,Extraversion,good,g-03f87dc82db1e1eb,discovery,801ead1b56e9e1f509c638cb5cb5a14123be41159606ea1285d327e80b24a432
2023,Extraversion,good,g-8f149217f1d15c1c,test,e74b43c804b0e35407196ddd287af20301012cbf7000f4c6c11bd70f7369f88d
2024,Extraversion,good,g-732f87eb94211370,discovery,6b0c4a016ea0d92faf6852ce05ba07db63420b3ddc2772b12cad33c156cd8160
2025,Extraversion,good,g-4ef65c5c6a787fba,test,a3b55dee5d84698853a4bb22ade852da5e542186bbb5d267966e8efa62f46c71
2026,Extraversion,good,g-3fb9c1f31149df96,validation,7fb1c2fc751ab9065b2c23e139b09bf64cf8c119941e67a90a9b8776770cd552
2027,Extraversion,good,g-2bc8292f005897dc,validation,19b7197777d81911efbca1b95c04c5f6e55e6f5aa02a7bf130523c635d68a69f
2028,Extraversion,good,g-1cca836216cb9787,discovery,d18c1ca5a2106c665c26e4cc02dd8db6683a93c4a3d8f8a094b1a1c2b3a9c8ef
2029,Extraversion,good,g-150c34008f0db477,discovery,f2c67276e172d80c783be941221396d8ed8cc23d5e8f9ca0b795ba1b669939ca
2030,Extraversion,good,g-2dd688b933fa7c35,discovery,7f974310f8dae899675e7f31eb83c11d4a2a083b166e56600e713c7fd9a5e260
2031,Extraversion,good,g-f7a32a38953496ce,test,3960fd03f45c21757257609d33b7561c669d43207f0f1411aa55600c3ad09997
2032,Extraversion,good,g-b6e94df5773e063d,discovery,844de0472066c7380ccffa3f2bfac451cc3e77d6bd4c38635b6ec4627b48b598
2033,Extraversion,good,g-7a4597ea2f760468,discovery,6668c17e8e8152c9aeadea7b6e993c205f0408c373e7d3a6568de387450487cf
2034,Extraversion,good,g-2174b86e91c06fbe,validation,cfa67d7f69b2dbe75a983662c8cc8456f8cf08e3d4b0e6f836a27d99be20a42e
2035,Extraversion,good,g-632758f10f6311d9,test,4956ac488d4cdc426fc3a8d11b47ee4fb06ca66c7f3c1017ea0370762fe579f1
2036,Extraversion,good,g-32e4396877dae545,discovery,6fb5a31b7d89b4d18a7cf5f7bcc1d81e3a79cf26d4a60a5b884d1d306c3aa140
2037,Extraversion,good,g-de25628ad0abbfdd,discovery,6756bc8666fdbcbc2d4ad3540e7be92a42f4ba31158d48cfa1b0cdebf1ab7b36
2038,Extraversion,good,g-df52da51dcbf93c7,validation,292c27f4187b1b173f315b5c178d892f6293dcc0b9e57c6187a23553ed3dd67e
2039,Extraversion,good,g-7301ca2327a02957,validation,87adf95161591ecf42fa7d7c56329220f804c8ed1e34bca97cdd0d6cadccd756
2040,Extraversion,good,g-aa32df7b8afd760f,discovery,829854c1f9b2ea3891617ae9593be09a04a9a7ef155949c77a777c1b989abed4
2041,Extraversion,good,g-345af3a5d0b17bfd,discovery,42646157a244fd3a0e6d7f164d49637c84fc8fd38eda1fd21d5b1c13b045f726
2042,Extraversion,good,g-3bef063795fa52c6,discovery,be945169e89bff9f959aa9affe2085fa5a5653864d907fba7769801ece080cf0
2043,Extraversion,good,g-8270b2271fafc711,discovery,d04d0708e9123be79dfdb6258b07811a3e4a5a7506fae1209963ad13f0bb8f5f
2044,Extraversion,good,g-57ad725147297b11,test,5a17d3f6a4d0bbc54a0abf8044b5441cbffdfe124a2acb3de905b5276d7b0b4f
2045,Extraversion,good,g-b906374a5e27c771,test,d4e84417c568deb61f20b127708537514f2bc40f4467d9b9a73698f22489583b
2046,Extraversion,good,g-1dbe763550c17f97,discovery,b0df3720078111f7e011e17ed9b81bcab45f20f076177fdbf53794d5a8aa537a
2047,Extraversion,good,g-10212da55cb2c22f,discovery,cd9746d70ff1be0d7752d5342b12ff90b1a2d8ef129d2e69611b056e9f251474
2048,Extraversion,good,g-8b53c16362e992fb,discovery,4a196ec6c91fc62e8798daa271d58216bb15ffd9be55ff48691c7eed9eb61c5b
2049,Extraversion,good,g-06258c77a1dc583d,discovery,45b78f16293e50bbcd6361fed64ae89d31f873516b779f7e6f67d3a2f025294d
2050,Extraversion,good,g-1b7fbf18ad8e26be,validation,998bec3e250ff305692a37ddaca5af46f6c30975f7a2424063c7984bb88f1f06
2051,Extraversion,good,g-791dd705bee275fb,discovery,1fd17df8e2471069dc15e4239491bc663d4ba7ad85a158a2a1a042f8fba5ebff
2052,Extraversion,good,g-b0304df5bd6a6bd0,validation,c75951b6f93832dcd3effe333718207657ba52960a33958f42c87d6d81e41a8e
2053,Extraversion,good,g-7cfaeb47767e7f26,test,cce000c48c3f04e8bf65c13f4d14f5bfe7ebcb5417dbeb969e78a216e1de84bf
2054,Extraversion,good,g-776f4bfab3755bcd,validation,2f164756e11f1bc0276d92ceed7c3d5da7c7e5ee3d564a19b717a5ceb5fcc43f
2055,Extraversion,good,g-29cfba77078ee602,discovery,e726bf8621cc257c4e864de48a92bc053d13834d3807d8b4deec776cadbd04ba
2056,Extraversion,good,g-9cc9384b8797d7a1,validation,c0f116808cc7627e991911c02488f258ce7dae81f9ebbdc9fa607e99aad621b9
2057,Extraversion,good,g-4434c4db4d5f454a,test,dc405a3f08c28b7ab4fc366e1abe60e23da3e1f9e1f6fb5bc2c145b19cb7d69d
2058,Extraversion,good,g-52e71ec21c968e21,discovery,3605a1f41ada9050b6725a85254b0a5b5ab1e0bc8be94bb4522668c271e1c843
2059,Extraversion,good,g-d5fba39374366e39,test,f75d880e97517e1f2eeafa136c40ad443e2aa4622d23932c69256f74b0c582ba
2060,Extraversion,good,g-ce815ba6bbf5ae2c,validation,6fc39cc95a90b83dec9bcff55990ef78fbc5093f77e2efe2ec20b4be1cd15506
2061,Extraversion,good,g-e3fa7df8db08ed6f,test,9665d745d0b6a382cc25851aadb27b6ad8213cca25227e8f3f35fe94b526895d
2062,Extraversion,good,g-d7630a662dc06e5f,discovery,44b5b9cd190685833e77c773bb94a997772fa9e9054a5e53268174b63a7dfa18
2063,Extraversion,good,g-d88456b388dd0f87,discovery,535ca71bf486d9951e593cc70233ff5ec2c1dfca7c1c0d6b90d5c77773fc906b
2064,Extraversion,good,g-c094ad18c6051d09,test,5bc694f7a5c7b248010003a4f2f942a2c34f33816a753372006b182a7f8eba24
2065,Extraversion,good,g-7629bccf2ec50512,validation,e9cc84d29c387f9805580db298f6488acbf6b18fb1f75bbb0b6c42788b530d20
2066,Extraversion,good,g-00f8e682a4a43a7b,discovery,c12d19e601f1fe49b47d271341b7e4b16465a6e284a80f7b75e7f62a22c0e8a6
2067,Extraversion,good,g-4c1235478820d30c,discovery,c304bbd300297460b24a30c255bf04e8231536b74dacedcfb892f45dfa23745c
2068,Extraversion,good,g-cb8865d2d44c6b4e,discovery,f336992b7c3489fc4f77399e02838e172a539a66eac5f881ddc7f2fbdaa7d746
2069,Extraversion,good,g-36223702089b952e,discovery,309989125ea62e04a868a8f48da371c8214238f16917920da832ab1a12c04c16
2070,Extraversion,good,g-118cfab6bb195f50,discovery,2b081f706f9124bbefe0486a74c3b201b16aa0d026c6f1a6d046c075a876eefe
2071,Extraversion,good,g-a2a6854d86af6bdf,discovery,6aa4c65b56ffa7a9ec3671afe537df0a682a870838ff7103cabb3df080297c18
2072,Extraversion,good,g-4b53ca026bd6182b,discovery,f1031922c5748b03a83450d5eb48e9e95ca27924a0fb9674c0a2f55a36a8d395
2073,Extraversion,good,g-8b8a97588b7bb569,test,64cb9db3e4dbe3466e0f3b2d8af35802998acfd8da09c0311e4af314c1fb820b
2074,Extraversion,good,g-0ad835e33e68d082,validation,3f4b3d5bc86419bf89264b589f2c885c668b675bcb5e24adb895fc69c7ca7634
2075,Extraversion,good,g-1031504250c784f3,discovery,b6d0d0d52990972c315511e18899d0e000bf761054513e1f921d3120bd8085ed
2076,Extraversion,good,g-79feea4b0032e841,discovery,921cee9da40b61ce7e6e213c70807009aeae38e0a02dd80fec4b6d2626bbb14f
2077,Extraversion,good,g-2f8a872a706ab2a9,test,866cd34473f0811bc21f4be3dc999ae01fdf3a6ca76c26d2f3987b9d656ce282
2078,Extraversion,good,g-25b448f450f11071,discovery,a2574acc75a4aff3761a2f6840c86bf2e87aed60bf38c49812d23cfd8d75fad4
2079,Extraversion,good,g-cbcdebe0b221cd55,test,789e784e54e93abaa9353a57d299149327e106b9310f33cb8d34138122f35651
2080,Extraversion,good,g-5e6d5ca63deb1a63,discovery,10ab279367456c28ec9feea24c04cb1947913cf532c765102edde6a34c0da93b
2081,Extraversion,good,g-3f6e3ecd94d4fcc8,discovery,3e6e90f762ceb35da6d9db11e110087fb07109b6941245b682cd92b41223e65e
2082,Extraversion,good,g-0b1bbb16ec9b0916,discovery,08512a2de59deb360490845473da224ecd684cfda0351bb6d53bad2e213ec859
2083,Extraversion,good,g-ca2f3b47c276164b,discovery,fa1a2708c5d0550d8deee0cd095d74b29b2411902ce9540eff606a0c13bcdb2d
2084,Extraversion,good,g-b4c91d7a1192287e,discovery,8567a9284ff3facfe9ad4422dfee58c6ca3ced0ca6c268597df99c577dae3870
2085,Extraversion,good,g-da1223caea5e7f60,discovery,60c8c0dcbb893de0b058ba5a96142a848d3b9d396326befc101c8c817934d1bc
2086,Extraversion,good,g-d8911893c4972287,validation,669b75263baae18fd9ff1cc1a97dbe6de3f7d37fb5e0f1b5521436cfeadb1712
2087,Extraversion,good,g-216a048fd1f98048,discovery,274697c352838f997525c438ee685c0fec2189235601d9478f0798366d330768
2088,Extraversion,good,g-9bee5044de8ed7b5,discovery,e5350671b0e8f9b919d3e774ba513a5fdd3a7aba584bfe123cc8e6b40be4aa5f
2089,Extraversion,good,g-3950c654fe021357,discovery,d992b17f3e24a036f8f0e50315b2fb453bb2568098ba3e5abf3d8f74d6708f46
2090,Extraversion,good,g-9c6d7ad99f132df6,discovery,71f917344f5bc9202f93c17d69a3a7f5b9b10515915b672e62eaa3ce44e1cf70
2091,Extraversion,good,g-39e348b0ebafa709,test,5ddd9abee80fce1273e205c311f0272f73542436b3f93d656fe50bd2bdb1e6a0
2092,Extraversion,good,g-5562692c3cd1ef12,discovery,810d2867b23ef5682128d24bb27464d8bab5df77b93ec55ecc49577021bd7374
2093,Extraversion,good,g-4477956b7e6eb4ea,validation,f84b028164e161ba72b8201578442463bc0271f2e4a4ea3120922261e1ec6df2
2094,Extraversion,good,g-7beb3146f8e9d20c,discovery,c49add25af72b422107b79aa085ef0d5aeede634c1dd56e955cc1f6f3f2a8d52
2095,Extraversion,good,g-52a47c96a3e5bd56,discovery,71ff45a53692d4bd52656273d586ac08960e454576cb97a0b02f7d373f050896
2096,Extraversion,good,g-95129c17c9b0bd1c,discovery,eccea8a96ea1d9614a8a4263785a0a7ad1fac4ed1da71a8c9baeb74879317f69
2097,Extraversion,good,g-86458c4e5821720b,test,ff8d9920006c105552b95e8bb55dd95f338c57051e936f4c89d7a1c80be8fea6
2098,Extraversion,good,g-a8777147c4fcebf6,discovery,eb634b8f5d24a40f6e7e22fab04039f38fb4d3e84558bcc10dff35d51d1a1749
2099,Extraversion,good,g-b92a0d55e88322a4,discovery,2731801f934aade505c60c1a158749d820e379e4295b5d7322960e5437bf204b
2100,Extraversion,good,g-bcf4c647c52a4f02,discovery,ed3ca8c46a2b0decd803b89ebc3cef6926531281e8c07d146663255e483dd12f
2101,Extraversion,good,g-c083384d6d8d207c,test,9e3b6cb77cb00d2e56837664c100352106605af413fcee2b7d3804470baa48c8
2102,Extraversion,good,g-c1af1dcdd049317b,discovery,dfa8ce2912f5993366501219eb28b739fd4714b7e6407d8294bb6025e1888001
2103,Extraversion,good,g-df3642e0484b7fbd,test,a2b90d505add322f9a1346dbe6ee7d7eb9733ba3e4244072f73cf41510a55d4d
2104,Extraversion,good,g-c11f236fc24c46b9,test,6a3bd683d860fa1ff3dc901d809cdd1977aabeb8be7ef765b78cea5af679c6ff
2105,Extraversion,good,g-df081fd8d53f3b90,discovery,0b5748261eb07d0afb7a673d691410a2f671a6718ce7af06cd82ed7387510967
2106,Extraversion,good,g-9baff0761bb4a056,discovery,bc3937e3b387e4777c0f1849d2b152301cabd37edcd01e1815a8efd8e0a9d779
2107,Extraversion,good,g-112c513bead228a3,discovery,88b31a2b3e23a5748787a2146eddb3bfbd4abe95bf978e284847557808313bc9
2108,Extraversion,good,g-6ee9ab9816773b75,discovery,e7615ed191a58724097ebafb736850e02bc80033235fce8b8a3ef19e15f2acac
2109,Extraversion,good,g-25941dd95493ca93,test,6754c82f563ee9c1a63bdc0f42d7a61cc1ea5a202bcfb6f22f5a5b7f380c3d3a
2110,Extraversion,good,g-64ec41c43ed4c372,validation,72e425330508430300c76a1f3f1045987455d79a623f7269631bc1904ce93e80
2111,Extraversion,good,g-c8af3d61068beef8,validation,c3b412c82130afdcb15b6ee54044032e820bc21ed4736fdb15e95f37bb2f20e6
2112,Extraversion,good,g-54d87f8b18e008e3,validation,1bc12420b057adbcbbf59f820cb5b4f89f38d8a901d2365ad66786f4152ea83f
2113,Extraversion,good,g-bbcef518f93d4ed6,discovery,c1206783c783cb43a91b41f34dfc1a1a7275cd0e662cbb200ff66fceb3e81856
2114,Extraversion,good,g-b957dc306c38d48b,test,413273486c1706fd3fb53df75c7e857130318fa3eab82b64804f195cbfcf73d3
2115,Extraversion,good,g-36244d3f4c422fcf,validation,5578561d1e61909696ceeb3df5c7a021de2326626bd3e64eed35c796c2230b47
2116,Extraversion,good,g-e193d9fe7b754b01,discovery,8e53ec5c7a166afa3235ce305f1670cf4c03a7b604b19ead1541eb627096abf0
2117,Extraversion,good,g-1d95de2e2dfa1063,discovery,536ca32211038f10b8d0b0a57d48f6cdd667ea7e520209cd17d759330c660d48
2118,Extraversion,good,g-f26a94e5a31bd21b,discovery,5e8c140dbe1a9cac3a7a62b7c47550edd001f9531ac6df415f2bef8bcd9f6fe5
2119,Extraversion,good,g-101990007b41562d,discovery,08389ddca2dc183ac4fa3f2869c9836efe0edca2aa482556f2a50c746842868e
2120,Extraversion,good,g-e53db0411fc503cd,validation,88410e5c558ca6d3b42394d8ab303b0ff118576b2043756fe3cbfb67dcc7f0a1
2121,Extraversion,good,g-89295b4705616eaf,discovery,26217e4afebc1f98117d5a6669786234be5e6c031a4d87b3fac434bfa66070bc
2122,Extraversion,good,g-51d92d1f1828e037,validation,0b70e70f028c3c5a461028a29d15f137ce860b8c44d6dd06a64ea05f3db3ca6e
2123,Extraversion,good,g-4706adb9f07a0e1e,discovery,f560824c40d64b2d6c6523dfe574a4ea0463b6ef83868af0dffb5caefbdbd157
2124,Extraversion,good,g-d4bd964d7f8c79c5,validation,767ac0d664d0332f94d3c951bf77c51a61af34472af97634e4afca06dcc23713
2125,Extraversion,good,g-86dedae6c163e557,discovery,25d58217d383062c7babf2de239bd4abd356d4ed26b914bcccc9c6137e76fdaf
2126,Extraversion,good,g-972eea405455b2d8,discovery,e614f67f07e5bac23e2bb2d3a2114e9ffe435d61aa32542e257ed404bb8ba30c
2127,Extraversion,good,g-14f5b3b0fde91e2f,discovery,dcc11d7e8f0384aa7a761a799a757a759c2f7dd89eafa738321399289fc3574a
2128,Extraversion,good,g-a8040c9753b6d07c,test,3687abed0cc890d2929547c373f38ab0d42011780f52de1e6a0da589b5ba8d5d
2129,Extraversion,good,g-31e082825da626de,validation,6fd253505db379209d04aa049b8697c4e97a026db101d64c38f79d4d2b00d86e
2130,Extraversion,good,g-2df25568a1ec2b07,test,afb902314407beb44dd5b130aad920272d23d5630a92572616e6e2906bc0a497
2131,Extraversion,good,g-bf8d5c94ade62948,discovery,aa2a9db3a6c9e859a6ff0f03331858f7fbc66ac6b390caf406e57970f364d40e
2132,Extraversion,good,g-ffcfa065eb5c75fc,test,b1cbd9c5fd176de79cea0f8ef0dc0a71fc0d105c6e8e78072645091380ac0403
2133,Extraversion,good,g-017b79dc0d3bd981,discovery,e234ea67f60fe2c142f9cc64de1d66aadb16f50ea02c1420b5ebf82f50d092ca
2134,Extraversion,good,g-f8e7f38a4927528b,test,6d7bfdd4f9b036173c90f9fad715b9e48ca581d41a15b14bb9bde60501992bb6
2135,Extraversion,good,g-db5898e6152ac8eb,test,e2247b0e34780e34961615994c12f42a2600b8fe8b6bbc68b0f5890ddfea0741
2136,Extraversion,good,g-dfe132fcd1568c7f,discovery,a5aa4084161c861ff414e77658b5cd8a6e9af61bb7f0568e6d3bb069f5950ba4
2137,Extraversion,good,g-2c809546d3d6f227,discovery,9bea39b5e24809411b504697327cca93f0650ac437563b13cd7cb64124f8f268
2138,Extraversion,good,g-b26c20a742df231b,test,8838ba1780c29e6f4c1717f2099f340b5371b05b612e0870588f719edf488ec5
2139,Extraversion,good,g-fc5c73c580ff330e,discovery,3209ecc931ed3abefa8831c36df0c6d9d4588dc13e52f5af03ce351eba9210e1
2140,Extraversion,good,g-5a81dbbc4939e53c,validation,f21b92594b39d45e7b8d775cf981dde381d960e2b65e3cafa36ea5fdee133514
2141,Extraversion,good,g-a2cf5e89d611bceb,discovery,41f9dab8804526bcd6c612bcfb726f90d04cff0e63f890773e0971a11a4c273d
2142,Extraversion,good,g-3705c1478f8f3d1f,discovery,87219b216a6433a4f7bb908102f6b56714ef1ac682b00d3224b59c20251841ee
2143,Extraversion,good,g-4ebf35f0c8bdabd7,discovery,1f8d7cb744e602b9f9cd4c4532f0dab60ea268b038b9140a7e0602aa44fc06a1
2144,Extraversion,good,g-29dad75e563692a5,discovery,eb2336df02ac2c825db139e0dfceffe6e46ad16643564d0ab6a06f2046abcf01
2145,Extraversion,good,g-23942ad39f601622,test,d9dd0e95de9417cf10a900a27c4ead96b5bfeceae72cf16c9593a05854bdb128
2146,Extraversion,good,g-c9896cbc65e36548,validation,48f4304141ec07e5ba5fac58471654b5af50b4d2c18fa5033f4d10777230e857
2147,Extraversion,good,g-6f8837295a0003f3,discovery,308ec4463e78739bf59f5e3addb39d5df854b31e20a1091461e279e02938086a
2148,Extraversion,good,g-a9ef0a6b177592de,validation,eaae546ae95f512fbbffcc079218fae635a66979add2336aa1b1441afaf9ebb8
2149,Extraversion,good,g-54a37c422286a52a,discovery,2698a4ebd3fc6501f8533d03ab59f6c25523665abfb590c9b9eef342819117f9
2150,Extraversion,good,g-85ee60759fb5b044,test,a6f328670bfb082ef14f737f809b4d45a4ce460bb154d31c004b37cf6e1c01b8
2151,Extraversion,good,g-80251d106f64eda0,discovery,23adf2fd2170f49cf8617f1151945ba2cc208db9d2672fd3bb2216152497e3d7
2152,Extraversion,good,g-4db96fb7be23963f,discovery,ed0e0f21ca1f1aba02aae6a0697ebbb9434e6d0f617c67c75622d9ecc048e470
2153,Extraversion,good,g-c6d59663dbbd3aad,discovery,d82f5252334bccfdd215a05b3cd5cafbb8c42a50e5159adccd09b9e0ce110853
2154,Extraversion,good,g-5cb6a60fdf83228f,discovery,087d934bbcc04b5868d22bbec304869565387950f19a40cd47a2363fe1722e86
2155,Extraversion,good,g-a98fc77008fdfb8b,validation,996967c31b2b24e5c9a35a1c5bf2e0f730834217cfbc2ae804f796dd7e20df8d
2156,Extraversion,good,g-38a3fd1c83f60db1,discovery,5d299f45c0ae94a3b93b7e9ff1aee85bdd1ed73bf1256f8bbeecfbfefb73c82f
2157,Extraversion,good,g-e9dc13868b62bf7c,discovery,a7aef62dfed9d6c9a282f16a7d3f1769c3cc0c0527c4dbb8aa4572d2c980c03d
2158,Extraversion,good,g-40133a721bc7d479,test,f01ad0bb35a75efe21707bf048199726a58f6859f88e41042f5b254e6f1a4a36
2159,Extraversion,good,g-27c189092ad41524,discovery,6e16936230955c778f23eb828d4240c4c3a8d7eccf6f9a297f9620cdbe37136d
2160,Extraversion,good,g-cc8eccc094f5e95f,test,9a34e623cf1170324021d672766e8035eb2d59cdf950f6e4125695a07a106c24
2161,Extraversion,good,g-f8786fa3d9537179,validation,2067daee0b28a5cd86f1ce88284c5f51faeefb0c34cb67f2407e5b425df94234
2162,Extraversion,good,g-77e936c01dc71540,discovery,48a4f02f485a9a47c06888b17b234d79567be53d3d008a1cbcd7df59538bb28c
2163,Extraversion,good,g-92eebc2cc4e255a3,test,e18a321cba73262ce07c65fb94dfc65762dd8f9062317d207e1aaf5920e0c2d8
2164,Extraversion,good,g-ce6d2afb94535c6c,discovery,691205df0b0f207ac1a4963fd5ec7b65f9ce598827b2c08e8e5a39f7b3ce9dfd
2165,Extraversion,good,g-c8e7c5b236ebe06d,test,05283a83179ee26c1606d53bfbe4c2d2aa0025b537afa2295d3c60759304dc02
2166,Extraversion,good,g-9519286825bfef55,validation,25b8cd83eb5f1d600c60a47f3758500adc999544e6a0ddd9e9f4c5a7045e2c61
2167,Extraversion,good,g-d02ea237a24fb1be,discovery,94ca5918b0d0f921739fa0e9ef9b7893b27d658a29b50561546ed05cd1714b99
2168,Extraversion,good,g-cff75109d691bab9,validation,3c4744e8d51ead2976670d8a9a004a2fb7bad736b3f14c8b93d3021c358a9538
2169,Extraversion,good,g-60c8e25446b74a35,discovery,b52864e02364bff428726a618cd0950a9ca27d92f084deb85b027e59354392e2
2170,Extraversion,good,g-38e43c5aa16b6d3b,discovery,ea67f53051134a579f346b0eac65a9eda96839f658d1814fa3e84be9b0ca2a36
2171,Extraversion,good,g-7e65e464e3ac67c7,discovery,453461d88e8e355ca67303629821c59f1eedac7325359615bc31d006df2a9c3e
2172,Extraversion,good,g-8abeb553dd390b54,validation,8ffc8f1471dd65aed6c2cddb82255da7c5c3c32031ab00da0d80c9047c93926b
2173,Extraversion,good,g-8d8e8b1404c66603,discovery,b7ce4221a3cf801b0902a2e233c658c63b747f8c573f2a5c9b4511ce027c973a
2174,Extraversion,good,g-3ac32bd1a56dce11,discovery,18fb31621990d338b0c1d6d6027da2b454219ae81fd5f52e96b13a9d3ced37b4
2175,Extraversion,good,g-f98b933453d5b28c,test,0dfb540f100f2b16dd22c52e21301468c0ab7ff3043f215c5cae6d1f5d703461
2176,Extraversion,good,g-594b08a25ff48a15,discovery,c69315d0c622b6199dd5618f46a77127a5bdbffd52c0b7b2bfe57e23a8bf72c9
2177,Extraversion,good,g-ffd68112ea90936f,discovery,8261ded1136b9838ac75c8929ec37e8364821b94bf4878ffb75d804796abfbe1
2178,Extraversion,good,g-61e6ad9c86162725,discovery,da7e5b8670d6b498ec935998c20042b0ffab52581437d178d0e47454f0205a7f
2179,Extraversion,good,g-d8ff6cfbb768bce4,discovery,5a31141a461e8216a20a256761eda70eaa87c269fb9de83f31343daab9688952
2180,Extraversion,good,g-075a2485e210274b,discovery,41617f360615c5d28e0105df6a6d0233d38cddcf75113e6a0ec3855825050339
2181,Extraversion,good,g-72f21ffbc8ec22f7,discovery,9d5f57f306fd79458b6525cc3c9b136ed5fd7bfc410ccb7ca30e93546fc74011
2182,Extraversion,good,g-63284e49e8d4e860,discovery,d245955319e6c504c8ce0a78a05b4938f34abc80b143a15cbc49ba547a942118
2183,Extraversion,good,g-0665286073e333e5,validation,ceccaa17a4048adb5bd609de6e2ae6289d603856739ca4aebd5353c44bee44da
2184,Extraversion,good,g-5276d9285f1b0eee,discovery,bb225d06fcb385c3bd58291c875845f8ce0067cbaa7497d55f8668f5b2bafd18
2185,Extraversion,good,g-61678d327674a082,test,86034d81b336cd358225120f749e6a9ad60c844b57ffb7a17c0a9f98e8a2b0c6
2186,Extraversion,good,g-88080f0d7634a7fc,discovery,e1620f1b02ec01410f8a60fbe561cce6cd9a626a2cda9c80c28c1b69736c5046
2187,Extraversion,good,g-ffb12218e19107d4,discovery,9550f93dfbd18a3ab6edce361c38552460a1f42f8c532124cff0591de1e7d2fd
2188,Extraversion,good,g-22b3a4134e01a6e2,test,09b6bbea03fa8f987b10702bd87f77aec9607dd17dca2546ae7827251dd1730d
2189,Extraversion,good,g-c047801be4d54e5a,discovery,6bd2309c7bbad8cb616455fa669d64c9f080003dcf36401fbbefcdb18e82adbb
2190,Extraversion,good,g-3a7e11fec8767cca,discovery,928d9ae56b5b0a10c654f5738e664de80657826d7f70e514ccf2f7f2804fc620
2191,Extraversion,good,g-d9ada3ebb2faf122,discovery,7f0a363828c7fe1c0a6809e0bafb6130425d7b0e338c9fa50d310866547528e0
2192,Extraversion,good,g-b504c14125a90bf2,validation,3c1e650487f6eb26d6a5b54c2423be0d4c3b4d4b9c4b4abe9cdfb67c39b68f7d
2193,Extraversion,good,g-c39c91f50f5cae11,test,a76ffd97ed275e974cc582bedad4012c96994e2b17b967b2e8b8ab93eb22c31d
2194,Extraversion,good,g-903a18fd156bc001,discovery,d92486a43dd7620b1125f908d82bb9d84a02d2fcf59cfeaa6f205788977d844c
2195,Extraversion,good,g-12200379bf23aff1,discovery,ccc1cd6521279fd1bc4542aa0ef57a9a311721ca509de98f657c2c973cea9db0
2196,Extraversion,good,g-58f4ef3202fac738,validation,f11dfad0b7a46522376fd5569fa89f85e167f8dbf1fcda67d286ec8f5cebaa54
2197,Extraversion,good,g-3e234ff3820cdb5a,discovery,b964baa1a7c0d975de2958a3bbdca122013db4badc5bde847627e4b019930ed0
2198,Extraversion,good,g-ad81eca37eebb622,test,aca036c08296d139e82f33255ac42ed8a6a942862d260624fc25aea413988e90
2199,Extraversion,good,g-690ca6d2ac7313ca,validation,33a02328534e123c64db06b8d9d2b00246075f730fac0c4218392b5b4cc3c389
2200,Extraversion,good,g-3014ad56fc01c25e,test,8ef3f4f10120d1d13d95fad359e28fda6cf0e5959fe019bd68f98a0d0298d37b
2201,Extraversion,good,g-d6a41d625ac992bd,discovery,4a616b209181e91dce3356fb171f4a12b0384030f5dfedea766c7f7b4c274ef0
2202,Extraversion,good,g-c82f3ba9e9ead9c9,discovery,544792094abdbb06c693d173a38dcf223352dfc71b605e2cc93cd7caba7c68b2
2203,Extraversion,good,g-f976485407e10b1f,discovery,9b467ad18e412e2647026ab7e2190077293aa28af88edc1eb330138dcd5bcbd3
2204,Extraversion,good,g-e4923992396ede21,discovery,e7e69f03b67633f91d3030bae58ad3ceb8455edfe796dc3e2aa9b39d67a89209
2205,Extraversion,good,g-408011c658a01c6e,discovery,c3dde03b86d29f5662725621510410065e4546202d0bfc4ca6314f14651d4485
2206,Extraversion,good,g-d9e8b83374737577,discovery,141b917628783ec8848218bade51b4f9db025f70e20768eecfd79be762798efc
2207,Extraversion,good,g-063bc6d9c02c2024,validation,cf414e7893973c326e7346d5268f0f992d224817124bd5a8d104f7945f3986bb
2208,Extraversion,good,g-24d4d91ea2cddea4,discovery,d3a3199cd3b5520b382b1929cf21a04b6de6f8e04fd2e1eebfd9f605cfdc6fc2
2209,Extraversion,good,g-0141f2e50dfb0d7a,discovery,9da62c6eb0db9ea2f4e833b47d48a3952b5d4ab3cb16b0c4486258946bc60d5b
2210,Extraversion,good,g-d666ceb4663bbba8,discovery,aa7fc5ec754b11ad70647847d5bfac7727e35968d5ba0fdd3c720766e8102ad2
2211,Extraversion,good,g-11bf796b8e686286,discovery,363a13df8496b17616eae8a4a2bbabf80359798ec54b777ba2f2d79a71c238a5
2212,Extraversion,good,g-1b66c13076535d5b,discovery,e9d0ff7569aca047a5a0b6d18e3cec4bc5eab1341b3c45653b40d20a17aea6ea
2213,Extraversion,good,g-f6682eb3e6a22a2b,test,e6da9c1b678ecbbc48da2beea1048a6be1a54a57424acee3775b2e649020da45
2214,Extraversion,good,g-321d817549918ff7,discovery,e3db81204caa41377e9e5fdda1e6f23568696a119b8fa51374609b1e7618d92b
2215,Extraversion,good,g-08d17f91c77add31,test,71c916ca2f428af324f9c198dac2fc61f40f7b77858fec3691224e569d896a0c
2216,Extraversion,good,g-8d48384901151585,test,5e92b80e46e4b3bf2c0652054a1a68064d267d1ecf3deff7c9d204029693e124
2217,Extraversion,good,g-7fb3a13f9fce8f84,discovery,f26ebeac078000c92b3f375081dd1b0cc37d0ceba45e1a156555bf04342ddc8e
2218,Extraversion,good,g-6c95d445c6031812,test,28cf595fffa12cf281515a60c3d64b8f01213442a5c05d734296c9897fe8bf01
2219,Extraversion,good,g-60e0fcf8193fd5ef,discovery,160f76c05acc4f30e83a374c3d4eb59a84fe894a03d0b12439d99aa6397f88bb
2220,Extraversion,good,g-7d124f0fb11658b2,validation,3373e5de97a94337e7a12f1d044a6c2c998876cf020cc68bbd4de98ff241911e
2221,Extraversion,good,g-5eb2cc9e5ea46111,discovery,65dd6a1062520f6dfd9d3ec25b88bf718de427756147614f4149e89217bec2ea
2222,Extraversion,good,g-c78ac47c9a393b88,discovery,ea1c959195307350a8c735307bf18236a3374a2b6383f6401bc8d8a7fc257fce
2223,Extraversion,good,g-efda21e63b5e2f01,discovery,bb750186a74ef4479e8a837a443cb208ac4c96f547c1d889e7ba41ce42c84659
2224,Extraversion,good,g-0d44ebaeea4ff12b,test,bf1aa8a7dcbfdf14e7e358f89d1d2e205bac88d867d56efdf5b941176365f9d1
2225,Extraversion,good,g-50d98e870f058a74,validation,f8fba3b94478d3d0f16fd0bbafb8d11247d013389b061a2476e1f71b81fc77f8
2226,Extraversion,good,g-47af0cf1ba150b24,discovery,1ace6be8b168efea6152c97b93c2f07ca5d32d9e03d0ff629f513a17be3897cf
2227,Extraversion,good,g-3b146400a5b672e8,validation,a31c3f3ecbe7484362b9b8a42f2787cf1da087c3958ca048a0895cdc2d763ce3
2228,Extraversion,good,g-a33af6a6389c98a4,discovery,7982d981719798355693a1000e57b49c20cd8a41cfed82c720cf3e0f9d3edf25
2229,Extraversion,good,g-b55c7402bc81dae5,validation,2cee845dfbe7b6c218765b1f92bc31760e58bd9b63f9066e5d1c7fa57e477959
2230,Extraversion,good,g-89e4f8bf9f80f4d7,discovery,bab1f74098957a53b824a25d99e5b18ad065f53aa1c671f02adb79dcbb70e28f
2231,Extraversion,good,g-fe71b8af2a54815d,discovery,196dd8a5835c8147cbd9b4c5516ada14f9bea6410f7bc62f2531c72d22679c1f
2232,Extraversion,good,g-a2bcb91342c8165b,discovery,131e772949b0762632b250382dddd13e17ca71e7b86afde35905f7e6c8a38261
2233,Extraversion,good,g-8466a658506bce87,discovery,b9cd22ebf618f2bcf7a10ebc4a9e9d311548f73e7ca8cc76aa7490d66bf6ece2
2234,Extraversion,good,g-d7f35390f320e7bb,test,ba8952b0285e6bb29476120a42fe86f8da76c1d8edfe01e258453e1565db1e40
2235,Extraversion,good,g-4cadcce0c5cfa31f,discovery,f3ec7c0edbb9c446b9c236c69b157458f7111ba5e8101589fead75d87d466b33
2236,Extraversion,good,g-ef9e5995e47961f3,test,ddf25ee37e24c15a4d6032bbbae7e500cd9bb9cbd84ade9cf55d952eb0176f9f
2237,Extraversion,good,g-4477c23936e15068,validation,74e392a267167ffc3cc17a22d7eb9ce57ab43a92ef8ab0ae4c6dab7e0957a61a
2238,Extraversion,good,g-555a1c7eb4d3d979,validation,381efe13dba88fd0bf33b32d02205437fde1507825d5f07ecb36cf3bf8321e68
2239,Extraversion,good,g-19fca8c9eb4136ca,discovery,e2f933d1902a8f95a199e069fdbceed519c12dc6a03138464f58ecd3222a6888
2240,Extraversion,good,g-40256f9cd1472208,validation,0176fa8cad277176f964afd431441d64026457762c8f540e097f5a6b045b4737
2241,Extraversion,good,g-f0bcc22b14ba685a,discovery,715845e0fa17c757db91e37cb7e829cb6ee8af27e7ffb539cb0cd362a8ceaf67
2242,Extraversion,good,g-8fd7fee9321e9b20,discovery,9b0f505d29e589392e25c32383354f55ba2b30a77b7cbd7fa2ba5be28c12bbef
2243,Extraversion,good,g-370e5e86e0490ba7,discovery,52f3971713243c66c6c78ef1021659236690c81735cdee640c2415c0086c4e8d
2244,Extraversion,good,g-795b4ff4b8643c12,discovery,1cf75e8376f5b6c2974a1f598b1fd01b01f38109f9c1c47d7aa02f85171eea61
2245,Extraversion,good,g-50eb506c32ee8ffa,discovery,8bd4fab1adc616dd6722cc96fec3e7ca9de4a897ce4062a4e66e701a8d6829e9
2246,Extraversion,good,g-5993fad444db4a16,discovery,2d8aab5fe9f60c15c75fa9a920255ba0909f207c56144ef14d6f87262a4b0913
2247,Extraversion,good,g-c55869e73cded47a,test,4657e656f76dcec4779b3c169ba9fb98633a5ec85b680c171552f37e73bdf7f9
2248,Extraversion,good,g-23896f23bd6f7053,discovery,077f2aabc88f574077d3aa50b737147dd6fb672fd6141daba9516085a8eb876d
2249,Extraversion,good,g-6267599ebdb75de4,test,60ad99c0a403035e80f50bb00a8d23f567258fe85228cc0c230536473b542a19
2250,Extraversion,good,g-4ed0650a67ac91a3,validation,4fa710e63446d05985297563e3926812af762024fa0fd906341519c2e85fbb21
2251,Extraversion,good,g-a66018cb9bbec01e,test,1623472332eb28d645208c25983aff95186e7b9f7b9130a8190189449e6fb1cd
2252,Extraversion,good,g-d35980cd3fa9249f,validation,755ac60c398c8862fbd923bf8e041364c3af57ee1d97efa34d1bde65861a837c
2253,Extraversion,good,g-ceaf9219972920d5,discovery,80fff9216952969ec1760bc7c8cf8d980a4a6ce4c28e2dbc6d9b08e9c672d8ab
2254,Extraversion,good,g-67fa7bd5e66e849a,discovery,2230225032263d03b0668cbd4fa01a1e95c974810316fc574b5e751fbe3dc24e
2255,Extraversion,good,g-b07e64798fd25911,discovery,448f81d5a72fd111fa53dbce3c22f1008c89047b0e5d13b1ff455695d1498429
2256,Extraversion,good,g-8b601d354c8613b1,discovery,931ad491769219b0cf7ca20bed9e021bcfcf2650eecf94f75147333f4c0fc670
2257,Extraversion,good,g-498997ff18a36b48,validation,b277dce68425af9740edb16ef150d3c900b4db8c8303b71605bce864bfa3cac8
2258,Extraversion,good,g-51f1c724c02b11c4,validation,7c0dfc3f1897d23ae902535b7392c9093485026af6710e1b3448adef56adeb24
2259,Extraversion,good,g-2c5c8162b681f8ba,test,80ef952cae5d0c628ce1ddaffc24a092abbf0b1bf90c378a649616c9da684c95
2260,Extraversion,good,g-2470524849b7dac0,validation,373a4a28e8763546bebec91e1bd1ed36018c5e677d46aae459a31e41e03f0069
2261,Extraversion,good,g-fdd21baeba4015ad,discovery,67613566320c20a6dcf551594bd45f2e0c76107c974988211abc6ce4d52a34e4
2262,Extraversion,good,g-6d34f91ace1f8cb3,validation,af53b32f1d26e62e6786670a37492ffa85ecf794abbc67a87b329821ac6c818c
2263,Extraversion,good,g-f1ea61c56fd94db8,discovery,1281a95c2bafa90a206ce603ff64a3732b3d732d29ad5e7f76145a0dde127f55
2264,Extraversion,good,g-866726fa5d595f58,discovery,f1babab7ca8b63946978d09f6c2dd96e54fdae4afe67870d74cecd85f26269c4
2265,Extraversion,good,g-a86e08dd456863c9,discovery,03420733ea6ff4149db961195a3da4849ecb3ff8fe11837de9f24e52d25a86c7
2266,Extraversion,good,g-a45ab8c7a0dddccb,discovery,750ea760ce547be261156a2a62a2fd7cefbdf07348aa2e371e1b9ed852cb780e
2267,Extraversion,good,g-5a4c47426ca2a146,discovery,c545b363f9394812be9a71f9ba9ed81b518cb867f8d0af802ab90e685730dd6e
2268,Extraversion,good,g-17613d71c467ca6b,test,9010e3b3dcfe1caae7e2c1ddd72e88ad985878812c5648c5a8d920d8c74ea4a7
2269,Extraversion,good,g-8678ae692aac34a0,validation,f11db6f874d71e734fda6f7e8d30416bcacdb708870832883a793692eb8d1fa9
2270,Extraversion,good,g-772babab1743e348,discovery,f0fa992fd0214e8edcdcf9164836cbefc85234de4d2d7929601b7bd0aae4df95
2271,Extraversion,good,g-7f7a70e4853948ea,test,8fc23fae0377ca292fc8948566f4a0dfcded08b15b51f8174bd956d27c2d4ea6
2272,Extraversion,good,g-fa7445fc568a78d7,discovery,0fbd99fb87c11b741438320278aa8e365d4b4814be4d15b83176a3e7d5b9bac0
2273,Extraversion,good,g-89197f67842d2232,discovery,f0f93c4e2839d342a4716a42215e168640bae3f66d0d825d0884b829cdacde9c
2274,Extraversion,good,g-5eb0e85c30f973b1,validation,d9d7c3020f14579ec8c4f425a6913e054aa49144a7ed4c4cf201938e6272c0cc
2275,Extraversion,good,g-e6c0ab6b7d1a2027,discovery,76742f0cbac9d8f12ad8e4b0be198b55ce9491cf7c08c572ea4a6a62f7e3e7dd
2276,Extraversion,good,g-0bc4489995bae7f2,discovery,121e798b178ceb118276ee9007cda582ccd5b193a0debf73e373011dde6b425c
2277,Extraversion,good,g-be6c209ca9a075ff,validation,b6130cd4bc41d146a22f40e16a9884cb07ee8f7d97b63358af4010a3d1ff426c
2278,Extraversion,good,g-9af8cebc6bb01cd3,discovery,41715842ef68eb22694a12f02e2260e24ae24e7afb1f4e469a3ec00b7f63e086
2279,Extraversion,good,g-2e23d6c12a076fca,discovery,f030fff767f17b31d352f737858dd6071e0c7e3c8de4910f0bdd0fc367aac083
2280,Extraversion,good,g-6cb25de4c42c2d8d,discovery,fb123f42a38aa85de809364ce9a411fdfd107ce5df7e0f65a9d01fbef9ecd9b1
2281,Extraversion,good,g-0d292726c9c4e232,discovery,a85a346353f1e2979c9f33c4e860c7b510d8786dc32dedec21b868d48e188f7a
2282,Extraversion,good,g-75456d8def51e138,discovery,d1ce2f9bf2629dcfdb9dabbcdd501f28b280b68b297b3422899c643c2d3f9373
2283,Extraversion,good,g-864796395fe1364c,test,2628c502725dda942b867c2ce89f46f82b35fa918c865927d59a6858b2c89b77
2284,Extraversion,good,g-3505a09e641e891d,validation,bbcf6c216f1cc4a298351d7b6ed28af7b79e3d69ea90920d54766298da21aea8
2285,Extraversion,good,g-7cfc9695b15992c4,validation,21f02e3c8aebaaacbdd097f3881ab4c8337472f41cabbdd9648d10d0604ae801
2286,Extraversion,good,g-a8c9c1ba80400b9d,validation,318cb5490ff0089fe27a341d0aeadb098cea973b3262f060959b1a13803a16f3
2287,Extraversion,good,g-5f1bb24a9e99b719,discovery,fd3c33917d8a6208bf36c049d5ab005057855ab02bd5f7582ec81b850ddd1507
2288,Extraversion,good,g-d379eac8210c3027,discovery,608b3d0ff048a6e28206d0c041025ae6de8d1cd6a09c709efe42b9d60c831e9c
2289,Extraversion,good,g-fc0375fda03c007a,test,acf349d8528cacc2dcd9b0761e7d812f781902787cae7a7088ddfc6d801062d6
2290,Extraversion,good,g-3cb87c273b942b52,test,70882014952cc2eeaf70adbaf138269691081407478472e0aec74cdfee433f1c
2291,Extraversion,good,g-29aa6d3a005bd297,test,ec31decb7bc24dac8e85312f1d5aaa5aeee270878fa1acc3266b84c18cdb884a
2292,Extraversion,good,g-3d0105d4b59fda1b,discovery,f148e87b0e519ac4839ece31e7d909f7fc8642a501e4a940f2b918ed9f83bc72
2293,Extraversion,good,g-70b0abb7c695c843,discovery,9edbddc2c913be6ce61f429fda9f63c6cedb7e04db74137a3487db352c1a972a
2294,Extraversion,good,g-d577932a401c8f9f,discovery,2ef2d35673fa1df649300ec0427f66333bcb6235a1c0ff5253c9d99fcbfdc151
2295,Extraversion,good,g-8d48b1e8deedff1e,test,88526a8870204bb0d5f695284bc995265bd1da0a75caf754a42cda73aac277af
2296,Extraversion,good,g-e1b2cfa36aba1976,validation,108689fa842e66a6f1a44ac4bea365ff73b73e5b6bf309b2f326cc7885a732f6
2297,Extraversion,good,g-b1f015922ea24096,discovery,99f3c6ea66b0c4b227b16243d04b1d083bfbf1536af7f40f73493dc5dc82bae4
2298,Extraversion,good,g-123fcaf6627b229b,test,f3a832811829f29707adfaf79fc819916e9f34c70e1d57208ae0a7fedf6b82a7
2299,Extraversion,good,g-9ccca73f61cc514d,test,e18b51b1f23acf7b6ea19c4270f99e54ded7ff096740b5eca32f9c53f350539d
2300,Extraversion,good,g-67c6c5d47d1c835d,discovery,20c01ffd46aca4e558142953cafe14a1951768132fb08deb02c2d6ef350e7d8c
2301,Extraversion,good,g-7e7a88e37255c524,discovery,6432d26a533f0b00ea9b8961424387cba64cb66ec58a42e6106f2180a8aae6fe
2302,Extraversion,good,g-47a268534ddf2c0d,discovery,697d289d29187ec76ce5af5fb0cc68098d4cabbdfb5226b4bb730ec138e78edb
2303,Extraversion,good,g-39d570a31580b4b2,test,187cb72374cb272c4560c7045f72edc3c812aa8462647ec92e396c72a6faeb9d
2304,Extraversion,good,g-b12be84b18e712b3,validation,cd22e6b677eaadf4e2ae7f3b5e751b4c557144d2faaea9be7270272167068b25
2305,Extraversion,good,g-a38c916a97cfa750,discovery,a3bde218485b5d8a154aaacadca0b242c85501ff7ca1ce884946f7c7649fb5c5
2306,Extraversion,good,g-a45a4d8ca8f3f66c,discovery,2a15155c10640a51617b05a843f8c2f3e6ce9ef4e584f5d561c93dacaef22999
2307,Extraversion,good,g-19831e6a23541edc,discovery,d0a57fc32c975222ecf37d441d1b79f7c4d1c6f417c82f06e13767fb69fa7174
2308,Extraversion,good,g-f683c8ca58441a6a,validation,4719251f376c3c6ab4e4c2f6b23eed957781308258bc74d8cbeb5d55262931c8
2309,Extraversion,good,g-29eb668f279af30c,discovery,524e47b3e441175f0c9289f7222900e37ddb6d9f9c8e2f282bbfd2ba349f81ea
2310,Extraversion,good,g-b0996a1280caab05,discovery,22c19ef132f959d39f0c228ca558f92231ae3911561989d51787a47fde400eac
2311,Extraversion,good,g-2bf7dd8048231be5,discovery,576b9a24330bee56b983b36b37edcde1e204bec419a48f1afd6b08dc267628bc
2312,Extraversion,good,g-67a8d890ae35fecf,validation,b234dad4d679fd39e3950d44678d3c38194b8e9a074a54e0085573d76e96dadd
2313,Extraversion,good,g-0c73d90c67b55b5a,validation,0fcc736194a67837e01dc6794aa808a458ee91e28a64381f8667879dfef9d996
2314,Extraversion,good,g-5f7421ab01828083,validation,c6deeebb88048bac17402b2d165de0f003fb08d286252620aece46fba5ade52e
2315,Extraversion,good,g-a2fb1264e406561e,discovery,5258dca0e66c0eaef12f614289703989bb990d8accc03b2808ce0a0ef741d66d
2316,Extraversion,good,g-b1aaeba3e13fd0f9,discovery,e83448675380c0c1f1226b2d8f8ebccd1378638f06c828b7a4fb759d3fd60784
2317,Extraversion,good,g-625f87222c209c64,discovery,41a39de7453715177d719a1c8c384635af286e8eb209d9db407ecaf47c3e7623
2318,Extraversion,good,g-59b67bb2b2f51f9d,discovery,d3c18450995cae9016e72045c8c3a25cc01349cbbe4ea01d18a091c9b02949a3
2319,Extraversion,good,g-746ff9540a941281,discovery,9d35f7699d75efcd72e09d931693ee152025f7d0c4cfc6fd8a346223303d798a
2320,Extraversion,good,g-2fbe8355e5a47c04,test,8c9e24c1d2cf55128dc07d08757a7fa302d93920e646978b3781814ff85108b0
2321,Extraversion,good,g-a92391e49d37a387,discovery,44e83ec7b872e7dc686795a52f972693a1cf767a9afba8b25f1a321649a25be7
2322,Extraversion,good,g-5c9115b09b8afec9,test,a2aa862ee1d46c1811f2889bef6ddafc250f2ee44469200b86e5a90a248bb482
2323,Extraversion,good,g-97f01cef589af59f,test,08ecda87cc7d8cc48be933c573a1a2a6575737d8eff424820f306c1f2584caab
2324,Extraversion,good,g-95f8db617c747748,discovery,0ea1b752f9562c7c9334d3abc7540cf23f977c2758ebec6285c43a7616396509
2325,Extraversion,good,g-183272de21faa733,test,946d6c030d95494d05978c4ea6fbeff593f03487d1560bce55e5a6f4e44a3e51
2326,Extraversion,good,g-e467825d9050090f,discovery,f0616840863d2a222fe8b83fb1baf322ff19fdfc818eec053cbf2555ebb74d47
2327,Extraversion,good,g-00fc7157814109ae,test,12133e5a64aedd98a076a575aad819576deaed6d3525a3a6faaf032c8a28856a
2328,Extraversion,good,g-8b237aca42cd8ae9,discovery,1cd89ffe0dddb1d5b7dcf8c61b55d01dd175ff207bb49007dc819c360884e615
2329,Extraversion,good,g-4902c4d12a8fdbec,validation,9c976fe74dfefa33c1f0346f8fc334c0b9e07e26540e16ae8f3a0d9202c24efd
2330,Extraversion,good,g-f7c47b6f00138ae7,discovery,10b4627b74afc69ef6e6c49bc7d546ed84d868ef01603eb237e0974ffb6f3f55
2331,Extraversion,good,g-a690560c9aeba1ec,validation,813efa983f656068f8f08833805671b6de8817b6f9008b12305a61474fde02a7
2332,Extraversion,good,g-3a7f125a7f9bf46f,discovery,f3fc1e91d5737ebe07260ffde09e145ad9463ca55fe092abb9fc3b28b850f4ee
2333,Extraversion,good,g-950af5791368a418,discovery,c0b48c289fa1a80c5f72aa8996a13f5d8e5cf9cb15373d0199c592a40523d9c2
2334,Extraversion,good,g-68e901c570a8bc24,discovery,844c9b1be3f00ff9ea44928702714bf4ef306981ffce6b42c9f2cd53e530bdee
2335,Extraversion,good,g-2e28becb2c156092,discovery,e6a1526c0dbd60404e019c256690f30cf564ca4435adeca08ece9fb75b1b472e
2336,Extraversion,good,g-bc13d7eb496d9e87,discovery,43fd295eb329d7bee337307e6b51f1b7161ea89e47e3f7433614400dc271e8a6
2337,Extraversion,good,g-92af0d6b1357fd9b,test,679f932779fc9575b48bbb41d1a11e8cc6d7bedbef890c31dec989ea0e640063
2338,Extraversion,good,g-6dbdffd7ae59a216,discovery,beff490ccdc85e4e6151c8f8a3862ddacbba9fa136b1513b001a28e21965f0a7
2339,Extraversion,good,g-3a1e5609b007ecd3,discovery,72af5167f0fa5affe26845b51cc153e71c9a51a3b11f0b59aa47a90f8d46cb1c
2340,Extraversion,good,g-e2ac36e66f3a3c9b,discovery,b87dfa954fd374bd8bcc61bc67fad262768214af12a120a37fa742ad88ad3b91
2341,Extraversion,good,g-cd2657cc3256dc34,validation,fe8fe7d693d3bf997471f6fefb5637fd979d4623371435cf0a40172e672afb28
2342,Extraversion,good,g-0c73081c7b5fedf3,discovery,da0a1bef8ccf847e707160f883722eda9c3041e715456390fb9ddf429ef676fd
2343,Extraversion,good,g-33bd6b59ed0c745d,test,a3b5ac3a3821f7ab6eb1e652ddf9dbcf6d4e1ce26a1c3ae4b3a42e562cda73f1
2344,Extraversion,good,g-ad4c6028632a5ec1,validation,ba40a568b946b5aa7f31f759c1829d29557be0da3dbf8cc68c99a5064090df3d
2345,Extraversion,good,g-67e1b54932a250d9,validation,fe52b12e51a4703446cd0c685edbabd27da8b1436f098253903d21e12258e8f9
2346,Extraversion,good,g-f4ec474295f49c7a,test,83167743afb7ae60fc871a529574b9ad5558f09d38417112e2812650c140d600
2347,Extraversion,good,g-ba2de07a63ca5505,discovery,a200dc69e39cf7c75a5338e2af3ac9f0900715d1d4c7b58760718790b49be945
2348,Extraversion,good,g-2ed94d7d59cbd914,discovery,ce407f8da5eedee1d8ac46d4fcc29b0d4aaf7d3c58f5f1b9cd401105740373e5
2349,Extraversion,good,g-be3fcf9addfae430,discovery,62410cf25df81f76b85d0002f48e30932e7e53aa93f70560d015eedcaefb572b
2350,Extraversion,good,g-0068a40d1a858c5f,discovery,daf7101e7fcc5ad4633eaa8f55305c29089003142bbf33463428198d90d36144
2351,Extraversion,good,g-963f6e813601d089,discovery,f49c121d500e35d31a985a7f7760f0c178384accaf5bd9a48bf49e45424d0e08
2352,Extraversion,good,g-a8ad885e6fa812fe,discovery,f23ee60fc8a80f489c0deeaf254eeb0ff4ef97017bfad1167d2a0497a95c192a
2353,Extraversion,good,g-46a8388ebdb92da3,discovery,815b1da16969302383c23e3a52933770193d733e919dd84d630e85a8a5dfe096
2354,Extraversion,good,g-65de0dd734ad6faf,test,e1b4ff9b38b9c4c40eca372e624748741aa65acf06f8f4497c03a157febafa4b
2355,Extraversion,good,g-6bd569ac866a917d,discovery,1b2afaa5d88a37fa74c056b51a523aa540bb3da0be6db8f977b23746f7d85276
2356,Extraversion,good,g-8c306f06e45a7546,discovery,7f7de0b05e705ad1dc221dfe808973cb9117dd66d58f42c4cc39b23e5703872b
2357,Extraversion,good,g-2297c4dd1533948b,discovery,f7a90ca5edd0b4b79445105c1602c6adfca0be37a18e8ce1c8dd1640e50c2abf
2358,Extraversion,good,g-91d9ebc185905176,discovery,a2f35313849075037b48815b6b404ef9128b804b7c7b8be65526d2e3845c2b0a
2359,Extraversion,good,g-5c769ad918de577a,test,9e1d71840b7bd8d300b3d77d91b517dd28ae5d7cd83f7d4fdc1db3c3103c1ebc
2360,Extraversion,good,g-76676bebeb6658cb,discovery,e099b47cd015228e1174cd929ed375f867a45d42d2ea81c9805e0a1cdf3c7c30
2361,Extraversion,good,g-c2531e09f76b35cc,discovery,a0cf4ae3a23fb81f9e788f531f61cc896d4043f2e60b3224e776a00ab900a8d6
2362,Extraversion,good,g-bc358a50c2fd3ab1,test,ad88d74143421c200f5f5bb6ed01183b92e05a849a29536a7afde2d303062628
2363,Extraversion,good,g-c3bcae5031386aed,validation,62e13c559c6b8481d0d16d4fd45cd7e3512a8d100ad160035abe1f4a3b3532ed
2364,Extraversion,good,g-354e51c906c45c91,discovery,2903d9b7272e76846f544d40949cbd88177347adc8db472a39cc4ac84c94e6d7
2365,Extraversion,good,g-94eb795020fa07bd,discovery,d9cf4225d4582f63df459a2d0d148bae2929a96ac31fe33ee8def82eea1f70ac
2366,Extraversion,good,g-ff3baff66075748f,discovery,4101a155d7237a951ad1b1e788f4267bc70b86b8063291029348d75fcd34ae39
2367,Extraversion,good,g-383553e95778f284,discovery,e47dddc1235f7aeb60d995b81277499ba4402336186e8461b9b6cfc930717773
2368,Extraversion,good,g-5a9705b0964f49f6,validation,78723f592ffcf275c7ea538a05fcf85aaacd4500af4e3e739029a834ac89c60e
2369,Extraversion,good,g-725a58bd6e9e51a0,discovery,3548429712202e521f96945e4b973f4c84d76a0a4c77bc66e25047b80417679c
2370,Extraversion,good,g-163f6807f0d472a6,discovery,dfbb371c478c9d329e17f7a9af915cfc86d9d1be1667ac275b479d1d167e5bbb
2371,Extraversion,good,g-837828b66275e769,test,d5475606ea22d38d02f84bb5d9b71c47c9e07e3d0b167ef13352fa805866a155
2372,Extraversion,good,g-dad9c314c8c505db,discovery,053e969fca7d5390c186304a335ecbe9115b068fcfeadb2d9314a643d83aaeed
2373,Extraversion,good,g-ba6b6bdb07747d95,validation,38cd106a17eb09cef1d479dbbddfb83e3a7520f2eea3fd20be5027f48c953967
2374,Extraversion,good,g-0280ce73a532ccc6,validation,7193cb6699e0d5c20bdc38b1f8cd1afda609ac1788a25cff3f2ce550ad3701d5
2375,Extraversion,good,g-6a51c809de5a12fb,test,0d1d79eba71fe81add78e6eb1681c06b886aefefa3ab4637033daaac690709b7
2376,Extraversion,good,g-b4a73eb8cae4b232,test,e13779bd9f6eb9323e0f97f268e749592837a94026ac98ac2b47039bd2f2182f
2377,Extraversion,good,g-ef18c3fc8d482ed5,discovery,badf6f5184e0b8c8fb297253b5d28ff9fc49401e583da1cae6e7a04dcaa463f9
2378,Extraversion,good,g-ffd2b824249318c8,test,56af67ee3c9ce5a0e16f18eab731aa321252dcec7313514b7ae8e6f457edb477
2379,Extraversion,good,g-88728850880931fb,test,c380fd4ff1d7ef38263933241b1ecc50d060057ad98794276d41f9990f26caf6
2380,Extraversion,good,g-80b2fdaa63b5c1dd,discovery,aae47503c24c995d88e7936da160a8e3f8b035f92ff81f4d7f8dca64b387d172
2381,Extraversion,good,g-c4e6f1e68d8fcd42,discovery,0168fde425d2300ccd6721341a64984fec24c19f9219c017a199db990c1a327b
2382,Extraversion,good,g-cda6ec7d6b0c3331,discovery,5349a14c1b2f11cd5a036519e9d13220b084691ec9dbee2f467a9f518b433ce6
2383,Extraversion,good,g-9348fe823d993b35,discovery,2b491e77a2570667b47d5459231db4052dfb7f745caa35dfcb98d7a4135ac7d9
2384,Extraversion,good,g-b490c04b2118459e,discovery,b1b12bd3f1d718bdbcc73b6dca9b008973b0efa24f4ebf9ec522781b1173a454
2385,Extraversion,good,g-19685015ccc5f952,validation,b2d4b7377cd0ef75ea7f7e0a53d6480703e45744fe88d38641c1469b9fe61e57
2386,Extraversion,good,g-354eacf8a8865d21,validation,3e63280401f8e0dec5c30301598c2e274a06c37dca847f662f377abfad5e7c2f
2387,Extraversion,good,g-281768a0add6887c,discovery,f27383cac6aac37cb5db570abc67701fe5e594ef675cdc7d0c1ced45487432b8
2388,Extraversion,good,g-8adae963eb170a64,discovery,b5940aa7fe94d729d4546cfe2aaf3dd60ac11fc68274bba1995a635ac845b767
2389,Extraversion,good,g-aae9f85dfeb86057,discovery,dcd3adb9942b3d59e47fd1913eeadfdc3019693b2482aaabb7f673bfecae7441
2390,Extraversion,good,g-7cfce00a9166f9bd,validation,aa69f07e14fc392666f40b72c2376bdea0e2089cb4407210f0c9795638ec79c6
2391,Extraversion,good,g-a1611d051141411e,validation,f8091f0febfd4efe82acbdc97ad5fcde7bebbc0bac74fd827c9c6a26dc355c20
2392,Extraversion,good,g-6c01418ff09fff37,discovery,ecff43060bdf9f4c7dcc906077c1a5794e24d7d93632298ab3838bfa444a39ef
2393,Extraversion,good,g-5bf747dc5688aec8,discovery,5878cb21f1d0708bbe5a5bb0481e2111c010d60e045a478c228a9f9609e56adb
2394,Extraversion,good,g-e680fb9895c9122b,discovery,3cb3a3684c184ad2188721e1a6275557d7b8428efa4e1dd7805832875f1a3160
2395,Extraversion,good,g-c1af5edda33e5f96,discovery,aeb1d87f37a796687a55e6882182a49b744846c59f79749a7ec75ed77c14e3d5
2396,Extraversion,good,g-745524c8ac51d544,validation,e7922e4136780e6396cd80b197ebaf5c0cea49b8329c442f95defd18a2839931
2397,Extraversion,good,g-f87ce02dccc5662a,discovery,2eeefa30319fd15fe3d3baba09baad0cff806b31c016dc0a7527a73ad1f8ec36
2398,Extraversion,good,g-7fef49f6c8864a93,validation,5d761806f2cb5633df44567937735dc245cd5e3629b58c6a0f637c7f72b7d515
2399,Extraversion,good,g-cbf10d51d1c921a1,discovery,bdd161d9ef01dffdd9656e2807915bff8724b54e4068aa5f0be1bb1feef542b2
2400,Extraversion,good,g-c51f0557596a3a40,discovery,7183ca818ccf4017efa78cedb269efd58bb43424fae68c9c88c4a68307dca03d
2401,Extraversion,good,g-0096b7e67e4ff37a,discovery,5e3dee54036f33a2f85f69ca799abfd741efc20892a59c47c5326c8d52267d87
2402,Extraversion,good,g-ced8080d42f62528,discovery,44f08c47ebfd33275ae934327549481e7457f37a065f95fd933cd3204ee6cdeb
2403,Extraversion,good,g-752a92e496df548e,validation,ad00184f30f594839c7b7c985d0db071ea9467101371eda7c0c1f667311a465e
2404,Extraversion,good,g-92385f04499bd432,discovery,e1d4beb2f57f7af59204d72014e2e421769754f0b62e1c26f92f236a1cb3b6c4
2405,Extraversion,good,g-13354dff1db8de85,test,2825a85e30b94a4eb88bde8067a9b747c77595f3ee926225388caf4a721af407
2406,Extraversion,good,g-9c822b6508e6ad9a,discovery,059eaba4fadb234acddbdf84b7c6a3f7ec892919b41d785f9ab7ec7144c5923b
2407,Extraversion,good,g-6556bd75510fd707,discovery,a8208f8ab9c1cf800a5b16b7e7a019cc5d07c8568274b77fa943c8bccba533c7
2408,Extraversion,good,g-b23fb21c958172ae,validation,1651fffc31953306af47a4d197481869cd3e656f49579b35aec7b79d63ba8835
2409,Extraversion,good,g-c606d5ab2b23d01c,discovery,839caf8ce5a769724409e9a3d0c6b82a3e03b2af7b00f157e64a8bd98af062e6
2410,Extraversion,good,g-024a0c7163e779f7,test,237166d20a025e7eb0f04a345baef076fb597710b770b8e54bc7eb45f503aa22
2411,Extraversion,good,g-cd53eadaa316ae72,discovery,9678de5eb6961cf6ab062dd9d5e3797ac06d1aef76dd3e5b98098ba68f172058
2412,Extraversion,good,g-19c5e5c0c7116238,discovery,894e2ec0adb714a4cff83c835a99211a858b93118f109f4692e061fbca0c6c5b
2413,Extraversion,good,g-2a6ffd7ebafb5c13,test,95f0a0459e176f3f491b8a447d3483de0ee5e07296307dcb87cbad40f678c18e
2414,Extraversion,good,g-de00a0de1f77cc63,discovery,cad5076927377eee8f66a4810c53fd5b8e4da7454936f16daea94461d9c139ad
2415,Extraversion,good,g-24ede828ebe58a1a,discovery,2a33eceee79bab51116c7ddd93c50e1311a17040ee3e1a37f619175f462da926
2416,Extraversion,good,g-32b116abc496f3f2,discovery,6850aee9f7187ef6996a3cf9b72cc04e443645695d4cf8708ab2e9517f1829d7
2417,Extraversion,good,g-e0be75e700dba1e9,discovery,8cb618e97f57be8da220109c6f46193ea66773e514dab61d634479009e76d80f
2418,Extraversion,good,g-a12458b355f27832,discovery,6c5624d5ab5f2b427922b62a2e2becf31c619aab71d5ec8d724964fa3155467c
2419,Extraversion,good,g-e97ecce7fbffc7da,test,21bddf552343d78b9bedebd55f1829333fea4f2c10c6049a597553bc954f2f81
2420,Extraversion,good,g-60bfe2e94f5a696c,discovery,c8b7678cb8bcee0d27fc41f37918bd066d0bfdc9abb2606590d28cb81cd3e979
2421,Extraversion,good,g-09e909e2eea2d08b,validation,3028185705e612fa347cedae440bd68b08c6883e9718d34c53ac38d0ed2b55c9
2422,Extraversion,good,g-321724e7f64b9d38,validation,e00a5c316cbf6242138f0aec0d48aab560ca55a25d41515da3423fb4d2ee0a0a
2423,Extraversion,good,g-e3173dd3b267271c,discovery,857baea9aaf5b13f58da82006246478e436cac68cf7d053ed6a125fc15a9ebcc
2424,Extraversion,good,g-472400ec19a1d9c9,test,88d1efb79428890f024fa388974afe5f4e4987e63feab1b7b245e60d5f98c06a
2425,Extraversion,good,g-ca6fb7304b6e7592,discovery,78fd8370d23f31a01c0bf95c2404a6639d9c5ba7613b407f02e00a96b9a1cf30
2426,Extraversion,good,g-55f56dc810059b49,discovery,a27af03d870b038a9c7f3bc542866962be213efbefe03d26cbd3f641169c0b54
2427,Extraversion,good,g-134657d378857366,discovery,15327fc8f63d4c9915b88f5c5f70916aa8e22f4b76727e7cf5d4618dc8859674
2428,Extraversion,good,g-5024e0a29381d299,validation,6e7a18a892886651495afb64188fa386dc753ff268cc2d9b15646c555e167a9d
2429,Extraversion,good,g-ab97951a4f0cc1c5,discovery,5cda4198d5ffe4b406c8918c0440355722a0c8ec33a73eb6a4e4176f38e23148
2430,Extraversion,good,g-ed2c3fa0e1b7e842,validation,e8ce55f9b7afc64408c02a9ee4a018a4c76b61a6ac65f9935c20d364a44604b5
2431,Extraversion,good,g-257d2bdfbf91bd0a,discovery,c4954cd1c4c1f7df72b843e13bcce602e1fadccf2f8be2a2fe7994bf56340018
2432,Extraversion,good,g-9fa89a97a8a5ed4e,discovery,f8027c75829bbe5fbfb075950784cc988e5aaf05baa2a3c28f727b78b43567c4
2433,Extraversion,good,g-b97f3f00fe1f4e7a,discovery,ef36d91f8d4ef7fd5b7a1c876cf8d4dabc5c4776a7b8ea6869646c8a7b444e13
2434,Extraversion,good,g-291beda990511ba6,validation,1b741182a5fc2f8333929b24729455c5fa6a085fe8b6d83983ad1850dedf4494
2435,Extraversion,good,g-fa90c5824f20ae1c,discovery,5dff52f31c04032c0e29d2e4379e901631706728598c74993f8c89cf6430a369
2436,Extraversion,good,g-7683c513fd4e8763,discovery,f40bdbce36a13e94c88439626d6d9fa002412eceea43911886eb5ba4569b2efa
2437,Extraversion,good,g-1cce68a21e695a97,validation,42880d4972cc2e03ab21b88bbeef4dfde9cb74ff8072f27edfbe0c3d6d22d426
2438,Extraversion,good,g-a65974e350e887d7,test,c1af1a6c8ad86ea2186367c559a38004e4762a144e455ef6318aa463861e5c6e
2439,Extraversion,good,g-2ed32952f9cdf908,test,8b59f38e397700e2399d54f7d68a77611dc19c69508c8b2dc6b6518b58a93bf5
2440,Extraversion,good,g-2a1a0bcbfccf254d,discovery,41f42cc9ff7cfb557124814a83b2fb1829353bab0bb9460a7f04e90750a7cdf4
2441,Extraversion,good,g-67ba8ad0d4e34ec4,discovery,5344fa7674a4df9e0e8c8c8b88551708b7253f89d7f6d1a261ca365e4283d4ef
2442,Extraversion,good,g-02686d9e6681ac90,discovery,82072dc37cecaac286d21e480a0003357c7f903be3ca3133227649b67546097e
2443,Extraversion,good,g-1b3121db586d1a10,discovery,7e187bab45221cd096c22af7917e4f59027cd1bc36ba21739a12e769226681bd
2444,Extraversion,good,g-573bea851ae94e2b,discovery,24a7e2b5f6c79ae26107652f985739d77c840ea9e468ac7b5dedd7d5412fe93f
2445,Extraversion,good,g-3e98c4c32e682eb4,discovery,f422fc5be525485ecd765e201f03ea74653629468de81a133520a1c810d84f6c
2446,Extraversion,good,g-de98ebe274af8637,validation,a4d25e051ec2c734d9a5695b4eb878debc4ba696802d1c0fc42c39a2c0520627
2447,Extraversion,good,g-c8fb8c7eb33bbf16,validation,31b9468134b4bc46f82a92217c1b90470c77ec1e024e583a7b80ef1c09e85da2
2448,Extraversion,good,g-285a5389b8eaeda3,discovery,87d7ca0f11c20424cc437940b79520b2d0dcdb93de2f3a407db3b6d3121c677d
2449,Extraversion,good,g-80a4d6b678c23248,discovery,0f8e4ef94295b001e2e1ab5af2f51eee8d22dafc97d6774e688a42cfbc3f6b60
2450,Extraversion,good,g-5784406daef8179d,validation,5ad343017349b6853dd1e161e80028185332e9265ac317d970501763da55df91
2451,Extraversion,good,g-c28b44c23335b224,discovery,94ffd5e1b7776de188fc148613784cfbe75e72fb6141903719996f7e568294ef
2452,Extraversion,good,g-c19610311e1b2ef6,test,89b8c0207481852d1e7b127725b101c3228f2b53ad13e67922ce62222861b649
2453,Extraversion,good,g-0ded1f871be017ed,discovery,06cdc0d454adc0ad0e8c9e420f1902f59f655d6f57360fb5c2f6131c8fa4fedc
2454,Extraversion,good,g-4b3381f9e917b654,discovery,6959965f456160fba8d4e1ab139f342a01f93ca4fc4c7686689092c12bba7a3d
2455,Extraversion,good,g-206b43f4d79cbb81,discovery,892e225acba3f24f7b8e2225e4d1f9732c1a7cefdb9556ddbcdde0569cf4f5a5
2456,Extraversion,good,g-222b46c0198571d2,discovery,580bf5e817b7e24ad66a2e28789fce5c8c3e16d102bff4f2765c62c16421f444
2457,Extraversion,good,g-5fd09d1b78591e13,discovery,4743207cffd9cf5961b98c3afb71154ee597d4446b4be5467abd45dbeb321ade
2458,Extraversion,good,g-0ff25e7a663ac5de,discovery,04dfa064235a047cdcae5f09ef9a9221d6e645197f33f977a9406f41c888639e
2459,Extraversion,good,g-e8998825e25117b5,discovery,f64cdf4b53dabac773c6794d7426ca11b006554ffb9e6d59838f75987415ca0b
2460,Extraversion,good,g-828573666a89a883,discovery,8a8a7a3b129f8bee8b2ff171780ee1170ac90f5e3c62a86a9e36b6865d8b6f72
2461,Extraversion,good,g-603bbcc6f4970749,discovery,8f34350bb46dbf50054c0e9fba9cd4e49fd1cad45fd75acda4333f42765277d4
2462,Extraversion,good,g-49cd1e632880fd5a,validation,fafcabb898aee596fb9567ef28c6fec294018a0b28e0897466747c38f391c890
2463,Extraversion,good,g-327fa54d77503c15,test,2ba1bfd619520fa653a994863a4ee789c251465fa3d220bf746674c832349755
2464,Extraversion,good,g-fbea8a9d6f5f5a76,discovery,2d49ea02f2547dd7fc5551c65de43d14a49bdd03936f24015d83d86dd1bd4cb8
2465,Extraversion,good,g-b351a108a9be26da,validation,ad039788db4f578841168aa21694941e8d61d39ebd9f20066f98991063631554
2466,Extraversion,good,g-259314b6778dd79a,test,b73e3817a68a099d1dc829f9df0dbc668ffdffd14be9cb0946c2313da2f0de8c
2467,Extraversion,good,g-638b881f9a4fbb91,validation,c7de20f08e450d5bb9fd3689dfeed1ed307b44f7731826b773b1bfc9c4eff875
2468,Extraversion,good,g-1e3d3f7aa4b0768b,discovery,a5f73f5ff640e4a7583e2bb40086f548929cdc4249169b9b189fb6042282a249
2469,Extraversion,good,g-cf345709d7e3132f,discovery,26f5e37ec7011e48ad62fb2df5de6a79661c68cf8c033348a1e5dbaf9df11804
2470,Extraversion,good,g-2bac73bc748db349,discovery,dc60f84ce4fcfad39cd9ff82d1337caeaebf0154171117184afe1fa5ef73b8eb
2471,Extraversion,good,g-77f9e9bc70cc180a,validation,045882746c0b77a5041b4c01dca0cd28bc75e37516493e94d48380d81c78daf7
2472,Extraversion,good,g-b86f538e06f2682c,discovery,cae84f2275d5e4d3662dc04f12a0238b804f99481bc5846f796daf02e564551f
2473,Extraversion,good,g-9fb267d9ab05fa1c,test,9869ee0d7b34e3d1747d0d534ee2620fce3df2d2348edf14c35426a3b8b65c9b
2474,Extraversion,good,g-308f43af26b7067a,discovery,1b8758d68586fda88a7884601f5e06304ec047b0bc7e1e11e7e3e84d82f4c176
2475,Extraversion,good,g-6185ccff4ad32642,discovery,0bb08b5a7949382d9020d87d7fb82e1c4fe519bb0ca327320342de462f9a3260
2476,Extraversion,good,g-7ddbe9fc0e2e42d6,discovery,dc3a161b78121844a984f09a85c94a0072da49b71507ccbae08d0b8b637fa4d9
2477,Extraversion,good,g-8d2ddd560fb738e5,discovery,0bb2dcc026f2856d31e2c0c76a0383db305aa58157eb9656f86827855867c4a9
2478,Extraversion,good,g-e81c00d56222e765,discovery,e574c5c2bea79b9ee8240de7c2ca080dad0d59a0261c9897ff591cf96dd92847
2479,Extraversion,good,g-b6ee8af8593e0693,discovery,6cef14b57e4659b1c391323491d965a0ce43c0d4db6b295fab4be0fc070e6c2e
2480,Extraversion,good,g-efe213a634a0c709,test,08d4a802f04db6ca6fdd758425b14462fbfd08833a8694c10d99027b169cc78b
2481,Extraversion,good,g-e3b1c65c2665ef4b,validation,2a9edace5a63c5d661137f65e5fa78be29fe742b3ced38829c3cdac7d31d7930
2482,Extraversion,good,g-3053473e176c952f,discovery,52f54fcf50a837efc7670402c49645d5639ccb31d22b1c7dea56a6578a2caf97
2483,Extraversion,good,g-cc203f9801a0ca5f,discovery,64e5fc5dd4616063bfeb3ddc193fd4e5d7cd5d16390f56abe45ab2f14afca95f
2484,Extraversion,good,g-a542c605d7990b3d,discovery,f5a350023eb5b342e6a63d53889ac52435cd8c28267cdd90e03129b1c3a9bb7e
2485,Extraversion,good,g-79e2b3e4d70408c2,validation,a554bec0004cf6c50691e198ffffcf508720ef5609d3c311cc473ad6ad2dbb28
2486,Extraversion,good,g-5d41545ebcad74f3,validation,46ddd25df78ed938c512aa8e708a0a351357d93100674fe085d7710874c0173b
2487,Extraversion,good,g-392248fb2d244fe8,test,5c3adccfebbd2d44a0515e608694b9daa48a3a3206b7dafd17b8056162612654
2488,Extraversion,good,g-4ae36cf0db806c23,discovery,8a53f282f5800aa03daafbc3f781d9a32fad73f9912d34078c35927d99a06cf4
2489,Extraversion,good,g-17d15eb31a6ce7a8,discovery,3ffd30388f4b7c2ae428d1231249371d2f1ee9584313c8d86fd1baeac68b5da3
2490,Extraversion,good,g-5bdabc71c9923c0f,test,11f8c0726dd533055d0908ce315f14d89f5394fa7cdc7f794abfb5bdce66c2f4
2491,Extraversion,good,g-bd39f4b8578a8803,discovery,0dbed691ba271b00a153fd2f0f13e61ae79bf351f95b28376a866d218e4e799d
2492,Extraversion,good,g-e37df27a44ecf26f,discovery,0973efddd7bc1a27238f2e4a9a104b49e9a041b7c3224b8b58c2b0fe72a6da44
2493,Extraversion,good,g-02c283aaf008b927,test,643d4b7bd599db216bb2d8218d67c1ffd872d3dc2ebef6e0ddb32c449a855891
2494,Extraversion,good,g-a951fbb935247a13,discovery,5d4e0322c59a57891a7fdaabb82f335d132c80681f4b08545e9fa35598268808
2495,Extraversion,good,g-0d9032f8423e7104,discovery,8ac7ee620221f3b9fcd68594e6d7aa21c9c2017fed5b5a9190cf58e071661a5d
2496,Extraversion,good,g-cd5a85078c69c938,discovery,66a905b1c96f1fc9ffccd6321044cbfd90063ab2d35a3ca29d0910db7d30b610
2497,Extraversion,good,g-a1b1954c43a09bad,test,bad3815cbefe7cc4adf336f4b91b468f30f3d853015c38459f413f4dd304247a
2498,Extraversion,good,g-9d9459276860b743,validation,8baae23e64298dd136e99b3984b8e8bcb3c0691b18f9a7e0e105f027738a7d87
2499,Extraversion,good,g-7896802642f11de2,test,580ee3447fc08122631401842a43e8f0a8ef32826324eedd9bcb08331b19351f
2500,Extraversion,bad,g-2a44a27b341e36de,discovery,6345ee71e9c57b9b804998dfe6196828217e44f0eb41a3bdd3824b7914113813
2501,Extraversion,bad,g-8da8bb0907c8406d,test,7c9336add3b634363e64df863dd33a2dc4b532804a2c418c5cd7ade18b7fec73
2502,Extraversion,bad,g-6552a2e56c232730,test,a7eac9f1551995c1c76cbb714aa8d64245d890758e05db813f8c0839f73e6f7d
2503,Extraversion,bad,g-7fb38b1200d86120,discovery,64f0639005114ed348292b158bbac408f98e37b4b3c6deb8ee74c2c8d9e193c6
2504,Extraversion,bad,g-8ac68caf34254872,discovery,93fa24a8e1aacdbff51bfe90a2c68a85553cb78e8ef56138761b30bcefc6d536
2505,Extraversion,bad,g-9a66f068bd0ab946,discovery,9bcd2056d9b0a2c80b1614cf2c5432c184e57deab498e71197b8eeeb7df9f839
2506,Extraversion,bad,g-95b327c9e953fd3f,discovery,984da1fa853bcc91e8eaed242f09ed7a10e5cf3baa2b9240b568b954236b7cca
2507,Extraversion,bad,g-b31aa2e8433276eb,test,cc1bd5f0cb77e340f2025a98c2033497f0160a2d0e31c310067b535594a2d753
2508,Extraversion,bad,g-994d89b4942aa70f,validation,7c54d9f7d5680161bf14319ddda742dcafcbaac76989ed223ba3c2997dd891f7
2509,Extraversion,bad,g-eef8127028dde3e2,discovery,e9060e16cb648a03b858633414cd74b34e0f6de2b12534b9b63f05a24ced2a03
2510,Extraversion,bad,g-66fb0cb2af05f1aa,discovery,320f77ebec494cdd1c2dc95dbbabbdde1ebfec60bbb8d9e5d8764f0cb0b75c50
2511,Extraversion,bad,g-65ea12e24a3226b2,test,37a9eaa8bf8fb5a6644cc041f0cc6a51ddbdda585dda98eae7742244f6786d8b
2512,Extraversion,bad,g-d8a16f9bb4974583,discovery,4931467f84609f39cdee2101e804ffd9f669ed7cf58eb4d5db91477ab343d0e5
2513,Extraversion,bad,g-64ee10a49a439465,discovery,6d0ee14227754aa9879600112ee3af6e2b81d34a8a4d60b72bc6ad2e33d9e5e2
2514,Extraversion,bad,g-9bd12eb83436ec9c,test,77190d8a66ad6397e97d0b0d6ad556566d558310384456f1f2868de748a74e48
2515,Extraversion,bad,g-0e5f294049c156f5,validation,351e6e5e24ede7796d89aa6c122b4ceaaf0feb8b366be098a4f62cba1d8f4ec1
2516,Extraversion,bad,g-260272935781abae,discovery,23613ca8aa4ad59b6252a12c92bf7054ef481f3fb9b82e0f7daf0923f2247744
2517,Extraversion,bad,g-0009708a5d41715c,test,b61b109632c57edcecf1008576f1652f3600bc0d84cc0076a57e8fbd650eeb8d
2518,Extraversion,bad,g-0649298da8d899a2,discovery,b4fb703f4b10c540231ef00894494ab0f7519a385fdbc57938862ab340eaec97
2519,Extraversion,bad,g-7e0763bc26a92cc3,discovery,2c5bec06984f0784467ad6df625c649221ba68c636cfe3485cc087a53c45edf4
2520,Extraversion,bad,g-33ee9348075ac676,test,5a5aca549d05be038a2293caffce94c80eea3bc3440b2a433756a348a145f969
2521,Extraversion,bad,g-cfd326c4f54d288f,discovery,bdf844f8dca7352a8192d8b0f6b48f6b80899a213cea6fd6bcba856790a0a0e6
2522,Extraversion,bad,g-06a5b2ea54f190eb,validation,c6b57311b709b06285cb61d9ca99f2783d9c0cdec10252467fc2569513f082e6
2523,Extraversion,bad,g-d283f2f74f62c68b,test,2aec4909eb78e7507c76b03a1d46863bc5e3f3cc523914d00bb656f925503e64
2524,Extraversion,bad,g-720facb0d750a5e6,discovery,5830add09d8db3979a3d92e6f22c2ae9d2499a59a2ec0fcf914520181ef43738
2525,Extraversion,bad,g-5e021c9b331e0174,validation,7a4e9704743323b4a0461f14520e561026094b95d8fbc70a24f5f608c892df99
2526,Extraversion,bad,g-e28297885b64679b,validation,3b054351acc7dfcec79b507823b31fa395b1c9d0234e9f7bb6bdf567b6f03df7
2527,Extraversion,bad,g-12aa4dc587f11792,discovery,0b3a7a27d97caa22cefa412c30997894f7d355783b1d1a532e542d5d6233f7fd
2528,Extraversion,bad,g-4ece17ec0e971a56,validation,9d0ed8224f993d730ff5c785322801f7af81ca8d40be6d46e48ea639e1cea65d
2529,Extraversion,bad,g-b6c8dc764669f089,discovery,80aa966e03dd77754b4a66c0316b37751beef6819340d4b55dc3ee933601c5c8
2530,Extraversion,bad,g-31b0e7711606e66c,validation,a4dd31560e84cf507cbe1d01832ce0f61ef2e1867fbd9e60b026f17db25d8c16
2531,Extraversion,bad,g-13edc72d1a4bd793,validation,2e0061f1b140aa51a1ddd1629d443be21dc43755a70894a0567e3b2d71fa0af0
2532,Extraversion,bad,g-081fa08a518230c4,discovery,e4721e2ac2f5f7bbbfb1a5ebcf0136a446e2a7bd1f28f0088285d3e4c2f42741
2533,Extraversion,bad,g-5c99f954e394cf7d,test,0898aac5a254107cfd04ff2a9de198666bfb4b7d2256c606ff1c9cf1b602d962
2534,Extraversion,bad,g-14c3e0c62731db15,discovery,4b2c7cb05817fd8c34d5ff69a2c19169eed6348215790e31868922e6128e5ad7
2535,Extraversion,bad,g-b59aefe600a11247,discovery,d4c3e6bc0abec83f6daafcaa634658b94013e3c8fb22dd4086586da7320f60f1
2536,Extraversion,bad,g-4faf70016e8f7bfd,test,95d0e782b5ee4fad0aac2e36f9a25815867f34bfd2269ac0ed209f1ca9b8b2d9
2537,Extraversion,bad,g-0e480dde9899cc7b,discovery,b3b17e2cffda6338637797a1f471d330b994cf84234a6fa6f28e8baff22f9d74
2538,Extraversion,bad,g-e68fe42f84ac80b0,discovery,35f6c944f44b674fc00e8f8387b7b86e9d78a3a8c0470cb6f802a84588980be3
2539,Extraversion,bad,g-2bf56f9a5b63067d,discovery,be2bc926842d4500c72d1cc9bace554dd9e5ac5e56ee498879dcbfd80bb795ba
2540,Extraversion,bad,g-2de41c387554efa2,discovery,678ed2dabd8dbf0b9fbad5139d72960d8610b54d1a641095348c5527b7f25bfb
2541,Extraversion,bad,g-f157aa487c2dccc4,discovery,5631e51849c4cdc2e63cc3a4b10fbf403a055654d493da2ae2d409f9aebfee76
2542,Extraversion,bad,g-e97b21a07665c3c3,test,4220258bb83f8b449725c13cda017cf9962f0f04eed577ec91dfead0026f684b
2543,Extraversion,bad,g-a71433640d3f912f,discovery,741f0f6fe806afaae1da1b260afeda47f39263cc2d0df9198141241f2615236d
2544,Extraversion,bad,g-7db667135f4c6c07,validation,37455d2ca0c6ee6e2597f20a9d996b61b4ba7f94295ce7427a9acff75ae513c8
2545,Extraversion,bad,g-70019c7ce2a1b95f,discovery,16770d6d77c89d1df430afed4bfae795762ad820e1706828b337b2dc259453ef
2546,Extraversion,bad,g-aa93b53c41447377,discovery,af269efa652c3d0ebe7511a141f7148b48b555681711039d4c59146d1d8ed28d
2547,Extraversion,bad,g-45c6b4b088a7c045,discovery,30f1d4fe39a9bfe8fd9a4b23086108dd8cdbf58ba5b5fa97f8960fc816c086a9
2548,Extraversion,bad,g-65214380ad3537d5,discovery,4d765a4c2709fbd9d587fbd3f87ed655028e766100f09597e05fe22e1778948a
2549,Extraversion,bad,g-7200a60ca1decf5a,validation,7d6b7faeccff141b86eca2044a0b5019764f019d4b2cebb3faa4b5ff5dcb2c7d
2550,Extraversion,bad,g-d5420ea20059b317,discovery,b380d4279ad8b524d3799e861402bb5a5d30d660a0ee3c01d1d8ecba39ef4a9c
2551,Extraversion,bad,g-34f0bdbd051eb0de,discovery,204ccbd279fb83b883dc88dd48df9f72d66f5fcf44a8dde08523b578fa7ea5f6
2552,Extraversion,bad,g-87364905a414dad6,discovery,47e46a43e98aca420a7f602961251c43fbef7e4957ea8a5024beb226c022fd0d
2553,Extraversion,bad,g-63d10be3666a1922,test,4ae316963a24aaf6864491e53f08a50c9a3c699d2c1f4077535c15b531a8d9ab
2554,Extraversion,bad,g-04439fd3c91c128d,discovery,f4423fef2ef9fc051afdfbcb3873cc2ca01738a2c77a016adf14c107f04ccf71
2555,Extraversion,bad,g-1df3ac859faeb91c,discovery,3c120da8793ba9f850a1dc332600bafc3f0474696abf017fd26d6504348312a5
2556,Extraversion,bad,g-0d75472a30d9723e,validation,57718e3fa7ab8458ccc56899d56a3bfe0c3b3ba9a802e5c5029ee16cf16f3922
2557,Extraversion,bad,g-5283d069bcc79630,validation,eeda1e153abcf09a876be9310f5f554ce1be48b30bc9315f6e21e6d44230eff8
2558,Extraversion,bad,g-f48af6abc3e22090,validation,7571be50ec09144e795ba7c43d93dfe3fc9f85b6acb4a59dd67a7c6ed72f7fa2
2559,Extraversion,bad,g-732a6229b8ed8493,validation,e2335ecaca0c0234c08ca83b96de61361177080782afdf184a1349e53bc6cfb7
2560,Extraversion,bad,g-626a4640118b2845,discovery,16724f1797d33759c6e99855bd16cc5411b8b1b0cda3d52d7a6da6d9ad4dee07
2561,Extraversion,bad,g-b062e7f21b4adb95,validation,527c4569553be5dc141ad5d169f5c8800b83a116cf137579d241ca2be506a742
2562,Extraversion,bad,g-88651fb704230613,discovery,928b854fb588a780894df38ca0cdba4a66cc3552a230658369211e465d1e952f
2563,Extraversion,bad,g-81b96dae2a90bbfe,discovery,70a7a0fa6530b4242edff4393f2b9b80144eff1ac6873adb0ce1a6cdc1c6f4a0
2564,Extraversion,bad,g-606907415c29daf2,discovery,461579a89e71a2726c22869c3677972c7bb71d9884e54984180562c42d6f871f
2565,Extraversion,bad,g-b287d1deddbc20e2,discovery,6936e4683c767cbc3ba259d8c0b72a39c3f91f6514658290d59ae358525b353c
2566,Extraversion,bad,g-a7c4086dd08a6f11,discovery,4f31bd6b318eb63bee0c4e14957cdd98be8afdab66f4339a9f076ac2f123daa1
2567,Extraversion,bad,g-07bfe35d1fa96ee3,discovery,0cd332ba8ce8d5c7010b894e2ef506eaec59d9a2ef077a9bf56f411fb5bc87a3
2568,Extraversion,bad,g-182382c4b6e23496,discovery,9068a9259f752cf14a33ede53b8afe70a1ec145d4deb4994d6db871b5b2318f8
2569,Extraversion,bad,g-389119c24c7304c9,discovery,90440a345cdc679d1ede62ec4272e1f341a1c697ad531a31f54b89d8b4fc2f98
2570,Extraversion,bad,g-7a3cb7e890a5c805,discovery,c4bddce786069c2d4dbbcac400ebb6b2e1fd7877aa155af470f64d4c3bdef3bc
2571,Extraversion,bad,g-4795a16598509715,discovery,6b3a26fdabb876df0e60d609e1636cdc3600ff5448d8eeb80407e9ce642ab85d
2572,Extraversion,bad,g-b554afb04e910e5d,discovery,37c18049b3f81526782c09f81aa80bf025a4bedc0495a5cc0e25051a8ae36836
2573,Extraversion,bad,g-51ad0b6d891e2ee4,test,a2d97e9ba4895520a12e0505b4cc7a057bdb9c8fc648361d877868acc8297f9d
2574,Extraversion,bad,g-99a47397425a73e5,discovery,3a59dbe872c434ce3156b2dc886a73fbf13fe4f444900ed5f553c412c67b029b
2575,Extraversion,bad,g-dd9256c0bfee52f6,discovery,afe34994a3b18073dc71adad6153b9c4ca2505217f2887d693747ca9716f759c
2576,Extraversion,bad,g-d6d9ae7f676e8c60,test,358684cbc95e0cfeb9a266a10a4740f24ee43b1197480eabf3ee505fe418e762
2577,Extraversion,bad,g-fb2fdd0863739281,discovery,e9038ad82a5afb4ac209766d27eab70dee8444b37076005364e6aed28e4b720e
2578,Extraversion,bad,g-98331b6be7a13aea,discovery,e723c39c4daa826bf60e020fabcdbcbf87ac01aee23c6614e30e4f3322a4a32d
2579,Extraversion,bad,g-48f162c8d5536e21,discovery,6c4c3496b08485d8f53f93595cab6ccf1cb62cb7fc3d550d1dde62d757bbb78e
2580,Extraversion,bad,g-9230fa492c1bd067,discovery,9ececdb8a8ea6e2287289f0c2c51e50793dc420a744d0a07f450fce041834837
2581,Extraversion,bad,g-731472c80d7fa904,test,3aeb341cc3f05a489311a612a85462fe76a30cd8aece45cccf3024a7e71f9667
2582,Extraversion,bad,g-6b4137f733ea885c,validation,f0918c977a44c0000a578720194f7140ba1b8e245d7c0e3d054e6219e268aa65
2583,Extraversion,bad,g-30731c20afe074fe,validation,1d196104dbcca3d5c9aa64d7b8382cfe4ddc105f13393cd1bc67df48f261e497
2584,Extraversion,bad,g-84fe9fdb37471781,discovery,bcddb0a9219ca86ae15c4065944dd37a5a94997311d2adf597f53b6b2ab046be
2585,Extraversion,bad,g-3948af053dc0cd63,validation,53cf827be8de4427774fab6648c4047b8595196e5a79005aee5f29b48376b0e2
2586,Extraversion,bad,g-cab54f1ec0829e87,discovery,8825635e347306c49264b380ce3afbdfa9d923c36ab0017f0c2a0aeb22d43742
2587,Extraversion,bad,g-6b633e7ec275cb13,discovery,da37372c2fb98cd668ab3a5d9140ec86c647cc26a0ab8da852f4f1cfc8d2460b
2588,Extraversion,bad,g-69c9b47649ef5fd9,test,65f745e3f07a33de6e4bae1f1d580c5cabeb3ef115a47c26a644fcddd79a456b
2589,Extraversion,bad,g-e54588853307d1ee,discovery,e9817de859dbb3916e16c4530f981191e90d24bc1217a938df620ff1bb70c89c
2590,Extraversion,bad,g-40117ba2da09b3f6,test,cc765845facae786955ee15fe382a66be1f38bacffc0c3a3c225e12f028d1b31
2591,Extraversion,bad,g-9a6a45463e157674,validation,e0e4f0dee500fa08debe769fea9059d5eb986db4b26ad735747034581c3673af
2592,Extraversion,bad,g-3c1cf43e435bf95d,discovery,683701a1091233bc7aa40cbbdcfc5e929b4cbe16e71fc2a28b8f826fe4795fa5
2593,Extraversion,bad,g-72e3e5317b1530d7,test,5482ebcc64e97d9c1dc5083f4c4d47ebeb277e5758460c1cb042e407933d6b6b
2594,Extraversion,bad,g-3decb2094fdf98f2,discovery,d3d53d1c3789d200562d70bbed30327153773c80670af668f46835a4034fbd32
2595,Extraversion,bad,g-a221944324d4dbab,validation,0098b509a37b56d4635e8aa2ab75695e13bc1e723b041a9acc84effc60e3f0f5
2596,Extraversion,bad,g-b1ef57732d3f3e67,validation,e48463e413309d1e608798069b34d65e7085d768ea6ae56d2f3d99881ad581d3
2597,Extraversion,bad,g-95587bbf498357a4,discovery,f56ba466e146e75baea1ae534c78b4f639192833ca136d30e2d93c43cfe32d49
2598,Extraversion,bad,g-c3f219d62ad79173,discovery,7f4f3d5ac1c521e4c549989df0cc18c7ee53fd1f42c4f4eaa903782a591f7ec8
2599,Extraversion,bad,g-982181d3678d87fa,test,7a61962449f94598b0dcc05dc565195330d460055668f3e415262e7abf6a1259
2600,Extraversion,bad,g-80987feabdd52008,discovery,863c0f09190b69351782fb502c88785a6f17f98bcd6d2d344774d9bcf7c00452
2601,Extraversion,bad,g-9906b911888783f8,discovery,80537567b663fd5b8c02ca703b523811dbc6969fafc1a3dd244fe609e4c34716
2602,Extraversion,bad,g-312c4a5a5fb74307,discovery,b32d4885185ba53447d9aebbf0ba9d3eb5303446bc598bc81efddfb056ed5a1a
2603,Extraversion,bad,g-87abb83ca6fe5c33,validation,e9b185713d5723df1094bc66205de616c0802f7c4710580cc311e3f6066d3fd6
2604,Extraversion,bad,g-666f6f861a7e3ad3,test,55d16aa7f5d477cffe51e38ec84831387d1921764dac83c2c8d1d98aa28ddb71
2605,Extraversion,bad,g-93e71f3369b38daa,discovery,b8afd1c844a968931c48851cff1abcd8ed03dc200fff90a8e2eda1f69f4c171d
2606,Extraversion,bad,g-e9eee2b1d1dd4f9f,test,7c281c62be2ac42c9dcd16b51fee1fde3f039a5c13bad098671960b6c2fe8fdc
2607,Extraversion,bad,g-0f46a5a643296468,discovery,5cb70201caddf52651c35fbf0728c123249beec02cb3b09a6aea9ed1c632b15e
2608,Extraversion,bad,g-e2243f8e4f0c0b61,discovery,91e694b19b96153143a7ec436eb337a107c4903c6ad1d4598d9cd854471a53be
2609,Extraversion,bad,g-c2566e8f212640c3,validation,7c30296c1e008a57ae58554cc474db4e1eda18d150880561277df43e31e6ba39
2610,Extraversion,bad,g-02ad19e02b6a592b,discovery,a788700a8e47738c9eb417b4c09b607bb6f2cd0ac5f41d1fbd1c5e0e3dd46d3b
2611,Extraversion,bad,g-e2a363ae7234dde5,discovery,436e7c98d555d599252edc32e7ec7cbf0ad202d969ca03fdc94f42e732912057
2612,Extraversion,bad,g-61f5d3bca9196afc,discovery,dd0bde4cc765fd9c37819b1996594bb287891dd193b40c46123776079c110572
2613,Extraversion,bad,g-251b1f2efb2f7cf3,discovery,018adf8d6a4b4495b8508db12b817d685a85d59d7206b8c9e5a8e5fe856d446c
2614,Extraversion,bad,g-72c1e026ad90fe63,test,d0af308176655b3a7ec92affbb7691c1a4b2d1536280a42ede6b1abcc83f801b
2615,Extraversion,bad,g-2db4b36e25b57180,validation,35943ebe771673765dab2adf944869fedcde85132aa2c7afa3da69d8328b5157
2616,Extraversion,bad,g-191c83ef3b46c309,validation,95d4ebdf78a59bbb14c54c799daad72d24f66e04ac7aca9288a3392bf48ea0df
2617,Extraversion,bad,g-c7965612e3d2a944,discovery,567a3a6e06fabeb5fca6caac0865c291f737886d16f00dfdd8080ce2937b8bee
2618,Extraversion,bad,g-6a5450ccd87885b6,validation,20e2e2aa421eb2642a793ff05479ab162dc0532524aedebc4ef1b15dd6032e4a
2619,Extraversion,bad,g-5de2d142a34e8375,test,ae7d816b8509d86e76189b43153372dd078c6c258c80957790372f7277891047
2620,Extraversion,bad,g-cd16e71f68e14444,discovery,459be1c431b202622a9ce82ea8d44086620f5be44127d064a075ff3f302e8dc2
2621,Extraversion,bad,g-5fd2b7200ab3c412,discovery,644c5226b91e6fba0daf3f8b61064c28f4e215c652005e6c8c5fc88952e3789c
2622,Extraversion,bad,g-bd18d19c00a4dfe6,validation,de5cdbf6f12396686b549785eb933bf658cc936ad6f688b0594eb1f158bd4938
2623,Extraversion,bad,g-b8dd848c3068aa9a,discovery,39824933160502d59ea08268c445f28bf57498aff37b7132948d766895e38e5f
2624,Extraversion,bad,g-c48319abe38dcc35,discovery,74f3d13b32ca53d4383c10f8f5374e5dced5bd60477ecbd58b69ada491c75b10
2625,Extraversion,bad,g-278a7ce529656e90,discovery,518d54bb688d84a894ec7849ef927f3fa2b5b0cfba08784430f8bbacaf07c06d
2626,Extraversion,bad,g-82502e1ecb33a71f,discovery,b1a8bed8640a93a25738a2521daa40baa3e5efd9573e05477b50cecb947314a2
2627,Extraversion,bad,g-9a83cbb52b80f65c,discovery,3bfff2dbc2b988c5ddccd29ed42f0201213db474ea889a4d07514da4aac6c484
2628,Extraversion,bad,g-21795c347e15b1c0,discovery,92716d6127360673c3f3e9e3c658996bf0d1ecf73fb63ea49d016938b0ace8b7
2629,Extraversion,bad,g-0b5af8457bdd554a,test,2251c2507677d5c5d802627f38460a46d72f1ce67fb3ce081222840e9d8f8584
2630,Extraversion,bad,g-57f64d2946c7fe19,discovery,abbb8ceeb6d1b03e3cd0880de66a450eba443a56afacbe996432bca1bc9720f8
2631,Extraversion,bad,g-562c1245413de848,discovery,b27f56bc9d003395ed6be7d6b2bea330747f9470e9aa8f3950aff7abbb7e11a2
2632,Extraversion,bad,g-07c646a2e8010dc6,discovery,e298a747d45a673880cc40d231e8e31efa1e5c56e3b850d1b7fa1db8a95cab00
2633,Extraversion,bad,g-cf6ffec80e46b7a8,discovery,5388eac7c51f220d29b703611925490f5823388edc3a19164e20b342b55da6e1
2634,Extraversion,bad,g-d5a170e76a65109d,test,26434f4a797366faa67c75b35efcc8c1ee30b2ec997705793a10041350178ce3
2635,Extraversion,bad,g-c3bfa8f5632844b8,discovery,7a30f76c75041181fb51ca7a6a41c72e42daf39ff4f6f313535fd79f2a0418e4
2636,Extraversion,bad,g-8bb8be5716970b34,discovery,271624962d4b19e56d8f00bcd3e81b91322d402b654e55af6e6717dafc5666b7
2637,Extraversion,bad,g-dc288138378688ad,test,c7fca9921592ec269aba656c5235148ed0b0c302037dfb762399e2b2f8ac9d1e
2638,Extraversion,bad,g-4c705a4e7b7a5759,discovery,2ef5c27646769b94fbd625e715330ff3f72e2d5760f437bf2b524223979a6f65
2639,Extraversion,bad,g-34dbf37e96260003,validation,d6a4ddef5dce33994382536c96817cca1e7c0afa565ccaf8e15961b5d32a8dfc
2640,Extraversion,bad,g-b1810e36f5f9b6f5,test,3d25f18050124b6b839dc612607ee3f3b3e5939306af16a584cd5e421ac9c6ba
2641,Extraversion,bad,g-8fcdcc44ce668396,discovery,fa6a7c91e1f42353a8706ebe95f3ffd493de960d166c5a365d8780e211f4ac7e
2642,Extraversion,bad,g-c3196b634591e7af,discovery,6ca5b6b4fd579887309f72445c4252649053b9418058272cb427e965b65c34b3
2643,Extraversion,bad,g-6ddb33f60a0883c6,discovery,99787c9ed7c9206cef6b4aa1865e6fc588a216f65c549a55ef485b40d3ed33f2
2644,Extraversion,bad,g-17b3d0b564a35a9d,discovery,8b513447047e0479b91e7b65e9eb4cf209543b28c0b554650ca6c460548f15ad
2645,Extraversion,bad,g-e5856ec3c8665854,discovery,8dcfc772d8e0f5ee3558a7e880a596c6213c75f49a4f4cb8d5dd3ec2c58368bd
2646,Extraversion,bad,g-d9a9e8838a1cc3f2,discovery,85b9ac29de7231fe64d4c8a5f3ff4534fba4cd386bce13e9a64ed466dc02e27c
2647,Extraversion,bad,g-b465ad1ee56d4d77,test,4961a09fea096068806a4d2a7de8c5a4d000744bfdcf79bd39c898d3e262dfb0
2648,Extraversion,bad,g-6d9320aa7c57d4a5,discovery,6f17b8c8181b82927fefa5cc658ba65c9ceaa24d36dc2f4d46432baebbe21c45
2649,Extraversion,bad,g-15ca3b5c4a3d41e8,discovery,aa470a3ceea0d63c4d3ac6e4bfe09f5c65877da6987ff99f8f35c1b17a5e1b6a
2650,Extraversion,bad,g-76ad2dc77c7a45ff,test,892ba9c871d83297683cddbe3eff8d813e593bdf2f20e80f627aa58461f50af5
2651,Extraversion,bad,g-e21bc754eb94917a,discovery,33ebcd538e86d952c2a128868e739b70d418721795af8c9f16c2f1b5ebda3c0d
2652,Extraversion,bad,g-a798b8c2d2f34aca,validation,86b2695d77ae79820ae0bc71c81811054e54e230baf39de80a140cd0a235d653
2653,Extraversion,bad,g-ce1ab0486bc4e9bb,test,0ed51b94208f5db65c1773b5fab67edad631838ec6932173bb6889169c612df8
2654,Extraversion,bad,g-0d3f5df2aba31d14,discovery,607e4af41e5cd7e34cd06a58efb3eb6a094840497d9049a8dd67b57af613a290
2655,Extraversion,bad,g-771ccc91868397c5,discovery,ce7de87ab5acb42a7adbbd8b3b13dcf333c3f8b243eed871ac5d3f3855347f41
2656,Extraversion,bad,g-0006dd28a71808e5,discovery,8ccebda5719a818630eb442b750f96e9bf231bca91a2c85410edfdc602332e90
2657,Extraversion,bad,g-d02f2cd1e9e180a0,discovery,0aa756606cbf500bf7b5df44edc88df39e9ac4f3d4bc77ca13d87dc1b15af741
2658,Extraversion,bad,g-21b0241c8f0e92a6,discovery,eed4a1b37618137151cfdd5e2532e01045d8408e85daa13d4c71267a2d67ee3c
2659,Extraversion,bad,g-953271a4f7c5ed45,discovery,5a41f42ba12cd29686f1d0e4a52cb1a7716f0ee3c7aa37bce20f106c82f1e770
2660,Extraversion,bad,g-fb13d8b41b9128b4,discovery,0e70d0cc6a52dfb36ab5cd39a64ecdcf23e0a0e66ca799af7ed7e4ba9576e853
2661,Extraversion,bad,g-d67bdef0b61fad84,test,e544fef82c3ceb4a9af578e045f2fb15b6498cffce00783e353dfe469ff35038
2662,Extraversion,bad,g-68975a111dca6b8d,discovery,b701372a822fa8054c34a0b875356b505f2abe885afcbc7425793cbcb2005c57
2663,Extraversion,bad,g-3908e16258262b49,discovery,c68d506962b853bb892d81de368045b405893eccef11bf379480020ca44e7436
2664,Extraversion,bad,g-9993a55ef4ff20fd,discovery,1a6a27e4ea33c2b177c716e5dde15e38085a43031a3a8090028f1afea18d7654
2665,Extraversion,bad,g-650764c2b9ce551c,test,959ab23e4e60c1660acc0b951e7cd083fe9165d5a37ebdd72bab7e18e5e16724
2666,Extraversion,bad,g-839060f62e015aae,validation,3cde841a1a095d0bf087e38640711d3f517ac2ed146d541a756e8e3d16a7e8ef
2667,Extraversion,bad,g-4ced5cb435d409be,discovery,d2e0712a819ff43539aede13467f91d049259720e96723f211c98f8dd03decee
2668,Extraversion,bad,g-a2e7eaf91b9e2ae2,discovery,b553902e8e3b357018259a2be99e0d95c0ff56c1d3f67b3175036823560e9a37
2669,Extraversion,bad,g-587a26b73bba4055,discovery,24fcb2a7bc4adffa9dfa46aa7fe489f62a28cafec31f09f1a7c20e2fdb004dc4
2670,Extraversion,bad,g-cfbe930905c78f6a,test,a9a9bd5a9201dacd72407c650a2f4eb58c1a23a88d6deb03b37468d656404c21
2671,Extraversion,bad,g-7c1651d313bfb2df,discovery,b3f5f9f23bca945b7723582e5d3c1f15df0cda4b7493e0e4d9708f0ca8c98829
2672,Extraversion,bad,g-f8cf5db5ddf541e1,test,d0fbddbfbb3669c01ea091931288aafafc0f7037c96e2cf8140a686a3e28b53c
2673,Extraversion,bad,g-8691ee9b0cf94dc2,discovery,e1937e43e41ee90ceba0139328fe5680a544eb06a614538a264a148ff206d422
2674,Extraversion,bad,g-7d8549e275a520c1,discovery,25d5ff22620dd43caba807e04fecb833fb3560048cbb57579780953a61b2100a
2675,Extraversion,bad,g-53fdde5bdbaeedba,discovery,6574a103630c81455dcfac2c68ec6476e4a160c2b5a97de3fc4a00fe4577946a
2676,Extraversion,bad,g-8138807f77340df7,discovery,4a73f9b51b6b6d374881c4f9f158ab545ee5df9ddfb8f3a098f9572a5db947dc
2677,Extraversion,bad,g-9f552e54dc6b5ecf,test,6235c80d32450cb6b59768558c43d9a06f6cbee548aaa5fd83ce076685f9ba73
2678,Extraversion,bad,g-a9ebf81092485b37,discovery,f23cb4b877ef23ede35206eedee83fd977efbf980b6eba130311791f08e08f8b
2679,Extraversion,bad,g-36e6a04e669a3810,discovery,a5c5fac7698be8dca8aef439d613bfe057647f1eb0b30efa1064dac563120a8f
2680,Extraversion,bad,g-764b18c424af7c76,discovery,98a36b42226e8aba0532e8f717c36ed8c660bdcb31dc800d5a84c0a7ddb3dc2d
2681,Extraversion,bad,g-bccc758e49531c9c,discovery,6d175738943426c904b899802669e1b665c7a9c82d67a98bde5129ba92946473
2682,Extraversion,bad,g-f4aca0645ae9b537,validation,cb301503e6e524325364055ea110a31c2b2be36550329505cb0ceee203351c85
2683,Extraversion,bad,g-141d76e6c3876da3,discovery,15ef545777269d0fb069dadc42beb86752a680466e71d789b6cc46e8c89dafb9
2684,Extraversion,bad,g-38d9a52e96ef8f5f,discovery,5ed6579b70c3604ee281238257436a02f84536209fedd3e9deb88664c39d4721
2685,Extraversion,bad,g-8f2c981b463d0863,validation,5fee437e764ee76ccddd3bd024c1b61e7881b7b43d6d023b2ee0dad5471a1503
2686,Extraversion,bad,g-f6d236102b702043,validation,90e772f4dd90dea229228de59fb0ddcef3e865d6d6295f01cd22c246510cd368
2687,Extraversion,bad,g-b09a37179adf006e,discovery,54f9b9e1b094db85a277033570d517c55a4e2882236d7819c03a8458a0982809
2688,Extraversion,bad,g-5f0b1aab2a5232da,discovery,241d3e7fac26d84e545835569cbfd9eb557960b3cb0f51affbdf67c8bc451327
2689,Extraversion,bad,g-8a49402c87c048bb,test,77d4c9dc6fef6cd64ee8c41a536bc23c04353f47409faeae1842fd2ef863c94a
2690,Extraversion,bad,g-2e3f42eb707c0160,discovery,eb39d85c2ff2b8ca4aa747d8da3065a1825772f479f8e3dd0f2185c5c2711bf0
2691,Extraversion,bad,g-b3a0cbe95ac21ad1,validation,807149a688018000203a01db8bcf9c58fd96a9936a88158ffd37b5eb37a520d0
2692,Extraversion,bad,g-4bbe60686586fc15,discovery,6cb716149f5166db5efbba788142c1f60974748f07fc75d59bd30ad1f80482d0
2693,Extraversion,bad,g-dd7e4eadd8dfb0ab,discovery,89a480c2cb776d2c29dddbcea78de208b6ff782e9b2085e56d91eefa1fb39520
2694,Extraversion,bad,g-67622e223200233f,discovery,839ef64968ed8d31f1f835b6b687b0969419e293f3c384e1d7ca56269422e739
2695,Extraversion,bad,g-a59b0eebf4814e3a,validation,026645ed5fb01cfad7361816330213f068f60ff4b8d8513126edb65040aeaa0a
2696,Extraversion,bad,g-8c9bc57dac8d556c,discovery,5455d644a5a3608c0c281742d3d4f782579b8849b4cebb36b3a1aa902f9dc22e
2697,Extraversion,bad,g-ae43036074a1fa77,test,180afb6416f2091dcd4ed80add7a32994338d056d99f9ab807c8461b291b9836
2698,Extraversion,bad,g-5af8f48aa0db0cf6,discovery,fb23c86858600ee1364a1c4ab013f0e0330a5000a9de847b6e53a8ec612ac3e9
2699,Extraversion,bad,g-6d14bf2bc0ce887f,discovery,e885ba3b0a3ec25d54397e01227be78df5ef1f2eaf6aecdef8dd2d939ead36a7
2700,Extraversion,bad,g-8b93a8962846bc69,test,af56d6c2dc5c58614572ddb4f2a2e21419d8bdb3a5754425bb42e793801eb083
2701,Extraversion,bad,g-460afe8db86680f8,discovery,881f6ed13ce1d6743db55b2ea46bc897b7570dae1b8abe78147c176d7717f207
2702,Extraversion,bad,g-2118965ea336e661,discovery,afb33b1ddac11843838316251049c57d84029f083bbe6a0195e326b1d6623358
2703,Extraversion,bad,g-d9a61e8c5098d01e,test,3779a227e2771659f00fb3db034cc2b710796b3f5631e07f287e2cc523ff119b
2704,Extraversion,bad,g-b3e7b3c9874029d1,discovery,229c9738d44e3da3258356dae902057a037d1b44e09f401306bd78c91eb91a1d
2705,Extraversion,bad,g-7897a84c0b1df3ac,test,05c9954ccbcd506a5d0e519dcbddb414e106cb96388067b6e0d057db7e4ef14b
2706,Extraversion,bad,g-19e43c9defb18a8c,test,d708115064ad84d1a7a2899c6e37efe5c0c9dedbb6638f4270a3a45340df655e
2707,Extraversion,bad,g-68971c30b319025b,test,42254c616c7dfef044c00c374301743ba83c0a977b229c3ca368db2582bcc720
2708,Extraversion,bad,g-e6f45b8919848466,test,a920c98a770f6eefdd3640e09f623a4f069015befadbb83ccd5f5fbda4431205
2709,Extraversion,bad,g-06d71a3c1528b89e,test,5026226d0ffc810914c19231faa42c106397bc68147780570aeaa22838718a2e
2710,Extraversion,bad,g-c0bf76a29a08159d,discovery,e5709c9f719e8fe365b50a4e462624303517ff25e561cb6595096d87c0620392
2711,Extraversion,bad,g-27af8b9216fe1e20,test,3071817436c87e1cee1b36672a4f5052c5373d1a0795c2b70cca8973041bebcb
2712,Extraversion,bad,g-c771e402fe479518,test,0c79230f0cbb8f63c0bffd9a5d256540b8d78e4176e4f9f1ea977727375d5931
2713,Extraversion,bad,g-63247af3aa4f58c4,test,7ca200049839969b41a56e63e8fc63773f4e3d105f9ea1cced1696c0fad9db8c
2714,Extraversion,bad,g-b2cff0481d738da0,validation,a284728187a7e18b1e729ed405cfab5242bf77ed84988743b186fc73b6ce6f4d
2715,Extraversion,bad,g-0e0329fcbc167003,test,a5c5dcaeaeb2445fb55baf03b040b9ed306dcedb67b32c1e2e1ae695bbf0ca0c
2716,Extraversion,bad,g-a2ee2781e9f21c33,discovery,dcb212410300fed31f36c94e7ea3483a0341c08a13d1131d5dee7c69272011f4
2717,Extraversion,bad,g-6cdd59ded1028b6f,discovery,9ddeed93fc04bfb005f751c968a8778efbddd8b7246670a46ad611b511e78739
2718,Extraversion,bad,g-0d16d02d37c1f977,discovery,ec437f57d6e352c50e389cde4fb7d4ba083f15cd0005cba95c7e922306ec0b7f
2719,Extraversion,bad,g-042e704c7ec201c2,discovery,aec4de152fc64287fbfc754e6547547c820575436a642ee0e8d271deb753d88d
2720,Extraversion,bad,g-162c68748687ce18,discovery,2d8864aec2f728e2b9c560e4533d94abcfee078b2958fa5948ff5e887c6dc8e9
2721,Extraversion,bad,g-14bf28ffdbfe3a9e,validation,7247bec8c92232f4f971031caa7c93d9d071a987c904927759d48bc2723e4d96
2722,Extraversion,bad,g-9c17f8a892c2c549,validation,91c00cffe50b7b235085906a4a78f0a768ff1a769436560208c4c4d22044a2b0
2723,Extraversion,bad,g-91f5d0771320fc7c,validation,b993856be689203a46a3adda2184044705408da5a319eb3ddf0065cde248be82
2724,Extraversion,bad,g-d92b08f968210b31,validation,f5e509aa0651e36de9c2bcc2e55317a179240294f1677f04a48218e6e0b1d7e0
2725,Extraversion,bad,g-78f6ccfed976d910,validation,59104becf555332111619f6e804b80421d14853eca9ea6f3f23a7f0dd997f4a0
2726,Extraversion,bad,g-71c5e26e69ada421,discovery,65168a55b53b388d05b77d3ba1bf0320cf455d01d7bf43f9717be590643f2c99
2727,Extraversion,bad,g-79996d168605fc67,discovery,6c882e55498a70512258980dca9fb536d13a005a02fdd6c9c43f213c431423ac
2728,Extraversion,bad,g-07c5135948b9aad4,discovery,758e87f603afdfac5640c5db8a0e12786b76662619268ee548ea1c791b5fc34a
2729,Extraversion,bad,g-8ea472dd95ce1c04,discovery,bebdf602600bcd0d5e136b5572c297201a5b83527f35869faab785dd9151edb3
2730,Extraversion,bad,g-1e5e7b29c2625386,discovery,7bc15cc41a4026c471c23c3c845624ee11b1822492dcd520923ac70e9c2571d4
2731,Extraversion,bad,g-6dcc20d57e0c963c,validation,2224772aef328395723cc9530490823e6547b2f04f41ed5951f959439c0a8422
2732,Extraversion,bad,g-6c6e961ec0f1874b,validation,7b7e99e5249ab229bd98f54705d10be6221154c5e84447248e7c11c0dfe799e4
2733,Extraversion,bad,g-69b8daa37cd88081,test,37149cfb95b3b9ec2a0069beef54e3562d8f9cbb3996582259a9ab755999242e
2734,Extraversion,bad,g-3ccb3bf18aebd053,test,695e5b53025cfa6688eae9ca348b71243775656625279d7434d5388b87f1aebe
2735,Extraversion,bad,g-2226782251f0bf30,discovery,b96bb527d4ad5a86fa38896ed58d0fcca212789979108b1871ab70c5a20e01e4
2736,Extraversion,bad,g-eed8df9489804a53,discovery,c31d654264b8e80da6ce1085d231ad2088761292b06dc7bf8b091d5a6998bc97
2737,Extraversion,bad,g-c0af8dc910a27413,discovery,157264d6e1604e16f970272c8ca75fc9a225bf445f952128c4eb07031199f493
2738,Extraversion,bad,g-3998ec47c9c24dc0,validation,76e38ee8e3976e50b0973673b0d32a5bd07d68280fb883e1ec67e7446d040320
2739,Extraversion,bad,g-3cc2c9dfbe02b9a0,discovery,89219df0b9d9ef13535550247da2eea4f35a838d2e6a81ccfdab01261f107585
2740,Extraversion,bad,g-8672cbfa651d2033,test,60f8c4754a2da6c4816652e812941f6ec9bfd59c79e37a9a2120ac205f8dc829
2741,Extraversion,bad,g-353888714109f343,test,d170908f18a5ef5ade1e86e29e4ed6693b572bd33ff38e5bb56c78702f200027
2742,Extraversion,bad,g-81b3285af1ab3d25,test,8906616c7011f86b64dc6c399bc8723b1c729275124f98078b9162be2b104089
2743,Extraversion,bad,g-120a18ca93fd93ee,discovery,c1b61ba3b6234e3d73ed9f3ebac681c72e536d43f956e31ffcc7d23b85197759
2744,Extraversion,bad,g-92b4cbe2795b76fa,discovery,47b85c08d5de23dd6b9060621eef56f6923c04383ad6b49be3a8a2bae3e0d531
2745,Extraversion,bad,g-eca67ac0a17dce18,discovery,494af9994f2bf0648e16dd26fd1cf0a9eef80c0e690e636ccbe00814b47b16f5
2746,Extraversion,bad,g-62b9b142f3cad399,validation,3f8f8f0f22259236dfa0663a230695af21d44d19bb44a076fdd86e4f75e4f33a
2747,Extraversion,bad,g-f691e542a716d42a,validation,776b23640e296761340e9654a64a455739d5964f238d4bad3564432323a2e13f
2748,Extraversion,bad,g-18234acb200cac14,discovery,da945c3601283faab1e3606d5faec29644333b35535a2c781e1ae45ac2dc67ea
2749,Extraversion,bad,g-9a560ed1b77dca71,discovery,9d44c673e75419128fc1b0ecd7e2294a51fbcf4e931ae985151cc29746547c7d
2750,Extraversion,bad,g-93cfc82720a05552,validation,e0d537a871ca97503517522229e36dc1dceb2742f597b2d1a25ffcb55c5af0b2
2751,Extraversion,bad,g-ead4054b6984f210,discovery,c08e5e6910b03300e9c367e4e4d74b0ec41bb58b9fd20723c108c025ca19db25
2752,Extraversion,bad,g-58a0648153697b04,test,8ee813dc8748b1086af8e60827599ce381d5d7e06a87da43e2210d4c339a5427
2753,Extraversion,bad,g-ff3f14164cf53fbd,validation,cccb2adf520a66691db8173068cf991788cb420a233c49e4bce4c414ca49bf80
2754,Extraversion,bad,g-bc082627bf0f4fa2,test,41c1b364478518296affc75bd83bda9a3fd45b8cbb29ed5d54b21105302c4b3d
2755,Extraversion,bad,g-2002a7783b88887a,validation,ad5e91d2a8b403f034bb3b4d762d35f87a67aabf0b566b92c538d39c684b22a9
2756,Extraversion,bad,g-ac21586f5a5a784f,discovery,81c93e7ecdfa054a66ae5701d5283816e0c0e89f040b191107cd39b3bc7b4991
2757,Extraversion,bad,g-e6d4df627e6b0567,discovery,7c9b24eaf264178cc9386f3ff0bbf18df0c13d22042eafd85586cd73fe557825
2758,Extraversion,bad,g-aee17ddec2bc3f50,discovery,ce94e58d74a328a901483f352cf1632bc64d669de1d54576450e4180adce4c58
2759,Extraversion,bad,g-64d9c757bc77433d,discovery,1a71924c05a281ffb678ab943edb80999d55685e26dae30176e43f3eaedec0d8
2760,Extraversion,bad,g-86c7e8969459b600,validation,c4bcab9e118a381957af80f2e49d6ba430b54850e5b31100f200008c09c44182
2761,Extraversion,bad,g-4a737591e492bcbf,validation,8bc9319027281295db64e0196aa4e2c3f44eba80c6de8b894d74ec70f0198f72
2762,Extraversion,bad,g-290a9797a2b24bad,discovery,9882b7a20ad65e3f11921f35586b555d9b8ddcd1f6289c230fe7762c3c8bcd24
2763,Extraversion,bad,g-2622addf54bb0df8,discovery,1566901c9bc784172bfff780157cc9cf2d9aa8ef89185cddeba2b9023c6d36e2
2764,Extraversion,bad,g-f3e6045e9b2a0f40,discovery,e330fa0bf54557176b4e3c11007880fd0791c3dd7c0f44ca89ea486b94154ae2
2765,Extraversion,bad,g-622edac906271357,discovery,c5ff772494a96b3b038e385d7419661c33c941e7e71053a70c653b9e67168da5
2766,Extraversion,bad,g-108b4816f3b2c181,discovery,69c95cf2e2df8e8f483f3b16a110d59e1402258ddf0b6a690a0990a0073777a1
2767,Extraversion,bad,g-1fbc9320a1332651,discovery,b0ed281c4ca2ab40a2ecdc1ee5a653a0bbf602244cf4d6319f374e151ce83947
2768,Extraversion,bad,g-483531dfd26989d7,test,d6a4744f9e1be8d1a5001da51af82bcbfc10aaf93fa8ed6505f4e73f5b2510ef
2769,Extraversion,bad,g-ed3861d176f8590c,discovery,396299b9ff33aab8e465451e68501fe2e63c09a9411e2436dcf3e34efef85566
2770,Extraversion,bad,g-01b44ac252e5d9ff,discovery,14922c3901f955d3bfc11da05a40ab4db83c9a49a75feee7840e82a1382644fc
2771,Extraversion,bad,g-e7323bb3433fc086,test,99242ac967e6a85170ed9c37735091a5704621ee1129454efe7180a9e3dfc993
2772,Extraversion,bad,g-85b9429712c71309,discovery,82139955445e09c8aa2d503e4bd9bcfbad1b19265d4cdb119e005266619324c8
2773,Extraversion,bad,g-081fd185cf621c4a,discovery,4253a8b4f3183170ab773ed3510ddb0cd3b7d4c96a2caf53683479563acd76f1
2774,Extraversion,bad,g-84b05f065202b2e8,discovery,918c09db4969c4abc398b920bd02dabab3cac4202c6d83e9e48ef34710e03e31
2775,Extraversion,bad,g-164c5abb0312766f,discovery,611b2902e0937241484302801c77a73310eb1672d232e4e18da5e558f0dec011
2776,Extraversion,bad,g-803882d353b4ffc0,discovery,67b17b663f7cbefb28a2d260eb9c53e41554ead346d1e677188add5175eac77f
2777,Extraversion,bad,g-0dd1e3eea8e354e8,validation,c6071281886e30ef150bee593c613c4c379c53c941103f27adb44a10086c9e51
2778,Extraversion,bad,g-bd1307a0749576fc,discovery,724492291887666746bc31d51370f2067a6dd81f4466fe746830e47bdf59531b
2779,Extraversion,bad,g-ddac813323df0d6a,validation,7a4dd560396c85440026a81a2e54319a2499c9e9da2f210463284479e222f286
2780,Extraversion,bad,g-14394df5834d613e,discovery,598f2b97378ea976b29f29cb187dce8413aab54836a08bf0c106decde8df6bca
2781,Extraversion,bad,g-f3c3b4b9fab60512,validation,8108123d2ae94cf8565c716afb3c83c3011591aceaabd1d7a46fd40cc0f30bc9
2782,Extraversion,bad,g-61f38a63c1ccef3f,discovery,7bf841bb351c27bb39ef0a0519828f54fc146c3b53167fdfc5f0e76faa637cc2
2783,Extraversion,bad,g-fa807f20a8b83561,discovery,45c9f9c11c436aa404b3b2554a9cae20744f1d1982e93568d700e4dd9b11374a
2784,Extraversion,bad,g-5f76238b22b44560,discovery,f1d770f3aa2ad85b4b33fba7b6c17616d782053b24f40af3e4b99f336fc74af3
2785,Extraversion,bad,g-948b2cecfe6a1d84,validation,06ef1a30e3edd893ddcbdcc9c262d685c02c491143cbc86723b094c19a126ef0
2786,Extraversion,bad,g-268cc87e257f860e,discovery,9fedaffd66c8e9e0c0b00274923f0b8f628c453d1b01128951b8cd1711284406
2787,Extraversion,bad,g-5a57770124c0c6eb,discovery,8f77adb40644401e56dc189a0abe7126d3c143b642bbfe02d5f147588389b47f
2788,Extraversion,bad,g-70e78b53ef0011f4,test,6f0df11a756c6e7561d1dbdbb4a255009aa5e159e304a40802c505db85da9ed3
2789,Extraversion,bad,g-abeaaf7906d8b573,discovery,5ba2bb67ec6d76c039c347c0d45523d8614775f1cf4e7bc23bffee6503830e04
2790,Extraversion,bad,g-2c0393a494ec6828,discovery,e1ca256352389edb9f1d05f4788df9eef230372bd869f2476ff69c094108be31
2791,Extraversion,bad,g-fddf4de3557fbd25,discovery,9e94b02e316591895fc633e2152d57edff2ef69e11982f04d5388a052d4c4bf8
2792,Extraversion,bad,g-daf93a5d73fbad7a,discovery,6a4b58e944694e5f79a1eec044f2e369f6dbf6fec60295cbb88f90a42628dc45
2793,Extraversion,bad,g-7913542410ff3317,discovery,6e581c62936955f4a980ef317b9a8bdd7191f777c44fc3732a724d20cfb04b4a
2794,Extraversion,bad,g-bc40fef96cfa2828,test,36f04d26c8cebe88713e750069cbae8f3a5360adfa6ac9fcc532a8eac331e9ae
2795,Extraversion,bad,g-63ef88640b6e1ed1,discovery,1adbe16a82103dd64e25aaa83c8a6c18e88dad3f00785115a8ecc9f0f7c915fb
2796,Extraversion,bad,g-c2eb57f13bd5c7e3,discovery,f064d96fcf6a3d147e69b1a3cfd1f1d1ca437a174f762b285956155055d9861d
2797,Extraversion,bad,g-532997b03b3b32d1,discovery,6908627f06c5f3346fa99109a32c3b0f3b75f4f22f342f51a0815e45595e0cd3
2798,Extraversion,bad,g-617d53d368f3b7f3,discovery,a25539c7e8c1a46566b29d232cc63a524bb385745a19849547a5d25c99294e72
2799,Extraversion,bad,g-7d9f32055b384cdf,validation,cb8c37a1163830b8a63d96094d853984cd8e88f965466111ece656044e7884df
2800,Extraversion,bad,g-758d3a0fe3e3352f,validation,7a1e5c72f61b1491dc6c65e3ca71fae0de7712bb92b0e58f15d8ca047dbd0708
2801,Extraversion,bad,g-2268bef152c645ef,discovery,bbe7933e04eb6ecb256c1a17e687b396d57f20050176bf64d385acfe5b036e67
2802,Extraversion,bad,g-6560e601e8f4544b,discovery,f1dba07b894a30e849e3d5e0e70468bdea8355cd2876e31fa2cea7862d25c093
2803,Extraversion,bad,g-3b8d083fb9d48c0b,discovery,7d500333408003f967480f8c2072feb4e784c14fdf6530896377f4384850a647
2804,Extraversion,bad,g-67cf225b412f62da,test,8cc1ec6116446871a2c2d4b02760c9056b411d92d6a73b445db749583e3647e5
2805,Extraversion,bad,g-77d7208e805a234b,test,ce93e30f0940b6413732632c6074b2866655c39603bfccf71aebb7d7f86ed452
2806,Extraversion,bad,g-9d97c772a5de80ca,discovery,81c18c137bc4493da733c79cde30fdb8017fb266d0783bafa446d23e2732eb4e
2807,Extraversion,bad,g-1b5dc19afd7442d6,discovery,c659cd6a2d9448d0e66ddc6c836ec046eacda248cca4374fdb1d00c934883454
2808,Extraversion,bad,g-67781a8bca1c2013,discovery,5dec3a8824c04e65f0a96e1e2b613b78bacfa94a3a0fc4a84400ff25310d8c2f
2809,Extraversion,bad,g-0e2f4220d8008c2e,discovery,af463bd2c9a154a0600843ac0330f1bfe6f112cf7e4accfa8d9ed19d6f6f3ef0
2810,Extraversion,bad,g-3641bfe16c47191f,discovery,59bfe7174c1316a744c710d2113dbbb364dffc30c8129ca850daaee38271d850
2811,Extraversion,bad,g-8f002f3e74551f03,validation,7433572418ed8cb4b8b25f1f10b8f46455b685defcecbf5a11b371a89c30a609
2812,Extraversion,bad,g-c3f2f568a1396f64,discovery,8a4376381b7142813be662cfd5effcc5cea2c01de9543ea0352840af7746cce7
2813,Extraversion,bad,g-a12d41cc4cb7f5fb,discovery,636326466a0a0be1457e5d544db1c00da4c092c76bb9645abdcd2c4210d18eb1
2814,Extraversion,bad,g-b809007ce9b38a94,discovery,cde90e6d114f4beb5b67c175f78a43f9f9dcc42404feb3c6f67fc13c95e8fc67
2815,Extraversion,bad,g-20c575eb0fa4b20a,discovery,cc50db75f7d4d262a803f7f9615025c06ef399be72043ee3fbf4bf8bd0cc054f
2816,Extraversion,bad,g-fda236223ebb1fd6,validation,541b8535c92503d8e35a638dc99eb85eaf5dd39970d5c6ceaed67c7f905fa7a7
2817,Extraversion,bad,g-3313ca2ec5da3818,test,ee5823f099ab91bdae758b04422468977d14c671e603ca738e6bc73ed68f0f2d
2818,Extraversion,bad,g-36aa4e797eaba04c,discovery,486501ceb9935e92e9e56b54546c7cac2f1b18458c524c291622e04dd653ba36
2819,Extraversion,bad,g-a00ed3267bc69b28,discovery,2fa7b53a7d4c7f0b5366462337329425d70fa82981562f6411465d20017c9548
2820,Extraversion,bad,g-032891a80ead8eed,test,076515783589855963771f0a2df162c502d89796721a7cb3d7a56be29d1908f5
2821,Extraversion,bad,g-8c2ba103b942a35e,discovery,74e525e3d46146ad940e69873d07c940afe785e6823e3eed002b58a0409717fb
2822,Extraversion,bad,g-c084e90696b733e7,test,9cb91716b64fa9afc1126d15e3a354ae7167b37ace61d77501baa6339717b630
2823,Extraversion,bad,g-580589d5d0fed278,validation,9e1a14ccc2ead88621a78d38894900e333e79a975652aa44bbb3e6244cb03039
2824,Extraversion,bad,g-8ded5ba1c60881e8,validation,9fd6678f61f8143437baff5d87e2ccc4f3edf5855a5c24eb16a666d394ed49c6
2825,Extraversion,bad,g-521da7b8d7c059d6,discovery,da45d4da4a07fa2513b73f8b5de6b4ecd0ac5fc27218a12ab751d870999efe18
2826,Extraversion,bad,g-a3b7ef73b0ff01a6,discovery,fb9af346f2f53a903f1e1ef5d1a2b0ba05b8f688be741ea27648cf29e3f6505d
2827,Extraversion,bad,g-b782f886753e4bd0,test,640a2f3aa8470c844f64b7083962096ccf7c617ef5543ea148228a174a39ff3c
2828,Extraversion,bad,g-f02fb86cde2fa1b6,discovery,cd9b4c6c52de2351d05d6f7e00f9c83b553e0db2f1f0526b9e0a8be4741a8c03
2829,Extraversion,bad,g-eacd068ef5e5348e,validation,385b45816d63a545adabcf745211bf1de0a5dcb3a44eff626a72d91bcbce28c5
2830,Extraversion,bad,g-027e40a59c6d871b,discovery,d21a354dea1eb31e624445576448a76e62ae70894cb1d945b3f1fae6ae29d933
2831,Extraversion,bad,g-b6a0d878fef6d8bb,discovery,f57e790659c2f058d30cf88e6daa39d33db7a6b608af469d755751aefb88b5fd
2832,Extraversion,bad,g-90b2cee40f215644,discovery,60432d0a228024be0b6a25b4dd0e74f162c1eccd03827d6c7da549c6bf72f5a1
2833,Extraversion,bad,g-af2dcfc2c6865020,test,e735c72c77d9cb21bf202a6082039a35f0df71734481ecdaad0489261b4a20a0
2834,Extraversion,bad,g-a653a5f0488dd947,discovery,2def6ea599ee2ba487d175b0823a6b8a910db6b3c38d99e54f4d4ea912d7696c
2835,Extraversion,bad,g-115702f320ae8b02,discovery,1f392f8d6e38650d96655e3b9bdfe20e4b5c8901d5567e6f942d5df148a7957f
2836,Extraversion,bad,g-58a593792937bf31,validation,2066df7372bfd57cc2a9c16f461357b5400b68e539809934559f34d810062fb7
2837,Extraversion,bad,g-60a7c077275a59cf,discovery,0c949f6d515628890bc7cf7b2e57cebd771e7351cea0162406f1792c666263bf
2838,Extraversion,bad,g-2c616bcd7208e055,discovery,40e30d33715564e6bf61805f8cf833328bc7e9415008caff16b0f253a4a59da3
2839,Extraversion,bad,g-6abb534b9e6a1bc5,discovery,68cf1d795b41cd9b5ff429ad78f78f1d581cd37878374326eac0d0746dcfffa5
2840,Extraversion,bad,g-4399a23ea7048114,discovery,67a5d2879cd7e01b21703fc9fab94c81d95bec5fad5078bea6fafe73748d5e72
2841,Extraversion,bad,g-3aafea49ea60059d,test,4c581d540d9c0770657c824b02f084cb600586a3495c0e21fb22579f2822d939
2842,Extraversion,bad,g-9a38c878bc1ca02f,discovery,3563fd9b5af17b8bc7a60bbd238089fbc65d0b1c989c3d9f3cecfbfea6ebe040
2843,Extraversion,bad,g-4f7776ebff21d8ae,discovery,92fbfc612b170c33cbbb10629a202e0cb8282cc9b50e8dd979e8652c1acf8896
2844,Extraversion,bad,g-71c06e46b0a0fb8f,discovery,53565dcea33fa670b49a00ab64635d12b96ee4b56858d798174dc6f58dd5b105
2845,Extraversion,bad,g-a828bda69ee390a7,discovery,3e6b1adfc66ee3335d60735b0938d2631394d30254c2afbf5a29b5eeb54dd74d
2846,Extraversion,bad,g-1807c3b572c622e7,validation,05dea9d972d359bbbe5fc1a396f165ba6d247e3f43aa8a30e82974704adf6af9
2847,Extraversion,bad,g-c2c5bc0b5b023fc7,discovery,cfb249c8240da0cde45a92c04595504924357fd6a156b3877848736ed22cb233
2848,Extraversion,bad,g-2a831cb1e7f68a43,validation,a539b687dbd3d400555d40b2b07a002e12529d5ab13f66aea7c7eecc2e70ea4f
2849,Extraversion,bad,g-a4bc3856e8cfcf7e,test,23ab2d8a7598ceaef590f313af08775dd74b5c51925a515d263e0a0cbcc6ae7b
2850,Extraversion,bad,g-b6dab0ed47f00ac9,discovery,c1fb9a8ebd1e5415cfab20182796d2d49eb513e9264a895807b579958f1ef8c4
2851,Extraversion,bad,g-87e1b546c1b24c4a,discovery,d604547829682fe3cd905b1b500e6b8c9793974a2cf3f3bf3ce91b99435599f8
2852,Extraversion,bad,g-1165b00b1658259f,discovery,22aceba4020b86d6e96b14baa8628c3e9925222396858fb2f6464043d44cbf6b
2853,Extraversion,bad,g-f511a898e787d319,discovery,205680fb2d553d2b86308c2997851643cb8d269c07f0d2118825699a2254cec3
2854,Extraversion,bad,g-9a0406c2efdbd46a,validation,dc11bfd95e9be68ecc81c227306a93f54a3c686bb7e5c8b69efec7bb3af5d8b7
2855,Extraversion,bad,g-724c53ea4f3be311,validation,aef4426873d071720a778f83ef8bfc835a225e90830ec5bde81af004d60fbaec
2856,Extraversion,bad,g-5b99e64d3befc792,discovery,96e2a3f8e61c98d56698db7e4fcd37408a28644a37005f73f45139b441fdd08e
2857,Extraversion,bad,g-d6807ed52eb4614f,discovery,afbe6e727aa152d2467bbf0737d8f28856f064fd683492314a4889811e55a809
2858,Extraversion,bad,g-18a4c745863026d1,discovery,52bbcce0e8717e97af6ac7a5794b9d9609f97e67d3e200d2cd768520d6f76710
2859,Extraversion,bad,g-9a6b1ab1a47201e2,discovery,f5a4268493b546d96f3cf346cc4d44e97a617025d1e345e262a277ee02048511
2860,Extraversion,bad,g-a1b8a5093452e172,validation,0cafd827138e93773f35b59103cee9efb93df25e0bb0f63214d13b26122f4971
2861,Extraversion,bad,g-327d5b13504c147b,test,36e6389e3fc99d51421e54240d74691b9c536d7c651d4eee5c41d57beccaf792
2862,Extraversion,bad,g-d4657efeb15f58b5,validation,51c88a35ffbb8c3c6d01be608c96dee351e3609995acf2104df6992e22800459
2863,Extraversion,bad,g-c9e00624ed910644,discovery,c32cac12e09d5fb0db65985bfc6bf049e7e6e815442113d9731d6102068f9220
2864,Extraversion,bad,g-3297204006597441,test,38d268b77a78af581fa58a619707919155d0df7162f4ac123a8f0528243955b0
2865,Extraversion,bad,g-5a8a8b6b6f33d560,discovery,9fb7014ecb9023c3fc60103e102a616f61c2ea3f78c7ef7500ddfcc11e787f00
2866,Extraversion,bad,g-1f0f0b8242e7d2c4,validation,9ffa1633539ed3cc0f205a77fc9db257a8f6b9750382774e2b27a0e68ed354c6
2867,Extraversion,bad,g-3e18c85190ba0808,validation,3335e16b51c1322bfd7cedb5046813e1da5dc9e3e2714178b7ebbfcac4e15571
2868,Extraversion,bad,g-0a22b530a1b08fb0,discovery,21f8bf15a9bc4c4c2685af5727e07376479aa8df2ff0b09fa0baaede26910278
2869,Extraversion,bad,g-7da5aeee20e52297,discovery,ae3d36c217d4d72438ab0796140f0087d68e5fcb48febe7bf53138284643fc6d
2870,Extraversion,bad,g-8a430eb6516ce866,discovery,b9c2e4b0240721ac50f55aa4b57f1c725ba420485ba19e83419caa20c9e1cfb2
2871,Extraversion,bad,g-d21f7852312a4850,test,0a000a1c494d4c7f610a75ac44edf67087b0057f98f200057ec0777825cb321f
2872,Extraversion,bad,g-28ce6af777b18d84,discovery,94b2c25b399655320bf18bfe0b66e11339b69ec878b1252001d92f2fe601f0d1
2873,Extraversion,bad,g-6be8baa67f91bf1e,test,87db61d89a3731b6a1b1f98a60228687e2b2659d41bbc7e45c6cc20e22bcf90d
2874,Extraversion,bad,g-730217e3ef1aee62,test,925235497fa548456b6aef8c3ab43df7eba4f386cec9e011025021cf37e1e58e
2875,Extraversion,bad,g-05298e791f096e5b,test,f04d43882570144ae18c1fd14d259364e8fcbb4754695df3ec2289fe4be04faa
2876,Extraversion,bad,g-eb58884e6c95ba92,discovery,5a5f4650b7c5003c71bf3343a5bce4b23ac92cb70e1b8db22bd99f58927bd873
2877,Extraversion,bad,g-53c01e2508e1e4f3,validation,9fe120f59195a2a8cf20306e04cedac501e9e00d5d70d7684389dabd43d5b8ee
2878,Extraversion,bad,g-96f20a6b740d6e8e,test,d6d8d16e0924391d9c4c57e567f9664bfeda4c8512a5de67e3b8863b0489db87
2879,Extraversion,bad,g-a9b6b688345bc0e8,discovery,27d387cbc1d7799d4a09a5abe399cf57ae2734b7463ac09d65eceb5ff0b35ae5
2880,Extraversion,bad,g-4c70c23c79aeeeb4,discovery,7cc4701be064dbac5f34dcd15ead23f9d520b010c1904f893ccd162d036a0292
2881,Extraversion,bad,g-31f201bd0543b1c5,discovery,c95077e3839cb939d14e5c5f52209ea5d634b8c9ba17b5f5d1d1d0c36f695449
2882,Extraversion,bad,g-54fb853400a2ac9a,discovery,98811e9dc88664fca9f0011d6b4112f19c4d2e985c0e17ccbffbf5515a7aaf45
2883,Extraversion,bad,g-29ce057a1648390d,validation,b58a4fd6073a0fba715d949c0338d9ea8d4030269ef594d1a66a559c3f900fd7
2884,Extraversion,bad,g-5953252717dc4063,discovery,5b77c1915006fb9c148e31007057f89a4fe2e335093b6be55c3f0d2c8af2a648
2885,Extraversion,bad,g-4fd491a5b3473c27,test,75d22dbc40f1e118a905ce37897a3e200f865055eae6eb9930b9349c144492d6
2886,Extraversion,bad,g-4eca1e6c29a9ef0e,discovery,a9e67b70a6951d6c97248a077551876bf2ac8abb5ab485cf5ccc891b3a77a8b1
2887,Extraversion,bad,g-caa2cd6d69efe61f,test,8b7449fe1dd191432f1631785fd7c43bde69ce638cbffff3f81267615e38e9b4
2888,Extraversion,bad,g-63b33a2008a80438,discovery,b704ee80c46712d8402b0b28e27a6bdbd1c7891705b2219c18780ed76aeb427d
2889,Extraversion,bad,g-d7ec104e208aa981,test,33c58eba8e0c3ca041da5ae9570474873690f52be47a19d23b9f2e646a5684ce
2890,Extraversion,bad,g-a734be963810eb63,test,28f7f66f4c4f11c6728c18b2fb89de317193cdfd6033c9946b7f782c26462d11
2891,Extraversion,bad,g-b4f21dcfe6e03353,discovery,3ce81448ed4b86e395e51f87e66eb882e3871c5ec2c500be26ecf64bd2572940
2892,Extraversion,bad,g-9f5364d82104dd8f,validation,ac4d40ca3b0563232037a0e04f3f49810a46f2e6d25f1ee371fd9dac5867f435
2893,Extraversion,bad,g-f7848ab76911cac9,discovery,c35424d784c5f06d165cf1f73c50d0490a5580e549cc8b570be680b7eb740852
2894,Extraversion,bad,g-fc5201699f863a43,discovery,e5bb967042e7f98e5535ef7ceebbd45aed7f766b971cf43afb1497fe5c1f751f
2895,Extraversion,bad,g-0e91202d09fb12c9,test,f2183a9e8d69410dcd916737448ff7ed386b89f9948c6779caaf6daf1f8c8a8e
2896,Extraversion,bad,g-a6a0ebc661bdca78,test,1fd564ef5b1b999afd82aa77c996b3134890d011082ae17d591a514e49427d86
2897,Extraversion,bad,g-0b9598569210240e,discovery,ee25de684655f1ceb1cea44e33a1f5cd109810a65505866bcd8124eed977a975
2898,Extraversion,bad,g-f23c70e5d4285e24,validation,292a459fb0aabdbbe164743be10d0998add52feaf7c23ce220ee382501136c6c
2899,Extraversion,bad,g-c5f9733f86bcf327,validation,f46d0438f237c246efc70a408653b2a33e252d2ec6242d8147fac6f20d10b980
2900,Extraversion,bad,g-b514795fcb021b5d,discovery,c113c523e79539d4c53baa36bb88fea743b6d45900b1d13b41c52247d58f72f5
2901,Extraversion,bad,g-fcd229da6cfbc892,discovery,dbb7b05444f3c2ab0b7fac7cbd5f19c44ce76ca73a21d4d74419e89aa0c7ea58
2902,Extraversion,bad,g-2028fbd2add95c00,discovery,e85b62c4d6b6fb4507b449fb772868240f94de872c60e149aabdaf957206c5ec
2903,Extraversion,bad,g-a2c05241f37e0f08,discovery,9b1648b2d904ef06698311bde49afd03cc957f3d0c3315c48d679d3e2ec9cd44
2904,Extraversion,bad,g-5f8b2c3716f4f771,discovery,a6a6f3f5c48291337e545c47ae918afb4a41b1714c92a7a9968c3d8902c0c9b4
2905,Extraversion,bad,g-e98549fd96f6f1f0,validation,ae2f611c808bb6cc16c4d15d2c1b94596d74fb486a0c8163d3be07e1e8e6bfe0
2906,Extraversion,bad,g-586f1db6e208a8a5,discovery,5b92ce9e1bcc7d0a5db3314a1dc167c8f610be26c32a490b5269b25a87e123b0
2907,Extraversion,bad,g-d0925ed7e7326fd1,validation,b6a3eee3987421d4eaca933cc8ba171c194f0f57665f699227b1f59caf754dc7
2908,Extraversion,bad,g-71d5f30a743f6f7b,discovery,b163dfe28d4aef810d0ccfd27918109ba2f104b35dd284f32ea2bfea98b9b09a
2909,Extraversion,bad,g-1f814b2f136f6288,test,5548d11492d416b52dee3020b5b2ed9080bbfbe8f8c08dc0977acf7172927623
2910,Extraversion,bad,g-df235a2a35d11ce8,discovery,1cdab2fc5a29be70ff4aa63719b4a0002a887925574bddc198e17b9f17a1d7ab
2911,Extraversion,bad,g-bd5ae63a29890d42,discovery,d83c6d3b472a8675513f8744aeccf5a9fb22bb46b6880674ab04f94da02ad5c8
2912,Extraversion,bad,g-729fac211ba5c7f1,test,3785388706329b55d7fe702d9fa5a87ff206ba24062ced3c7daef4ca2d620ede
2913,Extraversion,bad,g-0ee31dd9cf08c4f0,test,faf9f30d1393071960d794045110739b6b8a63428f017f92a13d614ebd0974f7
2914,Extraversion,bad,g-21e19f8a1ed576cb,discovery,cf86eba547159867e19621d14c38c26afcf04006f2571f900297b530472e9741
2915,Extraversion,bad,g-11f2bcbd883dd7ef,discovery,f29bcd65096898cdd5645d89a85ba1925d6f1d30ba31210c6d15dc2127aa3ba0
2916,Extraversion,bad,g-7da88b5107638afd,validation,e6655d81071dfbe0946b7656bd50e5d6e288da3bd00db56909de6c7d8ecb7748
2917,Extraversion,bad,g-7986c188fb6f886f,discovery,5d09383e5912d4d50dc4f29aa35238455ee79797d0930102a1b688619210478f
2918,Extraversion,bad,g-f3dd231f5f28f125,validation,73fc891c89f52faaefb49111261471e03daaaf026adec50f8699c7fed494e159
2919,Extraversion,bad,g-6a12e99824aea0d5,validation,31f08310115eeaa34bbdcda46872f30be0c308828427735838d0cf4e73fc0f43
2920,Extraversion,bad,g-2619ebf09f49024b,validation,2a39b789bc7e24a58a8fbf7c0d455b98aef281f49b93799a9fb537939cdbb928
2921,Extraversion,bad,g-12a6e199c2c6f77c,validation,e47c049bd7d5f5f86f618a2c78c186d7f3d9d448bfab803e123875088217003a
2922,Extraversion,bad,g-3908176d571f3d2b,validation,4294c3897fed54a42ab2555eed4a2029c60f0063878bdf0353f0fba0450fa0ee
2923,Extraversion,bad,g-1ad7da01ad9afedc,validation,2f99e51e015cd069cc4bd6fae3d9b31ad184f3c605964b8906979b2b4e8a6a72
2924,Extraversion,bad,g-6dbd796ee769ffa3,discovery,54996406a43937c6000718e5b3d4c2dde03fa77eb68296cba3d9040c56342361
2925,Extraversion,bad,g-7dd20884ecb2e2c7,discovery,b9a175fd8a9c6365f132bae665addb2d872f9f7516c086c626889613fbdfb7ab
2926,Extraversion,bad,g-dde130ee3773257e,test,c424f28e7e71f07d93f9241405bc75edc5934cce60ecb114de7f5e9ef8de6401
2927,Extraversion,bad,g-d3685206dce090a3,validation,bc779f28a6c4adb04763b57ce6b5ed4060be148f0d2d0cb0918eb443f1f7a4a4
2928,Extraversion,bad,g-eb8b0747acc923ef,discovery,cf792b29853b7f884ed9deae5512d11967b8b99f7fa6a36e1c4f29739c313a0d
2929,Extraversion,bad,g-53479775bd1afd70,discovery,731ac34dd4807d10263684b8a53bd223bc826904b603e518db80af638fa67380
2930,Extraversion,bad,g-bd5e0d9e5e0c86c0,test,03bce56fa0f231605481b7013df372a44a0a1bc593fa8b37de710d7884b86963
2931,Extraversion,bad,g-a35382305a68c9eb,discovery,6be89ceed2247419143adf745cb172e25f3ce1705a1164a6e206930440421f6b
2932,Extraversion,bad,g-0683d345f7feb14b,test,6091a89d596cca9f66deae078011058c8172b5426f92efa05a47cd014f631e98
2933,Extraversion,bad,g-b1ec777d60041e8c,discovery,0ebe169fee9d69aafd34cdd9650fa748d6b24659192a0b8a4a4c8478cc3ee7eb
2934,Extraversion,bad,g-8d2655fabeaad27d,discovery,8931f324dc658e9b53014cc71b3fc1c796c6f7a9f621d83b9b309d7fe5422d4a
2935,Extraversion,bad,g-a795fad60bfb0098,discovery,3c6f09bb339f431bae6292b70c4cba022cba52d5daf7d6d32fdc71165e834247
2936,Extraversion,bad,g-afb90d003b74f811,test,a8a059deee957a3939903c2c4773a0627d8fe2f4e6f5dcda457f36d2cc8c06a9
2937,Extraversion,bad,g-b51ab52cbc702a48,test,2b0c9b99e0ab044ca053e74e0832ebc5754e303c35edce5bc1e04711c6a644ac
2938,Extraversion,bad,g-23079ccf96ed11d0,discovery,1699cf74b0996af426518573bc788c4c4043f6d360ef7742fe39ec702212f30e
2939,Extraversion,bad,g-57fd50602e13fc9f,discovery,0a7b10182a96349f5317f1e9f1756a16c5161fdd5303f2e3e692fc67a51dada3
2940,Extraversion,bad,g-2a756a44873a4e6a,validation,ecdc4146f7fad78ca37e4c82d05e4f5b67b86ad242e900d8092bf3682b358d6a
2941,Extraversion,bad,g-d00c8204babaf0d6,test,e6702696362dd2d3019ffbc480edd0dd9dbc705669f45a503174bc57d4de774b
2942,Extraversion,bad,g-acfb10ab27087d51,validation,8409cd2abd4135ac06d591e332d28822b589bab07c43f09500c026a69f8cdb16
2943,Extraversion,bad,g-7cb832459da7e856,discovery,a560e58ee2edf79336be708928d86c79cd902f867b617046f2d5709387f33519
2944,Extraversion,bad,g-e397784c48b2128e,validation,96ff72a8099b093212a1d8b537bc6018715aff87acaa43552e2d2014f922c2eb
2945,Extraversion,bad,g-c5a8eec065a1330d,discovery,5efc9f1f2f1c43f1a786bb76d55c030e7b6a59f757ee361c7819027170e67c85
2946,Extraversion,bad,g-71c46697edee9e71,discovery,c37b2dccb51e5645416e9a49b24ff0fe3f8a388ff06bce0b5e9d7682d8b07323
2947,Extraversion,bad,g-9286e08ac8761711,discovery,15c7726b301e540c801b02a530939175fd0384e75d32b55cc19249d08abed50a
2948,Extraversion,bad,g-0df93c555201c669,validation,ccbb663cc3e191a807edd7a77d1fe49410c917c88d71c4da66e44eae3f3fe1fa
2949,Extraversion,bad,g-41cb6db6b4b81ec3,discovery,e3180998f718a0f676eaf9d6f3fb4c8539b3c76a1e75c97090a973cf4acbbba4
2950,Extraversion,bad,g-c450d7ca6153a660,validation,2503b5e4cd0aacb576f290e86c21e550925931e38b5462e58fc764006a3e1dfc
2951,Extraversion,bad,g-a5ae34ec66f54743,validation,3ed960fc2d3933e16735a4fe3194c8075c425ee9fa859ae774514af685db6ad7
2952,Extraversion,bad,g-51c1736269f3fc39,test,774a5396fc525ea6625858ccc8fd64861efcfa86da15f6091e4f1d586db3f973
2953,Extraversion,bad,g-a0c110e3a84b2719,discovery,4857afa2094bdb1e3d0f730dbefb5b1acc2296afb6cabd660b851c83e7c56eab
2954,Extraversion,bad,g-64c7ddc63f91e1fa,discovery,30cb095dc9d944e7f9263c08a44c325162d6e51ebd6895b7f072925c54696d69
2955,Extraversion,bad,g-1514455a259e01ee,test,806b4f61fe0784b420fd6cf5e9335f6769afa35b8654472e9fee574c2ebb92db
2956,Extraversion,bad,g-8eb538505fe52b9f,test,44d42beacd3892a66444ff19ab5907ff26a8e16253467d96657d1833a8cfbc13
2957,Extraversion,bad,g-ee34ced4068dccda,discovery,4640b41061ccad98cbcefff3c72f3bb0ab9cdf6ed6de9025d1ebabe97da24f0a
2958,Extraversion,bad,g-ad7052ec84e1f757,discovery,f28ac3620e44803d7f05781bececd8f0e011839fb81e9aaf98aab65b74b0df1f
2959,Extraversion,bad,g-f8b5a1f732d1fa10,validation,0ac57898424cf54b75f11d22adaa37b09314aeeb788c7b88970748a327eb7e22
2960,Extraversion,bad,g-fd6733de78e0a4f5,discovery,01662e3e6c88e7e358c2069bcf269dace65f6c72e44547978e497eab5dae635e
2961,Extraversion,bad,g-52ee0a61f13af142,discovery,48f02f2c972900dd44786073280c7741a2a930e7662c2c00fb4b6dff82193b13
2962,Extraversion,bad,g-77a86a7f70561993,discovery,b82e4c040abd41165ffb7fe604040e26c6cd0f2ee60d203868886dc5412bb94d
2963,Extraversion,bad,g-15327d94c96432ad,discovery,ef2ddabd58976b250e213710a0a0f1492eb6e3713d0628eadb61031ee90c8c48
2964,Extraversion,bad,g-cee2fbb31d973fe5,discovery,ce6a82a3533c862d305c934d2f84805eae25f902fb83618747533a3c0521348f
2965,Extraversion,bad,g-7a2a05473476825d,discovery,7494c239aaedb3ea749020022737346c462b9dd6bb5e8bae6575cf2219447edb
2966,Extraversion,bad,g-ca87cee6d24fe9ec,validation,ff1ad303e064bb3dea11c562347814edf5818c22e4eaf109fb373e35648f27f0
2967,Extraversion,bad,g-6f1446aa665e656d,validation,d4336b8838427eeab049f2d3b92399b21300d3bc846b4fba365b545212281fbb
2968,Extraversion,bad,g-e1043672a886b5ce,discovery,60e4da011b94521cfec2e9f05fbe0fa2f9fa823e7ebf7b8cde72f2a4f6f0991e
2969,Extraversion,bad,g-639c0853fb0c447e,discovery,e6e207c8256d2a11a339fa8d85ebb751d53fff7f9ccfceea6c170a6ee9a5df84
2970,Extraversion,bad,g-b36a195a5e49ff1c,test,b90faaedaf943e33bb94fecab2980544975004a94cd8ca55ed2f51397247a81c
2971,Extraversion,bad,g-cdb53b428208876f,test,51424f8b0d85e806fbbae6b38525a3ebb7a984e7b21b3d1588782ea71b20520c
2972,Extraversion,bad,g-528c356396f3c720,test,2ba284708ff23e522905f06a5b0519c97202b22f23e4af672939147317055aa7
2973,Extraversion,bad,g-0c0685696fd40b6d,discovery,f4f7868b06002b5d8aa69039d6fadb753d8783a58a82f2cfd6b251e183374cb1
2974,Extraversion,bad,g-12366bc2cfe80534,validation,23b8a25c06c0b9ef37244ac5ae1b0455b083fb42988c55e43a5d9ca8bbd6f2b7
2975,Extraversion,bad,g-9559394944156fb2,discovery,d43f35ddc7753dcb4e8c3a9f774c4bdf61e1cdf9c0f34702415b3e27c5d42e77
2976,Extraversion,bad,g-221324166e41feb4,test,d4b09d9ed7292fecc4ebf25f688b3b57e52619767e8aca7044fa80684ff5ea89
2977,Extraversion,bad,g-e770c548f506f5fa,validation,f29493f5f43b6fada0dccaa787e971953265f23b7a48f552ca517b4259c7f6ac
2978,Extraversion,bad,g-f624dcf018bd7117,discovery,7282cb127f89bdca2d9a594b1751524fd58ff326861be3b5ac90c9146f923cba
2979,Extraversion,bad,g-29f31c1d96f11024,discovery,e9c7163a358f2f0fc8fed9ea2b4a87bf3cc6e9f8a34cb353b2e1a7efedab5672
2980,Extraversion,bad,g-323a2259b6d73e91,discovery,c0c3b5cce3608d2808a7f3669bd1b358bfd7c931c81b2c595c4ba3339033b668
2981,Extraversion,bad,g-a5b4864803fb4abf,discovery,6717bc07263083c348f0723fb45d6f1ea3680156e231b171bed979f35b3e0435
2982,Extraversion,bad,g-a916613a97193f7e,discovery,5dfb8e132f9be04573e4da4578ff8d4564751897dff538ac00e3c6af7cefe713
2983,Extraversion,bad,g-80f7027d6c0b934a,discovery,0f08c1dc11ec4e4575e161210950fa59ac960e6b2d1ce8c75541a6fabeeea356
2984,Extraversion,bad,g-1327033d4f644919,discovery,43af0054bc5bdde57399eedd1051d910e403ac71049843654bc34ad9a6918bfb
2985,Extraversion,bad,g-278df77c9ead7f5f,validation,322bea919afc79579766a6ff4ed923e7030ccfe1ecacd247940c1b8a5a404156
2986,Extraversion,bad,g-65ea39fe79bc24c8,discovery,14fdee6b7a63678fab4280bdbeb55bfca8d7267c919f58be5cbed40438c4f077
2987,Extraversion,bad,g-e1c76438a21c13f0,validation,39889e51d97a394f8712b8f47062fc54164826450f9fb8a5ceaac9f4d6753d69
2988,Extraversion,bad,g-e510f67624be6d9d,discovery,8730b8ece2870dacb101b6b4d113b05bb5d8dcd0315604aaf5fcb88f94edbb4f
2989,Extraversion,bad,g-0b259e3a9fcfc6a3,discovery,6feeaebe25a0aa41cebfc31f9207484a911a7a9fe93a52fcd983d90ce68e4794
2990,Extraversion,bad,g-6946ba2217350d49,discovery,d41b27a5bcddc40fa58a21c0f3f2a966daaa2b9cf1a53b5adbdae5e4a2ee3152
2991,Extraversion,bad,g-a1db1e09c8f5381c,discovery,80f54ce9484cbbcf9cd8b4ae11d79980d300b901a21d6d155df8f911f1a8f7f1
2992,Extraversion,bad,g-ada5ba68fbedb1f0,discovery,076c6d522e586f328393e9650f3850d44f1fd7bc239bdf0d8d04b4c911b769bd
2993,Extraversion,bad,g-261efddb563af16e,test,b2b813f01ed598f412964e696e7f59178e798c9b4853305c1a24f8219aff7995
2994,Extraversion,bad,g-2d49936df8df2424,discovery,521ac8fa7b1fa9745c88c876761e7af74e851763f3fd89f60223e257958ece4c
2995,Extraversion,bad,g-9083b9813406c774,validation,55bc57628fe984da839e84bcb8e8d18a4ed83c24b099e1366b5b63aaf700182e
2996,Extraversion,bad,g-0f5d536b84f69377,test,4c84401083228c440f78c5c16e56d8a9353aeda1e73f86cf83f966fc4b6eeab1
2997,Extraversion,bad,g-0a88187ca932c130,test,c28bd095503c2ba4841c9744673aa03e1dd1784fbb0ef42dc5b7243a2bafc483
2998,Extraversion,bad,g-cd44ccd2e3512d82,discovery,06baf0901d54495d5949af6a54f0822ae19ed323a358b2dfb704d7cd80748ae4
2999,Extraversion,bad,g-4805862af3e3ae14,discovery,ba2908083475349fb77f538dd9588d14c85e0161945ba26021090ddbff0408e0
3000,Agreeableness,good,g-023a26e87522d87b,test,14ab9a7795480ca427da7f28fd84f354a1717e0d362928f042e79bb376ddf71a
3001,Agreeableness,good,g-06dfaddc2baf6428,validation,c2133d35b8586c0156c4a355f2b5382f190b6950384dfcb59ac1198480f1b96a
3002,Agreeableness,good,g-6a2da80f70708e52,discovery,e26fdf076cc964e94b9b8ad57f18ce4007454f832049442006f8d8d1767edafe
3003,Agreeableness,good,g-558b3aec709916b1,validation,dee033ffe841c76bd1e07326e83d479fd2c62c20605f57dd3dfc0e2e9c471390
3004,Agreeableness,good,g-9880a253b61286a2,discovery,3c942b5f39dbd18fd8aacd5ffaea6b48f008a0e81ad52668f262c20beb42299b
3005,Agreeableness,good,g-8ee4768ca7107117,discovery,35167d2e8fbbbb3c79a70d2761cd7962af423ebf8037a3708960ce49f10f3416
3006,Agreeableness,good,g-7576c3837277e601,validation,6520ac65c3ec7e25a06cef1e12d852a131aacda524e8556bda19ac390adaacf0
3007,Agreeableness,good,g-f04a9b043ea63e41,test,4a925c8c3f862c6a6dd592ca636ff1743fa9a38d4e8dd5e7d87585e2fb758fd9
3008,Agreeableness,good,g-d5853776d95dfb98,discovery,0c81bdfa14eaa10b226334ef6b094940114d9a2dd5bc653d2817fc4885f16da6
3009,Agreeableness,good,g-26cf003c63d92105,discovery,e6c5d518068d6c3a118953f6e5c3444e3d9f2fd88bb62bdbf0abcb6ed072536b
3010,Agreeableness,good,g-ee9189e403355ef9,validation,e899626e49038fe83769720d981c60ed03eef51eb6e52dd83485585a8314d25a
3011,Agreeableness,good,g-54b87786303020e8,discovery,6103ece6354d1bbfaef0e4392646eb18ece36b571c67817f6703a2e1fbd43a43
3012,Agreeableness,good,g-e2a47f2925b3633c,validation,fbdd66ef854dd1a1b86622830bfaa9a6c45be94b632d92157c7e7c0e20cf4b4e
3013,Agreeableness,good,g-1bf978aedd39db05,validation,9e69efd328807574cd458af5240d9b5564994a70888818b0eb16c352296ed13d
3014,Agreeableness,good,g-c7b06eb5a0cd7f0e,discovery,297f03ee2bab95dee2ea29d3ccca2ac5efed1c8a4a958efe3cfcefb20dee8f49
3015,Agreeableness,good,g-c0a96f021be2b891,validation,f4fc3077de1d6b47bbdb5bf96d5f4303bb84d237f4c8dcfbc77adf951c3c9de6
3016,Agreeableness,good,g-cbc1ab5f3e819fe2,discovery,ba592fe212b344ecd7f8985d0a8819ac68d760f37610ea34c8f8c228d0c39f20
3017,Agreeableness,good,g-98f1c238a31e1093,test,41443aa3c417258e7787ddddec7848e612140b3aaafc5f53b79885b4f10f1cae
3018,Agreeableness,good,g-f56f5916acdf5512,discovery,0027062add4860395b4635d64b082549084341cbdeb4eae60c2a79e2c914f3c3
3019,Agreeableness,good,g-4f2a84ed21909b83,discovery,a4d324048b1f0d4c1b7e3de50c0eda665c4c237d03aeef33a2aed0233e8e0f0c
3020,Agreeableness,good,g-25f0d7559708d1e6,discovery,abc03923f8ac65b02fcd0a9b31d695f84ab40e76d310b6a217c15598e1b810b2
3021,Agreeableness,good,g-029ae4cdfd7221c1,discovery,cb9abc44039552b1c545b80024c2e08846495c69ed9da3dec96fa91c0b5d3ad3
3022,Agreeableness,good,g-56555c92e2b587cb,discovery,270c0be5f407e1541ea79b4016f170f168321d831530d937f2d2152a29700037
3023,Agreeableness,good,g-2347b5f9fc99fcb3,discovery,24d6e523bf11c0013ee76aa78e84c9a1773a985bef2d4348d9b768951e8a16ed
3024,Agreeableness,good,g-1709525726ebfb5e,discovery,bc4effa6a339d48a6ab9f53054dc5e41dbab407eb284e25e28edb9d14d7c32b8
3025,Agreeableness,good,g-1da92183c9faa0d0,discovery,8c46bf63100e2086981bd921a9974242bf53fbf354e738c349ce3c1585e1d24e
3026,Agreeableness,good,g-3d5b4c710d6c1ee6,discovery,345ed2fe02990e1bda50528393983b336828aaba07966294e478f100c57e29a2
3027,Agreeableness,good,g-e90c855b9491a815,discovery,3e6e2ebfa4d0f0f6821d481e2b3991f3f9c217c9018354f80b7dc2266d917ee7
3028,Agreeableness,good,g-a6abcb93fe53eb36,discovery,005aee60682272bf1efd6c7679b1cc94b3c491e9b3474efff9982cce2b01beaa
3029,Agreeableness,good,g-e641be8e46356634,test,655ca78153913d7945b3262aca9b6452709c740a074bd3e57e479d4c30053bd6
3030,Agreeableness,good,g-b37a05f3908738e9,discovery,74a7ca1762859517296a962f19e2cf5c2fb1a147a07fd9b8a927681e653f9320
3031,Agreeableness,good,g-9157083aa051bc14,discovery,2e5eacee6470be0df2285d4b0614b46b789dfc6fcbf620568ea69f21a3925740
3032,Agreeableness,good,g-597ba11658a8a3eb,discovery,e3e775c5f10d3da379ed9e731ea1dd12f51a1004251a896f7f8eaadb2e43a924
3033,Agreeableness,good,g-f51f0b7c84d05191,test,d9e8b09b63c864fe0b86fbbe3146445bc94d4b4a376a22f864a16b57ec967dde
3034,Agreeableness,good,g-927e2f578e8ebf51,discovery,0f4cc59a0653b6bad078757c2172a0560aadb43746f5abd0b994523bb75cd382
3035,Agreeableness,good,g-075b3d5ad38e08bd,discovery,78db4d035ad09e2652494af100844a145561ee8ac604b80854a0417f14269594
3036,Agreeableness,good,g-e170ed110306bfe3,validation,0eafa0bf94d58dec4c83a3405b7d4cf0274953b02b5a736b45542fe7dbf187c4
3037,Agreeableness,good,g-9ed1ab3db7c340f1,test,449c66026fd945ad1db827dd4afcd5d4df13478801c5efb6ec960ae9e80530e4
3038,Agreeableness,good,g-bd1ca047add2bbfd,discovery,cab8a60ea580645eaabe5aa4c5cf51db2379f42dbf3eba9701fdf763955bde6b
3039,Agreeableness,good,g-b5344f41294a3b9e,test,522a7609e1a9f4aed15bfab9ad7b34b6ccbe82f55f63d315557ed287b7dfc07e
3040,Agreeableness,good,g-0b38f330b575074a,discovery,c93e1e4a4748c51052278818c7e93afdf08ccda65c03820736042259589ac5c1
3041,Agreeableness,good,g-b9fde209d892afd8,discovery,30cca07594f2721521d9d03ec3576f1cc4412b09d79778235edc5ea179ac0c7b
3042,Agreeableness,good,g-0e85d94b2395a29e,test,5c30a326148f30dbaf615d744fba61aaa9736e1940a5c7df6c8ea0f8c4ea8062
3043,Agreeableness,good,g-14bff9e5d5cae2a1,discovery,df99f9a3b3e69d0fe896e0b849e39b8e9c7f1e2961902864cba6e57cbc99f573
3044,Agreeableness,good,g-9f7d8158db6abca3,discovery,756fda5edb480ff9c7376d55232a07e4a99178ac3dbea19ba13907ce86325a68
3045,Agreeableness,good,g-a4227581e09a448b,discovery,eb19ac359e633e576a7a7984a6339e9a721f930b1633a5702de71df78bc7fbd0
3046,Agreeableness,good,g-0a1819e527f47c65,discovery,b33a5f5b776f411aed4c9e5374118896a24437ab1d410253409c5768cd30453d
3047,Agreeableness,good,g-73b6e68ccb733b6b,test,8f991b12d66941cbf41b22c83557319d86756934d5dcc5c6dc95d943c5672c90
3048,Agreeableness,good,g-9e91a9e231c6c2f1,discovery,5c10f57db3a5459d2ff03eeced72051fd4bbcca31d1801c48ddf2822bf80c90d
3049,Agreeableness,good,g-497fd6e615ff34e7,test,17d9ccc9458b6653cb33bfb95f39447a766d226a29b8652170dc72afce0ad799
3050,Agreeableness,good,g-c36d4454cd06d1d9,validation,8873750534979705c7dee71efca65fe6d33fc721fb171ccbbee4c00a24448879
3051,Agreeableness,good,g-efaf18eb63e08cca,validation,c28b2ced0878275d4b0178db2b2dba74a05109e14fdcf3b4026abeee98bcfefc
3052,Agreeableness,good,g-cab894cae55c619a,validation,0846825f34d2b7b6325cb5eac8818e376892a70e3f0ac493e5fc1e9a6469b7f0
3053,Agreeableness,good,g-4d0f4966eeea3aae,validation,a13ff809e05038f0125c5ffbef58aa17615433f4cb99135c7c59c966472f3bbe
3054,Agreeableness,good,g-a62388c8347e6884,validation,3ba6b30ff56622aefb454facb4106f7ea5e6ab4feb401b2376033480746132fb
3055,Agreeableness,good,g-4a4110849266aacd,discovery,455742f4c10c56e964254ed264c22fd565761ba5b1323da2a8b6fdb9f0afc663
3056,Agreeableness,good,g-f1579d59d4863823,discovery,3311e81b2c15536b05c33e9088cb8c6e290b12b1831cfbe951265991e11dcf00
3057,Agreeableness,good,g-501ea29a5156ae96,test,3188c82d6a115f444634d71db7f54116bb5f17db6f9aa107783b6b93d5faab3a
3058,Agreeableness,good,g-5df68f6b3d12b4a9,validation,e445a6c89344a335df3dcdd7e282d8100ddea1ec10ebdeb864e86145da3032cd
3059,Agreeableness,good,g-66a8e689668f6450,validation,4b8f71c7c8f5d7ebccdd78178fdec9fe77f8100f18e480b5044cb9b774bb5f85
3060,Agreeableness,good,g-3ed320630fc3cee4,validation,feb048a9f3e979bf6a57837d344b273517af3a278eeb33df03e0c992948a61f2
3061,Agreeableness,good,g-44cfbb5d91b25d85,validation,b7a5beac63cc21c5ce843bac9c97ace7737bab98c074381cc10e5c4944c0769c
3062,Agreeableness,good,g-074d7c2b602d574b,discovery,919104361141c66095494a13520de5c762960a4dd0f891e8109906fa52a25983
3063,Agreeableness,good,g-2c8cfe1c236ba080,discovery,b08539186198a18aa96232c92fd1b35cb31a0e1066e8822e79ee1c4ef8a9ada9
3064,Agreeableness,good,g-cb4350f356ec77f9,test,2ab27220269cf69db23b43ed056669f4355e66ac4afa58622d1bebcc5abefef5
3065,Agreeableness,good,g-d39e56f5e8669f81,validation,68f81bc70584bcf47ff08104114e82aecd620e6d41288b139809fdd59e631fa9
3066,Agreeableness,good,g-46c1355b680f2aa3,discovery,9e29531ee6404f8db6b5a2fd9d6edd82851c1fee3e0f6268d26cdb0a84b23f64
3067,Agreeableness,good,g-368793aba0e09f9e,discovery,5861d1cad5c34bee17cf17a12f84305d67fb3a1b99db59524622ed6e695e5341
3068,Agreeableness,good,g-abfbe5fc6b0abbb6,test,27e78cb56e1904f90df00938a4f24d6540d72241012fdd2f6bc89a1f87f9335c
3069,Agreeableness,good,g-77688865b0d90f4a,validation,9c3b6246c7b8a5c26ccb57747257fefb6478268d8e5afb864487130569c41ceb
3070,Agreeableness,good,g-14396a8bfbf34d25,discovery,1d433e79049cae650407654d0f0dfa78e2b697e1889113611a6c5cfd4f663fcf
3071,Agreeableness,good,g-94875f37b7acc7fe,test,58b7e44f26d175da0e8216d5e7fef8dd1c007174c3f3809491af39ea4f956f15
3072,Agreeableness,good,g-aa63bfadece8fd84,validation,31aff8ecd2c3a739c7dd18ed7425c4f649a205955dd1c56d05ab4090e14c8d6f
3073,Agreeableness,good,g-de66e3b16b8a17e2,test,b697118bb6c7545ba2c1d52fd6967cf11b80a567c97c5260658baa8979dc10bc
3074,Agreeableness,good,g-3e1d7a29e9571d96,discovery,93eacf373ce6ef1ddf4a4417f091abaacb024b1d84907034f37cfe0a29d44932
3075,Agreeableness,good,g-47b399663ee2d96a,discovery,390e0afa4f4090a2b8f42fcd240108b27c0efb1eddf08328c084c273d6980a9f
3076,Agreeableness,good,g-ba11553b6d9e95dc,discovery,f7fd6484f35f2c1c42adf18cc203b33d1cf94071704954b91f6fefdade75fb12
3077,Agreeableness,good,g-d9929bee6c9b079e,discovery,f59280d4e61a3bf6bd7a1eac1abe968bd17c9b1fc1d70c022115c62dbbe1a57c
3078,Agreeableness,good,g-86f67554f2efb49a,test,9f8b1a9143190141b55985905c9d59755643f56d6c62e9933ad9ea2758c0dbf6
3079,Agreeableness,good,g-540070fb03fc10fc,validation,d289c124df444282249630469d89f998d25d32a31c2dcddd4d8f6ba277e25e86
3080,Agreeableness,good,g-6bc9099b06cc110e,discovery,befd5ed416644ce5e45158b5c0cc639c413708c98a208641e71d60d0d0297c02
3081,Agreeableness,good,g-e1792e2f6e8791ed,discovery,72dcd8ecb29c57dba67269dc2164c211c4e67e6fb20565b1414d05343bb24d8b
3082,Agreeableness,good,g-07c6ee1246466d28,test,4f24d0cc984399ae79773517aa46e914f69af478cfdc7938c25f1a44a757d583
3083,Agreeableness,good,g-490807c7f0caa19c,discovery,abcb94f83a86876d01d4b90d2db35b2593ee5c64d64209ffc3d314d88338a9d4
3084,Agreeableness,good,g-b91ed564fda30075,test,c7904d6e3f247929cdf064fadfc2f8b3d0541de2ccc5dec9d9a543d89face0de
3085,Agreeableness,good,g-acb70d0561511eb9,test,008eb23c286c3d18e6be629664d18623ed4e6afcc6f197ff1b666a9b244e89a6
3086,Agreeableness,good,g-b944693826006b9b,discovery,03ccce7d8cce8bb767f0fe2290489b496d99c8692c4aa7fc7e16466e992da5d5
3087,Agreeableness,good,g-91fc6ab423bb9ab7,discovery,75980c3157ef8b91271ea3f19bbf8de314e1fea879f00efd958b859484cef8ba
3088,Agreeableness,good,g-260ddceee5944a1f,test,9c2460f349ca982283409b32d3936b83c2cdf2d8fa464f7118c86df279391c49
3089,Agreeableness,good,g-f6593a930ce51e83,validation,4ae2dfd0afa6f5620b3fc2e19b6fbfc51e502e6aedb0625ecda9b149d7eab84f
3090,Agreeableness,good,g-c3e76bd1c059be84,validation,4dcde26be52bb3c9a0c90939e20c676348cbe657bd4cb283e75a764691e46d55
3091,Agreeableness,good,g-44763d15ab26c7b6,discovery,6876af8a0a2a3e92c40cc22b9d113173556dbf1fb12aa0cf7cc6eb4853e280c3
3092,Agreeableness,good,g-4dad5224bd1f58e5,discovery,32a1f143cca13b29b3bd10f3b8608a76a370146f92f54e75f1520f7ef8f14ad5
3093,Agreeableness,good,g-bd36d0316c989a74,discovery,17e7adc1ffb539ddfc318240431ede5ff2e43ffdbf5147c1aff61de13810d289
3094,Agreeableness,good,g-0f6a86fb525a30fc,validation,b71251d071b2ed868b2256f757f04c4c9e1c459912628bc1315dede9ede64fa0
3095,Agreeableness,good,g-039c184bfff66638,test,7c455ebb4374c2cc39f1d70f73c68f8619fd8d7e9cbcf5f27efd93882555d8e9
3096,Agreeableness,good,g-280ce2a39c8d918a,test,5db086b79224acf8bf03de031938c05444ba1073308d96058535152a5750cadc
3097,Agreeableness,good,g-340d8f7e09b1c4ec,discovery,aace7da9daee5a9a3d27ac98c29f856f3e639041d2fc4c473e410ed6b8e94d7c
3098,Agreeableness,good,g-61f1890d1addd6f3,validation,74d66bcff843afcb41297521da1d021b634242293d2c284a2e7e923e32338684
3099,Agreeableness,good,g-6259a4403e978f37,discovery,9728a9d9e80f1662f04c8550da98a42c0b86b5277ecedcf81323f160f6f4c85a
3100,Agreeableness,good,g-6cf847e78590a5cd,validation,3e24578348dbabd3246523520b950294003f7bbb4676e972706569b937b10de6
3101,Agreeableness,good,g-2197bc453cc42f31,discovery,e9fb86bf9bcdc7b18c857392c6fa2f8529cc8b14fe653ac953043014b226158c
3102,Agreeableness,good,g-8a6c25129b69ac96,discovery,43be0d850268c29a4f37d49edf91d0bcaf3127afb02f6f1499048fe66e67bd5f
3103,Agreeableness,good,g-f77dafb0b996ec05,validation,e8010b6b6b4269c62ae67ca409278e5827996e2fe38a3a03e0f725baf660105d
3104,Agreeableness,good,g-8eec27a5d42e1361,discovery,c1b208748a17eec344e1f7d77d34c55ff98d7602af9c15e942778229354888d4
3105,Agreeableness,good,g-057bf27262331aca,discovery,8c798bf628629aa135ce8e5304de1a659e7ef76fd871d10ad999a547f4a5e8b2
3106,Agreeableness,good,g-d03efbb780a3be57,discovery,ba4fc930d71dacfc3aab493195dad9c89e91be23bf5b04b06e3ae805dee4a1d1
3107,Agreeableness,good,g-34d56d6a6932dd07,discovery,d8cbd82672dfd09b47567cf285ba3cb91ee885f33d6584403272ad6a109671c9
3108,Agreeableness,good,g-2b8dfdef6254f758,test,4f8ec9fb2134219dfbe0a249113df69027faf3d066fbbde6b08a30355d18d4f2
3109,Agreeableness,good,g-1ac850aa6df9b698,discovery,a111cd4e8483c7655bf6259098def857af6edaf2a06b06c729ae9c3382f17a5d
3110,Agreeableness,good,g-0f646fd45b19cb0d,discovery,b52c3d6ecf768f74291cef82db248ae69b1c880741194e83954ee6deba2cea10
3111,Agreeableness,good,g-6c4473a6010a3b4c,discovery,4c28d58ed204a47d6ad6a8e855d15c29c2bfe07e2127879bc9ee145fe0ad9ae9
3112,Agreeableness,good,g-138ca8184731396c,validation,2a4bb1f6bddc3d18c96f74659a71971b1dcb0a6c58f0ae3101181eba805e214d
3113,Agreeableness,good,g-ad671d0330f3a481,discovery,f22beb445f0a546a2c5a2a9af936f40ddb6f160241e1d3575cb003b41eb78b63
3114,Agreeableness,good,g-43908d83210442bc,validation,387847243aabd60cf084581b31e72e38a3cc65f7dcb97f3ec2de96d716c2bba4
3115,Agreeableness,good,g-8d037d30a48c9e14,discovery,5ac5db87472d6d503f4de13efae63c85a3883f2f933e252f3428d6440ff912aa
3116,Agreeableness,good,g-3c0ba859c1c5f3e9,discovery,ad6b9fda791ff6a53c72ed1297c041c472b9d7eca1c007041ff0dd89f4d7eeeb
3117,Agreeableness,good,g-573c90afbb6c6cad,discovery,3615d88d7cb8ea02fa8331c3c091897841a6a5a94918907ed73aec90f21bb439
3118,Agreeableness,good,g-3572f81d8f22a1c8,test,3bbd2e1f686f54dec26c0247b6c5b21127244262fd50d37ee3f06d92ef3f6940
3119,Agreeableness,good,g-b9b010b91bfb59d2,discovery,c4ee8c7951ef4abee692a2f47953fa1a7011fc1a74bad7286cc1cb07be180264
3120,Agreeableness,good,g-875f4b8bec38781b,discovery,6cb2f21551e165fb65b3ee46c77da24b7bcb11da623668e1aa1855112e5b07c2
3121,Agreeableness,good,g-5344e9b045200352,discovery,e5a9926018333fb38059c5419781fdb17b54ca072976ed82548c499facc4c379
3122,Agreeableness,good,g-7ef765dabff18382,discovery,c592180863891df2098eb9289f3055dd07092f7919df49bb738b90468924c54d
3123,Agreeableness,good,g-30233a4fe4e37d88,discovery,ea5c6bc040b46b0381dff8f29b7b6f58dcd8212dc61da0375822b43e8d4a5caa
3124,Agreeableness,good,g-4658257b0d055305,validation,0957f39646e403b5c543531b1d40f0f60ee8245b4db5294a8e50af852bf0929a
3125,Agreeableness,good,g-f19e4464b9a245b0,discovery,0f08075c4d4166ab5a76f9c04d251387f81b1cdbcc2db0a01e7dc8309e23d7b7
3126,Agreeableness,good,g-30f8a41476edab05,discovery,48798a8c07a6ac33cfaf465b7e613248aa9253ce5bccfd458d42f9c31569529b
3127,Agreeableness,good,g-1b89ae8dbdcbed77,test,2e59225f7ee012e5370f67ee0aba09ccfe2be88a0b7e3caa9f0668818e682ead
3128,Agreeableness,good,g-0c67fd2e67c6842e,discovery,5040a223cbfe3bdd0ee78f00faf5056bdc76f39a45c79bddccdd543d7e938451
3129,Agreeableness,good,g-51209ca124fd3204,validation,cc600357f512afb6825de20887f67b04477d3012c4f9de2c6e86e1323f42032a
3130,Agreeableness,good,g-b014d1f672a08a5b,validation,d52f7b0b07175da9c6d1561558901d7fd3e4fc2b4a673e1a1769b905f8d74ca2
3131,Agreeableness,good,g-148f441744dbfcc7,validation,0b81f1cca2b984e9834e44173b6b37d22f1929f899a9c5f0417917af44b89f81
3132,Agreeableness,good,g-4b78b7cc0d0346fe,discovery,10523be1a41920575b47f49426e08a972b3a9cc1eac00b0a37fef934dd614933
3133,Agreeableness,good,g-5a211cab6c2cb851,discovery,e1c7f0cd0c6d6eca80f3eca2819bd793917462db8aa70fbc01d7f87e022a4c1b
3134,Agreeableness,good,g-a3cc626d6f45bd50,discovery,baffc8fa125e28f8d09aa02d1760f34c679d7497d779afdebf549761958e4adc
3135,Agreeableness,good,g-7a6f9d95feeba944,test,40b1c8b2616fdf061436b7374a361bd53fe1545537bd56c57692504b21ddd08d
3136,Agreeableness,good,g-2a41753f85713832,validation,3c42bc79d489f8947d1252ed51dbe0642525451d904d7efc1884a243228f5434
3137,Agreeableness,good,g-b6d7bd93cbbf937a,test,d0734589e97300da833663f395db393ba05be04f2e1fa5c4dc4220215b0184ab
3138,Agreeableness,good,g-e786e092bd9aa838,discovery,e815c9bc83986cef62694f57bcfb15b659c5a5843a9acb383d2bde39a4503763
3139,Agreeableness,good,g-aafd04f307937ef1,discovery,4995df9ff02c79158658539dc82e0195f5b4f6cc5ccc73ceb520ed94c4f15e40
3140,Agreeableness,good,g-88a45c7c07317299,validation,fecfca1cd028f165a700aefdcc03873631da8b8f700d8cf4f444c3619e21d392
3141,Agreeableness,good,g-03882131ffb9fa59,discovery,c3e948345b6355e5467c97c965cdd433205bf3d8c48ca3bfd6557f053be70e0e
3142,Agreeableness,good,g-c33c121e50022659,discovery,85ac3cfd15c03517b16e3c59b1048236d4a38e43c27f3f001e8020278dd506d8
3143,Agreeableness,good,g-3fc845e62956aa5c,discovery,704baa9042ff8b88d6e39ab0604df385bcc80abac8c5a73d6ede0b7bc2aa3732
3144,Agreeableness,good,g-2ced36f95330d4f7,discovery,26c8eb93842231216001f2fab5ec4a2e7dff836ad13279e5332f0d2f0c01b333
3145,Agreeableness,good,g-9b6d44b0b43de6db,discovery,ffc4241105269a347c46648a0a5b7bc8671709b3c96b3e4b269df409d4e87328
3146,Agreeableness,good,g-ba61130d7b05b19a,validation,f09a7034af05c2f399264cccfddc7b166d77be7ed39132fe4f74c7a18c72b2aa
3147,Agreeableness,good,g-28580ca5eedc4f48,discovery,684352e576c663fb15ec20bc4d10065e0d6b44ffee91cab9e05f109bbf8d7b1d
3148,Agreeableness,good,g-a1b63cd81f9aa05d,discovery,bbf21992e6ac49e07b66bd7fd5648348ed5e155ac007e8be1fcd5839ab9c7b47
3149,Agreeableness,good,g-49c49f041130a393,validation,4e8b54649b78d908dbd7511bda16360e77724473a50fd8497b1927c5f14c84cc
3150,Agreeableness,good,g-97d6527cc3765684,discovery,4861fff42eb7d780940d5a3640708d3144c7f813ad44f21c253b5aae63b9e4a1
3151,Agreeableness,good,g-65cb3a7471e465aa,discovery,7ba622f23fa5c2fc924a42449cfc3b556bd7da8de5bce4dd0a3daadb4364c15b
3152,Agreeableness,good,g-c6233cc501e7bbeb,discovery,b31cec9198d3306e9e900d636ba86d000d9a0ae7f743938b79b51d40751e1b49
3153,Agreeableness,good,g-03030c91c501d1c4,discovery,e4cc6667b9a36bde94dd7babffcf6542018969badc7a9b99b132bce7474367e7
3154,Agreeableness,good,g-ca700a847ca22849,test,1f50d8f12f102b28e78abdf74f7841208ca5df7cce1e9cb367d439c0c852c18e
3155,Agreeableness,good,g-1a05a193b7245896,validation,e20e357a630f545a0c008cbd7093d66b02e71034ec45cff126f8374ab6e7eb64
3156,Agreeableness,good,g-410607d9de588431,discovery,560ccf726d82dda41e89ee90a92b7b297fff7d473a9e9b7a6750156f74295a1b
3157,Agreeableness,good,g-c81ac6d7c8eaa92c,test,51abd07f498adf3b3fb8b92eb9383f917765cfe90e83f1a70367db697de789b4
3158,Agreeableness,good,g-c4492b3e66897fab,discovery,126890993336c9bbfa7ae28d798fdee840855b54dfe99ab34a74161a15c56094
3159,Agreeableness,good,g-145bd4033f3bf141,discovery,b846ff18561ac835de111affcbe95632caabc1f8e7bc0e5c269cb2989d0d5264
3160,Agreeableness,good,g-e08f8743e344b706,validation,0b825fecb13ed5915507610d946c90b6edd687843fc16e8bfbc2d02f5b0972e1
3161,Agreeableness,good,g-76d4b32f23cb9a97,discovery,8ad5f04206abc04f956aabc53a02f491502c302827dca2f55aff7b18ca956b73
3162,Agreeableness,good,g-6e7b23cce190bc2d,discovery,95734fa4df28a3243eb506671247995ec0b6989ee5e1aac97347d83191e251d5
3163,Agreeableness,good,g-0dfe7d3d20224407,validation,7a99b88ad948cce89156cca755d100f0d54682e6b597770aba6ea46b639425e4
3164,Agreeableness,good,g-e8c097b8dfca8e44,discovery,9a9a91ff080915bc760e7ab7948a26afcb2c11cb0d8e0fada6de08def0b86423
3165,Agreeableness,good,g-789b670eb84464d8,test,1369c937881d94d4117c19370ecb7902e27f9dd9f0a0b5be38a18d6d96388aa3
3166,Agreeableness,good,g-224f5e4c40e6733b,test,c2e07a35395394567fa28c17d307a05302b119b74daf571461ad296522782774
3167,Agreeableness,good,g-919abbafe7300ff6,test,f2798afdb50143a9455facb95a4cd6e981abd4c7bf1cccb2c685582c1d52e3f4
3168,Agreeableness,good,g-3d2976073fc879f6,discovery,c8322f8c9dd96b4466d9cfb2151b968525ef0eefed2e0325b472d9314769cd61
3169,Agreeableness,good,g-a43d34ced29fa473,test,1926c92c8091febdce44a984f41e0ade71dc33a985c3961e95f396e5a3d9bba8
3170,Agreeableness,good,g-94d74563dbd5149f,discovery,fd9482801b7f51443f542da59f3905ef632341fc8e612700aee2524f9c699632
3171,Agreeableness,good,g-8d8f5c551dc5f860,validation,1ef28a660fac9ffeaee96e88ae8691c09ba9e3f15ef891de163ccdff26e05a2f
3172,Agreeableness,good,g-f68e78608a47e792,test,c4b93731e9ed5a47a9883094a6cd34ec18e83a4afa9d51daa8a2aa123770e536
3173,Agreeableness,good,g-370021692088542e,discovery,b596dcd9de2ba4171b0d9e80a2862d62b28ec9b89a886debe6d22e6e816b9f17
3174,Agreeableness,good,g-50ce2caa7a1945eb,discovery,777676055275a90f694794c4245c465336900a043bbb9e1a7ca18ecffcf6146f
3175,Agreeableness,good,g-44588acb5ca92b76,discovery,8c8b1b7939bf6e98503bd0b6bbb7cbe17710be9afe2b8b77db584e159924e648
3176,Agreeableness,good,g-2b624f63a42c3f29,discovery,f2b67a6ff9083f9ea195a0c96f9356c141ef3b57664a2fcb70141f071754840a
3177,Agreeableness,good,g-93844a7caa1fbf7f,test,e96c2706aea1c0062214bac487c1ce77c95f3b423139b2db6484bade6c5a103a
3178,Agreeableness,good,g-a2f298e110c461a1,discovery,76e979598e24b2aa00b9ca61ad2d13827b6997fcc628b866238177439629ed14
3179,Agreeableness,good,g-ba467855b0b3ccc0,discovery,fea0b1e2958e2235bf32ea64b40f99a4e3b374c86ce985e5eb19ec8b948011ae
3180,Agreeableness,good,g-e4f7f3a520230de4,discovery,9ea6808257da57925289471122e2ebc9b6e4607051bbdaaf6236ba068d270afe
3181,Agreeableness,good,g-513568a33433630f,discovery,ebf3353fd760abe40b48949b7101fa23b10cf148a00bb8cd8b59ca636e7e0baf
3182,Agreeableness,good,g-368586fa24141bf8,discovery,84e37fdefcee69e6372d7f291e630ca7c5af0cc525ae9e9dfd373a0fd61ff413
3183,Agreeableness,good,g-56438bea43315573,discovery,70d77a554e8c68a03129fb792e425d5b3e30aa9966d5ffe71d6d731e26552825
3184,Agreeableness,good,g-0aa20692576f32a9,discovery,2cbb281cff937c2c0172b1f98102981923e47e8f06f35eed8d2f6aef7219c1c1
3185,Agreeableness,good,g-97baadfdea22395a,discovery,2d97e5aa3137fc972e5f16ea9fb4eebecadffdb77a09cc14bf86e590f1f33b08
3186,Agreeableness,good,g-eee22b81f083ba06,test,9b09b300038173769bd7ca837e1483fee4aed4733734602ec13130018915386b
3187,Agreeableness,good,g-9772eb2b9fbffb6c,test,461990aaf8917356cd0f9d092f2fde2c3be2801293a7dadf773f6e8a624b8fee
3188,Agreeableness,good,g-6baa8c106c72b3ea,validation,85a62a41fa1b62eddd0a9e71d734b6dee5c64ea9e9198fd58f7376057d900ca1
3189,Agreeableness,good,g-e23191cce8b01360,discovery,5bda5bc9927598558fa4ed5cee7f636f05ad6e81d1ae46376a8499f150baab81
3190,Agreeableness,good,g-e545563b49702369,discovery,aad0bd4346f04706e69e3b8740755d1d710c834587ae4c69b748d61d38876d96
3191,Agreeableness,good,g-598a368849023e02,test,953baff44d017c43da7e0d9abbac4da1424ef31afa88816441adb43f495a63ba
3192,Agreeableness,good,g-3dc6573bfbf3c998,discovery,84facfaa786b43b20e5a07b48b5cf04641e873a4c73b0f54fc3e30b0857139f6
3193,Agreeableness,good,g-2fc84011d78dde6d,discovery,9a8b51b25449211797c2157940b1e9ace05e8071971a9cac87b9f8a69c9d3343
3194,Agreeableness,good,g-aac647a4977fe3ec,validation,27934d0b7d1534ff614f38e93eb3ee2426dc35d4432ea61b9d7a0035f8b05944
3195,Agreeableness,good,g-f6823693101d63f9,validation,3db237a09e1008c2cc425ce322ac0fc533b6e1b1bd7f78343023e92b3d084ac7
3196,Agreeableness,good,g-fac6b53cb1d57486,discovery,08990a68b7d39c9876cbe5b7be789608a6a441233044263306eac08c94e8e125
3197,Agreeableness,good,g-d63272431eae7b56,discovery,dc61adf2c0948d787ebac9a7608b05b079f252731ddff5196fad379082537dd2
3198,Agreeableness,good,g-925e536103a4950f,discovery,f241c6b187bfa09f7c18aba16d6bf5dbdec1a17c38c06e606d543116495e2f97
3199,Agreeableness,good,g-87cae2e6928b449c,test,1c5e060df96c1d2346b545792c7cf0124d170ab1c11c4300a32d5edca2644a85
3200,Agreeableness,good,g-1512e194ed092086,discovery,34bf89eae6db3ffb5f5b59e902b0f39a404fa62764f3c67010e56d3fc7daae32
3201,Agreeableness,good,g-2405f93a0996bac8,test,4421537af3595c795bfc3bebab65287da36704c966e326af6bfe88d7b7bc5ccd
3202,Agreeableness,good,g-dc8c8e83e2e93726,discovery,d89672771dacb7e65448b74918e0194f9087906dd3ee1683e6305a8126fd05a4
3203,Agreeableness,good,g-d77149d338b531a4,test,11e9e5a3d6f5be4b7f39d0819b84bdfbbd668f31e92cf91909505a39f8f6cca7
3204,Agreeableness,good,g-8560baee362ad450,discovery,2895a0bb671ff731d92682d439c73043da19a187f64a29cff8b14452f4e03407
3205,Agreeableness,good,g-1017702aec77fe4d,test,86a73c28265b06bff8308840e57ad2bd6c861a55e8af429e84e58b2535b539d2
3206,Agreeableness,good,g-7c3b0e31ded99a99,discovery,8f0687696ad207da577db00daa4449c09415d973e2f46e9305bbd3fc760d09a3
3207,Agreeableness,good,g-ba0942eabad2b03e,test,b31318d70e35625464947da281d7609f64638b9ac78eaf4b9e01f49885dc39f5
3208,Agreeableness,good,g-47021de47d7d4b71,discovery,e3a2548e9159996eeed59eb8e5f5c8ddb70e5483db089cc6c7e3b09ec72b96cb
3209,Agreeableness,good,g-635969ab50690a62,test,0a859a1c7b857d14a979431fd74d014e93bc63e391b8dd8d89009fb3b150c20c
3210,Agreeableness,good,g-3a8ddf8391b0b14e,discovery,719517bf6df087d681d857d7032de6078f2a345906d007d8284a5764c3260111
3211,Agreeableness,good,g-8080dcf2099f441b,discovery,f3b171e295f77da1291e974c11ab2293cd48e3473e91ceea6303057104f4863e
3212,Agreeableness,good,g-f45c91416275220d,validation,69a5a91b7c3a29bcd8ede8de8ba825784a0b2a5e221d70ee567ba70bd4b6125e
3213,Agreeableness,good,g-130f5b17e0470747,discovery,b75b4e99b3ea859a4772a9b835b60224a7f98752c964ba47c32498b1b88e9c79
3214,Agreeableness,good,g-925c54f51d6e93fa,validation,74c2c3913080ae88d56c610e3cfe2b27b2e096e48bf7956dfcc0a09881d8f412
3215,Agreeableness,good,g-1aa273cf63347462,test,a47700de5de9c5e573410fc174d5a54a54503b8a53029366757b94ee5395e771
3216,Agreeableness,good,g-69efa73b6f5a7fbd,validation,c2ebd0b90609dd154507ef4a55d2c4bd657685b512e98a33cae4226168c68862
3217,Agreeableness,good,g-7ef42aedddf61a29,discovery,793f88bcab8473bda36f4c22a6a7891c94a18d7ba80aaec40b697912bd7cde80
3218,Agreeableness,good,g-1a5cc71f73ffe480,validation,85e5f0f81a47385a383a119983b5476baca6ed5ede4890996646789e3da78d27
3219,Agreeableness,good,g-a2abb3970106c8d1,discovery,0ad32c88dc3f773d900ba7ee5cd392c9e14eba7a4fd102e517c5047b68b26d14
3220,Agreeableness,good,g-48df4e7fb0e8861c,validation,c12c8aafd7522f6b5993384be6c76c142b474851dd49ae67dbe8d2cf3387f6c7
3221,Agreeableness,good,g-825dd81a4e78e1e6,test,9df5b844cdc2fc7d08f9587002e4716b2bf4ec3077593ae2187719f837f4c55e
3222,Agreeableness,good,g-e36a430224975093,discovery,ddd2f26ddbb7d488bdedd7268d84a5353896eadf1ba4e848b7f9924aa535f9c0
3223,Agreeableness,good,g-d29db5e16ce1367b,discovery,9c1cf1f885f82cbd6026df471458f10ca7d71445a9fad24fcef70ae312a2da27
3224,Agreeableness,good,g-5f3bfd0719d8bafc,validation,65b1a48eeabde4ba255d93b2d0ee499dcafcd4ea0ffc81184dc24cff9d1fb406
3225,Agreeableness,good,g-528d8ede46ad1071,discovery,e0c96d1326ecf4bb4ecbcbd80219878ab948110bfc0c795179df53235b1f533d
3226,Agreeableness,good,g-0820ec689db74518,validation,f4a34269efcc9a3634d20cb673d5f9e552aa33d6b34ae0cc59f5a2583ed63f41
3227,Agreeableness,good,g-3b49232255a29c04,validation,fe8da2e669d1ebd7fe1b90c03de0b165d3487b0a1cc78dd364008335d2d3952e
3228,Agreeableness,good,g-5e88ffe2e70eddba,discovery,0c675baf5240bc292c489313b978dc72d7d4bfca4724492eda9bb39aa7b5819a
3229,Agreeableness,good,g-a0169e12fd59b8d6,discovery,95fc77d4f054684503e55a7eee8ddc4a01ffec6406f723dcf7540592cf260d3d
3230,Agreeableness,good,g-043e341e4ffd906f,discovery,f5905093c54b50ca1df5f35548b291eff7a3f8598306d75bde9f0cdf9f51b603
3231,Agreeableness,good,g-849e8ddbf73c1f66,discovery,dd9f24653531d7509e7bd8ca809a3d11f8b8d9bb9ffb75296d6f3cfeae277658
3232,Agreeableness,good,g-b814a530fa2f4fb3,test,1315e41d5407e070006aab5d2536ad662e8f12ed2794806ed90bf0941e866468
3233,Agreeableness,good,g-eec7413f56843fab,discovery,738d2fdde825f7647a631706cfe0593f9b4195fb2a18b7102f6dd07f8ea9449e
3234,Agreeableness,good,g-ceeed9f67a23c938,discovery,bd8362d4000adb036207598e5fc0c1f6f250e647b130ed61a481b6b0e244e09c
3235,Agreeableness,good,g-26a1c00b2bf0d3f8,validation,b06e9675550dff9c320a869f4726c6e31e78dc489f0b465835fe4d7ab4648929
3236,Agreeableness,good,g-983d73275f9784d5,validation,434df57c2aa692663075615f8c175496415dc683287f3fb20ace210422a343d7
3237,Agreeableness,good,g-a6658d77addb2cbe,discovery,5dd17ea210d4671b9c96e54b27fbea368926923a654eee9608fc5752448fa3a7
3238,Agreeableness,good,g-3d69f75859a3a4e9,discovery,100eefcfaced59265119e290b6389bea8de90186da3118d2fc97295376d7769d
3239,Agreeableness,good,g-7678225f7a367360,discovery,e980ee4aea4db33e5f3003697780259739d9776facff5d0aec752b78288d6b3c
3240,Agreeableness,good,g-cbb1ba4a48f183df,discovery,b6567d74cc8bb924cfcc56204fe6f4f87f3c1a41544838fd56526312ded2af56
3241,Agreeableness,good,g-b22b203130c5192a,test,a6dee709ac74bac4f9c29a7600e86da611e9266a8deba0d083f4888ed58a0a70
3242,Agreeableness,good,g-ce7b212877e33850,test,26863b9b1842ed50e2233b9b1b85228a29825a95f28bcbc61cb95790e4d22262
3243,Agreeableness,good,g-daa5b8bc7662aeac,discovery,66286d6b2532b68da882525a00f24a239de9f2b9c0169c6041396c688338de4e
3244,Agreeableness,good,g-eb5de69952df9515,discovery,8bdbc68638cc364844372934eff5af1d2462f2324a91ec54b2c0adc3d250121b
3245,Agreeableness,good,g-314f3a13aa19b9c4,discovery,7660dfb17d19385c16ca4e67fe12a15e5a5763813faa7e8f7781a5316be5f1a8
3246,Agreeableness,good,g-cebb7890da0c9c73,test,e10debbbe4b31f22b6dfb00479fa8fadaff62100e29cdf20486fee2b93717586
3247,Agreeableness,good,g-63e2389bec5bcb04,discovery,94c48542c6f896b1624866ca3e0ad5be5647dbdf076ef4722875d102cae00664
3248,Agreeableness,good,g-8dcde72572409091,validation,534d906899179ab5c8cb7b4cec54239d3415b6d9ef7df822b5bfeacffc51516a
3249,Agreeableness,good,g-dadce427f41255ee,validation,f36823f513ec6f1ab325fe80f843262f2ffa4d407bf71ee6c179e7d2180b0ff8
3250,Agreeableness,good,g-b8f5dc56167395d1,test,a4a6647e84ccfeac2cd830fb333d326182076b08e83535c247673f8d33e42911
3251,Agreeableness,good,g-9b812d75114bd477,discovery,ba54cf4fca350e62396b91bd48b41b0d9edb984bec862d03d8701141bd4eb618
3252,Agreeableness,good,g-c1ca67154b9ef0dd,discovery,2e244d4f472903aa04b6c71196c3d2840fce8a08b02055c0c980960fc018cebe
3253,Agreeableness,good,g-237657451ae92d23,validation,8448f5f43e9926c9210cfb5e91760908bc8849f18e0a98d4989dcef77f4f2f68
3254,Agreeableness,good,g-95b7148e99622eea,validation,38b2e7df4b1d24bdf76d9f66d71b103c6df245354ecff8ee86fd14c87fa8c32e
3255,Agreeableness,good,g-9260648da1ee56a5,validation,b61835641a171884edca95def1b5eb7e7f76b554e3fd6f3e9e7e01ad3d599619
3256,Agreeableness,good,g-662d972d3642faee,discovery,d4b2689cab461a81b5f21fefdf61cbac56024ad5c25416cb31bfa68d15aa0509
3257,Agreeableness,good,g-3c80663a43557a8e,discovery,f1ebde8251aa079912ae84c3c66087eab2ee2eb1bc4210132737df2bcd02a2f4
3258,Agreeableness,good,g-e6024f8f6e6e7224,discovery,1e2c823b8cf3c73eb5e523835a629f7f701dd79f774bac19e5e7d772b6d5d805
3259,Agreeableness,good,g-813174e38b6e0f37,discovery,b45f3a90b98e92869a943f838c414e72e5f1f7b25d5304ffe5d89e19038379f7
3260,Agreeableness,good,g-89d0556dbb091357,discovery,0be04a2cbc67c54bf021711b7f8921dcfc9bc5733b64d1b09b863add8974a95f
3261,Agreeableness,good,g-55c65af7bf5bf2f5,discovery,3554fd91c2ea407cf72d831126851cd03ce7c3d3f038c8ea53649e560499322b
3262,Agreeableness,good,g-634d53a0c09872bb,discovery,83d13260c8140f968a16ae7563ea6ab9407844bac6b177d5c7976be8a3cf924b
3263,Agreeableness,good,g-65fc40773b265b45,test,e602582c32502784fadd662c672af5a7d827e67e8aac3ad3fb2585357bcc7cc6
3264,Agreeableness,good,g-a6e03b0e45587428,validation,821fb6d56adb9fc108f766b85fe3c0146170a7271453294653f586a4e75778a8
3265,Agreeableness,good,g-8d679bc0fcab565c,validation,4057cfec1ad356647d6dece608bee0c52d9752c9e07406d87b6bc52931bff66f
3266,Agreeableness,good,g-72bedc5286df3195,discovery,ab8f08481c6d71b48fcc2fb406b6cb4d8d0b70c02c94a9a867dd38c6bb4cbb1a
3267,Agreeableness,good,g-2801af3109b4eba0,discovery,d4ff8041b3dbaf1f18b637cff3f1cd692768c99287ac27230153ef735fe023b0
3268,Agreeableness,good,g-9b485d7f2992ff82,discovery,5ef3a7c283bc9fad7e5a9895683ff0df626395de03f22bc0b7652e6f2234bd13
3269,Agreeableness,good,g-20c943962c17dd72,validation,c908b9e410bcf8a29fd7a762a7eb14fb3d5bbf40afb2ebba9e8db6ea00e1604e
3270,Agreeableness,good,g-c50676334ed094b5,discovery,dd0cb937eff0787ed9961d1b318ff9814a7494c1a5ec5baae5f6256b1441465f
3271,Agreeableness,good,g-cc4399c7e1fe9bed,discovery,7ec854489f702e43b25f0e166aa83b22ce36b37ae737157fe9c1aa0e2054c5a3
3272,Agreeableness,good,g-b4669bbc2af75d34,discovery,35ec666db7fd8927fe1be2fdae8b871e2995ceb4512fa2a3873c6141ce183b8f
3273,Agreeableness,good,g-6b0f3b31667aa0f2,discovery,5eb1e42d2db0aeeb8bedf153c064f57b4246a81ee2f736aced6ca31d104b1955
3274,Agreeableness,good,g-fcd622f9aac61767,validation,0f757255e3cc3dda8c61e63cbeee4d78d49a424849f3430f4c1cc8bf4fe616c9
3275,Agreeableness,good,g-0f89bf59361479ed,discovery,71d01e316120ad88445617f9b3e7e233b1e78e03614e3096bd1b543cee5e98d6
3276,Agreeableness,good,g-8ad6f154fa7b3a9a,discovery,b49b10ad18603eefeaf5c9c1bad32cb6a60c59d232b21d44d2920bca2dbe97b3
3277,Agreeableness,good,g-1b279683656efbea,discovery,3aa0468e6e486436a4e681f85af966b29d881cddfbfa460da196d6b44f81567a
3278,Agreeableness,good,g-6d941f80f987ccf1,discovery,16688daed639f28b8c9beea413b56aa597ad8f3eeac76d158d441d332139a5e5
3279,Agreeableness,good,g-ebc495a79b148136,validation,f9086d401fd84e079ef21cee3897e598ecd65be0514427164117d8ba23688bea
3280,Agreeableness,good,g-419e63f08aa0e25f,discovery,d1b3fea7b67d89e4975b6eb6ee9fd1e29f3134f888a83b74e3fd6b46c20b38f8
3281,Agreeableness,good,g-e4e60e0684fe218c,test,b554bea7814b6ad0c233674956c4ea4a4e24c3e5c19e7b376f60447cc5f573dc
3282,Agreeableness,good,g-6e33638fd41d8e65,discovery,4e0a39af4906ea53c036d782d79418f2834476f85c7aee35c1209074ce30ac96
3283,Agreeableness,good,g-f8d371c95d437c01,discovery,a4da87d24b2f561e57cfe3a0995f3b931c87fb1256013df5290198d96a4c4bd4
3284,Agreeableness,good,g-61405b7fff7fc627,discovery,fc61ad48f7eb0f627fa0d7fd179a31042b0d7d8ba9f4fdb715b1a5a6f11dd574
3285,Agreeableness,good,g-0e2fd279f9129c2e,discovery,7fd6ee68c3d67991cb9a4f430162f3460e778cd9561f26faf3ed78d70ed19791
3286,Agreeableness,good,g-3bc7c08abf51ca81,validation,d346099e1076c85f5b1768685dbb9d7f202c720c9931993a00e28d02e1b656a2
3287,Agreeableness,good,g-125cc57fe6f8e5be,discovery,83f18c496af2a1ed5264a65c8e653c0a201ec48b8848fb71ed7c970a894a2673
3288,Agreeableness,good,g-899bf43d24d79b73,test,6c413e42a6531e83c22c634fc64549b2a54b7007fc46c207f6c29c9137060992
3289,Agreeableness,good,g-914d1c8af3647b1c,test,dd0a94acffce66ffdb8d8f0b780790235efc92c8471d8eadd16bad37dbb94a45
3290,Agreeableness,good,g-10b907a675866c44,discovery,43f0c25108734ef56099a6ab9bb56bc9a0abeed962de8201094b17f0632c7ddb
3291,Agreeableness,good,g-e1009f5f4c3dff38,discovery,2e029b86805aa71ee324d96f729364e79b4e49b45656845f6bedcf29348272c5
3292,Agreeableness,good,g-e5dd5621c305c676,discovery,5bc8388ae0d91ee930599744a0eb92977cfca9a08c83b272b2b838a9f88f6dc9
3293,Agreeableness,good,g-1afb1065e3a44152,discovery,8877a0b08d10b722c58e8bd81afea208742079a29fc870a036de9d117d7b07ce
3294,Agreeableness,good,g-f01c2334d6a46175,discovery,f5e266fdc2492721f999eec8c189dba0d649d6cfb50c7caee3e072246c44d4c2
3295,Agreeableness,good,g-9c30e3d029c807d2,discovery,1f8f6309f7f35b46448c3c52f80707d583dabdcdf8491a5b8ee3c05f943429b7
3296,Agreeableness,good,g-427b0a9f1799fb08,discovery,1c0fafe32a8baa67af744a82015236f531688fa853c5d42a9419810b3a993346
3297,Agreeableness,good,g-71fcb78730f12f9c,discovery,68ee1b34738bc624509a44f04f00bf9b0459c7d37b968821c98c124927c6648e
3298,Agreeableness,good,g-7129d7ebc033ec95,discovery,9f4234e09e6406f2bab689ec5076b3ad114a76be86d700b3e751d2f45c8fb42e
3299,Agreeableness,good,g-b05f25dbedcc7f51,validation,7fb664efa3214a090d5ae3fe417ae86f22432ba9be15470bf8196b6711b529c9
3300,Agreeableness,good,g-4a1aa172c2469ca9,discovery,685ee47d4093207dde2d7ca4ff3e4fb5385f204b70ca494c599cc84c3d4a793b
3301,Agreeableness,good,g-38bcffd7f2d5bd4a,discovery,44ae5140e0ee78bc40e1d9079e205dc60c626a834edd5ee13a78f8641877ee95
3302,Agreeableness,good,g-f9d3f9ffb9a77741,test,f182473530b175305aa04415cc69af8861758e4def63cb9d13bb176e2631d551
3303,Agreeableness,good,g-774429c6fe294036,test,7114216172ec3b3619122c108a5c0be73c54c14551faaf88ae87fbcc6d9862a8
3304,Agreeableness,good,g-1319e97072877ae4,discovery,1b7cf97cf6e41acd8988a129986704fc88ad408e3670affc5b138f8ed86ad592
3305,Agreeableness,good,g-dfeff2127b62e04e,discovery,e4a2f6b5ac3a120e62cee5a64416ca650a85f0996a6c36631b1fe7a7591cf48a
3306,Agreeableness,good,g-ac78f01802d47d38,discovery,0d6ac7ae88f587ab1896ba2ac0337858805caa1682dcf283d003a8fdc5dad6ac
3307,Agreeableness,good,g-e89581f1be95d710,discovery,406bf4d9554ff527f5bcd60922e2e876ab03e830a7ca1d7b345ab67c7740f2f7
3308,Agreeableness,good,g-c84d7b2bb2163d98,discovery,8bc39f89356db2267c7cd4095aae9f076ab665df59289a224eb1d75e4679e954
3309,Agreeableness,good,g-e6467bb021dfac1c,test,89c39e5395cdebc644d5af5a7bd008ed55ae012a33ca886210eb8d61de66ad1d
3310,Agreeableness,good,g-66aa860e4c44d0b7,discovery,a4c0af55f35de25daadd9d0247537252125b89a9a934bd95caff482880f879eb
3311,Agreeableness,good,g-620c332df61fce56,discovery,29e3aaaf3e5448e8575be8191b7ca78c4082f27531b11308e8247059ef834d28
3312,Agreeableness,good,g-7eeaa8b3adb7745a,discovery,3a6501ce1fec96eb2fee5d1e89ec8d9c1236b47d0611110d4f3963d879c05707
3313,Agreeableness,good,g-9624abc57fb5f949,discovery,14ce7517fb4c137eed61191d850965f501ef5435b20a0284cae8b9a2e75d3f52
3314,Agreeableness,good,g-4f3995a327fded39,discovery,2338c01bd437e7826e3dd449ac40090779a376bd8df4330dc085138d21a11cca
3315,Agreeableness,good,g-ab98f756c022b3b2,validation,1c04a487bf94ccd9f460acb442ada7c799bf77cc6d7e6a1679ead01ec5907ad4
3316,Agreeableness,good,g-514891652517c569,discovery,4b076ce96d68a445f5e718c6016adaaa5f9194a79f688a6a86ea8d451944f85c
3317,Agreeableness,good,g-7472b4909e4281c8,discovery,0072cda0b44ba69574656517b6cbe352dd0b3c979cd41a00e62894f4c5e7d464
3318,Agreeableness,good,g-8d2c0eeda33965f0,validation,fd1fc3e2a75861bb4b6a2f87832307e0b904b6954101bf99b4ec1c2de7602485
3319,Agreeableness,good,g-bc92635fb38949d1,validation,101a16b5737c2dfc672219fa037d6672b172a4a46fc0010ba2ecde52662d55b3
3320,Agreeableness,good,g-76e2da3e7c07dee5,discovery,82a103e4f52859b1e619df2fd1627ed6c0551b25379400fb2c9afafa13b4e67b
3321,Agreeableness,good,g-bf772881c6349793,discovery,902ef3f76880e488be82278ebeb16ab189f5f0dcc964f9e250fb787021aaa857
3322,Agreeableness,good,g-a32d3b7089786cc5,discovery,6246df05f70c29604e14787fd3d5c95d7e8ff7843513035277205f75cd605d6b
3323,Agreeableness,good,g-66ddf58e710732cb,validation,3ff04d41fa182aa4fcc205123c1d63ec02b7ec2034748a5469b2a96b490146e1
3324,Agreeableness,good,g-288cdd76c2ba64e9,discovery,d5a6e0744b3f52644dda34f5a56f6a22ab1d9122de2ac1ff0ee1e7bf51e1a567
3325,Agreeableness,good,g-2b3632fb37aa7cbf,discovery,6825cd7cb1beddc81292367097d93a16c439f767731e9286f660634eb3c27db2
3326,Agreeableness,good,g-8815dda68f06cd67,test,946f6473e35cb1f761c5af63804bb7ec45b8cf5a49b97d049802d3daba1f8010
3327,Agreeableness,good,g-dfc3f0d1610b58ee,test,73578f9a4d3aed81485e1ae3a75ece0441b75b780e6db3cabbd4f8d575ead08d
3328,Agreeableness,good,g-325b8ad2e2209a1f,validation,c339db0a1509c0d40f3853466497132f60489e924933c141c815b114b2cd2953
3329,Agreeableness,good,g-138721c3ec0217eb,validation,4d4eb0cf13a210de0dc5d380544a6689508472b2a9403f428b828029abb9c159
3330,Agreeableness,good,g-3adebab89b7a302c,discovery,d62e6ee21b321a60273b6187a164f8cafc6d4bd4f2740bdfa4917979693caae7
3331,Agreeableness,good,g-b14cba6cd4fadb8e,discovery,cea2d3dbffd807b92976a8caf64edf82312a6d2315b7ee8cc7db6511eec01ad4
3332,Agreeableness,good,g-81c2ac80acdacc19,test,853ce354391e6606090b0d710f5d95dd48eeace062fbdbef6a596fd780e66898
3333,Agreeableness,good,g-664de3b5b6bd792e,discovery,4d55cff8139da338c3812c3aefb90afce7b6d4f03b64d4844afaf0f500b7d68f
3334,Agreeableness,good,g-8a4ac00c89f64b8d,test,a8c4e24d2c8151f16d1846a3b1cb305234eaa2dc6bf3dbbe604ee8f4605deaa2
3335,Agreeableness,good,g-46e977d67d63bc12,validation,1729df2e9a0285bc7d4e14759bca92150a814dc9e33276433f614e3b576772e8
3336,Agreeableness,good,g-0b1ed162b2b1490b,discovery,4677a3027d49e4e7fab5a56f5269836b7249e95cef75ba6a8b4eaa2e526eb3af
3337,Agreeableness,good,g-eb25c900b7fc4099,discovery,48451a208e8908f9e498d9881f11f4ac8c11aa450751914754161273d3ca43f6
3338,Agreeableness,good,g-95a27faac56b5097,validation,fc8060c65be598e5e184e5102333d555142d50cf1d30c51a0ba3c345283ef3f0
3339,Agreeableness,good,g-5753c00a2a72c84a,discovery,f2aeb92199b41019ae836496b9197b533e04d8d3f4b7dbcdedb54aa69e4e4996
3340,Agreeableness,good,g-7b41eec786d5fb8b,discovery,c1d96f8d5adbaafe0ab1abf05a2e749853250e27ef34ebcec62fb1670c9c1fb3
3341,Agreeableness,good,g-68181671acdd4cbb,validation,b0a3a8a6e3428eb2411624eee4771987d0bd9412393e62b4695c5e5a34e8fe6c
3342,Agreeableness,good,g-7e670b2c0dbdcafa,test,29b83cc6dbe1c7ce943170c1ab9ba6be2840022d28e61895e11780d0b1dc2b87
3343,Agreeableness,good,g-936557e1b34bc73a,test,bf7e52cc77bada67b03d14a5f30504b045d024c686376f937ea3a59ce8c08535
3344,Agreeableness,good,g-2124aad0708d0ec9,validation,29b1cba8332774fa570d21370fc17c93ab5363ae06e5bf1eb8b62a0988a11afe
3345,Agreeableness,good,g-f17a3d34121e3daf,test,01ebe67c1545141a08e4d2c4bb9e6b821bf7c67a5a9ddb9295a2ec883342b55d
3346,Agreeableness,good,g-edec422e237debcf,test,af1b7afe93ff81c26f9687bf9e6efe99fc88a6acd5d1e774f4e5d77e27dd44fb
3347,Agreeableness,good,g-7019dc325f70d984,test,fffc5ae4de27b5e8861d99088f8c0b3fcac26c4d1f123b8743d8dcd1ed57d994
3348,Agreeableness,good,g-b5e3abf8420b7e19,discovery,7b10e37f8e1c3cda2d772b7d4b46148bcfad858ee7c19f5328a0da89ce13e93b
3349,Agreeableness,good,g-e1a209b3f23025dd,discovery,8798b153e881fd731bba6dda3224abd61781f48ea852e7d3741c90be477fdaf7
3350,Agreeableness,good,g-427de765f4cd5a6c,validation,30c5e62858aed099bdb97efa107fe07d269d20535ab236f8938ca8728df5b5dd
3351,Agreeableness,good,g-73bd496ac9ecd3a9,discovery,89b959adf929d1ffcd1e5d59c26f5ecc927633ff0f0636507f704eb1864b330f
3352,Agreeableness,good,g-143dfd32b7027536,discovery,3ed51e50a918a86281b96fab33fbd70a82df374d104baf04c55182e8bbe8971e
3353,Agreeableness,good,g-5b6583dc08f76300,discovery,83ba6f0df6ecdb0cc37d760aea877371ba5ab768bb675c3e42211ec3ae79f4c4
3354,Agreeableness,good,g-ba5313c3ea9332df,test,6008749eef8e93a3bf892bf436623b26c7dca441bf20e7141d1f7543581c43e5
3355,Agreeableness,good,g-ac48c30b6ea6facd,test,fd9b17cb142825efc990233005ebad3b59b7fe505ecbf082962a0e4b048e20d2
3356,Agreeableness,good,g-de7b0a11c4a60ed9,discovery,033ced265a489f120d299d8f5f58c47a1f597d00e4ab82c443206cf7363bfe63
3357,Agreeableness,good,g-9a63ff3451faa0d0,discovery,32496fcb7c1127fac5ec8d2134fdccc4859f7034349d09a14d01af610c2684ee
3358,Agreeableness,good,g-67c9ecc13f0a0126,validation,b28c6057d129f3030e5652c6db0c0b4a0b33ed8bd0486546cc364826243edd3b
3359,Agreeableness,good,g-89c9034b786efc25,discovery,bc995a6d2ff4ae1752afac7a22d3d88e47333fbbf613c891062627248dfb5d53
3360,Agreeableness,good,g-3b4ca46ac8a31728,test,37d0950026db6dd6c308f02c984afc50c7bd5c76716c0aca1226b63c1651fb50
3361,Agreeableness,good,g-4c307527986bc65c,validation,c3cec7a4b22ce4efcf10206e3e3a981eb14e6e6add809cca39d6fb5792ee206a
3362,Agreeableness,good,g-7690c11bf4749bfd,discovery,6c0cc201bebe6018903d2b84764714a69cc31d6b36c0db84a81e276b35b2da10
3363,Agreeableness,good,g-514a083617147a66,discovery,a9409100d8e0d80df888d90e3ff242cc7b77e7de068502d9c2060dffe9d13360
3364,Agreeableness,good,g-161d4878ff2b1478,discovery,e3c8f0f644e45573c5333271fd61ea1d5660634b52ed769e957665b0d9aec628
3365,Agreeableness,good,g-06fbad3cb4766faf,discovery,71f67a31f7f6b3b30c217da9ad6a3a8eb12fa854c65b3eec00c359abb1a84de9
3366,Agreeableness,good,g-85b7da65d36590c9,test,3ca60f3149099bc250df4ff837b1a1c3157f04b0586bd6c60f5a2376ad19086c
3367,Agreeableness,good,g-06bcf865ab413ba2,discovery,fa769e4237f8874139f358e6b182716cb22fa7de2ddf3ba951d41f7e18fd5a74
3368,Agreeableness,good,g-591ba0eb69fba5bb,discovery,f63634e3f670b25498fd08183c6875eaf794e5856fa8910de0a7c5bc24678693
3369,Agreeableness,good,g-a3f04a17f158d40d,discovery,cf44e5c53db4485af3d85b6ef6cdcb2343f2fd3628ade5e8dd80bb62dc7f8376
3370,Agreeableness,good,g-06047a1aa84aa8b0,validation,af670bb643e7d6547e283f8015838080dc8fc3e4d152a2c4a53b02c0eb09c63b
3371,Agreeableness,good,g-f8c7343f1096389a,discovery,323f0d3330e80b509355bae516ffd166c4b2ce489e9468141ee7d4d822f7cd41
3372,Agreeableness,good,g-dce8c923fa8034bc,discovery,c462da6c62b96b2210e21edceb264df6954a764575e24e17fba06a97f30bc074
3373,Agreeableness,good,g-a34a6a730e4bb65f,discovery,2c01e0648a3a92ed8b85dbe1e28df1b0f7682ee99fa1bb67ddf747a97ff57c45
3374,Agreeableness,good,g-5bd5514f290471cf,test,5bb09bdebfee8b6944019db0acf0373e93564eb38c0eaa938a40513b719466e5
3375,Agreeableness,good,g-976cbc4fc484411d,discovery,49fbe600eda1ac6ed0f56e8e903756fe4076dfc985b7ad7adaa50a2b940f90f9
3376,Agreeableness,good,g-6c096a1006fca7be,validation,4eaaf5739541601386877d2cf03122a9952dad86be76a99dd429f11f6c676697
3377,Agreeableness,good,g-00cbc14758015789,discovery,685dd35da5e4e867cc1acac715d4e026d8c5fd0158d15e0e6fdd39094d121b48
3378,Agreeableness,good,g-52c51e2559efcb06,discovery,60f68bc79b69aa6ed43d63a002d930fd015eb37cbc1d6e58c5baf2b41f962700
3379,Agreeableness,good,g-893392dde60fbf28,test,c24d48d02ca1fb6bde9ee2761d619077ee6b6c86f1af2c328a205a237d267b90
3380,Agreeableness,good,g-990c3fa1830689da,test,b3d7facfe5ab45e02079909a06b4c6aaa19611382f483194063d6055858a33e3
3381,Agreeableness,good,g-edf6830a956843b9,discovery,b6fa2ff3a5106c6e3c709ea33c590a7d5c0aa177732017ca0c78097c7ca540e8
3382,Agreeableness,good,g-0a95b59acc36a11a,validation,b3a9fef257b868eec58f040e074778af71e5a6d710e2a00b033f5ad084963779
3383,Agreeableness,good,g-5af6aa95307e955d,discovery,c2f7b7c93854623bd6dc01d7ab501dba532c05f75812f29685d4d09ef90f75b3
3384,Agreeableness,good,g-48a98d6e48dd6115,discovery,8dbf3ec39e00adb4f83d7f043eea38bf8a78f1a1a32cc4c1efb32d5613d308be
3385,Agreeableness,good,g-cd47d761b45a9848,test,fd9cc335f93571428543a70bd2644e581405107258480a01c4c827e7dcf495bf
3386,Agreeableness,good,g-6c646b99f9b49c47,test,2605d6fee0b97c02c4178eed22a69c10bf9ce435b5ff9c0d7ecb33b474a68b23
3387,Agreeableness,good,g-824d115b3ccc75c2,discovery,ff7694055963f78b5b2f73f841224a15c3359ceaea0d59520ea7c11f86e748f2
3388,Agreeableness,good,g-ae10aa85341170d2,validation,d3ae2598e699d480f1e0c0f13d489c985477b0d7487ac38086cf0b7b7320ccbd
3389,Agreeableness,good,g-17c485f103a184b8,discovery,6fcbbda49a4bd2ccfb05685a129d6b8857d8d7e51ccb544953dc0108e01f64da
3390,Agreeableness,good,g-272d0283d4a02211,discovery,492289c0e729962ec4c302238e3f3aaf777b461409ad4c5749ec22a3ac980ff3
3391,Agreeableness,good,g-459d10e192f435bc,test,2f224e08f43b57ea7e6c3dcdb77b645514362f19ea00ba03aa58d9b1c1344c1a
3392,Agreeableness,good,g-1bd6a188a72adb21,discovery,e41bcd9c28845a27c9c8b616300ecc13ed8c3845b0252dd96da78fd668721dc8
3393,Agreeableness,good,g-43f9f182c1de4d57,discovery,83b48fa47091561673a8d0fd8333c54d0e1994a80725d9c503362e508f4a1519
3394,Agreeableness,good,g-fbebb4cb30f29710,discovery,370c9e211e4b72eaf3e3df4d87b7d9cb94883b694315c2d074492a821c8812ed
3395,Agreeableness,good,g-d4458880beaeea3b,discovery,2b76c24472950f1934533784ee1f686b668aa4b9901473fcdde8c084e49c2bf8
3396,Agreeableness,good,g-e5cafa5c9bc2571a,discovery,55607c7c62f76274bbefe82a85f509ff7aad9999414b816d975457acabd7232f
3397,Agreeableness,good,g-a8a4312c9bed0380,test,a5c3d355098af7e47afbcd10caab01e60dbb815aae2b7f2a3b4a2dfad3b6e4b3
3398,Agreeableness,good,g-da466cfc858133a8,test,50d5e70ee6609f6b9a5c49d7377ee5dd87d3d60160511a9a69be531f2229a539
3399,Agreeableness,good,g-2826c638e33d2deb,discovery,fbd8fa4363045f800048a37eb2186352f5376bf7b1433a406f36cc0e73ce3111
3400,Agreeableness,good,g-529768dbfbc75b31,discovery,4a899c08621cac2b51729992071db4b4f7e5c98478843fff9563fb20b94f2234
3401,Agreeableness,good,g-bb9bdbcc331cfe23,validation,c0260e2d735c031d4dacf1f500105411786c527f94bad43df1abba45ed2d34f4
3402,Agreeableness,good,g-48af60f40863ef81,discovery,18be6466b6629dbfe7091f100c60a804a290f2c9b71a5af6b6a300e95276fc15
3403,Agreeableness,good,g-a39fce74d37f0263,discovery,e7af0e98b64ce9fbf8ab9f91bfb940cd4f17658e3c6237b8a093e0e536837706
3404,Agreeableness,good,g-c51225b96ac77c2a,validation,3de1a0cd2f8726d04325883a51209b2892f71c977fcaa7f40cebeeaacbd43151
3405,Agreeableness,good,g-7f15227d0558221d,test,a7d967ed036a8ea822403a42a3787136b935fad48e1e280d488940ba86254295
3406,Agreeableness,good,g-9ffd7fa8cee8b122,test,f00144d652b89584ed0ea3258eb5a15386b58659a34ff92d76f70e39d4a48837
3407,Agreeableness,good,g-2872697646f14aee,discovery,e8937c0433721bb32baf46b6ece1cce780e159e267cbe0ef769b4e837b44e914
3408,Agreeableness,good,g-54917f91728a381a,test,c9ab49d86792bf6bf8311c65fb0057af103fc6fd0c858c10642b3e87e5ae9143
3409,Agreeableness,good,g-91e548b46489f60e,discovery,4ae1b0f4a910a8d712f20fd583862cfb528d19755d94ca0860a83a5afbba482b
3410,Agreeableness,good,g-a3e2227fb5f10e16,discovery,ce7c1a7dc7eaaa546b324c9891075a39d2dbc0941b807376e79666fb97600770
3411,Agreeableness,good,g-1a2c71a736146222,test,a7f09ef886afb18e60cda3716f1053f0c6f54bd410a3a8af56513f48ed7097a5
3412,Agreeableness,good,g-641147a05b6c6e1c,test,034333aa62dc4e61368a6131ed134ca8fabdfa9d3f9bbfaa2a4beb7db2fe23b5
3413,Agreeableness,good,g-cb78557302a3f55a,discovery,aa535477d7168863983aacc4014b89d47267e306bb8a2adbb1471191cc009f33
3414,Agreeableness,good,g-26156fdf8102aab0,discovery,3c07e1fc3abd1b7878044b2657a0aaf053551f5b961b347fae5311c835fde759
3415,Agreeableness,good,g-6669c90ac9aefcc1,discovery,c7694712dc731d32a3988bab4919ea71a44739d09a82c148f202623a13fca62d
3416,Agreeableness,good,g-6698e6046fbf3d19,test,a4a0a9a4dd08e2017262edaf6866165896393bf7ead1d88189d0a2c7dad68291
3417,Agreeableness,good,g-141d0f921f43cd93,discovery,87dc2b047e9cb434aa2ee88cdfd7c73e79eea8a2d10f762273a6def35b75d4bc
3418,Agreeableness,good,g-8de8d67712971e77,discovery,1141bc2b050f1ac301ee30b8b32b2b96b08b9b067d050bc0f2578c483c32e8ec
3419,Agreeableness,good,g-d6f27c8631722f74,discovery,4e3f47a7baa605a9d387378f9c699b0d49ea0fa41565ee6a8eeccedfa7ae8723
3420,Agreeableness,good,g-b2d6a5c160a532e6,discovery,6839837f95370f760fd5f272b211e10f72d14b07c71a5ea16cfe15d914bb4c79
3421,Agreeableness,good,g-2ec6cdebdc10283f,test,5075ed961d81aae4668767a74cc8a5339c089f1813b17775b1c87dd66a980ba7
3422,Agreeableness,good,g-d3718d9c9a89e941,discovery,86e24fb82a68c7e3334c026807ce8bdd9e8ce37e7aed230c419fbfe8d806ed88
3423,Agreeableness,good,g-fe2a2b9001b9a5fc,discovery,e46658153643f300adebeb8047dc5818b67c5e1e165923f3fa9b315276425467
3424,Agreeableness,good,g-da2f3148c3d11c4c,discovery,e0f72f621a4940fd69f229d746f87025a885d189ae59c8797bde3644ae0a7268
3425,Agreeableness,good,g-4c1e51e1f9bc2d3c,validation,3d3602ae270a0c959d4851e1f84065ac8cc71753bbbc6ef4d7d9bf5eb89e4aa5
3426,Agreeableness,good,g-7ec5dd7626895c69,test,058ad379c23dc86297f44f3992d611b256c785672c2e9ae0400df9c3d27b7d9c
3427,Agreeableness,good,g-d951d66bdbc2309a,validation,0a98653996653773e7a8f8021d5511f725fddeb0086e3d6a61f3d77213e95f78
3428,Agreeableness,good,g-01a90a5dc79abe8f,test,9d11ba0b22fdb71becd6947935c1a82bf4f56c9899efd9938bf804fd2130634b
3429,Agreeableness,good,g-9c0b9c297e1f2adb,discovery,c863686f2b2bd11c6ebaf3943108bb6628061b2ff3cfdc89e02684bfcef52d0e
3430,Agreeableness,good,g-b14d5852c98b62c8,discovery,3ceff4b749974e014d5ed86894123a8ee3fd7911fa9e53107b8d4ae137439df8
3431,Agreeableness,good,g-94002f0d02769ef0,discovery,9a5c101df7b4d202dab1fea51f5d139218705e1f63a4da8a6e365af32dc6d3e5
3432,Agreeableness,good,g-8de3b66f76989527,discovery,1efb29762f85f7cb0a2693c6c955c2f112990ac6467e1eaabb32c89f59a338cf
3433,Agreeableness,good,g-e1c988f674458f3e,discovery,3bd744511ea777309edb47533b0194b9fcd3289c71a5d93c6ec367673c8652cd
3434,Agreeableness,good,g-0a2b8bab981c9b99,validation,ce1b6e077bf254cfc42f1c0dfeb01d1ba1a9e3a3b607479cc0cfbb4b184f6245
3435,Agreeableness,good,g-462210a662d596b5,discovery,3a42d740e2292e82919f9f7da4ab3e860ae80d43f30b711529f5472371393476
3436,Agreeableness,good,g-76f6d4550ac752ef,discovery,dfce1f83b3d81aa1373f6372c0f4768fcac06b2438f22d457a929cbd35f71f6e
3437,Agreeableness,good,g-e75f8ffdfa75bf4c,test,6f1598c483466b5cc66cd9e198ba90a387f2b57375733bd6e039cfabe94ced52
3438,Agreeableness,good,g-a5d2f4ef724ec38c,discovery,2c8b6a74ad129199f296a5ab07c046e391f4144074a74ecf0f0ee51cc7c85fdf
3439,Agreeableness,good,g-53bc1148c7c5158f,discovery,10118d986ba0d667428bd8771b79e53afb1a761810a9450d9edef1ff06a13ef6
3440,Agreeableness,good,g-682bae853d6a5252,validation,3ef2c47c54615f6abf2364ed16e3d077b391535149db7d6483d5ca40d6fa27d3
3441,Agreeableness,good,g-ccf6e4693dbd868f,test,b6c9349133d11ace79dcddab4b427d3e68671dcb560a4979107c7bfd32ca835d
3442,Agreeableness,good,g-51566d239c0f1f27,discovery,a4fcae2e5d15990afab44a2ed4c28d0380de8bc02971ed69901308ebd34c0285
3443,Agreeableness,good,g-3d714963947a7330,discovery,a4e5f61a931b5da972e8b522a590ad6df2100f2cc0fd33eafa569c62ad562644
3444,Agreeableness,good,g-e853528407cfbfaa,discovery,1dca3c9b1662f8cb179ef030fd47aa7021cad7a4e7a68d02d0df94741a7fc3ed
3445,Agreeableness,good,g-bdd84af19cfe9fac,validation,910f1d92be8cec7881b8333cf3fc4d6513e2830e631a1dfbc5a82f41dd439f7a
3446,Agreeableness,good,g-ce16b9cd33d4f4b6,test,8a1b33b4f889d8763eb2fe67d537aacb27a660f6c5f468ca11b93efe53ef105f
3447,Agreeableness,good,g-3cb0a918b384c73c,discovery,eae2ca0c004f3add978748016f81e7a5ca50be2fb4362243fd86ffcce3db444a
3448,Agreeableness,good,g-b5d52f065cb757a0,test,b6e920d4090f68d65091fbf24754f33e9b1fca310f5fd6f8c98c7325756f6a10
3449,Agreeableness,good,g-c2c6374bb410da3f,test,0454915b9f092c3b29507b95a2092a4228dccb37e0a4794bdc456287eda2c21d
3450,Agreeableness,good,g-66c376359174f72b,validation,ed655a4ac375359b89167bbb87ee04471c6d3a3cb7464285d4f1bf620ce1722c
3451,Agreeableness,good,g-c0f9851f0be2888b,discovery,4febaa90aabe95056e65f5a3fdb49f31759c13a65a9104df3ac19282c0a666ce
3452,Agreeableness,good,g-f501e8a80d203c50,discovery,7c06cf91a5b7d4b8f13ae0c8343100efe8fd5d628f4fd852d894ec64f9cd04c5
3453,Agreeableness,good,g-6568fb8afe431052,discovery,b66b124b5b54d97303f6b57a467db34c85371d59d37ac8397405111f8318857e
3454,Agreeableness,good,g-5eef9e8b2721eaac,test,7f4fbd218b8e7d47b167137857d6ecc60e76ca6c878887ca895d0c9d30f1aa9c
3455,Agreeableness,good,g-90d1b2ad473b2d65,test,2f71e4bf1219a2ce353a45dd547de7d85ec51a0eda6c524fd0c64589a2d1b54c
3456,Agreeableness,good,g-c90984590f1e4933,validation,732a686ea7a74a885af88d468f1810efc4092caceeb10486d2045acd215d3dd5
3457,Agreeableness,good,g-bf4fdd19cfafc1d4,discovery,2ef8d167f533ca350f41afd062fc30d96188d480a12c69c63edd6ff8fdc54bae
3458,Agreeableness,good,g-e0377af693f8c8db,discovery,5af99da0b4a1e77def1a271652808d3a1f2af14d6333850d8d07ec7a0ccbac06
3459,Agreeableness,good,g-347e2caed04bc3cb,validation,3331bde2c105b9a214b19efde47391f3821d00384946c71f19d916dc4ccb2fb8
3460,Agreeableness,good,g-6238130699fcec27,test,85b4e38d9dbc75d0ff5807fb5b451718c4bb845fe1b98d700ab9236595c26604
3461,Agreeableness,good,g-ce0cb4819c198786,validation,3098e83c923bf6e81b8280f61c17ddee1d8aaf4fd940250187dbb595e2076d4c
3462,Agreeableness,good,g-ce789e38d3a7a711,discovery,dd0eae3389073ebe3c3763e20c3da23c18bff0298369922ea0ae7ccde2b2111f
3463,Agreeableness,good,g-ebf078273acdc53e,discovery,c76e0212528dd5d0c972487900e0ff46b1dbb7e32d85d0c12ee7012e7d4006e1
3464,Agreeableness,good,g-f84b734a8edb84da,test,07666622690526d2e5d83460abe1a575bd370ff60cf702b7f951742b10667be4
3465,Agreeableness,good,g-d8ac9f3f83fd8856,discovery,2fcbf8e7021d20f47d3542f81d639b5333ff21e3cce7e4f68cda6480eee06c2b
3466,Agreeableness,good,g-822a37513bc6ed34,discovery,d8d2f06106d8e5c9ded0d9e6c431c48d92eb9a8da2592e9d75f21b4a285e440c
3467,Agreeableness,good,g-ea2d8c2f8df0eac6,validation,56eea1469f16fe850f5299868acc2441d91a9fe01ea518b4cd2d080ca32a98af
3468,Agreeableness,good,g-54519f5ecb406052,discovery,3fba1261f47653e37e0fb22d7582f5833045df7e35c96e9ec9e077dcdb6a6924
3469,Agreeableness,good,g-e6c90964706d9a03,discovery,673ddc25a2b747ea30c36434f763a24d743952547a0f384822ee9e63bf723fae
3470,Agreeableness,good,g-1bfe495a4ad1b15d,discovery,c7a4748174c780d869c2d77082151e48fb65faf6c70f9b854572ea271afb2926
3471,Agreeableness,good,g-b43e88782e3ea715,discovery,1da0830315589d0a3fa4b227d7f7a2ebf7b6b568e32e9eb2b612df0be5f0e431
3472,Agreeableness,good,g-5c23f82a1171328e,test,917b65b37dbd794812e8f347508054c740948f44e153c437f0509da1d9c28697
3473,Agreeableness,good,g-0802a5b589766007,discovery,b5545be08755df695ffb147671c57868e28d1e19581b6209b5c03d24abd5ad95
3474,Agreeableness,good,g-585e26eee3fbf708,validation,b8821e7d3780ce96de86fea3adbaac6e2c6c7e371cbafc5055544d20fbffd048
3475,Agreeableness,good,g-2149226697543168,discovery,31dee4c11cb326ab3aeb989f07c31a2a2765cd67543c460984050916202a32c0
3476,Agreeableness,good,g-8efb928d229f049c,discovery,3b8b1949d56f20fc0168f10da12cfc868bdae1d248c361dcde105cedf92c852f
3477,Agreeableness,good,g-82f44940468eec9f,discovery,330a2fe3edeafcc53554a6a32b7d0a3cb29b473261e8d8d0601d231cb1ed1ca7
3478,Agreeableness,good,g-05cbb7ec9549b54a,discovery,c6118a953f330b5ec01068a545b2ede8e1f0607bdcef2c58ce74a942991b4cc6
3479,Agreeableness,good,g-10f0c6fd63d95ebe,discovery,10595f7f224c6c07fef14f4884c3e75bc07db637ac2a1ca0d68849a983b78ac2
3480,Agreeableness,good,g-0df904d9c19bd007,discovery,edc2c6d87970ee5df2fbb37561b4ea9aa06576e48b09614d962db7aa95077ce6
3481,Agreeableness,good,g-2dc6db33b315616c,discovery,0bde5a6a461a0cdd0cd34576d52844e9495102fdbbb025cf514b745e7b6c4bd8
3482,Agreeableness,good,g-0b1820d52fad0906,discovery,5ca74c62c942df087964d7e8ac71caf85b12f356037bbba0f577f75f72f34907
3483,Agreeableness,good,g-9a568cf04fd10800,validation,562a3d48810d850af90d0f1cf4d348fcc9fe0db871725b8a4c0bcaa0032f18d5
3484,Agreeableness,good,g-6576a439da7130ad,discovery,43d70f095cda84852fac0a3eafdc6ce34f512810c8c5d172de5467aba5991ae2
3485,Agreeableness,good,g-a570a8212902cc3d,discovery,0ecb31832e1118e1cf66e6054244250bdb8449129a230819219e1bb8776836c8
3486,Agreeableness,good,g-57eea82eb8468095,validation,0c5c1dcc0b35a388c9b7d1f6380962beb222fd2d709820c17b2f7e9c2ed285a8
3487,Agreeableness,good,g-0087f77df41d0f2d,discovery,9fc330a1f36114523183e71185ca5a353782d8af4c12da847dcb941616de16f8
3488,Agreeableness,good,g-418e353e49cca4c7,discovery,13c9b37d1500cf1d266704fe6a28f2491b61814a62d119dc7eaad3f8c75f561b
3489,Agreeableness,good,g-fb066de6c4090834,discovery,ddd84dc017eb13aed1917ef5dd561f1858abede9fbd05dac1905718afc8f8fcb
3490,Agreeableness,good,g-4785531f3d95dc41,test,380d8b6a063ea9ad9ec35fe6457ff6a86ddafbcca539aa31f177995654ed4f2a
3491,Agreeableness,good,g-018766e59db5c98a,discovery,53c707e09f13e0ea96a69bc948b1b977f9c0c992891b6ce81d8605287b06c0ca
3492,Agreeableness,good,g-b6d09722c533ead9,test,57697a2d9f9768f231792734f023366ea521f36d60fb882441290d5fcc50e986
3493,Agreeableness,good,g-0d6804dda90aa0d3,discovery,1b0bd4d3ac3fe344ad91d1fc36acc3162892aad4db5fb7f465f60bb059432a39
3494,Agreeableness,good,g-1ab296abad8fc57a,discovery,487bf75a39d35c4ec8ade2ef43fbad8cbb52b0601d5b97b0d4e1d7ac7164992d
3495,Agreeableness,good,g-0fb45f91d5e9c027,validation,210c3ad52777e58b34bd4f403f79aefe75111d054839302097ab10902226cc79
3496,Agreeableness,good,g-e4bf7e35b28c5aae,discovery,be55ae19f91cd4279a617a4aa9ab3983ff8a79910420af40ddf2b4ec977df3d9
3497,Agreeableness,good,g-c32598d8fbf47750,discovery,dbf294e7b3746f61f384fd48684daa754b33bee9c87bf1d98796e5a0743c026c
3498,Agreeableness,good,g-c88bfd953f55483e,discovery,59625981a71a5f56c38b41944ec1197c32ef24dfaec228ff99288cbdcaf6f329
3499,Agreeableness,good,g-6dd0e1c98575313e,validation,df1c81ecad99e92779067286424ede20bf3c94fd0151b09f81b0d2f68419b02c
3500,Agreeableness,bad,g-fff1750f7395282e,discovery,92a9c70c301f02f4f51b77dd0bac059ddc73b35ae2e38bb8d7b91aa912e3b876
3501,Agreeableness,bad,g-f032e3fcc10a0fcb,discovery,6e813070500cbae2b3730690415d9dc2479fd79ee9674a4e7a61da1d6ec997a7
3502,Agreeableness,bad,g-2e68c604e8e9472c,discovery,a69572770ac819d19d1cba514846fa6d01c00a135c0ac280ec5c60bab459c6cf
3503,Agreeableness,bad,g-c3201546b72bc127,discovery,f6fcfdce9116965e80197c34f1c001ea42e115b82cdfe718f6e82c89cd0be930
3504,Agreeableness,bad,g-4449a9275504c8a9,discovery,eabbb98b0171e46fc4b266b59347a7fd60830f8724b0cd207f1ef51414d9eb73
3505,Agreeableness,bad,g-00aa8967d331cfeb,validation,78079c9b54007e616f4d29e115b35d66324a05e9c5100d35c5c7cb767354ff2e
3506,Agreeableness,bad,g-2dcaa546fec080e1,validation,f3ca2350a2823cf96c8218133c1939d74994f2a3508ba7de18d5b775de7b28cf
3507,Agreeableness,bad,g-16d392ac8600686a,test,bced361409d655797539d520f157139e77b0278fc4bae9ed26849a1821343e79
3508,Agreeableness,bad,g-e5ea969b28b23463,discovery,2fe369f13d63d23fff597f00fc4e9ba5df5746d3ed82b417017bf32893c45140
3509,Agreeableness,bad,g-3e8205e24f33754c,discovery,202f0be6ee269b5228cc96a427d2e396994e2dad3d6165fda4cb92225051a18b
3510,Agreeableness,bad,g-85c5929e59fc033c,discovery,69d5034a48d4604dba926bed29638dee726d7dbf0585754869ad8047b2305efc
3511,Agreeableness,bad,g-791876f3f8be3c78,discovery,ac51d836a06a107f9bdf9b1b74cfff79d9055989631054903781b87604f42ee1
3512,Agreeableness,bad,g-47e466b4b26b463a,validation,8fd8307a572232cdb7a078c68b352a87925d5bdcf15c77ddcd1c955aa7de779c
3513,Agreeableness,bad,g-80734089d75e45a3,discovery,bfa8e251a22e17068712b489dfa53beccf7d53b1bda8a588364c1bab15891a35
3514,Agreeableness,bad,g-4d8fed37b984e88e,test,8084a0dfc00f8aec9f7b4fe6369c3d682c8f03af6806a4cf1b27a673058f1d57
3515,Agreeableness,bad,g-c899d1a9b51a3240,discovery,361110687cbebb07693b861eb434904fd796e21bb723fd9fa237cedd39152311
3516,Agreeableness,bad,g-a0f72f1f702180cf,test,9cf2d60cc400a82db4fd1daa5611e94b645c1f63edde72aa7baec88932d64bae
3517,Agreeableness,bad,g-8f8231e762fdf728,test,88f8f6a99ea4e07790b59a8d7460e1adc2772e082c993550528d3ae7d3bfd5df
3518,Agreeableness,bad,g-6c96c0256b90d64a,discovery,832f9e7f2293189193db89c091f9dafd176532c48dd8a2d470054426fb504e6f
3519,Agreeableness,bad,g-b053ce6e3ae6c8c6,test,3cc50e5c5f189cd550a88dce4158ef688fd5992bcfbb1d81e8f0901043af9ed2
3520,Agreeableness,bad,g-7d60e0179f47635c,discovery,42b0ea25243950935385a5172aa9d3368303be959924532cfb6d5119e9bfe08e
3521,Agreeableness,bad,g-30721851ac793960,test,626d078a0d221a91b87fc73233bd887b43065fda8eb3818f4dc3e14125c9eadd
3522,Agreeableness,bad,g-87703ecd0579cb4a,discovery,2691686e5304b90078f3817ae1cb60d27624461f8771f6013f52251494bb5204
3523,Agreeableness,bad,g-a06c830f56acad5a,test,1637bd54bd4aee306676e4900fb36a9d72bafb1801f38edef3852b82e37142ce
3524,Agreeableness,bad,g-fbff68cb78dc8181,validation,2b3882ad061dfcf634bcccc7f951672499b30a7a857bfca3089db8f002d194c9
3525,Agreeableness,bad,g-260fc6d03ad6ea24,test,e20f52d3c963b45e2794468d6f9b14a86d276ea62449e2bc66419c33b91689fd
3526,Agreeableness,bad,g-9dd87d2447222717,discovery,2502883d40d23ed66602a037e7fe784e0b8bd1bf2a20e04740483cca2e3aebc7
3527,Agreeableness,bad,g-24ef3902cab98777,discovery,c379eae7e5b393d592b01dd5f96347b7719e44bf76d1f34a817f5b17403776f5
3528,Agreeableness,bad,g-875d61080964d5cd,discovery,fcee425599f7f52f1756fd452855e6f034db4c8200b1e4a2f8cbae1ef85657e3
3529,Agreeableness,bad,g-1c097f81fd3ae197,discovery,5c122b0a1092dd4747eaf69c077466201ee4936292b3665b925b73e4d84ec7bf
3530,Agreeableness,bad,g-b4a23b309f2a1dc1,discovery,bf7ef207aa31feec24c3d73f035ff613998d0c7fd360541b3a3b9c640b62b1b4
3531,Agreeableness,bad,g-e88b987959c49dee,validation,917995966f55d8e6c9c1b63e0cae01e2001eadae31ac59bd71527a40f3ab322d
3532,Agreeableness,bad,g-5e5d020970b4eb82,test,22696a7b641f9c0e04935643d7a602faa441a90a83b3736eb5fa109ba1129e6d
3533,Agreeableness,bad,g-3a5a0f6d9ed63da4,discovery,1ceaa00730b6e599e2125509fc4b175d5f9dad059dc04d0d8e8184bcb3fad00a
3534,Agreeableness,bad,g-c14c00fa5db04594,validation,bfdc635eddbe846e2fa6e59b8873e2660b518de8d6a687af4bfe4232e71f7fea
3535,Agreeableness,bad,g-8b91ac404d860833,discovery,8b1fe766e2d8d70191a24464ed446d2a28a26ee7b1e89dcc794e6f6b54de4aab
3536,Agreeableness,bad,g-7c89c4d28d7cdcd9,test,04e6b034cff79d9076fc77c81ed728791bd029576d532414f31e56de2ac92cf0
3537,Agreeableness,bad,g-1b97665270a474c9,discovery,8345af4d5dc4fc311d176a8765848ee1c9121241880d73102a820814e8bdf43d
3538,Agreeableness,bad,g-fddbb273c96299be,test,dc72d6ee84dd18f020751fa94abbb71f472f69d0ee1c21e325fe65336b3f7280
3539,Agreeableness,bad,g-d8b5700139c88e69,discovery,b198cb561d113a6a8a6f41338740a9c52abb634f5dbeae57a82a1db3bb21c8b1
3540,Agreeableness,bad,g-6bf19b8d26e4caa1,discovery,a3f3fb113d966ad2c6af11561bbd796306fa15e91fa80d012000151dc988e802
3541,Agreeableness,bad,g-ac228aa910085fe5,discovery,1423fb627a719011a92ea350f11108a2787b2b25911bf8711d0a9b4b276ea77e
3542,Agreeableness,bad,g-e1e22931ac4efb37,discovery,163cc2d2f57d07eace863c43e849582248ed298df347ca0d04ec5897ccf94310
3543,Agreeableness,bad,g-147886d8ad0fa56d,discovery,3e7fc909862a89c60a51f14ece7230a3aa4bec8dfaead3415b6db35f75f97f6c
3544,Agreeableness,bad,g-9550c3e4c60863a6,discovery,92fb4b197608db644ce1367f899097c40e915d366cf2ff70b7d2c47a620810ba
3545,Agreeableness,bad,g-fd05d6231e843859,test,b6c5efe306aa830913474e88add6f6212b7ad81a917c34cf84a087b66d5ff36b
3546,Agreeableness,bad,g-4667745277301861,discovery,b1e287bb3db530574e9cce0836e955b7623d7da96eb9844c52d4dd9b9a468cea
3547,Agreeableness,bad,g-1c3a7028f945d75d,discovery,144be6ab4aabbdc990afc1ae9df7d2640074079560733b00937121658e9d7fc6
3548,Agreeableness,bad,g-358927a8e6000540,discovery,1d74db1f2acb8d198dde69d3ec78760b8c2696d3a097b81ad98e126d3a9ef511
3549,Agreeableness,bad,g-81abf0cf26442ace,discovery,cadec5dc4f62c0de49c404bca1e889c0bae8a66c9b45c6c53a4c58361e2004f9
3550,Agreeableness,bad,g-b91f9b968ac4fdc5,discovery,5b8269d61ba40fb9868c0c0138116a7e97211519d9bd32e7c5e8645b95bfee6c
3551,Agreeableness,bad,g-d84eeda6d17280c7,test,24da54c8aca1490b91a96d9d053f7e1ac97e20918c718abb42f5404ad735b6ae
3552,Agreeableness,bad,g-211e34dc35f9d508,discovery,dc633129438e3057dfc7e76160412e5daf4002de891f4eca4e441f7105520ca9
3553,Agreeableness,bad,g-32286c9f5a3f2720,validation,97565744f4336af247d13a13a03cf78f6ff4ba70f083814ec06e400151d724dd
3554,Agreeableness,bad,g-c213f5bbfe40561b,test,b372718ba269d0ff4bc2a6abc1d15919d22417de3461d7e3b67402c45d89826a
3555,Agreeableness,bad,g-a6b5cbd59654d585,discovery,fdf7227bc4ca5afa69537b3297f404a99942661f624711a477f55cb64b46337d
3556,Agreeableness,bad,g-4e73cbbccb0993ca,test,10093fdb77bf108c4e45a5ab712746b21ecc5806b713b660084a12d8da2b675b
3557,Agreeableness,bad,g-d294878ef5ee93e8,validation,d0eefb8969f64699a9e2431b4331f12c2d74dc4d8448072123e1bff123781bd0
3558,Agreeableness,bad,g-d15153adfe2e2492,discovery,e41db3c8d1045265b7b651cd96d057fe0fc1c040fe29803fe326974664a13f47
3559,Agreeableness,bad,g-918845848174ce16,discovery,28eaea2e61cf4d35ede6fbbcb6ea51f8689a1a2beeac996fa8a95eecd08ff39d
3560,Agreeableness,bad,g-920dbc7edcf94778,test,4499691dd7e0198678f4e825b359829c767cde542c0899f594d338fbcb82a7c0
3561,Agreeableness,bad,g-b8428cc70d8637e2,discovery,64bb84602bae70cba1afa1f028ac4467c9995a07e40dfcb8c28f7fed3a67022f
3562,Agreeableness,bad,g-a1125c5005490d85,discovery,314fd98655dc02bbecdb50824a9b9099a56b82c1407af9a297a8ca082e6a2870
3563,Agreeableness,bad,g-475de900431385a1,test,7f46ae356fdfe45f9a2b9eb52a21d3dab2bb2be2963cb54673071cb84712cc81
3564,Agreeableness,bad,g-3d58cbbb9fee90cb,validation,64e13a9245514cdcbcf4c8278b7a7ed950a6dec41fa909d71fc4b7647645be48
3565,Agreeableness,bad,g-a8c286a4803fb9b3,validation,e1c981962540b2cf730786e67ee0ab363eca79535d1d1f19726064d685f3f4ba
3566,Agreeableness,bad,g-975148e2457c24e3,test,b39bb56213d80130d2942e6ec0045a17ae4618232af2158d1aa6d79d226b080a
3567,Agreeableness,bad,g-eb3a11b4a45e7f8a,discovery,c06f5f4e3180de5804d0ecd6f34d31d9219d63197a7ef40fd1661b07b55381d7
3568,Agreeableness,bad,g-f5da28974fcdbe56,validation,617828b6d0469cede2fb215f7ec17c170592c5c2b6acc2aa218b766bd6a04f35
3569,Agreeableness,bad,g-2e15c895bde03ff2,discovery,6897a091c4132e1d4a90a543651c06234f394355286ca2d45acb38eec66ec109
3570,Agreeableness,bad,g-0750f1a046f4ce6a,test,da433c7454b684b142257d9d03ea1875c3d350e98a291a1729ec85e9128da54d
3571,Agreeableness,bad,g-563c74f7131c6c6d,discovery,d101ebff0fad8b04bd69e0002dbdfa5a72bd5ccb3a2a2453cfb5e8031ee01b50
3572,Agreeableness,bad,g-2d46f60961f68eab,discovery,74b5d86109ba72ea2985a487449e2f95f14e7b79d9fbfd9d8b2a08ef78983b00
3573,Agreeableness,bad,g-cf2ebb0660d26811,discovery,8a3df885bb13b30e42465856237b3ae26de6da6b6325f81cb72c0d74902e4536
3574,Agreeableness,bad,g-5ca27777e710dd11,discovery,fb71a8541dd85ab981cfe96e14fa889f93a7dd8875e6a5a5b859c8439b51c37a
3575,Agreeableness,bad,g-869c8b4acc0bdead,test,0b86325b2af2ea3c8f4a976afbd8281d348630702c13d473b756abfd7f853b09
3576,Agreeableness,bad,g-af13944488ca2483,discovery,dc38d642846c3140dee34e62a3cef6b29d1e94de30c6b0333045676d86e3095c
3577,Agreeableness,bad,g-9bb2e14cb70898f2,discovery,4413a0941c5659410c300274394c0ddc1e48f257c5b10fc6c127d07257cb7cdd
3578,Agreeableness,bad,g-0f5ad51bd4e016d1,discovery,9f8b251383527a1afc7e0e11fedd3ac46fa027c0eb8b0f33a45acc672dbee688
3579,Agreeableness,bad,g-d3af2d034583a0c9,discovery,0c1ed391fe137ea4d0987da2cdeb107678f3a3d39db90a0cf593172098c4732f
3580,Agreeableness,bad,g-7c2f1730610aac03,test,8de7118a6ba7fca0cae87f1afa8670650b682b83c8ab15433269f83ca56462ec
3581,Agreeableness,bad,g-80e759ca5f3f1d2d,validation,e7dc5521f6f4ee5a02c8ab7c202e21c2131b6182712252105487a65c5f066b7a
3582,Agreeableness,bad,g-151d2d8337b48cb2,test,f5cf9836c57f77e4ead95e6abbf972018d6003b6ba32c7ce0985b06969815b9e
3583,Agreeableness,bad,g-e155d09a3c0b62aa,test,7c81ed893d170d8dabcbca89c9c55934322f07fe823b5aae90b20cd55e7914e6
3584,Agreeableness,bad,g-6d0e30cce9ab61f1,discovery,2857b41f0ce1e053c70605316a057417e812f2134755ee0e236ada4892020a14
3585,Agreeableness,bad,g-eee936e7f688bfea,test,06c12e05bb2c981eea4c614a98d1c34c985706a06210d6db19144084e06ed477
3586,Agreeableness,bad,g-132c9255def51b2c,discovery,bbc815f7ad556b9d7cb9fa1c2892ce78514df1ce04ba0bc6b8225354fc54a540
3587,Agreeableness,bad,g-0c4eabecd02c66c7,discovery,b10ae4edd7be28a893c81f94ca63925d176e23b8b0c94131b5ca81f09addaa18
3588,Agreeableness,bad,g-b57af4665aec1f22,discovery,23892726f50e14cf4255336369c646b50c82d16ab90fc0c6a22a92ce25fed31c
3589,Agreeableness,bad,g-de946e4ee2203494,discovery,fb25ca0bff336b9e335d47b24084ead4a3501bc2a887162f0c3b95fed0da7c1f
3590,Agreeableness,bad,g-7e31af7678196ea3,discovery,9070e3a8ad06f6dd525358d3beadaf318f6e931d8a769a979f62ea09b520975b
3591,Agreeableness,bad,g-30d985f181405c01,validation,15f7ccc599ddc2d4289f430d9cf7574dcde85ef451de6a3d673225338b5475b2
3592,Agreeableness,bad,g-83ccb2b9c5837584,validation,ec8a06e7a77d498bdf946696a0663f64666d1b4f40b234012f08775730aac871
3593,Agreeableness,bad,g-43392259caf3ffc4,validation,04c893bf68d2322d6264e22ef9a801d35f6478f0032108b581352e78b0c388a8
3594,Agreeableness,bad,g-9f55d692e1a89c19,test,5946bd4dbdccd7abdd7c739bf294a2641ebd983e0aff8dea61007f9184356511
3595,Agreeableness,bad,g-e237015a44a814f3,validation,39de5b757706d9603c2ab141de57f9e7177d7d90935a681a91b6428f20fa13c9
3596,Agreeableness,bad,g-90a40a90eeb365cd,validation,9abbe6f5dc99c84d483c2b95d01df1540bc2a00579dbbb35b2dd0dcd69b7f642
3597,Agreeableness,bad,g-64b241528c2e9ba3,discovery,df7dec045310c0db06d9cc37223862675e973d77400a3d8881380b8b2b62cfa8
3598,Agreeableness,bad,g-b57ad4929ffe8245,discovery,5291aeabddd75495954e7a9206926dc0499b28958a75a1a44f655769f3741459
3599,Agreeableness,bad,g-10097215157351e0,discovery,799512a7bbfac8abf011c66cff5cde63b7d56a6bc34452e7c061c67b7bb5ec72
3600,Agreeableness,bad,g-ee9c95c5f6645903,validation,022fb6f3c5800085b7936152e0134a8ad3b018974681ae6254d31609006489a4
3601,Agreeableness,bad,g-57b5c63fbc0a95d0,validation,e9d28b396c8af8141452bbbba82050a44979034624394e5c831565828cdcabfa
3602,Agreeableness,bad,g-f67b05489ec2b7e5,discovery,c1c8f4711d4bf13a1887c05d50e936b443a80abafc05754cc49818f26e9d7865
3603,Agreeableness,bad,g-9f3a1dc34d20d46d,validation,8cbf220fc8a922f23dd69e0ed94634896c3493569800071a49ae423022dd74fa
3604,Agreeableness,bad,g-d114e2589ae17fc2,discovery,55b9e348886eacc87c6ed15b59ebd6b96af533d4b238cf3ebffb0eb259b2b706
3605,Agreeableness,bad,g-a40c40dcba793c1e,discovery,0c77fea5562cd15b11d70d96dbb20d135db93d5ce7c3c71349b1a4a4088c4e6c
3606,Agreeableness,bad,g-95a56f259076a2be,validation,6238f2308aa7309079e8b4f00dfd4e292aa4006b11af26d56d320ab6cc046bf7
3607,Agreeableness,bad,g-055e51f4e62b801f,validation,8da7c9c6afb353d8802592f05e4a0fe0eeac92323056247af754f284c5eea76d
3608,Agreeableness,bad,g-d7c55780c50aa742,discovery,d914bb59f13d9045a0195d0d1fb26c6a60223d16b9affff70c5e0914ab072b43
3609,Agreeableness,bad,g-a64865d53c70c625,discovery,bea228ce672a3c192b7443b687d3a9fe176b52e70a24f9fd773346cf5ae60290
3610,Agreeableness,bad,g-cb0cc22eb3b1ba21,test,a248c0196acdb9d00aab67f1d6b9fd96ab8aea237a2e9e8518e8f54dfed362e2
3611,Agreeableness,bad,g-2e130d3e24ae97b6,test,cf07bfff3fc305481050c7c8bda2539122b3150bbd3e8cddfc75d877f4c1753a
3612,Agreeableness,bad,g-4248e54e4a25c278,discovery,f29e04d5de55daf0d7771809d22eabfb4a75e522980a94372efed53759727caf
3613,Agreeableness,bad,g-cb1b7b3f12a4d8ae,discovery,96acf49dd9eeb6778d950f447ba1e0491dd02b7a0399ea737bf44b66ca359536
3614,Agreeableness,bad,g-b96e91fd44877dbb,discovery,4db972ad6bc8c619b4633a25f6a6f7f5a305ffa6c5c9804dc68c753970ef576f
3615,Agreeableness,bad,g-1e8aa881745a468f,discovery,012624d292a9f8914ede8b729c13778738a56373569266ef36031fc3b88a8252
3616,Agreeableness,bad,g-e63512ad2a45d003,discovery,bee597622240f943f7a1cec6a67336e6b72a7a8f2e0a7f0f1e9201c2dfab13d3
3617,Agreeableness,bad,g-ae096cc411171496,discovery,b2fd34dc6e330301a9898f49c3e77369fd6ee9d6bbb693d42e39f3dd4635db2e
3618,Agreeableness,bad,g-a80f2027fa58ba49,discovery,1e7cbcdaeb9dfc60b2bcfbe4868bea69980323b1af89c15b0ff8b89235c006f9
3619,Agreeableness,bad,g-9ca245a55588ee63,test,04c3cd585c076da2d887c391c9a1ebd2c587ea394acc4cb1257daeb64c6a6f36
3620,Agreeableness,bad,g-bbd6bb49432aa5ca,discovery,2d1baf91c53cfe4707ba2bf43867e8681ae4541530b75dd9c6d52b59905a165a
3621,Agreeableness,bad,g-6aab15b08fc88641,test,8b898e47422be95b7dde843cb7b97a00bbf667702914dc86d760795ac797854c
3622,Agreeableness,bad,g-1b9b04afc848d8ce,discovery,fbe893df4b773e2a34523567207a55d504bbe0664d3a8b920137b0a206d711db
3623,Agreeableness,bad,g-b73908ff1f607ff6,test,8bedf648e2ac73887fff182291ebe16c0f5e957918fc8bc04c0090767c9a2034
3624,Agreeableness,bad,g-cbf3b2c4e0526b67,discovery,62e529325d5bbd102e56215cd37d58c2634a8622bf794f331142f2f0e0170517
3625,Agreeableness,bad,g-c3daaeba0ad4f107,test,d3c3c0c9be951002a6cf99b88ee59e8d202a98e7d93051430ff949f19fed8718
3626,Agreeableness,bad,g-c56aebe933a286a5,discovery,a765d5941dd129a172732c21f3549e2ffd15cfc0d51db901a4c27df61d2c6774
3627,Agreeableness,bad,g-bf06d2cfcc8dcb99,test,9901034660486eb46f48e6c0df6bf61a1ae6c6aedb4ac53b0a5773a9ac4c4dcd
3628,Agreeableness,bad,g-ea99bc2ecf381de8,discovery,d6ef3a4479c2d6dda19f9e59e4108bcf0a3ff7ba434cdf5ec4c60356b74494fb
3629,Agreeableness,bad,g-14b2e58ea5e77403,validation,f6cd86c07a61fad12a6545801b29d1a9d5bed992c9f131ce82d129ffc68f70d0
3630,Agreeableness,bad,g-100ba4c6c25fe2ad,validation,df05310f68ce42b285388ac707e5e845469a5f1ab0dd63e299724d7962b4d73e
3631,Agreeableness,bad,g-b68ebeb5ec0eac31,validation,ad77ad3ac2854d1cef2964dac090c6120bf45b89a19e40713e1cc2dbcabe2769
3632,Agreeableness,bad,g-6579af966d51fdca,validation,7a31cee1312ca579884e87bd5da450ccdca939f2f8d216700af407c0b42262bc
3633,Agreeableness,bad,g-bf815a88b89819dd,validation,bfc3d93173dd8c14b409dd7ce1d3310890971e3b9fa0c90a1203ed5e04b62c01
3634,Agreeableness,bad,g-82dcdddfb7dd154f,discovery,f040fbc576fcd035b699e9aec1e84da49c75701119d741d1e07a12dfeecf81e5
3635,Agreeableness,bad,g-20426d5cdb33f7bc,discovery,d8253903fd55832599461da2cec51b0d2a58523adb8e3c50adb9878efff5ed05
3636,Agreeableness,bad,g-15ef31c514e7ed41,validation,8082238d003c3cc0ff039ccac2d7c2419011d26c503be6cd1a4f7fb1568eb1d4
3637,Agreeableness,bad,g-d3445f4378cbbb50,test,187d40f6956f059a0329b653d17b9c40e9b0d6f3f266843ba0f845ad62be2f91
3638,Agreeableness,bad,g-4bf471f75446388b,discovery,f313af70c408bb312c6130810cdb6d1824aaad3fdbe917b808ae223aa77acf52
3639,Agreeableness,bad,g-7e1f59cb57d3ef21,discovery,2f1e124b7a96b3e619443d356113ce4c935cf57165fa6d5e46b57503ef522847
3640,Agreeableness,bad,g-e0d8f557f447e3be,validation,8201bd767602f7b455c15ec9fe527cb4d099c71fa91d7e1ea684abc79105b45d
3641,Agreeableness,bad,g-251703270991f1fa,validation,db7d959fcc044ce746691adf8f278ea5a4f8445931a0667e4d7b08fc376bfa1a
3642,Agreeableness,bad,g-6ab33e9586e7720f,test,e4cf15357e33e76a40c1b0471566e5fd9b707cac5ae6d8f9f0bf26ce3d693ef1
3643,Agreeableness,bad,g-1de18cc10e87fc15,discovery,b6cc978fc24a8c6c538f911747ef2d610962541bd3ffde9208d16cec6899e7d3
3644,Agreeableness,bad,g-ab772fdaa9c1addd,discovery,0cc66126ce0c93008ca616ca0f59f35b4c7315dd7f5452512d8ade14534cc41d
3645,Agreeableness,bad,g-b1a273fe1653131c,discovery,b9667c9fb3dc85e2d8da38a264aaaf8eed27490c57edf77931eafe0814134a83
3646,Agreeableness,bad,g-3abf1a4972189486,discovery,8dfbd09b5b9fa3ec2c95f6cba50580cc34ee31dd34d7f59146c0980da9222939
3647,Agreeableness,bad,g-d120c5b00f25f3b7,discovery,3e95680c21a029e784789607e55394f48195b97d07527e8948eba1d3a71fa467
3648,Agreeableness,bad,g-a8cd9671273d5033,discovery,768df1018b667c2306e7cb769e779a173ad749e00df7599137997d237c580528
3649,Agreeableness,bad,g-2a7f34f856b2a6ea,test,6aeadb05534c9643d01f605355e76c0df4abc7e185913e83a977053689e2e32e
3650,Agreeableness,bad,g-0431252d2197649d,validation,1a9c67804070befdb9b34bbf42023df0b1c034cf287eda7c21b825866e8e0e9b
3651,Agreeableness,bad,g-0597854c43bb477c,discovery,2732f4cc6b3788afae61dc557d47e66d7c36bb4e5e2e5adc1098748f83375bb5
3652,Agreeableness,bad,g-d7c784aa6943c0df,discovery,09e812959d50d8e6296b588a3094b6cd678287f0d45a456683a47d2ca3c1632f
3653,Agreeableness,bad,g-1993216316cf197b,validation,90a0558b2c23366c1eb3ed00be7168e6d48b32ec5567bb0265124a7a6f8c6aa3
3654,Agreeableness,bad,g-008219fd12fabaae,discovery,77fb5d1fc08d48ac506652cb2fcfa35537b843bcd5be82fe8bcd66d8fd268505
3655,Agreeableness,bad,g-061720dce9873d2c,discovery,02cf19af33cf33cf7fb0568e4acdb998aac4d74f270e5b581ab59d7e4da29db1
3656,Agreeableness,bad,g-278c439445eabd44,discovery,46dcd7b31f9d9732507875420a58d26986835c486968284e4a3a1e41fd83606f
3657,Agreeableness,bad,g-b72dbdc2f5257253,discovery,0f62f77a89447f69ff12d06e01181e146caf400e037297f29b2b666edefcca9b
3658,Agreeableness,bad,g-c5c259af7b3306a6,test,cfdb1ec66b19af2bd493215749d1f64c95ea5018b4a3c9da2789b392dc1ccda1
3659,Agreeableness,bad,g-8ce46d0424510f52,validation,1c2ce686429b34ff290911ba5a3b94cd5b516e4c75c2ef86b22f59409027f167
3660,Agreeableness,bad,g-8ac95d0a88abcfe1,discovery,c86e5867321b72aceb0ee4fe1f00f7ea60e43bd33e7ee3586f77da59efdb87ab
3661,Agreeableness,bad,g-bebc2e1b8703ff29,discovery,4e1c64d93ef19fb1beeddfae5b4da4808b3812bf5f5b23d32fb62e4c215e9fae
3662,Agreeableness,bad,g-9b724195786dbddc,discovery,6bc5d5d8d8419d4be054522933e7464bbf2d3b19f9ad4170a5ae265988b74829
3663,Agreeableness,bad,g-694b7c4c004ac756,test,7803c35e0b68f604e4d15563d7c90909456fa9d16239b86939e33a006f968879
3664,Agreeableness,bad,g-3a2c4f6ca0105a0e,validation,e81f86206dcfda6883ffca20768958f800570b5c0b41b29496ed23bb95f853ab
3665,Agreeableness,bad,g-f75367b561b87eef,validation,323c2b2e97c550bc4793515a474bce2b8c496f1875cc5158303735d6be2084d1
3666,Agreeableness,bad,g-8c3daed2a89a647c,discovery,186090d6688182b7f76cdd40859bb7382f3a2aa59e19acdb42a641e26aee27b6
3667,Agreeableness,bad,g-c53f9f571ee73540,discovery,16301c653f15b00b451312ace30e3cd30ecbbf7b3e4c78c3ebc0c52a2d573d1f
3668,Agreeableness,bad,g-d6ec0245b8dfe6f5,validation,82a7d48ca933bfa7db0998e88feb7a7cf9f66e43a3ddd10ed3b7a646e66f8374
3669,Agreeableness,bad,g-64e652d584b87084,discovery,e1ff9c43915afb5443fcb2e1ca2891c35deb0ac64c8a6e14347e8d85148ace78
3670,Agreeableness,bad,g-db7ea0af96dda926,discovery,1eed15bbffbc064657d4a6da94b995f796e7eb2e77e0ea2f7f3fdaf65b502365
3671,Agreeableness,bad,g-583570d67e89f249,discovery,06ea2d44ae41f8ec7a00ec67077aff8d2ec607ac1fa504ee1c2c46f01b0c7d46
3672,Agreeableness,bad,g-3574ab13f4cf599f,discovery,5b1d9efa27799480a8dcafd54c53328d703b49cecadbb7b28c1847535c972015
3673,Agreeableness,bad,g-ee40c7a4f138508b,discovery,ba4f4225041ff596e1bd0c005e0f883afcd54d038565a19531a66e388aa02d14
3674,Agreeableness,bad,g-75aa59a5b13ab2c9,discovery,db1fe5f4f863153a2b28ebac4b4b3bf74e85832d6e06bc698a7f7a18d2910634
3675,Agreeableness,bad,g-714b36efe7e5e792,test,1857f74fb7471a8e388fa801df85855b34ee5ff62968e1488657e672af5f8301
3676,Agreeableness,bad,g-de860e5813d0a068,discovery,e1a717352f05ea9aae1f40610647d924ea8b3a58db266aab4d956a6ed7aa56e4
3677,Agreeableness,bad,g-fb6cf6b53fa01bd2,discovery,2a9c630da485bddce2a71fcf272a135837c831df64bdae2396d6c86cfb8d948f
3678,Agreeableness,bad,g-e69824b502bf001d,discovery,58ea62cb7fcde5e9b824b61e14bf4652c14f7b4fc5084105945ade003791aa1a
3679,Agreeableness,bad,g-8dfd5c67ec3370a7,discovery,bffe59863e7fa72a6e3b2afa34167656c4c7172d9af510a0890a613ccebb45b1
3680,Agreeableness,bad,g-58c2a96a144bd5a8,discovery,dbf3bf55861298f672e9c169e1aeb066ccaa9560b58684cfc85a09ecfc95b2ad
3681,Agreeableness,bad,g-0fc9e19673831768,validation,fac09c0d08f1235abfa75d88d3c69a8b75997d44629db8858b5668e236776e75
3682,Agreeableness,bad,g-bfcfbc50afbaf845,discovery,3dfd22777468a5bd0b5fd756de62a3f4b45a22b8ff4aed35a50da57b256b5b08
3683,Agreeableness,bad,g-1c9deda4ccc227d7,discovery,ffc9826517faea2ee48d6541359792013f1861bbda0eb1c44a9e87ed4f9534c7
3684,Agreeableness,bad,g-80c4ef34c17b1486,validation,20d10b0940e2fa4029b64052918fdba6abd051a426be182b06888859e93ca4f2
3685,Agreeableness,bad,g-341be33b65a3416d,validation,58aa6da309433d2f822e08b86f827f518c11309d8faf803e53ff5efaac10428f
3686,Agreeableness,bad,g-21b53f9f5d935f5e,discovery,474c49be842b4f61decdc43a4c5363bc130d992ebfc71430cd983580f61d8326
3687,Agreeableness,bad,g-4a535e2623873173,discovery,e86daaf9798dd6b306cc45c98e23113dc6df59568b6be9b61ce128f222d3101c
3688,Agreeableness,bad,g-f6a431cb5d388d17,discovery,aded750b8e2deb419871c2257f65dbd3d3e46ea954fe7d5013532a584d9436b1
3689,Agreeableness,bad,g-56c65992e1c483af,discovery,dfbb0c4698786361116d4bc54c292daf4f407bf31b790cc8a67d1e0e7077ecd0
3690,Agreeableness,bad,g-49660cd8188a3cba,validation,9d11dc01c61eeb7d13621dc62ace863dd8b28ddecd323893bb2917708ee1905c
3691,Agreeableness,bad,g-1a3401696012640a,validation,a486e8a443bbef22647168e807d0125ff14905f5ef534200d4a8ff3d1f5ba15b
3692,Agreeableness,bad,g-918eaec171c223c6,test,3b6038e2513fb2370d1932c1561aeba38b268dbf80df364b3d1edb0aa291e467
3693,Agreeableness,bad,g-a2209a885d51f691,discovery,49a23ab7d0773873ad226611e2249abe571461ebb4a562aaf8e0a848e1e0c87e
3694,Agreeableness,bad,g-ba350675a0496c49,test,61477bbc1f95b714cb8386773ef34a5fd9d32a59fa446aabe9188cad19df4d90
3695,Agreeableness,bad,g-877f01a8d4458eb6,test,cd7ff3dd0b6c446fa946444530ac1856251b3755e80e512fdbb4676eeea89d26
3696,Agreeableness,bad,g-66bb02dcd4dfec9a,validation,1b27699fdc3455c4ddc06a288d723bdb0fbd169657905c817122527d6e9a8d48
3697,Agreeableness,bad,g-fd12dab45dc894d6,discovery,579181999acdb30f680a5de9feae7f2b63f64cdd40afe59f2dd4b1d8c37b56ba
3698,Agreeableness,bad,g-d85b9de27c1510b9,validation,1613a63d576b37e2cc2fdbecc7990e9324cc6df7952adf621e244d0f3a468cc4
3699,Agreeableness,bad,g-3e01fa0874819bf2,test,82fd15d3aed552e4200055711dd55cca48818ed51cb6eb3b5436f45e6668381f
3700,Agreeableness,bad,g-a29836f2f7db39dc,discovery,aa3e1c6f3bcfb85d38ea0dda38480642a8155df3ca1fc81afd1f611932aeb9c1
3701,Agreeableness,bad,g-f37309bd4bc56908,test,cc0f1acd962298650b8b66288aea43294841feb5ac1806eb4449c7d82600a72c
3702,Agreeableness,bad,g-d974ab158bb24355,validation,c66e8bab58c73c83413bdd4c226ed2827404bd1993ba941ff4606aa8498f08de
3703,Agreeableness,bad,g-404a4345f497ec67,discovery,c3a280f212798b8c27bfd17fe9f0781637982e456adfb89d24869794cc8f0ada
3704,Agreeableness,bad,g-d497b85e5af1cba9,discovery,a37574edc6ca65f2c9343b1907273b94518a56c20a35043c50809fac9835b0a0
3705,Agreeableness,bad,g-543355eabffec6c5,validation,cb59c11f92ef6f4fa08fa04bbb1ab1b1538ad8b1e72956f176fe65677cd1a8d6
3706,Agreeableness,bad,g-1a43a8e6fada2b91,test,e7286303c21fde841026d29f7dc913eea107eedbd16fb4ace7fb2448e7f06071
3707,Agreeableness,bad,g-11733890d0dc86fc,discovery,a811fd64c7ab3538eabd46735b0396add6a1ff406e6c3c4648cf0b329689beb1
3708,Agreeableness,bad,g-92ab2a82c948b288,discovery,5b44383160ef0cbd6d8cadbebec9ba78a0321123282f060dae0f714661f45d57
3709,Agreeableness,bad,g-7eedc3f3597599c9,discovery,9b3fff185de8827a40cd894e99f5806e8a6522f426edd5656de842868a0a2b04
3710,Agreeableness,bad,g-a59c228776103c62,discovery,8246d92f7650f59c264160dc494e377dba0138ddf968dde7d390ea74b210feea
3711,Agreeableness,bad,g-6eb74226debbb264,discovery,b24d6c1baa56ff4dd96fafa5e0b034ab315efe2b0ea780b1f76f404966877697
3712,Agreeableness,bad,g-1f964367ced1e68b,discovery,74a4b4aa1af65b3aafa00c4d156869d931102de01a9d2ac7ea0d5417deab193b
3713,Agreeableness,bad,g-a7154126e3327ba0,test,3a00ddf7e7265a5ffe29f285af65be7754660656bdda354b93bab6b878c24d2d
3714,Agreeableness,bad,g-760aecbd67f885ac,discovery,a8648799133ec3f535b9fe5d3a961820bb085f1fcfc3acb0101af52334611521
3715,Agreeableness,bad,g-d28e79e4f9bb50b3,discovery,c05bdda40ecdd32b13a880d0d032caf89fae1ac3a7999f2dbd2b4f36077409e1
3716,Agreeableness,bad,g-e3740ab76fe97e87,discovery,7d1efd0c2423fb10a5d75b38c527e275313e08bfccf9ebfb600a00f4b516776c
3717,Agreeableness,bad,g-62967f55fadb6378,test,5541e44d395f7d25bd838eccb585587af571db149ed24a4896c84ec6a646d9f5
3718,Agreeableness,bad,g-5bf6535370a39630,test,004c26b11a10a864c3d2b2df9d20e478e5a0eee834559f39537a5735faf59efd
3719,Agreeableness,bad,g-cedcb6531f0a9b2d,validation,c304370a972b9c8cd582f3ac113cc404ea944328371c5876b202415e152e9142
3720,Agreeableness,bad,g-33010336d43be7f4,validation,9a686d6ba776a8c0064704b46f02871c03bf2ea811ada60c01cf7ba4ff118cb6
3721,Agreeableness,bad,g-4da70a541c3430f5,discovery,3a69ab819cc5766e07cfb996f221840c3623484c18d2821e84ce18850b936389
3722,Agreeableness,bad,g-8898920a218652dd,discovery,9b25b5d0ba7365202ae806f0990a455e7d74273bf8f15d50754a394cece9aeb9
3723,Agreeableness,bad,g-ca6b26d6c315a660,discovery,592498a0dc0d9d167f863bbd7caad8a58c3643c169228eb0084fa34493202f0f
3724,Agreeableness,bad,g-fb5e1e195dc3eaeb,discovery,2d5285685c2ac7935bbeb0f013212effd7e2963d454f1ae60a3ac8d166786562
3725,Agreeableness,bad,g-58cc34843b0b319b,discovery,7e031dcbcda2878f3491c9441db726d3758c54856d734a6936b1090956b5f865
3726,Agreeableness,bad,g-5ee56d825b198973,discovery,7931ef215253e226e773fbd8d645cfba725017df795f3cc823769ce98ff1dce1
3727,Agreeableness,bad,g-9ef014face5aaa5a,discovery,7ddcd46c44d902f59a77dbf276a18213534a789e40c01309028e62566ff53797
3728,Agreeableness,bad,g-56fd790a98a793b1,discovery,ee0314e35a68894f1f681b264e70ad98c3f2272520ef1df1f39f1e20adaf2ae2
3729,Agreeableness,bad,g-953f297d220ff232,discovery,f07e1822fa348fedbc43dfc3d4528c0cee919db560bd3b4fb5b49d13cffba13f
3730,Agreeableness,bad,g-37d3b1eb060fd72b,discovery,26468638dd27853ce1f7365724c66050fecf9a115bc001988bf7d05deae86701
3731,Agreeableness,bad,g-fd26840547ef21ff,validation,1d2fcb0679852f83e0bc6e109946d626a01731da8c8f5ce0c3bae3cb8c479cb1
3732,Agreeableness,bad,g-5ec4494952d1e982,discovery,cd5f340b71fb790f56724317deac9744556a0dd091ac170e45a499af0d0c95bf
3733,Agreeableness,bad,g-4b1185ac20b908c5,validation,597bd8ab864c287802a5654ff57a8dd6adf3ead16f66607599edc484130c07b2
3734,Agreeableness,bad,g-7f3b505233becc60,test,d37b8c8d836a1a6ad80c87881a808e9122e5daa623393892ce29927582164774
3735,Agreeableness,bad,g-9b927e583c8171ce,discovery,a47690ae13ffbff154ce37621b79f1b580334b0fe9b115ebae7ca60c38aa3966
3736,Agreeableness,bad,g-6637201364521603,discovery,75f8f907a4a4097f710a1565472b98ba9b7558e6b122dd910176c47b94005173
3737,Agreeableness,bad,g-992d3f37fbc8ebbd,test,65d87e583e57c6e9f373e014633deec24b59a8398da6891ae4c8df84b065a6cc
3738,Agreeableness,bad,g-c10a30a36899e559,test,28710540c4fc9c687d9bb7f44128188fec5f2c47488ac910465aeda7745cf44c
3739,Agreeableness,bad,g-d2b154a47516045a,discovery,c2fcfbf2da0a9615e414c807b58a23379c7209c476f3af77e5acd3c3c6e470cc
3740,Agreeableness,bad,g-e950a9616c41de9c,discovery,fbf70effe1268ddc27c37a854c06e5f57b0bb8ea91411cf6845e981fd5ce49ea
3741,Agreeableness,bad,g-28ab031e94c84fc8,discovery,f87dc6cbbf1ed0b4151309e76570403fc98953e41e131594d8a5041bcbd26c55
3742,Agreeableness,bad,g-b2830315d59ffcfc,discovery,ac4a9de816d010eb8991c04d9dc243f3ea2ffd266065a68ae945843d23101988
3743,Agreeableness,bad,g-005d6f1ea7e89ea5,test,f80168f61c214e990b9030ea80b3dad924f8c46316b7673373894fba4b23315c
3744,Agreeableness,bad,g-f8b0b51f897aa3d8,validation,5670e9135b743cacac619cd5ef50fc3ab41d90b0ff0be3406f365930040b8970
3745,Agreeableness,bad,g-ddea55d65389b3be,validation,43f5a0940eb2696225ec9732e722c2651fce5f01aed04d59400c0cd82bb6020c
3746,Agreeableness,bad,g-f1b5fccbc3cdd652,test,16a87c8d080a74d01f44dceb0d479ad9018fbbaeae708386a796058cdb4977a5
3747,Agreeableness,bad,g-ea41647af95a44d7,validation,9919496fcf5ae157cfb91250d09b724fea243a8dd98fa7a3735bcbb73b5898f5
3748,Agreeableness,bad,g-15911ac17fc168f8,discovery,c4ae40ac77919274298d53b77b76519446393fac68961c4ceca4e546a5297a9c
3749,Agreeableness,bad,g-ef21bcf77cbc3b5c,discovery,2b40f5f237dcec36d8d6ccf7a2ed2c2f2569fdb9fbae257ce40df5c9dedb251d
3750,Agreeableness,bad,g-3b6fffaba7acbe70,discovery,3e5191a1aa7c8e7b7f71ebc65e583334c89a96cd6d2fe8d45ad98118d88eaef7
3751,Agreeableness,bad,g-2ccdd6625d9c8fe6,validation,4d9963739beab41bcb55e57e6a525e597f41eb35a4b318eb81d1adb92dd4eb4a
3752,Agreeableness,bad,g-3e88cdb062faa10c,test,e5e22e8a9631e4269d721ea7045db553a348ee40cc85214f250ebec68e2c2af7
3753,Agreeableness,bad,g-bb02165c17b423d6,discovery,57c005d2bfd41ec2ff4ebf1099d33b0121157e4ce150c328215a6e3de1afb187
3754,Agreeableness,bad,g-22ef3c7eb3d7520e,test,09afbc4a112885d2d98d761ade05b82bdaa0dda82e0d39338e2d60eca7d3bf59
3755,Agreeableness,bad,g-936c07b19edea71d,validation,30d396c774977060b91c7f7db60fec7d5e60008f57ebdbe68e22596502c7c0ee
3756,Agreeableness,bad,g-15dc95d54e26147a,discovery,34c529f895d22e3e160dcd30f6bec3269a8494995c992db18f0fe979c5da1c50
3757,Agreeableness,bad,g-36407b2b928545bb,test,10211c0a8cfa193cf0d78a962cd7114b1f0284a9c80d58388a34cc9d237280af
3758,Agreeableness,bad,g-052fbfe01adcc48c,discovery,1ce61434a070e9fc74cad7cd0357d02aaedae61cf3c94e6531c527204249570c
3759,Agreeableness,bad,g-4e398168576a5e6d,discovery,650bbf88b34b956857e910476ab695a90ea4f1867566c356c30b75075cf662a0
3760,Agreeableness,bad,g-7f77ea61d28ffa0c,discovery,52a4aaca6e5fe4efa6e6c6c8d8401086588c94d4d196a11b0f7c64ce3961cd8f
3761,Agreeableness,bad,g-906532f048bd9c89,discovery,c069edba80ac4b6e36b03003d2b03ea0324ba55b7c407a30fb0d1e7290e13b04
3762,Agreeableness,bad,g-36ce34750f58f2cd,discovery,5845acf47f2442c606c84dd0572efb1daa653a9f692e1b39dfc622f6390b0dab
3763,Agreeableness,bad,g-7e33c601edf7bfbd,test,605be0ce8eab8eb48d1941e1c29ee84d041a7a53982f2ab7c04179f9b3473ae3
3764,Agreeableness,bad,g-11daf4ad980f3187,validation,fbb7ef6416a4deda83073a2f7d99e45c51e1f1406cbbec329555a932a8a9c07f
3765,Agreeableness,bad,g-8ed49f370419731c,discovery,dba8d0ecf8060c730f52612685ffeb31875ed3e4737c1a40bd88ba279fced6ec
3766,Agreeableness,bad,g-67b3dfdde2d89092,validation,2e5f3771e5b112791c564452b3d959d97fb3c743e53343a10663eab1324f5503
3767,Agreeableness,bad,g-c7bc2139a834f00a,test,9b7d0e7a48853dcd9c21a3b63fb1ad55c893591f111fe53c2ba25b5e88cba8ad
3768,Agreeableness,bad,g-01b4f6fe60a82983,validation,4b3cb184130a7caae014e81e1edfa4f0a5dd247547a8118c8da32a5d7d2c37c6
3769,Agreeableness,bad,g-e7cc41db87c52334,validation,bc7d8244aedf34e5145e5a2505f29b403fa078b2f5bea02f55a157dcaa92515d
3770,Agreeableness,bad,g-91f4a4e4a43ed3dd,validation,36e86fa0a409a62dcc3798b492cdabff11d97447c1c282a3375d23f6b87f8022
3771,Agreeableness,bad,g-c45435c75f999b77,discovery,e9729ebb0b7d6e59b07e1f6a7f66c3a1958f00d731f4360beac81f7e8b2a9b22
3772,Agreeableness,bad,g-dccd0d1e5d30b0c5,discovery,98a806ab6525fb21f16e79c397cb13031f969db351394cc475361a05a5ac9728
3773,Agreeableness,bad,g-840dfc38d578c979,discovery,8fc98e7db03133f574b64ba877c7ec0464727916de89c98b85d0fa576a83ca3e
3774,Agreeableness,bad,g-61d291c9e1475ab9,test,f43f1d04e866c590912f347e19c2df5050463e63fb3de7c53a14790f19e33c74
3775,Agreeableness,bad,g-efd20bd09b9ab006,discovery,64faa1f569dc4bd11d8321ab775f619a295d2c91ba3b683f568019bbfd348708
3776,Agreeableness,bad,g-7c34316928cfb7e5,discovery,7ce71a4776ab3f0f1c505f1a94fc425d2810651c15e65fd29bf5ce7567a656e0
3777,Agreeableness,bad,g-908b6253bb5a7cd7,discovery,371447fdbd53279a17d4fcf39c7f61499a9635421cb78a39f8d01e0113c0aac8
3778,Agreeableness,bad,g-d5fd129841272d27,test,e57182eed0050be5eb22c5449f78fdd44ed1d630a9398f9c4a51ba921b97dd91
3779,Agreeableness,bad,g-418852c76db3c9e2,test,dd9f8652ced4bba250d205836cde0df2a1f52ea8c82130d6a2caba80871287f4
3780,Agreeableness,bad,g-3294206adcd22142,discovery,2c23bf82d2ec2b7b19d8df483bcf20f3e1c38e5328c86a3590b1b9d6e3bdbc4c
3781,Agreeableness,bad,g-c20b707752f2d201,discovery,ef171689b0c3a8a4a98a711ecae9a95f24a9cc24b8f629312ad5eb0233ab008f
3782,Agreeableness,bad,g-d14e508e7782fb3d,discovery,0c70375902aacab4aca30b003ba5ff1ba1cf1de711ca408c8a61ef9dbf8419d4
3783,Agreeableness,bad,g-f2f255acf7000b38,discovery,be71f2a340306e9cf3c8f5f424de2ab4eee5c41c13558c3c00d2bab49ebcf31e
3784,Agreeableness,bad,g-ed79c8cfa8dba25e,discovery,a33076ab35c2ba584cd4c4b7c3554dc6b1cfdfa62580918efb435077afa27dab
3785,Agreeableness,bad,g-e1bf9f031532a627,discovery,2512518c83f143973da047edf746aad99141b9bd103264b106f9d0442824aac4
3786,Agreeableness,bad,g-9af2a4c246038873,discovery,7416227025a2f1b5c8a6ee0a663e27069d8a9144733531c13c8215cfa51a758f
3787,Agreeableness,bad,g-27bf0b27bbc8b3ad,discovery,fc1b378b685e090e7ca834fed3d8c80723bbb64d37d5b5b9ccec949acb008bfb
3788,Agreeableness,bad,g-ff16cf46e8c0b5f7,validation,e1f752684bcbd1776b91dd1b424b04720e30ad8a860df038508422ab396a6e61
3789,Agreeableness,bad,g-a7d446a75fc26b95,discovery,0edfa57ed2e8b1aefba70c8e1dca113d82c397811f91e6b83a5b85b23d50e635
3790,Agreeableness,bad,g-394e224ad5a1f3ab,discovery,2c84465d8bcfa89e48c89cd4fb11c82aad5789584a319d6d259b22c570a3af9c
3791,Agreeableness,bad,g-4a31902f518ea74d,validation,bb0a29a9338d583a406ac5f98b44676beec0211eff147173cf9a8ac188e24194
3792,Agreeableness,bad,g-3e0d66fab2282b7f,test,18ecbdc50c6f1f91c1c4ca808827cf5a6c8c2ad87ef8b116ea0e18d6a9be877b
3793,Agreeableness,bad,g-abb950dd5e5cc230,validation,3eee51ae8f1f101b7c321a0a0a54e69387f3eda79b6520aa14649ebcb1164081
3794,Agreeableness,bad,g-543750803033d099,discovery,54fa85041c3d17803066b50d243e6308d2360218571f745e61c7c7ab21d3a05d
3795,Agreeableness,bad,g-4a379e0088f2d625,validation,09a1dd9a27780e15bada762fc3a3dbff816d5467885b58afbf422b70de6e114c
3796,Agreeableness,bad,g-ad5462cd5266f662,discovery,8fd61a4c13b2f7cd7d57ec30d262aa3c0f8b35251402e017527a8550f3179080
3797,Agreeableness,bad,g-8239400691f96a1c,test,f4e0b02315fbcde5fc3dbeda93a584b9f5abd4b56d40b9e93e1f68c2e6cf29bd
3798,Agreeableness,bad,g-cedf4271b9c067a2,discovery,afe0f6483a907be1ed0b71c0be9c490274dd4ecd9dd92937ccfccc57c1ccec98
3799,Agreeableness,bad,g-d0a20c487b48792f,discovery,590d3b9dedd2deff3759101365c93b8a3c9800e6939bde663c74685b560b3d06
3800,Agreeableness,bad,g-447d6d77fca03ae7,discovery,90981b43c379ee78912979ced1626faf5a0676e39273c1ef54480bb8ca30b3ed
3801,Agreeableness,bad,g-9710633d491184ba,validation,d94ff1cafba0c4e943d46529cc01d420d05e2f933100a8a89cf22f0051fa735a
3802,Agreeableness,bad,g-0e82a8498f7a78f7,discovery,3ce95e2b3b057608ddbc22dd6647f1c5086e7ad48d4662565f7a4ecf3735792e
3803,Agreeableness,bad,g-104c7ff8b49fd3cd,test,063caba300cc6c6bc47b04a48fb953ba4eb9954cf84c175e7b9f1bb665b91277
3804,Agreeableness,bad,g-ab98a891ca171e60,discovery,21239eb9a4fc514531fca911ead97c018da51741c0a57a5f817a732cd3c54849
3805,Agreeableness,bad,g-a9dcac45c3285d0a,validation,ad355f04a15b7f97b68c8774f3497752337485619d1fb6323edd1db07f62ca98
3806,Agreeableness,bad,g-d196661eb2dff279,discovery,605200a9214ff802bd8c2154decc754c9f2e49671cffeabdec321b28670a82f9
3807,Agreeableness,bad,g-db8ea43f1205cd24,discovery,9f5707c9d8841a26e63611c10b77fab3485d7990ef26e6188a52c0b2bf4a7eb6
3808,Agreeableness,bad,g-69bc6dc62e8f6bd3,validation,34921bbfdd73fdc4bb0ce862a2ae3b0f88ea085b3eba5db2566eba1b83ad2bed
3809,Agreeableness,bad,g-57e1abb99076a715,test,5f0c30bb923540a4e5ad2f3ee9e29a248ec9d5311800f67c239b70dac8f19c69
3810,Agreeableness,bad,g-eb26e059c00624d1,discovery,ef38440867b2cfecd776cd0f407ee166e5279d90d9a28d096696ace941379589
3811,Agreeableness,bad,g-3f3f5813e7ed3201,discovery,fb2730d7cf9939a0a0353491e5e14d63d05077c8b01fbd84327a2515e0453b27
3812,Agreeableness,bad,g-f72759bb60fa4e63,discovery,15f85819b851e31654e30481e34a29380131d9234c129d8ae708bb044c35c0bc
3813,Agreeableness,bad,g-258163fd2a97a6e9,discovery,e97896ef540665e4c7e35ff9b18cde31651cd6cd51b1f70de03050dfef0e713f
3814,Agreeableness,bad,g-d4c3b45a0c359a2a,validation,f1b39ff1be2c1b67d22b43b498ad7dbcb90a1e72fcac3f901d6c56974d2b46d6
3815,Agreeableness,bad,g-7bdff1400fe87f49,discovery,a232b55ba348fe1de5ccba3800812857c12c05288e95a41927c2899c62666357
3816,Agreeableness,bad,g-8a80ccc9b804998b,discovery,e4f14c361b50d45a9e019593506f95ab2835ead2ff45b876f67f95a77eeebebc
3817,Agreeableness,bad,g-574924ab8d5fa3b8,discovery,0f33ad0b19a1b6d142d39b36baaca6b157e14cb79f8c2a4188c03b9280efb4d6
3818,Agreeableness,bad,g-1ab31bf065fce009,test,d5fa3d673f60fdd63c39077f93a71709c642c54b579d0f44b91bb5d5f76382ce
3819,Agreeableness,bad,g-0add9fe063c81b81,discovery,b0a0c20a2a57e5b52f5c9b1940dcdbccf1efb83646746b29c58a68d0eb8e0097
3820,Agreeableness,bad,g-da9236d0b227b756,test,631dfaca9ef707b5403ad9ff68c49d7d49a581a3cc951f9f2e6bc767d351e4f6
3821,Agreeableness,bad,g-eeea408fd7b1500e,discovery,f09b8528500b4fb0ea390a37ef97656a8c0d1dc4ac4ab3106f799c6cde329cf5
3822,Agreeableness,bad,g-e1a3b41664b50643,discovery,08a69e1a7dbaaef1c30c2d00b9e914d8be273faa03beb150d346e3fd46a14fbf
3823,Agreeableness,bad,g-a9a6d485e33f3f86,discovery,00319757e4a942fd7f515244dbdd938c31fdda706daaaee1f52a3c75f81661a7
3824,Agreeableness,bad,g-7c0236c945f89939,test,f99949d7970ce9018b4597d607af7e61595dc632e5153070ebf6cac2bd70d091
3825,Agreeableness,bad,g-c71c5c5fd7f2f054,validation,eafa20c5f23318c07eb77a16bb1796373bbf5e0d0898ed0dfcba96216627da4a
3826,Agreeableness,bad,g-dfdb323bf98d7bba,discovery,8438be989ab6c5c7bfe907fd5fea1d5b4bf95fb8992d521d314793682ac7003f
3827,Agreeableness,bad,g-d647f40cd6f400fb,test,9b9770a2c4cd08afd4ac398d00b12b0c7c5c8be488b53e9c18a0a9a79b32f315
3828,Agreeableness,bad,g-1480f162a12762c1,discovery,04677365e2e82ebca20b0b413b49fcb90d44f64f14ef2ad085ee71747626c1e9
3829,Agreeableness,bad,g-f60b61ceed3880a7,discovery,e6f0f89a61466013bc0530f19cfc1e339abb11fa2f85d43970b9a7fdc932b9c4
3830,Agreeableness,bad,g-f7ab2d3c68ffa728,test,2e408e82ad31f51bb1adb8b797145a7994dd8f4e5ed39b853238f5c7a9f64499
3831,Agreeableness,bad,g-68882c7f85eec668,test,d624ad4bfbc372d5ef066ae1a8f317f3c3572fd05dea4a1ad4c477fc338f3520
3832,Agreeableness,bad,g-f182c06305747258,test,988c2538d72b5d90f9d5665de808f2e49b7c756d35df177a5c22a0965492bd41
3833,Agreeableness,bad,g-e26cc4e2db5e5264,validation,71eb5be96f86a9d63e0105671994824be29738d42dc2f6049802c5072220a1bb
3834,Agreeableness,bad,g-13d8f27f4e4fd47d,test,8f79e7f4cb2fe816f348390334e78247a48b7dfc5ca50687ee07aba9c0fca61b
3835,Agreeableness,bad,g-c2dbc9b77aa37785,test,e401b397cbae79d4461c9987750b13c62e93077cba8b388f39c6efb138297f92
3836,Agreeableness,bad,g-008bea05f758e93e,validation,81b00b8488cfcb74c46aecc4c35e6f3865d4ea51ff6faa4771c0b0293bcea525
3837,Agreeableness,bad,g-b77f04af862648dd,discovery,5c2cbdf0e4831d16a605213ace506662261b1ce722fb1884dd44cbee31f46d29
3838,Agreeableness,bad,g-a361505f2587d360,test,17eb1b09f22dcbe6a1298e39a480c031ab9e85ed618acea18439452bfc212fb0
3839,Agreeableness,bad,g-9c99b5e509cc4729,discovery,9418892ee5dc6a60469d1a5da4a2e09db89706c9239ccd7d23375b7f25c2612b
3840,Agreeableness,bad,g-103946c5de3baaa8,test,e5e959b7da17c04c6f52b84c5a56e1f94a754484845244ac8b127c16d525a382
3841,Agreeableness,bad,g-ab42530e76e49f63,discovery,2a56bc3e7884c38ba249346a7edd56c9181f6c831d56953f06f1a66617a0d65f
3842,Agreeableness,bad,g-5ac5a6dd316a166f,validation,ac91af6511dc71ff7fef1dcc51f547ddd64a4b5114272de0447eac2d11a35068
3843,Agreeableness,bad,g-976f3c5b7ad2fa8f,discovery,b0cede3aef3c820e5e6181507cb78698c120daf2fb7a9b0542c4bd4088d0f5dc
3844,Agreeableness,bad,g-9876806d56907eb6,discovery,5014bf6f279f9e4800a5e035afc55d53f59ac0e0e8ed7713ad2c2cb3771871ed
3845,Agreeableness,bad,g-b88e98880d5016a0,discovery,1b0e60b2083299dd1ea489538d1b9ae6166ff537203e42c91e40883eed00487f
3846,Agreeableness,bad,g-f07ca29a0ba14e05,discovery,f33e8e531a7442697fd1723b58e05854b144e619e4bcb14b640b63ac3a4575a9
3847,Agreeableness,bad,g-9f655e9063035d54,validation,1aee5aabd57902dd8f87548678c22e2341a7e57cfcd6eb5390a16e1f98b9d5bb
3848,Agreeableness,bad,g-ed6b64d22da89872,discovery,c0bfc1c763c50f3033fd0de1911fab702f9320c9bd05d1f814d017745d79b7f2
3849,Agreeableness,bad,g-14cc9073a1f8e8ae,discovery,a998d85b329a5b44d7cc8acab847184a1bf3f3ec9c71940bf0de2bed0d05b374
3850,Agreeableness,bad,g-8f81b6088e7a0776,discovery,ce9ebbd5fedfeb3665f4aee4e5764c383f8690f7d1ae5b81ca2a82a699b4964f
3851,Agreeableness,bad,g-59d682ed9bd2270f,discovery,3471fe2381345d1f09335ec808034e16b36f46c6b264205b721678373fb091fb
3852,Agreeableness,bad,g-0695f8ff33a0ba97,discovery,f1bc47449a2aaefe7763dfc4bdbb906f26855e742ec6185c0a5e322dbf650dfd
3853,Agreeableness,bad,g-f048810a92816e7a,discovery,83834cbc891f6f269de3819a4f2b3ee0f93744710bfbf7328a93513d0d67097a
3854,Agreeableness,bad,g-67a7b500500dfe65,discovery,385f75f1d86570587d2045e718667a530a2f76d6fc61d60034685134cac54d94
3855,Agreeableness,bad,g-cb2eed8fc98ca69f,discovery,4e2398356f3c35c55d28a70ee9633ea8673d6108a0531b8a1e29579e938076f3
3856,Agreeableness,bad,g-5e9a52328779a945,discovery,ff3efe89d3d442fe6c96d4da1f814615f70d624e3a9e6ea0486688469090ba3e
3857,Agreeableness,bad,g-e158a4001ed24398,discovery,b2d69a7e09130fde45ba06efa37c2a2e0c9f10d72a8aaa544cd7dbccc65fbc23
3858,Agreeableness,bad,g-ffdfe8c15a713ea1,discovery,fb8bcd1d33bd72e2e99dbf1328980576df18785826fc766333a44f83f80f7c52
3859,Agreeableness,bad,g-883f0d2550c7f812,discovery,d3a6e9b42f2055240730b46f70b6e7f79561b910663c8d20e55f39cc71c1c9fb
3860,Agreeableness,bad,g-504153e98cd537e9,discovery,adbce57fca7dac6c6b6a566b3668cd578e5df5a48ae0bb89c1d326080cbf1ffd
3861,Agreeableness,bad,g-882a4de5af0595c6,discovery,a87cefb4ff08981af23d68673a3a9d8882179d9bc12264be06d4ba145d64533a
3862,Agreeableness,bad,g-0d5054c4d91e6b1a,test,180ae5ef7ff0fc00e5f44fe43f34ace2a44682c39728805b24ad8dc7deebd3d6
3863,Agreeableness,bad,g-0dcf21352d64376c,test,181ede926c84e50c9b8321d93717cd4e060f57c666a1b68191c032819df6005a
3864,Agreeableness,bad,g-1616ab3213655c5d,discovery,6e41de1e94b91b3aa0cc67637323e03e1d1210b3236b9eedf8229324c869bed3
3865,Agreeableness,bad,g-96a4545bc470dd43,discovery,802b5b819eb846c030d4cccab00c8cf12255e96c96438ce4ccedd7e2191c093d
3866,Agreeableness,bad,g-61e78d52bcd61fa4,validation,c27019c1bd2f74f935f0e0e54b5d34c94afcc79ee7003808bac3ddffcefb7df0
3867,Agreeableness,bad,g-94d0e97bb51678ae,test,31eb74b1fd0884849cc7e1aa58211a4cbb9fbabd3c7e0aa298e26c46847a0bfe
3868,Agreeableness,bad,g-06a6d5ec47125e70,discovery,f0d20501b89b92f58a73e74758b57be4c99b823b0fb898892316f021c6d42934
3869,Agreeableness,bad,g-d8d66b88cc64ddf6,test,fc637a471b28bc07adeeba9d67f0ef118705050713f28a68204432ee9f2bba86
3870,Agreeableness,bad,g-cc3a484250d2efcc,validation,210d8bd538f2af3c64546e9ce7d2a0d8a2995f7fe11eb385d9b14bc65e4a2025
3871,Agreeableness,bad,g-c4b290142ffd7377,test,56fee190e94f76938ace80f2439296f0b15f266f6ba79119194af6ad44428171
3872,Agreeableness,bad,g-986e3719de0c2490,discovery,2de1b162ce08d105cfe23d124e13a5134da77ae0fe1881085147820925bb4272
3873,Agreeableness,bad,g-872c02e1b3eee548,discovery,bba9706e16971af90c42f8dcc42c6c9e00bbd27a75dd7fa061aa7d62ca0935dc
3874,Agreeableness,bad,g-b4dbbc8ef2021af6,validation,190efd45899df9053dce73770fc08a652884e4d08c6d141ccdbb7c6b78cd26a1
3875,Agreeableness,bad,g-6d923bdc41aea819,test,b6b3ea6ae7430d33530ffa910e43aae59c890f31a1968b4cfc401fb16429ebc5
3876,Agreeableness,bad,g-2471133ae5443488,discovery,a1217982fca8f242b0b3cb05c9e4bbf54134feb2214c2bdd6b74beecb312d386
3877,Agreeableness,bad,g-b6396e8f8ac2c472,discovery,8c0fd8991b1c967bf78ce9257dc17466a7c902d7e09094607faf6dbc4b4d38e7
3878,Agreeableness,bad,g-ddec6ab123459cf2,discovery,b20979bf9e5dfa0681cf19c2299aeb03a780880b1f6081f5529733701f313873
3879,Agreeableness,bad,g-621f7d1a40094062,test,42edbed34b65051471866dc1e772c53df5a2dc625ab9868bbe00f900a662ba6d
3880,Agreeableness,bad,g-edfc89d5254c20fa,discovery,e2d52d80848642bb9a9832520a84eedc30bf61101c19921fb099d01c7b6a1799
3881,Agreeableness,bad,g-7159546799dff876,discovery,448ab60cc53cd5e0ffaac46cd302380b6a1a06a94284d350e7f032949daaf764
3882,Agreeableness,bad,g-a9c7808d3c1ebad4,discovery,67b99d665d5391bb4595badb0e3eff37260070c765536b5225187bdd64ba5f8e
3883,Agreeableness,bad,g-8f3a1d3ef7f5eb14,validation,7d1f4575d390729102d4b07c0176caadb650a7e4e21f5779d489706a86e590d5
3884,Agreeableness,bad,g-021f9f46cfb6e032,discovery,fb1470beb4feb8dcfe8f6b7f7bd1d5247cc1ac4729cba8ec940260e731ec0189
3885,Agreeableness,bad,g-cdaf14ff928fcc1d,discovery,76b85ead30b7f63741c41436b78285f5f35bdcd6403ddf2ddb1c0d42ac657841
3886,Agreeableness,bad,g-661b37ed9fdd982c,discovery,e711bdf2c6ee5d53bcdc515fc748a36c4d3c1510fba2f9dfe98d5dcf46f7cd07
3887,Agreeableness,bad,g-59e1362c65d9232e,discovery,dc552ee9ec1ce103eefb3b904357dede59fb6038f37dca63928ac43948de9313
3888,Agreeableness,bad,g-b70bcd43c4f79db9,validation,ee13d00c75458640b2695e6749ebb76b60a65a750281110650a23332724c4bbf
3889,Agreeableness,bad,g-594b11873842ce4b,validation,538fdda4aeb0407b5fe44d174822c1ca0139214e34b32e28dbb2b23dbf545393
3890,Agreeableness,bad,g-27ddb4b1e9bbb0ab,discovery,af7553f832483b5f6df0b81e1d7115c4fea88cdf7dc7249f5f7cbad6faf86512
3891,Agreeableness,bad,g-d697d1077e3479a9,discovery,5f2018b2a84d7f84da1e66e9aec195239d4ad436bde4a5c917c7d7f5c1cf2a28
3892,Agreeableness,bad,g-6ff1140bb5cdd913,discovery,21a6e3e08804a87b84128e2e738c24d7ae6b52fc0d1eacfcd856159686dc317e
3893,Agreeableness,bad,g-9d79b5b8d112d876,validation,eb5bee002894b29a3e14e75eff528ec2772d972ab74c5f3555916e2fdf0f310c
3894,Agreeableness,bad,g-e297136611999001,validation,5fd85f4aafa1ac002b1732d467d12e5a61f78c0a8bcb57259a1e389bd6a0a179
3895,Agreeableness,bad,g-649467151d5185ea,validation,9df8bea055e808746b91f89244978a49d01878dc069386c31db2e11f62357bad
3896,Agreeableness,bad,g-097175a4ac68be2f,discovery,5ccd7681422a820737b8a6c0c1887efe4b0aff63599f8522ddb0c6bf3acea7e8
3897,Agreeableness,bad,g-a8362e7ce18c0a20,discovery,44c49bac915225dac0387bc36bd0b12b59d2e9e547986f88eae142811ee9dd4a
3898,Agreeableness,bad,g-271b289b1ca26624,discovery,00eca9d640612075dd371e56ff5a28003dec9b246262c74f96ef76945434aace
3899,Agreeableness,bad,g-644b09aeecc01ef5,discovery,8c8a8385622a45e475e7fb16945db515ac1c09d9ea5182a287ca4a2035262527
3900,Agreeableness,bad,g-48ee7a54b73ca930,discovery,1f60f40d385e8b6590345b5bd22925d78d357e168ab3a395a5311e50120aa26f
3901,Agreeableness,bad,g-bae04d6a5e59e71f,test,868b1dfc0dd5dca606f20effa26d78817d9579deecd73162104515ddca7e760b
3902,Agreeableness,bad,g-a160b0ee3739623b,test,855f50cbb0db69bf51f872f876413d09cc592b3d506dc80f9dc17d5a9505abad
3903,Agreeableness,bad,g-5a1eab0fa91722d8,test,fd5ac660b95eab418300258a812cbe49092b700e6ae191fa6bde003a34a72a5a
3904,Agreeableness,bad,g-03119ba7297d1ff9,test,61c09fd83670ee6934beda85fbfc857ad0a9964e9ae9072498e80a8eae39fb16
3905,Agreeableness,bad,g-085463b49b91ba77,discovery,5a2d397ef328d516194bd3cecae8919a0235f3c9ecd19d2aac8b1041fb493646
3906,Agreeableness,bad,g-16fb3793edd5a76e,discovery,bd95c085fdb8483963c2b2d391962162ae81b31942507d8b945dbfbce936bceb
3907,Agreeableness,bad,g-ff32bbf6d189341a,discovery,8fbbe91690ab4210b861d71601ca701d35af595af0e5add6accf3f5522916532
3908,Agreeableness,bad,g-b72903f9fecbaeef,discovery,d4ce5fe169a00412d82c443c33c70e7c263ec5f4e6e7cdec880e2fab4d74ab4f
3909,Agreeableness,bad,g-07413f96090198c8,discovery,c8a777ed53f6c6e674e3bda8d87d821b5e485c9b3d4d9332b471bc542bb0375a
3910,Agreeableness,bad,g-7aa5961582f8ee10,discovery,5209fd7cb719b94f9949f90e927fb6a636b6853af4f1a4d507a0e44d0e51c0c1
3911,Agreeableness,bad,g-eaa166f9dd9314ee,discovery,514927a5b8961470521dd57f1184a7f8036236fca3a090823ed153bf82b2a3b3
3912,Agreeableness,bad,g-c591732e1fb19682,discovery,b0228337fd69b0feb86a57e5b0a33ea455ad6981b91f566a1104cd37d7f4dccb
3913,Agreeableness,bad,g-e2297e89c0a212e0,validation,adbab202abdbe85200cbd3444566451c0fa07ebe88bfabb448dbbba76f901d35
3914,Agreeableness,bad,g-c52a553f8fe3665d,discovery,702cdccbae631146369388c0c45c562f0d6f6c1b83db63a1e9bb14044af9d710
3915,Agreeableness,bad,g-6a60f0df5eed598f,discovery,71dde572151b45da4ec7fde8710c65183d2f8c40f1d5315e7ff960478f7f6c37
3916,Agreeableness,bad,g-6375f921df2b8475,test,7bfdf88963204b456ba5fe1524357deee3d72c5f96b868eec92f206f5cfd137a
3917,Agreeableness,bad,g-83c5183885bdad0c,discovery,6803c53fe292ee60e00980a3f52c5d90b4d492d202fd42da554c70b0dcd89e48
3918,Agreeableness,bad,g-a877cef1a5440eb0,discovery,62ab85ad7fedc22da3a2af419e76e77bd79408da133706983fa7a9c09d58d5d5
3919,Agreeableness,bad,g-189be454a5c8aca9,discovery,320fef5f5f031f580190850e79c40788f6aed7f91bb1466d0577104daa39acf2
3920,Agreeableness,bad,g-ae3f6d8b06a06799,discovery,6fbc5a4a954f60b97ba13887d41bec28d8c003e8e764edef5490033fa1b7c631
3921,Agreeableness,bad,g-2b11bed63022b673,discovery,f155382f940d74958199f969838120007e87a73b69ff147680af9ef0d94f776e
3922,Agreeableness,bad,g-667f13b7c0e99ab5,discovery,c88237f299b538ae5fca58213291b51002bbdda8bb55a8c66e4dae6763d574b5
3923,Agreeableness,bad,g-e77faa3e61dc876c,validation,0b1ba1dedf98e1f847e94bde9a00959362f80103340f6bf294e2d6291c8f2fcf
3924,Agreeableness,bad,g-54d06dda450df89f,discovery,d6aec9e67d7bd062a3225042ea0d2ac64be8ba570ee874228ea8a17a097f141e
3925,Agreeableness,bad,g-93d96d326692dff4,discovery,2fe05835da4cd187bded155e6c6ec85273b5d0fea0e8b7afadca6b7a98e219c8
3926,Agreeableness,bad,g-dd5f553fcc7a6429,discovery,68ac1d7198796949e133a309a6e85cfaaef8bd59402d47d5487d09ed94b96556
3927,Agreeableness,bad,g-0f44364c247179ec,discovery,d7d67acaa80ec08fa762315b21beb55d1258f20f9beb958ce837a7cfcb20c433
3928,Agreeableness,bad,g-8be078753ffca9b6,discovery,d492121d177dd435d2b1b2d40bbc32059ddc629c6f67c05f278914b7e2b2091f
3929,Agreeableness,bad,g-d91b8b0f3130514c,test,7efe056b0bec2481e90d3a52046716d97491cfb9e0253ddbd62a443c0c470ae0
3930,Agreeableness,bad,g-3e8c65354cec94f7,discovery,f00e67556c394d0eca2cf5761a22983f98eee52a736c899d0840496ca4a1373d
3931,Agreeableness,bad,g-150d4712586a43b3,validation,a826d7f1403c149039206ab0be47907824e4ace5a88143938b45133c0f4ee370
3932,Agreeableness,bad,g-ab1f396a2e31fbea,validation,99425c9deecabc916a0df43855e79bf61ee45fa3f7d5e4348496e3d71bfa717f
3933,Agreeableness,bad,g-6c7f68cec50307a9,validation,dd4248f07a128df219b1a84548daa8474a186dfa3e07d2b50046c46bb5fda7b9
3934,Agreeableness,bad,g-38d2179452e56cbe,validation,651f42e62f3c5d4ecf9e9eab77c08b8a6a5020f6759db886903ce2fdfc5c028e
3935,Agreeableness,bad,g-c4ca93bb62e4f258,validation,b81daf67c0f7aece393d9c798db0b1b67e584fc180b5bbaddf65a040bd7d30ee
3936,Agreeableness,bad,g-f5e190551100bb7c,validation,730b6414de3c4b3e87e32812fac1e558d44b9befbaafd36f54d7003751e53b62
3937,Agreeableness,bad,g-0c64534685625444,discovery,dcb6dad8526855f4dc9f7f9f554e216f7c72c14ac75055986e10ee419e0aec5f
3938,Agreeableness,bad,g-8f122fec8dc251c6,discovery,8c6f9cb4927f0a1c29f389c7ea9469b6336131e58199b1396126df24e3f295c2
3939,Agreeableness,bad,g-8b19462c89f6e754,test,6e9ee281b3b0d40e1e281d7c5bc03bb59159fedfdbed67b1a584039e230c1b07
3940,Agreeableness,bad,g-2faa969f274d7779,discovery,bccd80ce01371afd6bd5a881d4bba71fb11fe141d2eb86800c17a207c41433f4
3941,Agreeableness,bad,g-3fc9985fd456969a,discovery,903a9bc9c9573256ce48aadf1f230f849b5deb80f754a0b5d0a2818ac8ff5aa2
3942,Agreeableness,bad,g-a8bafaaf9b3bbde3,test,ab4fbb2b4c30fac374d1f968378e64c175141f9cd6e235121b5e102844f777cc
3943,Agreeableness,bad,g-894bfa635eff5504,validation,339ff61e40923e3f819a071124c94e0d3c2ec5def2627782701d73edcc761ccb
3944,Agreeableness,bad,g-8613adbb8a73e4a5,test,1d8dc2af5d406bc47b162ede1837cdd0463f753a3d473e2f617cf5836a5524bd
3945,Agreeableness,bad,g-3d1c9b507f81cb96,test,5354b4e3258a2c8b807eb0a8348b657c83e773d6060ed11aa1de8f2f26592a70
3946,Agreeableness,bad,g-3d84394e70c232e0,discovery,a9698e2e6c765dcf456ad598a44e75a72543c7bf9b255c407330ab3817cba8d2
3947,Agreeableness,bad,g-689dccc5db8fa766,discovery,8c8e5f64d91296dd25f311895a66645e2584a35d58aae5daabfee91b07ee83ed
3948,Agreeableness,bad,g-74196bc28bd235b5,discovery,8f3a5cd9c0433a2d5c6d89e77aacce86836ef29465ee4073fe6bd79ba0f4e8e8
3949,Agreeableness,bad,g-becfb57bafbc7925,discovery,b5979b57761e493cefb68ed490358556bd29ed6e6383d8b86b009180de4e24f2
3950,Agreeableness,bad,g-b273251975f09cc9,discovery,349ec15de4a2eb44ca393c1197b6afbfdcd35cc50771146196b04261ef5200d6
3951,Agreeableness,bad,g-75dd444110f5e2e6,validation,48023b995be45092c7a26da54ea4fecd600d9ed531f59c7bc0536ae2810c5ef5
3952,Agreeableness,bad,g-e1437a1ee9a78a9a,validation,f9ecbd16104d75081d5f43301474037343ee5af273a1bb38669734bd9df6ac87
3953,Agreeableness,bad,g-04cc342bfcf008e3,discovery,51120528bae00e4ce68c5e291ef628f48c0d6ba8beabdd4fc1038ff5c2a15605
3954,Agreeableness,bad,g-c30f43f07d1bfbff,discovery,c38f6387f7d625d9d79944522eb6378f7b7695420cf993135f25762ff4b3056a
3955,Agreeableness,bad,g-12396ddd6728fc5a,validation,6e66a4f5b02954d438917946758bba814a81c86b3167971877ae26725ce72f31
3956,Agreeableness,bad,g-d0b70eba40947db5,discovery,071ec068af2a95d562f87ce7664e672e485bd00776f418abdda3963573294984
3957,Agreeableness,bad,g-5ff51780b7563ffe,discovery,ef581237b095b02a965740e68cc8206e2fb538d25de6225b3ef0469de73ab0bc
3958,Agreeableness,bad,g-73ed5be995ec2540,validation,c8a72419c329c639759320808349886e72b010c82699cc4424a24b08c8125023
3959,Agreeableness,bad,g-1e2d1e22e2a448d0,discovery,539a441be6d4ceddc42e9e4a352bb0f9ca66136805702799a3c534cd3cd3593d
3960,Agreeableness,bad,g-eba48aa4e559d4da,test,8029e62399badd367cc7f8f5e0687858b430ab721c7ea1d02d38f411d1a36754
3961,Agreeableness,bad,g-134859da85abc266,validation,8982adea7b1751b2baab0a68c7791668a213e10de74ecf04010fe3c6ce0af3a3
3962,Agreeableness,bad,g-900e0252d39c45df,discovery,a9be5efb0c5a2d24c02dbd1a776ec040c7fb75719a7e32eaea87b46d5997d1a8
3963,Agreeableness,bad,g-65a3ef4125941c0e,test,4a40807896437192bf25ac5cc61c8e49503168cef0569ad05580733574e683d8
3964,Agreeableness,bad,g-3fd9aed7c250f306,validation,f1ad9589247e9119ec6a6561c2d447a759d7e2e2f92e26924376972b272c0c15
3965,Agreeableness,bad,g-4d6859713220a6e2,discovery,187ab927b6e3658b3118b25bc97732f42e4525a79b8005a63a5a6870a5dea6fc
3966,Agreeableness,bad,g-064ba8b8a73ea123,validation,0eca83f40f32576c1433d692503e9a22359848adaf54c5443bcc7321766ac331
3967,Agreeableness,bad,g-0b1dedcee6cb15cb,discovery,485ab95a359b186cc3d65441b19c80509ff8cc5e18b7166358eaef9468710c40
3968,Agreeableness,bad,g-17314347e6a3a7b5,test,d846c9ed29578bd2ea6ee1acf40a30f2a9a48e46b17a8228e776a50477356229
3969,Agreeableness,bad,g-967fb34c7af58dbf,discovery,5719135149b2e6064ca8346fde97be0a81935b2955744ecd3198041a9a36a633
3970,Agreeableness,bad,g-e4cbbf15b97c5a84,validation,02278fa90c4524c7aba78936afab8928eba1e0bc6ad25bd88ebbb575e5849468
3971,Agreeableness,bad,g-53126f82d809da66,discovery,85c54f68a785bb8cf51b21c0b5839bec2afb3f6dc48a90ebe38eb1fae32085f4
3972,Agreeableness,bad,g-73695946211ebe78,discovery,10b4b9c71b98e038b16905cda276ae5aef30a10fa6ff3232462c63dd1de9abbf
3973,Agreeableness,bad,g-9a732a4c404823fe,discovery,45dfd5cca560fef91d72fa3db6b861edd6d5fc782cf8b24726e8661a6ca10fd7
3974,Agreeableness,bad,g-bb04e43908badc54,discovery,5739d07d7228556f9adaf3524e25517737695d3142480ac5beae2e16fded593c
3975,Agreeableness,bad,g-3df9c1b3e942567b,test,80377754dc3a429ab73e5846eaf4d06b4eb095ab89ec96e8aa2cc50bc5b5cd38
3976,Agreeableness,bad,g-b987adc64cdba1d2,discovery,9c9d3ea1c0930dbfbad91fc3baec65c0e3a386204a50f667f2d083b78f356b40
3977,Agreeableness,bad,g-0c134fa5b5207ca0,discovery,39d591b1e4890e3a7559728d9e2ee009ea67c7d0ed9ff72e721bedb55b60f0ab
3978,Agreeableness,bad,g-a4628059172c51c7,discovery,5f0fd951322828632a68cdbfe1f17698dac2adba5856cc04efbc7cd1b1c33e0b
3979,Agreeableness,bad,g-1bde241a3a166f94,discovery,8f91d4fcf2ed9c54963ea757f5ca16bc7784b8cb2163a1b7a37959dbfd606f12
3980,Agreeableness,bad,g-705034df1f0b49ea,discovery,4d30a493e9b9939dd9f337d11e92ad7c12e0e0d2b171c0a1f7735d18b8607f64
3981,Agreeableness,bad,g-9e50697965135dd1,discovery,e81892bda50b8a5337de6f6c5174975fc8e278af9bcb168f3924b7d62b447130
3982,Agreeableness,bad,g-3b98c3bac1a48f10,discovery,01125f6ea447f02d6d966a936e94b96d3bbca77cf69dfa21eef7cf9bebd2f97c
3983,Agreeableness,bad,g-43405ccfff3ad63e,validation,619f7ceac1a6e6c8972b68aa3c48769634a7d397b4e1a00f3802b8367983e0a1
3984,Agreeableness,bad,g-26fa6b55e1460955,discovery,96ceb3825ffd7cb7cc978bd3b989259e0487dbcfacfd1f1cc1166e35e420da7e
3985,Agreeableness,bad,g-0eab4c88f4262e14,discovery,c202081153bc1e8a5235ee698a68cb3162b9354e98eef094af275808badce73c
3986,Agreeableness,bad,g-f2693fd957a1a137,discovery,8878123a901277ec34a534d3c19291b51b5449c5c72617fed3d63fcb4856880c
3987,Agreeableness,bad,g-e31604238e7ec7ab,test,feb940b1163e45b7ebc9a9ad327a4d6eab2b0722c065d4c2c10bd958df187bdc
3988,Agreeableness,bad,g-e8ebb179ac611eb4,discovery,dcb2baf84543d8e3baee1eae48e168d3823f301f9465d7a298a83742dfb3b975
3989,Agreeableness,bad,g-023acf8e777ba696,test,8598e7683e7ccce0b3d30e0cc60ce0976ba9bd37acb041dab77a120aaacc6b7d
3990,Agreeableness,bad,g-db6ec15ffe4c15e3,discovery,03a28b3e623367c8de98e1609c77f1c6e91c57b4d8140b1641b37290727c1281
3991,Agreeableness,bad,g-e6f83904eeaa6251,discovery,cb3c171c0a5ef847b70bc3e12ff45684e9a7da9529421be28e92c5ec27400e1c
3992,Agreeableness,bad,g-a91eccd01b86e3ee,test,a39315578f4b4c1614804001a732261e2dceaf0fb7a8a72b1b10229111a81827
3993,Agreeableness,bad,g-ab6a882509dfa6d8,discovery,ac317d8b31c9ed136a2f0095d8c99cb3d9ca86dc9d08cf2e82c405046791e761
3994,Agreeableness,bad,g-3479ba53f24c1a9f,discovery,8525a4515f5a99b096ef48c617f0f94996bca1a956b3430e10aad84fa2d3f1df
3995,Agreeableness,bad,g-ecb49dd7640d9004,test,1dad374d3ae7ff0f3bffaa58e8ba291f80a03a09ec2351407c3267475051210b
3996,Agreeableness,bad,g-86a8da9e9cb56bc8,discovery,9d11bf24b63c3b5ea34ea7720728c31c455550187530eca6f10cf648e9e5cb72
3997,Agreeableness,bad,g-73ceff7c0d19919b,validation,c194e00beaa743937d3002abfe0172811b65a31841324b50518b6f26f8805d39
3998,Agreeableness,bad,g-322cc9da6a7d9e78,discovery,2d5a127d87547bd95f367f7f2b43af6f3a2307744606e4bfacb4999d639dc1ed
3999,Agreeableness,bad,g-fed97b58cb4e1ecd,discovery,d2b4af1e8a8e2f3f552d3ce9c2c200b5806ead9faf1493cc668a2663c122b02b
4000,Neuroticism,good,g-9a0a1d5bf585033c,discovery,1d10d96303cfffd6539d3fca6da8a04a9ec2b4fe90dd3acf2350dc0aad1ab978
4001,Neuroticism,good,g-0e7ce2c55b01e288,discovery,1496f9748d6161b610a412c0edbfd5e864ebf2711630a038dcabb102cdebf3cf
4002,Neuroticism,good,g-84fd7a95f5415de5,test,8cc3a35310acd73b94187c5dbac4a7333840824973086b18362c4138f964ce04
4003,Neuroticism,good,g-3ae3d218a8eac87e,discovery,5f577df5b683217bb818ec8ee06033c32bef85583ee16e738aeb1ade3b04530b
4004,Neuroticism,good,g-4e9806520a6dcd53,discovery,dc149a71ac5ceeb45f85e254cae1daec7cfb5bbb32c53c05c4bb7b7bc06c661f
4005,Neuroticism,good,g-75cf0e0bff2d6c34,discovery,89be0d78c3cb3540d40974017fc51132a5faf7d2dfd057f8f29c8eb329f45bbd
4006,Neuroticism,good,g-ea55a2cb9f8bae3d,test,b64516177f9ae6ed58a2c39d2a63886955290a7e5187137ad7150c13f995d83e
4007,Neuroticism,good,g-f885143ba0762716,discovery,0dbbf52615c32deeed7df79c98e1d91050564ac483278ab0fb4e048189f4637d
4008,Neuroticism,good,g-439fd981edb3e2f2,discovery,1d9fb2544154b215ac183f4c602b619df2b59d34161a8dd500f4b9ae368d4d34
4009,Neuroticism,good,g-5f13fd8162995a25,discovery,e5e34c31be3f585f9deecf2782c6240bd552016c4c20cd6b2d422e89ada7ae6b
4010,Neuroticism,good,g-eaff4109e2fe8a6a,discovery,e066c4d3880ceff201e7663f9c83c076f1cba474f2a13361259c5c906749e81a
4011,Neuroticism,good,g-81a2026272ff63d0,discovery,0b4f1bfce6a146ee43b3008ee97e960b685576c9a3ebb5d2e2f78792b0a7d689
4012,Neuroticism,good,g-0ac4f2a3fdf592a8,discovery,fc96504d9d2b0cf12519d7c0a1f14c064c7bbfee5e240089cde5a9c3596176f9
4013,Neuroticism,good,g-69dd86f64a08232a,validation,015d38c688e6e633a2287412bc43628eeab6c4790bc563288ef7bae833b6cba7
4014,Neuroticism,good,g-59b5b0ae7d1fc2a6,test,349245babacf4113b5d17889e705d7a3bb7050c4373d1d4136b9b1ad47c8015b
4015,Neuroticism,good,g-470cf57558c9ebc3,discovery,055ad972bd4f8d58160bd91bbe0e3be1066cc4444f9032e25fc9357c1ffa4764
4016,Neuroticism,good,g-4be456711aa19931,discovery,bab87ebcb5f01b62f8d5bf5455925c2f4b30b527f5934b716068569309105228
4017,Neuroticism,good,g-7bab44deabd44eeb,discovery,4718f13663183618cc3662895aec59f769d135e0e914401c432a69a9cdda0715
4018,Neuroticism,good,g-b91931dbe41329fc,discovery,66fd9a530b3d5daae62d510134be7741ac17bd0c87142a364b984a041dff192e
4019,Neuroticism,good,g-1a799f91e80489f1,validation,86931ea1973b58358df130f727d4751bce657dc77412ac3814b3da930b3d20b4
4020,Neuroticism,good,g-99ecbcca20ee1d8e,discovery,7b9a18f3bed49636f672f7f12e533ce14f883716c9970845258b9147bae66409
4021,Neuroticism,good,g-cca220b8844b1cc0,discovery,041a6cf1a5612af9910a1028e3620a881d4ade1a48cd99f6552411d857ce6ded
4022,Neuroticism,good,g-cd202af919432608,discovery,5f8ba7a2c94d434d355aa381ae7db422ca0f35a97525c6da5960d23637643614
4023,Neuroticism,good,g-be2587a6908752e5,discovery,6a328670593c1c787f24160d01ab0fb7f0a0edf8c0071ab350663e4d90bf38f5
4024,Neuroticism,good,g-34ae89f082fa02ee,validation,ca780de6be5169d1564dc4b4946692652414fbc08b79b4a053697ce5f84ecf42
4025,Neuroticism,good,g-acf5f388e1905363,discovery,83f1a8c8c2a39550a4f2fe38c21da8e16411c5652c937e5d64a0a983822ac6b6
4026,Neuroticism,good,g-77667226c8b23755,validation,e452ea01783d53410c730181a6d76105d97d5e9b784c655be5384dac26eefdc8
4027,Neuroticism,good,g-4465ef222e19d0de,discovery,2929200fb95652b55d9ca4da84a420f25ffbe6b371b4f1a272334ad74f98d2ba
4028,Neuroticism,good,g-3be559aab6892156,discovery,07bb7c0b9aeac3cba754b5d58f6fce3a90ae4eb450d3d0f77620eb58be685cec
4029,Neuroticism,good,g-6832e84ec787bb1b,validation,8af4526eb1f3b98b977380d073a148eb3971bd293789954791d8667abef88466
4030,Neuroticism,good,g-e635b3de8507805b,discovery,bea25b3c27dce78b04efffd9aea53b60bf84db56fca10b9e6fa7c6d64950ad85
4031,Neuroticism,good,g-223b2e01f7bca8c8,discovery,cf01cec317b58a8de3d4eeb83a10f36e84a08688a6a8477753b6ee3447fda58a
4032,Neuroticism,good,g-75d10aa167cba3bd,discovery,b63a36ba41a2cf3873c147cd15dd8300ad8df94927b783373746648611b53ef2
4033,Neuroticism,good,g-833fcfe9d7ae897e,discovery,6308bd126c094784e36c6279074c220767b14185a70e555bbbffd6a7baea1bfd
4034,Neuroticism,good,g-ddb2232b1309a712,discovery,ec1f78d5675691928ffd471d91ca0484b3951a361f836674600bc4f0968bdc17
4035,Neuroticism,good,g-10123fd4b89af1ca,discovery,6effc610c99e5f5862448a2bb877cf5d39213cd9e11db90b352b5c17e44f3a8d
4036,Neuroticism,good,g-a8a38c4973c96a15,discovery,cec5843744a053ef4e96f9f962c56292013815e395bb8d27426f132d51d8bbcb
4037,Neuroticism,good,g-ddde9afa062c0f13,discovery,76bae05b5989be0c52455a88bf74c170d4757b38c8ca3e762590b5adb9a8e920
4038,Neuroticism,good,g-58e19a0efadc3bc3,discovery,f218dce2e4d34d87266057525477c19f8229cb0f28ff24305584c88841f9a000
4039,Neuroticism,good,g-faf312a8cba764ca,test,ea257d80a7ff8ab451c3e194b1f3f1c8f33e318d73eb339056d73884bd977d33
4040,Neuroticism,good,g-10f45347a80024f6,test,abbe5472eaca553282937b79ef0780ea5d1bf8fe27b133e2967d825a90b3bb2e
4041,Neuroticism,good,g-8eeb0ba49312c220,discovery,2d373978afde4bbea0459a5e8c05c84507302631112d843e197f5492b76aa79a
4042,Neuroticism,good,g-9e75bf69254d8b40,test,5d77b9d7a468f393d1302db317c670efc947e2b563f525a75951c88561ff16f4
4043,Neuroticism,good,g-85f997ec1c27b1c1,discovery,10644f8ac2f61aa3d5dc37ab6414f7d2db9abbf8219707960e6c86a40eb0da2b
4044,Neuroticism,good,g-04f40a8c8305397d,validation,1d0f775508d3fb0377306783644d1e4558571a908c7ed10889f50abc297ec17f
4045,Neuroticism,good,g-f01e905825ed2060,test,a293fb89869c31ec07e9b93fbd7934d91b8ce2f831fcb6a19701c44821ab73da
4046,Neuroticism,good,g-bb24fbcfc1270f80,validation,42aea3041e055f3126708fd600d4116c8726467f59c03b7107bf152e7099f454
4047,Neuroticism,good,g-7f7eb06fe65bd879,test,c09c2020ff1d2d4b4171318980386807c1e78daa4c4dc6ef7f42da33de92ba2a
4048,Neuroticism,good,g-29f7b955a4c736b9,discovery,cb0f77eeb7230e8c3d232051177efc03f2b4a52afb1df7a4f81917bdc3b46fbe
4049,Neuroticism,good,g-1c83d3c822d882d3,validation,8ba6ecd257d7d69db3f64bc361d07df26df3ddd3427d57bfe7084aedddf1339c
4050,Neuroticism,good,g-cfb436f59fd90f48,discovery,72a9388cd128d77e678a5d9fdddb55d3fdcb2216c94c1568e90357c1bb334e9a
4051,Neuroticism,good,g-06eb7fdea1bab656,validation,5bb06a3011fe02f73458250a5d8b0b595b54f95b6465b731024dc08a252932ce
4052,Neuroticism,good,g-c0ce6b17804c03ac,discovery,11415f8d0f3782d13673e7f9f4192f1451298e7f56240296de93b788825d8abf
4053,Neuroticism,good,g-0bb688aed515c2b6,discovery,93b44685cf07ff4c8319725fe7903e318578f8e6d969f57066ded4b1a6af5e63
4054,Neuroticism,good,g-be67ce850a1280e3,validation,d03f60b38c5c088015a96a4e363f5b38216cf1f91d5eb737da21e9d22e8fd84c
4055,Neuroticism,good,g-911fa18117046464,test,c66ceb4e56218d18a5aa85fedd306f8ed258c68bbad39f6bfc755285b3e1eff0
4056,Neuroticism,good,g-5a26ae85287c88cc,test,e4f58f8c5f02173382852071846b0c7f96b68c82cd1e820e3b137b4b75727bfd
4057,Neuroticism,good,g-9d8dda214988bf5b,test,6269e0afae70c3cb2b4d911d7a82caefaf5531818c3e28dfd7ae76ebd46c07a1
4058,Neuroticism,good,g-471cfa9edebe4552,discovery,cb6d6d11ab22c2a395217de09d27991064bf2402c610dc502f78238de0a5a556
4059,Neuroticism,good,g-f6ea20f4c59b44d3,discovery,1b984fcf76d528fa797324ba0762442dcf8b3b34efb2689e6df57121fde907cc
4060,Neuroticism,good,g-12b3082216bf4e29,discovery,3ca59cd4491e41102ba379b0b7eec193faad2bb0113f9b7cad95544871ebd348
4061,Neuroticism,good,g-642afd0c4301a0fe,discovery,e37e18cda1f9a31e57bfce6af320a78e6a8655d15073161ac98d38e13ae502d6
4062,Neuroticism,good,g-9a747d942ca2a9e4,discovery,0f9d4ce8c627c647445ae6e8f53bb92c9b63587776cf9533d90647bdc86378f4
4063,Neuroticism,good,g-dea9d6ed4c5b2c6c,validation,8fe1cf3c1ad5a4007271096c6afee5ca659995ca7d12b0a367e707d8152c3b4c
4064,Neuroticism,good,g-0d4c8b5578f83ca6,test,9d516ca36954c65c2cbeaa9bfaf5419765e78529382904f9773bbfff35246010
4065,Neuroticism,good,g-14106d8b6470256e,discovery,a03d4af73f47ff8e0310cc27f55d039b836b34ee620899b30cb396bc3e0f7958
4066,Neuroticism,good,g-77453da0e6e495ed,test,87cbedf7585f2f1e06b87961c27f432f0012ee4866a7548701e04960ba1b7a4f
4067,Neuroticism,good,g-f001cd25e7732637,discovery,4626f7d57d95440c52147cf94ac914c6f35a37e897d9fb36817365f4a3928ef6
4068,Neuroticism,good,g-a768f87cac406035,test,12b2dbcd68283cbad30d2a6bb252e2c181cfe02412e2291741613e6b7447392f
4069,Neuroticism,good,g-c50a3140e9e15629,discovery,fc25e51beb1d575596b3c2231fcd234a3e0a81929e408a4f30dfea1806c0b49a
4070,Neuroticism,good,g-34836706067240ab,test,d8fe107e78da1b777dc66a07e1d7012f316c46f60bf3baf033bbdb520b51b4e7
4071,Neuroticism,good,g-3b5553a1355ec286,discovery,b2779607e266ec7f76655d596447bcdff8326aa9fa07435b08e334b79ebda2ae
4072,Neuroticism,good,g-c9f2b8a642d68695,test,3cb9450eba4205c0c15cab6428ae27ef132a55e895dff4db47ef4b5c6b099cbb
4073,Neuroticism,good,g-118c3868357412e3,discovery,8d6e1d725fcc439f1c381f6400c64f4e301a7e1b5fb170a6cce97980c588cd9d
4074,Neuroticism,good,g-38d7512d42c29f4f,discovery,e71a19917ab0ea298bc0ec1a1c5fa927bab3ca5ef4d83e08448fd744f748f33d
4075,Neuroticism,good,g-91fbbba68d1dc574,discovery,7c93946ea1ef90a496d51480fcaa476e62490b26aec69c9bac1f2e512da30cdb
4076,Neuroticism,good,g-70d9150dc6d9c8c1,test,eafc4f3dc1189d466ad8149fe9cf8f234b087709a21b6c855a280165c05e9471
4077,Neuroticism,good,g-5286afe6750396c3,validation,0e826d8ec5692d967dedc9aa8991744f0839d7a4650aefa0e4f3cffebf5960e8
4078,Neuroticism,good,g-72f69ee9e5cf9108,discovery,aa15b86294253e35555c377172199d9131c0071759f3682951f09d62794a79bf
4079,Neuroticism,good,g-117b35d850df54c2,discovery,b2b8d09b45070336add76e8bb0a7db24ad9549e3f6f627d8869d49353d49515d
4080,Neuroticism,good,g-18419a0829aab3b4,discovery,763e1e1adfb8907ce9204336b2f649a1cc5852ba0f8a0ab1636766e3704ea9d1
4081,Neuroticism,good,g-0fbfcc011e34434d,test,7810bdff982d318a2a2c2f89086f938721a9c2b6d754542afe8d14d7c20ef7b5
4082,Neuroticism,good,g-b9992c1c664f1c03,discovery,6f8d3d848dda11cd2ee4d5a5c147214b8ca7abe324c9576aaa1af6911b60766a
4083,Neuroticism,good,g-f228532148100f91,discovery,26e225e063a6e15d2550f79368ffdc13449698baa018be187e14e1a57185a08e
4084,Neuroticism,good,g-8208c65c1709b632,discovery,2d04c63f0ad00aea6b25c323a2a0fa85a69a089a8a6bb1fa951cf29eef0dca43
4085,Neuroticism,good,g-107ebbb17982ec2b,discovery,e028c3e7fdcbc473c6625d5006e3035b6cad2ff9e558dc2bbd7e43f401e2a999
4086,Neuroticism,good,g-96399846e81d4892,discovery,4b474e66738351cef1ec912618abd26e7178aba7470366ba0afc0502cd225240
4087,Neuroticism,good,g-738a6f36be87cc15,discovery,7aed295d685f2b5fe9d6776bb8af02827d0101f7b50d3203e959ba1fe10a6e5c
4088,Neuroticism,good,g-567a067851369dee,discovery,0f086f1db7c52b10f601815f0f52abc05356790f4c38c05419e8fa5936c34e02
4089,Neuroticism,good,g-1956f7cdc487e841,discovery,069cb446c8297b9313718b187ebefdcb7ddaf8a40c2d5bd703b50572757a8332
4090,Neuroticism,good,g-f371296b3f4ffe63,test,bd209637faaee05eedd9e220bb25be745bee3474f09256c5de76e1546aa7f6f5
4091,Neuroticism,good,g-42cba52d3ef49695,discovery,137c0bc5e463759f37ff9b1d33556524127dc4a6da57402de53d791808c61894
4092,Neuroticism,good,g-d9e4b0a7652fda50,discovery,7895fecb9d2cdb58ab55a4a581dc80067dd84a0e78d14ecf838152df1d4fc79c
4093,Neuroticism,good,g-cc221406f948e5a7,discovery,f1a226aa7c0fe0837fba7431ea007aaec2c6a4e2c83d3a7e294aeda9366d5241
4094,Neuroticism,good,g-415e4f5b82f62876,test,77e75329cb25f4835e314bd36f7f03993822b7d778a34277cbeae07c4c2e219a
4095,Neuroticism,good,g-2a115ac8c2201ccc,validation,2d43e30f0e36319481b75d0111c41cbfdc6a1740309d21d3ebbbae721b805528
4096,Neuroticism,good,g-874fb8adb4be8b46,discovery,34dd19bedfb70bea5d6e4965729fad09ca16bd46fb8702cee6b9c80833e638cb
4097,Neuroticism,good,g-14382525e8efdc0f,validation,9c47a18b52e2dcf51489dabbd9ee733569a030c6d0119555451eca4314e6a2e9
4098,Neuroticism,good,g-cbdfcff13f471cc0,validation,641623eb97c3110a276cdf268df26940e63721dd7aadcd6acf44c65d5a759aea
4099,Neuroticism,good,g-a5afe56afc506951,test,02913954ec55336efe6daa4669579a17e2c9949893b1f3bc4e3524ad4c89b070
4100,Neuroticism,good,g-97b5664dd777bc48,discovery,1308eac89467a7f9fc80fc84f2dfb1d074955a1e3a0bbc90c83d08163589fd8a
4101,Neuroticism,good,g-4717596b24bccca1,validation,64d66084b9a4e1702866450743e9cedb5bb4d597728f14e724109bb58ef2d672
4102,Neuroticism,good,g-31b0492c0ebf9070,discovery,4c83c1cc8e033616ecad8d85851b07f70c88b9b7a006213501d3f664236ece18
4103,Neuroticism,good,g-d07b36a0712059cb,test,dc8fb4c97f21cb15bfedaf216b4f588fd88cefa76fade9ba2238b5488951ce82
4104,Neuroticism,good,g-b4a4801372359e41,discovery,78dc5ab5529ac28c55c8250fe46e706da40dafa0512b4c78f3b2f6c7a1e3d6ac
4105,Neuroticism,good,g-8c6dac5b76564bc6,test,c76d32826a824dd61001616bd3a06b6d2f551c45b7d696c81070979312359289
4106,Neuroticism,good,g-e6eb503ab7f32ed9,discovery,edd2019b44e65f441bf787fa9f128c56273ea5ea01ec40925fea2a86364b1881
4107,Neuroticism,good,g-12484d62dadacd2c,test,26c65ec3782f6ff7edff7821b395d6330bbf4c1df3b8cfc67939190c2076a1ac
4108,Neuroticism,good,g-ba768fc0bd4d5e4b,discovery,2d71014fc9a39fea717ff33649eee59fec1ef750983e6521c45d21cea8f9893b
4109,Neuroticism,good,g-181abbde85847fb0,test,5da8de47545f386cccaa4ad8ce1f707189641d9c87775f09163e02f8ff90ad90
4110,Neuroticism,good,g-b57aa279dbf55950,test,5cd368c4d30096964be38d93a27e662aefde4690628df821042e5d6fe2d0ec28
4111,Neuroticism,good,g-f0f30e78843127df,discovery,b7c31e6b1df76ff173515fd625ef5b3182f878e7407ee9e7dc97d998ac62760f
4112,Neuroticism,good,g-bd14ca49b485f150,discovery,aa259ef1a810b5889e5fc9bcf5fc0fa5f3528e875ff38079fa88bc48adc70586
4113,Neuroticism,good,g-d6bf6b70e8c678d4,discovery,afc3f3b892068ae406408307317d6336c657f8fe53289304fc993d51f28df9ef
4114,Neuroticism,good,g-166585d343adbcfd,discovery,cc2d01c726195e59284d132c34b06a3d13760e9e7272cd241f724f2ef279211d
4115,Neuroticism,good,g-e7648ad11bfc1e63,test,294c60a18b149a905cf65881be1d84924f227c1458ac3556a73f49a2302bf345
4116,Neuroticism,good,g-6c3c8fb347deaf03,validation,60b1ca020ee772982c35df6687c651bb4ade79aa2a4ba899f79a604a49d1e1a7
4117,Neuroticism,good,g-3710f56ba5ed3a0d,validation,6f324671da11762d88888ffecbc5d6de25a2f877fd91143420887a69a94ecec5
4118,Neuroticism,good,g-226d3a2ba7a30ed9,test,e1e68b8e78beefdf320b3fff5a7a0f0cdad9440680caa0d45da10d18ea1a8821
4119,Neuroticism,good,g-07c2d03f5e25f729,discovery,d299be012dd70277cb75aa0b81da4f42e09948add186324da330140b4b6d398c
4120,Neuroticism,good,g-5e053d80f8e6be45,test,094cebd6fe54ae4d4d0fe392d237533f3d8f521580a8391cd6efd4c7518f78a1
4121,Neuroticism,good,g-06d7dae0b6a5251a,discovery,fe13e83774e9a446435659291f913434416332b8e0304ae9c466cd07defabfcb
4122,Neuroticism,good,g-7b84a2782f58c91b,discovery,2a1b105d20b363053a579452495a8e354747d1f6f05abe7af8f1141c9a1433a2
4123,Neuroticism,good,g-690f2337a7d0523e,validation,2ca0a600a86754b27ffd6a9d00553b6f80872bf70eb6da6e1e9d7a8868c56ed1
4124,Neuroticism,good,g-a16a03128443e94c,discovery,1212e940541f9221c6dcf230e97848821fe0aaf67d9494c731fcce3fe56a76d5
4125,Neuroticism,good,g-416112e920683786,validation,0f3c238e67b455da085a1e74dc746697661bce8de52f0b6e29b5ac381e6dd926
4126,Neuroticism,good,g-8b4538b9430fed05,discovery,3044d2042b53fce6daca6219894776e0a68da6f9f22d528c152e856a462ac774
4127,Neuroticism,good,g-270f381b56f3130d,validation,b7aee5c60f39aea34a765580a385e494a766eba4585de4a5a5d5b42215aa629b
4128,Neuroticism,good,g-062ae324b081e2a4,discovery,ed3882494c92944f8cf3ff8742bec7537760af6973225f4e1fe8165721ff6a98
4129,Neuroticism,good,g-5cdae91f2ee09198,test,0a13ff7a3361985cc133f484f51d92445aa7ff461fc3c802ae27c5238df7848e
4130,Neuroticism,good,g-e36c4391c2490fb6,discovery,87177ce2adc77ae4c50cb3e32a4367b2dddce63e70d2343c01ad05e2ddefb796
4131,Neuroticism,good,g-58fd9fe5229e613b,discovery,62d2854a5524b24cacd8321a1573d93ec6e5beed879a68589c125af7ab26cdf3
4132,Neuroticism,good,g-b484db5257218690,discovery,97753c12b7ae46f890fab386ab7f152ec6fde9f4124d32cdafe5dba77c541f58
4133,Neuroticism,good,g-377c6ca234a60503,test,9aa943f64e05867f2303a2608c7dc625ce569a9355556a56d6efe96066a5a198
4134,Neuroticism,good,g-29b08a47afe89489,test,02c274cb06ba906dac5d7920cffb46e8ec6b5d23c2bf3e8298cb6dbb75df426d
4135,Neuroticism,good,g-19c3c21f73d2341a,discovery,f45dd10827cc112df287fdd45645e986e77adb74cd278eef80ca182e7ca7f57c
4136,Neuroticism,good,g-2e6bbc8abb85b43e,discovery,cf4434c33cad78a8cf5191ad60d778dde55d03338d238230c28ae137fe9e75a9
4137,Neuroticism,good,g-c132eeb36db8a6db,validation,20e8524c34a6eb6f59b6371ae17fb0a8e10aad7babcccc2618bca6c94d05afb3
4138,Neuroticism,good,g-3c1c7759a20a3832,discovery,b8415d49ef5f3125cd1a18eec749271c081369ebd29d502399ef410308c49d98
4139,Neuroticism,good,g-1f914bc4d92a4ecf,discovery,880eebc67e1a24f0f5bd257d3b287d4d2b247148af5ebd05874a1b216e50788b
4140,Neuroticism,good,g-1303c11bb853c1d4,test,a7169b1152806c74ae818c2c041c9aa76bb93b57e01663e30938e20f999bc188
4141,Neuroticism,good,g-8d6f9d8f110f7309,discovery,ac7556f95b3d2ff4c3f9d8e64556ec4864c5b5d46fe6cec70f05fcceb36dbf27
4142,Neuroticism,good,g-112a73b7eb58ed69,discovery,7b858366b25df9b89db4d00a187a5ad5453c0a8af39a25196ad08d82dc48c182
4143,Neuroticism,good,g-dec6ee572a4bd7aa,validation,e59d92a8ccf23f1947d80e073a96e210d2db539f3e9bd4ee2e72c4a986d12941
4144,Neuroticism,good,g-95d77d103fd5fab6,validation,1768a291b3015c422eedfe7693b7dc52e01bb3b3886ee27e76b700e5fa8d510d
4145,Neuroticism,good,g-193674ca7cd9463d,validation,f6ac1e5ea551e0fed0bc7ae89fe076488dd929493acf0313673c12337362fcce
4146,Neuroticism,good,g-ebc67182dd5bb075,discovery,5df0af7cf16febf342f8689f60c8669bde936cbb7c174f39d62cf61c33a4d291
4147,Neuroticism,good,g-be3cccb89a896798,validation,9a696df1ff2089e981a03c55b6cf90692f4681bc5dbcc8935584cc3db4e836fe
4148,Neuroticism,good,g-b0afa98c0c708459,discovery,de6807281ff6caaf26cf817336cdc80f6247cad7a5ab91c7c698511089a89e90
4149,Neuroticism,good,g-2b1b5e919e243c45,discovery,6b56133717179979714ddf27a92adca0fd33dbd05e71d10be06a96f4193718c2
4150,Neuroticism,good,g-25f3a54c60d2803d,test,c3d6081813913342226a8b4909d345b4c759edfc8f323c7df0a16eb40b368e27
4151,Neuroticism,good,g-fef407ed235dc439,validation,3463e36adc28120e7b80ea254af03a0929294cbb0480d9c65aa30b96bb8592be
4152,Neuroticism,good,g-27dd2751a04652d9,discovery,fbf96406b274514e601fa54767f79f4502874fb4a11b7737d469aa65476063bb
4153,Neuroticism,good,g-3e5b1b1e257b5658,discovery,8401b380083ad8c75fb8f10e73d00afd21cbc20a68eeecc6fa9a423da1684e85
4154,Neuroticism,good,g-6fd144cc335ca2cf,discovery,4082c39139ea5acc7d2b1d141e9c008956e0ce81674eecf3f048d28e3e0b3323
4155,Neuroticism,good,g-f32575f76391c41a,discovery,09bdea4d429c7692f7841271b144b0095273c4e8964c62ef0ca88acdaeffbe9f
4156,Neuroticism,good,g-429904052cf02f7e,test,4c1eeee1da1e62c7fec4d6c49dda9fcc76cd2abaf0a4bcac40a2ac5002f8a81a
4157,Neuroticism,good,g-6ba584cc48af3818,test,de219f26d477eaf92c6738ea15031b34da006820283c0d8a7ff57ef5cfd84e82
4158,Neuroticism,good,g-617371e64bab91c3,discovery,b40e2b1bfbd5e9597b604de7919d5658da43e137cf3ab36f62e405708ad36b9e
4159,Neuroticism,good,g-26dbe5fb3a416fcf,test,329a3ecf1cca6a1cba8bae871eb04f483cfd69c67f833823846dd30684a04af5
4160,Neuroticism,good,g-33e558829bcc42f0,validation,be468e2f48c63e31e2c9282c075c401754a74990f6d9f8467e5a4002b94b1141
4161,Neuroticism,good,g-7f142c985f8e95b9,test,c0e11e5027d3086912e7342340fc0c46db110b4a0bd96c5ae02e5d484cc0ec33
4162,Neuroticism,good,g-38155a4d6cb4d246,test,1d0ea21185607afbb7a40a775eb8c34ef4d20890847178ba29e0d9ccf57a4a98
4163,Neuroticism,good,g-9adc0af14bdfe04a,discovery,54889bf720f3d1cd0b87b7bb2d0a4538cca2357507eb8a54cde62c79a89d9953
4164,Neuroticism,good,g-8c341f000a9ed12f,test,a1e0f43b0285fcf81fd6c72e36009d459aa823030c927f2e221583a4676986d3
4165,Neuroticism,good,g-4a376dd3ca8d9aab,validation,53c4e807987094e15450dd1ddcfef579b414ebfdd9701fd7009abacb238847a5
4166,Neuroticism,good,g-5e6dbf91fbddb5e4,discovery,b8a1f4888c02732a3521c9d49b14f69c25074ae0da52191023edfb1dc61d3fb1
4167,Neuroticism,good,g-68ba1fcac4743bae,validation,a50fb39aa4aae10d5ddb0b98d7bf4fe165b82b5bf8a82702aff55822a453ecb9
4168,Neuroticism,good,g-5a107f48a99dfc35,discovery,810366f0b358c56ad208778913ae8f0593e9f9b8ed603c3fd7a552c444e478b0
4169,Neuroticism,good,g-062a34ac6b15e4b4,discovery,c35ed3cbb26a46efaba80633457081fbf31ca93086aa73e040a4c6e1127e6140
4170,Neuroticism,good,g-2632ace96685dec1,discovery,21f4f30f6cd7aa69fc5122acf4b82437ba29e65f97125f33d1e8e39ee82b9174
4171,Neuroticism,good,g-4192f4638c43b5a6,discovery,bf99cacec2064cb4196e304eb7a07629149c1815179d968486cb77f79f1ab2b7
4172,Neuroticism,good,g-2c805a47020cceed,discovery,4458faf19cd4bd9afd7122e9dedaea0b3958e03ee9bca8017d9f0571095b83c6
4173,Neuroticism,good,g-4419c132b122d982,discovery,843667dd01a2cbf090013f5dc8b41badcb36ce87cff9a44be2e195c293f60866
4174,Neuroticism,good,g-1af63a457c65f99d,discovery,4bdfc564d9992393d09726d0f74fd81a3d4a4ac029c044d84ee26a1d89e5b5cf
4175,Neuroticism,good,g-81ee65e5ae79ea9d,test,bab6412d951ee4a04463b2727844c6b4d3d5178c72c3f0c4dbb085331eef4118
4176,Neuroticism,good,g-e2dcae5e6a51f586,discovery,89267521d5ff5933fa1e8e9335691f7f18c7225b30e5ad2c53dfcdfd23ca0d49
4177,Neuroticism,good,g-d0053f8fefa301b0,discovery,1b593b815941072399d58978f53d7fd6110a62261e1080c6d0c1a09d21a933c3
4178,Neuroticism,good,g-147cb1dd28e79f04,discovery,19acb84c22c66a431c2130081fa46556473b3efab1998df60245ddbae063684f
4179,Neuroticism,good,g-12ebc84da139dc63,discovery,bd387d526307dbbae18e7596fd4aa8d9acd96159cab7bfca1983e2a90ff77cb6
4180,Neuroticism,good,g-82e6c1560772d1b2,validation,85750439492da20f98f5d4fe9bc848f00d248b4b109d2e43cdcc233224343a9d
4181,Neuroticism,good,g-faa42bbd095e4595,test,14c3bf2f328c35c0b64f2efc878e9c82bd12df7b00cff5e3bd190aecbde90d38
4182,Neuroticism,good,g-b6bc968050d65754,test,28b5b4ccfced2e4e4e3530608c0bb7c04903b8b8add1d376b25a1929e887156d
4183,Neuroticism,good,g-066d8687f9ad98d4,discovery,e0aaf7de2e7159b0b1eba0e677be57119d7fadcfda06d34cd80ed49d5d8c3d3d
4184,Neuroticism,good,g-1700a233fee596d2,discovery,69f80c25a1f04cb5f4b0035ffbeef06cf06c77d55d1c57cca2e3479ee5f42f7d
4185,Neuroticism,good,g-1bd6f5b3ca983830,discovery,631c65f21fcb8967ffb1ed6494fc039a3eedd8bb421419f5e6d679cb1c6762af
4186,Neuroticism,good,g-4ad45377a54f54f2,validation,75ab09c994e5e32b759e7cb4bc3d5b726796af3e00722ef8ddfcfdec06e25aff
4187,Neuroticism,good,g-c194b5a68d564474,test,d53107ef4224a9f40d6a14f4a6b2e5128ad5512149ee975fba4c89355e1b5640
4188,Neuroticism,good,g-c7f123f0ff3fd1a9,discovery,0ca00a01d3ca200285b3560e563d77dbe9ac1a659236f991c25fb03edabba046
4189,Neuroticism,good,g-92d3688756ec47e1,test,4361c8fd439e21a467478e3893746ea194fd3a04aa4a97840dfd08fbaf5b0fe8
4190,Neuroticism,good,g-e936ec4266e53b29,test,32d35e3b4938cf5cab4546811576412110936ddc83e37ae583af589422e3e02f
4191,Neuroticism,good,g-3689b37767b76959,validation,21bf72c63e8bf8141a4291b296a93dedb10d9e21318a5bf0835e98d2f0f36f82
4192,Neuroticism,good,g-7a178d374adfd0de,discovery,1f1b9dbefa840f22b29096d45872eb596313e7770e50ebc0f21c02fd7cf762d1
4193,Neuroticism,good,g-3291c4ceeb8043e1,validation,1dc745e6913176747814dd01bc9794aaea9a8051e985bd15a3f7d3f49746e54d
4194,Neuroticism,good,g-b961314013c15837,discovery,81499cfe0ff28485320d945e01bef3da290416444eccfd4ae185fc5f267e996c
4195,Neuroticism,good,g-fb2d99157b0c8b34,test,d6e29a8b959f13d2194dce66bb5bcc5a2523762f3d389bf1c67ae26500ed0fde
4196,Neuroticism,good,g-85a6c7b7b6e8ce00,test,8681ada88da864c7127bbe0646bfd148fb605e48dc44d9014d82ce846c835e9a
4197,Neuroticism,good,g-88248d9a362aa2f3,discovery,4e6a0ff4643705677328185c52133c16cb536bd3f4ec67db434e9d7f839222bc
4198,Neuroticism,good,g-f6faf6c74b0d4b06,discovery,f5a3aa6d6495e70d112c3c19bdd58130c6b9e27fe0948917b5bcfcf68f2c6001
4199,Neuroticism,good,g-c073c64676fe1434,discovery,95cd9ef594ab6f2c2b2d5af522ee7135f8a97338e8b7d91c96981fb5992cae87
4200,Neuroticism,good,g-a56e43f47ec9a938,discovery,96f1fb039597e7396b2c948506c96aed4ea5a05b377fb338347491a6075a7211
4201,Neuroticism,good,g-d9cb4117c7491804,validation,217c509b487c7f4a3443995cb389a1baa8e9d89c66cedec06a299fb60165d792
4202,Neuroticism,good,g-b0e15715c6be9206,discovery,d2ae820bce02ab17525186964acb06085c25544786afacde6803a02a41ef8901
4203,Neuroticism,good,g-9a7bff3b18c81bc3,discovery,bce7ead51320c344828ef9cace4730ba4ac4202d866a0a7fdb25e55132f6b3da
4204,Neuroticism,good,g-2094942c87376f6a,test,50339456b3a97d1f90186e7496fa9382df98972f56c8846959d2d0ff811b51c7
4205,Neuroticism,good,g-8a16b7f654297c94,discovery,ee0a6434be02b8773beb3f9cff54af2c10769a4545b32df433b6ada0dc7bb429
4206,Neuroticism,good,g-18715593b620e234,test,3c93040a3e60976c27ec48a219cef5eb16d2cdeb39075b0729aa0ce4371b46d7
4207,Neuroticism,good,g-a09c3e3972cc0bd6,discovery,35e524c893dfc9cd9cc99e6a094c1a8abf61661e25fddc3979804656ec6c0076
4208,Neuroticism,good,g-6c663e4ac3f7260c,discovery,9dbd5649e011950bbbb375ca4a00811dccdaae327412c632e586afaab6ca5fd0
4209,Neuroticism,good,g-57a96f6d564da4d7,discovery,9f833074bdde450d74268df2f1d8e674dc0a798089cee0c7dee40bd4919acdb7
4210,Neuroticism,good,g-c2468a6a31045306,test,490eb8f65d29e78aeb50f4707c527d91250cbe812ac868d978014453cefa6273
4211,Neuroticism,good,g-b446a477b132c42d,discovery,eefb4c3f428e5e82a0c2343617de75fe4ea5c903173c0f7a77e6ef284483f147
4212,Neuroticism,good,g-10772a8a6491a2d6,discovery,710b6018ad80ccb6547c20f4eb28e99cd7ee9efff13cdcd784cb870ad735dc48
4213,Neuroticism,good,g-54e75f61bb960bd8,discovery,5223f86bdac6cfc049ee2e28cdf3e592dde00efc239cbdc16dc985d2942e5231
4214,Neuroticism,good,g-df4cd33ee73de09b,discovery,ccb01bb4efb24c0c5e3679871e49242fb419c77d74f35c5a1f5824161130eaff
4215,Neuroticism,good,g-9e8c9e9bb2f29748,discovery,e7664ae68a497d4ba8ce39155513d619ad2bbab22cc89b0c4b2033988f07c364
4216,Neuroticism,good,g-c02f94741102462c,validation,6b279bf052534ae28b4870522b0a435e20c8e4359a21f0c898eab7cf90f050a8
4217,Neuroticism,good,g-024840a2f948a4c1,discovery,142fff2233f3fa93f2a24434412af2af8eb4125ee3112e83b25335808835e8bd
4218,Neuroticism,good,g-a0c878d421b626c6,discovery,3337ff2f1fef3517ab770e4796e30a12aff6f1c2ba0f73ee1ea12773fb6a2cfd
4219,Neuroticism,good,g-4ab0039b0a606163,discovery,1360d2063eff1f1b4352daac0c4ba034527a305bd8ea83722e2ea6763ef8f4c3
4220,Neuroticism,good,g-67fab893f5c3e13d,validation,12026d30e0f49c81ec2d36d15003cbebd42e5fbdbda49e85f99efb623be4dc7b
4221,Neuroticism,good,g-e55c8c792ceb574a,test,8839bf2ef2723d280fcd59ae752f91c4e40dfcfb52f56fb06788c322707521a7
4222,Neuroticism,good,g-8ea7f043e179fb65,discovery,1e6501ef42801e0eb5f20f089f3a396f04aef9a823ade4c430082911e1d90562
4223,Neuroticism,good,g-74615565529f7b6d,discovery,f87c88aaf958dd1081077fe606caef9239b2442e7c3268ef0bdc99db4dbc01db
4224,Neuroticism,good,g-53b5ff45cd30b98e,discovery,7c6ffc159e19ccadda9688f66b6f44f2a1e552034bc5ae65a39aefa23554fd7c
4225,Neuroticism,good,g-8cd8ecb9563e0035,validation,c8cf771798b2c3e290f0072f1989bf9cf6511a09664ea4d3132cfa77d8295aab
4226,Neuroticism,good,g-37cd6b548e8ecca0,discovery,d5b377ca7bf164aeb0ccad0c13188284afec3f6a4202f6f395902f64a3c42af6
4227,Neuroticism,good,g-0dbfd9d64a9c9d9a,test,585eab8f54cada798ccf16cd827bf61663b40cf67211b491a246ee9528e342a0
4228,Neuroticism,good,g-6bde5ad6d5a5399d,validation,c284601578bec2b751182c5780f091f90e6de4bf3da37b4b358f04222afebc41
4229,Neuroticism,good,g-ac2f4dd33fd6ac21,test,f24c0e69de398ba2a9448d8f041c1f54a514ac5bf5fcc2d744dc29f687eb760d
4230,Neuroticism,good,g-1599ed3805cc22e9,test,83cbff3b993906c3766520928c0166f1870b16be3595c2294fd550d9090a8db4
4231,Neuroticism,good,g-ee961d5d5aa8650d,validation,dc4b7861f53cd75557199d92df3433b031f6419e8835e9982a5f32df58a325a9
4232,Neuroticism,good,g-69e848a93a8cdbbc,discovery,6d47f184b88f14529015a6761fd0c5bae54d01b91cae46af23a3b2a890d0aea3
4233,Neuroticism,good,g-715faf25196af6b4,discovery,7316e944424d9c47dc72f9d60654280049b57ea12bc7e38f6e4bbee35b333332
4234,Neuroticism,good,g-43e708cc46f8ac1c,test,dbf681e3d3061153971fbaf9b12f68d5575019338af5ae788d84eb0d7fd6f7fb
4235,Neuroticism,good,g-974bce34d9ba430d,discovery,ba96d09079fe53ec40c90475c98e69bcf40be5c9bc04e389024861e0b6ce18ae
4236,Neuroticism,good,g-ac6125be1de33cea,test,e1ecf1a801ae8ed81cfa5554ee2470e6b44efc4d3375bfc382d0cbe71826806b
4237,Neuroticism,good,g-2ea12f65e6760bbf,discovery,ff38cdfe110891c121ad39c325d09d6019b39d8d72708ef515dffdeb6731fb51
4238,Neuroticism,good,g-5e7f352d81d24805,discovery,e1f7e1126ea56eb7034374da39c596e54a27a6360d55f9d60407506183531175
4239,Neuroticism,good,g-9a6958f3a75333c1,discovery,8eb37c4ce01755c330a5721a9f7a7f4202f1c4be144b644f8d5c3cebce2d95a9
4240,Neuroticism,good,g-54cb9e22a65e5590,discovery,578ff28595f486bca6e82ec99313b2264e4522838912bb28a9e30097afe45456
4241,Neuroticism,good,g-af431ab3f67c19bf,discovery,c1a2f5a3f93958975eabcd93f96065f3562e55b42840a6603a2d26d5c5ec5358
4242,Neuroticism,good,g-d84b3924a4632843,validation,cef142a5d18a68ceb0e7b192bbb23039f6b89a71ce146ac79fe7b2376f8700fb
4243,Neuroticism,good,g-45a4c4786c3fd403,discovery,36ed63c39574e2dabe07ec7072f923f0b09d49da90691480d31cf4e4074821d6
4244,Neuroticism,good,g-2148d46cd8bf68b0,discovery,b0fa874fa10191e2a1d9d503ea3804becfe339f42e7ee1971ec5dadc08c4d40b
4245,Neuroticism,good,g-e7363cf3e3a7c4ec,validation,035139b1286d491df3a6536ef8c11e10ab1adb155eac554650b26f739d4920b6
4246,Neuroticism,good,g-91edd29aaffd78a1,discovery,3f0ce500a5622aded9401acc6808019d215f7fe467a7b8b2207cde0e23fc1e60
4247,Neuroticism,good,g-79be3b1eaf8b6000,discovery,7bdc2820634934a2f7ace5268734f877ee33b45fcfabfaedf565d739288f8583
4248,Neuroticism,good,g-badad82c5024554a,discovery,d39f90ca409de4b233951b0a315b3fd52e29571df85f97dd14dc37ac8e3c4200
4249,Neuroticism,good,g-ef6ae50c5a44ca20,test,5ec4f13824c4d9adcbdec681d8d8789f97262cdd597effa504aefa7136c6cb3e
4250,Neuroticism,good,g-1be3bd912c9f2a99,test,849f521fa11127c2cc20697f9aec91d3a62698f9aeb7c2d5d743f73f19d5ece1
4251,Neuroticism,good,g-66df28ed5e005997,discovery,f10ccd25fb0557d376a05ecf1d6192e8041dc04a156f334b400e8fb76cbe23b2
4252,Neuroticism,good,g-12087d6207b5a388,validation,1fae6df0d4ebf4aaab129313bdebc7da61a97720d3d99862179e8ab48d607ae6
4253,Neuroticism,good,g-f56cd4d4737c9b15,validation,8944c84212f5be1e1f75f76cf7422c2b07b0d9e023f2cd3adcd26ae90d46e54e
4254,Neuroticism,good,g-e88d0b1cb6511330,test,e4d271e341f53a6dd4d5e7775b47ce3b23a5eedf8e67882d3ed2e2255fbe0dc0
4255,Neuroticism,good,g-56f33a865c0c0c10,discovery,20de5b6b35fb79e6b5aa7f1e5e603b86956eb3e83de19503a12c9e89f762b032
4256,Neuroticism,good,g-815ad870211372f1,discovery,881937c238e5edff3a7f65b871fcba67fc06c35fcf606cecf5fc4011e3912985
4257,Neuroticism,good,g-269dde72a89be0ec,discovery,51bd81b7b8341b892ce7ff47a9836b2737a9033df4279603d0cf717f74fdcd18
4258,Neuroticism,good,g-a828fd2cb318dde6,discovery,08d484de89056b693d35fc94725452921ff164c5dfb508f43fe1fbaf0dcb61b0
4259,Neuroticism,good,g-2a3dfbf3543aba23,validation,e60dc6df37776aef47dbcb3091f250802b81270aef963c9159c986b608acaad9
4260,Neuroticism,good,g-c4e6ecec2ee5f9a5,validation,7b85693a19eb6cb0b93fcd74723b3e19a4693727b82c3c47c620bfbaaa987409
4261,Neuroticism,good,g-513f65e2a0ba922e,discovery,818e35bcd47f75597210388cad7618772b3fd7a964d24488c704026e3b93cb72
4262,Neuroticism,good,g-9a67177dc446c62b,discovery,54c39a27f754b5e5b9ccdf108ae0ee1fd6e13ef388386ea7d92cd9bbf5787338
4263,Neuroticism,good,g-d1d227ab5ac3b5c2,discovery,80eb1f95ff53e369ead4599178cc515d571757a3026bc9a52325ddcbc46b2bcc
4264,Neuroticism,good,g-8987ac61d252ec83,validation,7766009c536f8bd11d51f37b709e105826dc4343ff98327532805c1cccae0593
4265,Neuroticism,good,g-afc99b0ab0d9bc5f,discovery,931feaeb2aea1635cbd01a4093bee0a7a1e13b1a7d4f5a4f2eca859704682458
4266,Neuroticism,good,g-bf0883f56e492fa5,discovery,b8906003be9923e24370ac2da915074f9efae57575bb7221c380c9db73078054
4267,Neuroticism,good,g-443a12e5cad607fb,discovery,15f6b7a7f3346d2f0fbf5ffbfe337b557d5031b2f98e7a77bca0eeb651d60d1f
4268,Neuroticism,good,g-9f95686b88bc9254,test,c710c55230d308dd6ad614f44e3a5ede1c0ad0e1599578b1ba0757e5192f5af7
4269,Neuroticism,good,g-19ebec44c6c0b804,validation,ca4ddad05638bedd0f356c612eadd788e553c91237c7a2bffcd7bcbebdf16d36
4270,Neuroticism,good,g-ddc74a0a68346364,discovery,bfd39dfbf646cf2573dcf2320395bdb5b9dff34aad354e0b1f1601332510270b
4271,Neuroticism,good,g-c5b3a2378b78a987,test,89bb5227e2b117c1aee3de05f55754ce709119829e3483acec00a19e28705fd8
4272,Neuroticism,good,g-582bd9bef4be3324,test,75704a35663b04c9331201706ec5b54bde3c71b45da831d887fc43696bf4ffa2
4273,Neuroticism,good,g-65cdad7da5eb26ac,discovery,b31b41d334c8790e2a83fcf2ef712a9e8d30420a06cc9888865f7aade4de9a25
4274,Neuroticism,good,g-6dc666cda40ed4fa,validation,7dbfe1723670cde6f5b78b6f1fe207742f0d285d564a0a33db7232eab32471f9
4275,Neuroticism,good,g-6c88a28d02188c48,discovery,efeb15705533419b700c8c63cd2153c72ff3a26265c5ec41a7944cb8add45f18
4276,Neuroticism,good,g-e146ceb99b42a092,test,e48ce0e4b26fff43fcc82afa217c2c44e3602d57963ffa8345c2b53bef1b7069
4277,Neuroticism,good,g-a187b8e81bda7abf,validation,ba5aff5f65597731c4ebe7c638c2d760cb47db67c8d34438ec34cb8330da33c8
4278,Neuroticism,good,g-18bef6170126242a,validation,0309a0ebc20646e8ee2a59da685245e4e8fe0f262325c674f7aaffce37b3a83a
4279,Neuroticism,good,g-3cef188d60ea5005,test,b0a55a2ce22197751cebfa5dbc0c7af0b61c94d040a11bd934d0c41c9d56f1cc
4280,Neuroticism,good,g-333096233c0bd621,discovery,e0e5b804cfd2bc4c04d2b09f3e86d48e0284f418ddde63bda3a4257db8d4e516
4281,Neuroticism,good,g-cc5c56ab25d43ce0,discovery,2192a2d164c2ad84d1a183d8d6ea38e8341d84a523c104f3e6fd7cc6258a4164
4282,Neuroticism,good,g-298aa011a3e4214b,test,392db99d3752ebdb11cfcc0f48b564f60f765e8857edddeed1cef1079d202273
4283,Neuroticism,good,g-4a09ff8f2128b3f4,discovery,3af6409944d19244440250b0bfb29cf616d851a6dd60f3f058aae484e2c3d419
4284,Neuroticism,good,g-e5b72a5640ff3fb3,discovery,bef944f8e76b497940b5679ca54e8e9fe52ccb457c9ca728d691f256b33c3296
4285,Neuroticism,good,g-d26665a09030dcd6,test,1f794e402e8f95e8413c1386b46981d9c9a75530b2d7814a16b1153f7d41f6cc
4286,Neuroticism,good,g-7fbbf9d958150e0b,validation,7f5f5083754af01eef12842f7e33233136221f7c79c6f232e1773903dfebac81
4287,Neuroticism,good,g-37ea18be203cae2d,discovery,9973ccd6ce87a9bec50b343cff42ffe754c0fc0086958f57ad16241d73ad5fc0
4288,Neuroticism,good,g-ac53474d59836fe9,validation,e69a1dc7f31fa1c6b03baa025eae45bbc9d9965f14aba7e900da066791cf317c
4289,Neuroticism,good,g-1647aaae902acf85,test,ffd765e2595972599664f7f4646fc98303a1072bcb443372803d71d9e2a49efe
4290,Neuroticism,good,g-ec47c05ba918e4b1,discovery,d97a5c5b3045343bfeacb7aeed187b69e5085ec3e2563f3b928655b66c62afa0
4291,Neuroticism,good,g-8309d8fcf73dc170,discovery,877d0849dbafcb36c01502fc95511d5a4d41ff8a628fe6eb4c0b2891cb0507bb
4292,Neuroticism,good,g-33408182dab0c00c,validation,40e85bfffabc27f2e12f3c3733dcd6d136cd11433358506862583135c489fc95
4293,Neuroticism,good,g-386df791dc3a42ec,discovery,a6433a1fdbfcef49b8fa70bdcaab7a888c07c44850e7bc6c0cbb96766ae7dc53
4294,Neuroticism,good,g-a8ab75fc279befb2,discovery,95257827269d0171696e6b1703ec80f515b9f6d47cf1d5cbb0638f10930dea8b
4295,Neuroticism,good,g-cfe173535c354e1e,discovery,6cd511dbb74e3c3640488f9d87fb557d0e3f0d04b7f7958b7ece29fb2279f511
4296,Neuroticism,good,g-e784be5a08319aeb,discovery,8f973928936eb31f6241294603a53af829d6a0316a97a02b41baa79def8e3da1
4297,Neuroticism,good,g-103ee479ad6a405c,validation,c40f4831bd93f20ef05525fbe28a793c261b6542d3cf5fed21e96f7c579227fd
4298,Neuroticism,good,g-7661dc7051a1ef15,discovery,006339df90510aa2463a60ed97834f2d308fdf1e645b11909b4d8fd1ecf22f8f
4299,Neuroticism,good,g-80c1e4cc348772e5,discovery,6929e0c3a976e0778304b056a0a7f19c51b748d8432e9aaae9c400d8d79136f2
4300,Neuroticism,good,g-071cc89e0e72711b,discovery,3aeffbfcd7ceef9bd85a77fe21dae74295b03bc4ee52e323901d2f30e71ebd59
4301,Neuroticism,good,g-3bdb8f8a2b7e206e,discovery,2ecac9a7537b77a29ec203c3e9d117d44712dcd91e93d40946409401fa956ae4
4302,Neuroticism,good,g-f03ce38b92187d56,discovery,099308c2a9df545ecfeb013550ec89c714e5d6d55d4af03f776303e4f7c29556
4303,Neuroticism,good,g-b187dccab4d44eb9,test,976fd6c3d086fa76dd92db9d81695e55b88360c4744c6a566157d6317d73d419
4304,Neuroticism,good,g-4ba37c1be4bca5ae,discovery,810aad3d7ec0371ed846f29858e26f1212bdb7f743d8b901a3027f1fc50bbd5e
4305,Neuroticism,good,g-1d2d4f8d3ac3f1eb,validation,7c415eaf72b79782e528ae41b0a498d701edfd32719c8389f7fec8fec42f6d77
4306,Neuroticism,good,g-2705bac8a472b8de,discovery,d8a44d08c8cd585819680881651b7e754064a8fa20f55fb9a9480ac02686e40d
4307,Neuroticism,good,g-385ccf9d233d5647,discovery,3ee2f52822d00f97a6eb129d5a4f4ea5cddfae8e34605004f6bf065a6ecf2aac
4308,Neuroticism,good,g-182a27d0c4d3b88c,discovery,fceba114a7699bbf7f366164db536af91addfbc8844ace79a8e236de720944d8
4309,Neuroticism,good,g-20b9d9f16298c075,validation,73f79dd39e967ac72c1e3f107325e90a407e9b9f9371a211f22d576b88308c9b
4310,Neuroticism,good,g-0afa6cec818a36f0,discovery,1dbce5c965b03dae6dfd1e2b0dfced9e90034bfd3b9f27d6043bfd322b2f9e93
4311,Neuroticism,good,g-c27cf3bfab36ca26,validation,2af370ed62d04c0b29a786998be148ff0f6dd36ce91348809879e641a24bc4ba
4312,Neuroticism,good,g-72a3ffdc4e9b1fc2,discovery,098d22f1247b7c64e87eaba6a09c64ccf2b3340e5204dcfca5e0a2ff2cc91628
4313,Neuroticism,good,g-ef0a6f3d3f2cde86,test,6971e640ce5ca27090cbab4a552da331f01c5aefd642b66ec820a03e53353e6c
4314,Neuroticism,good,g-49decc2e68bd6aa2,discovery,0cfc905483e7a8e5053387dbb14dcf08a21cfdbbb947dcb9da2765267cfbb44d
4315,Neuroticism,good,g-688b778b2f2194a5,discovery,e043a467ce8c48964e3de0f139db0a720dfc766f3cb3178d28fe4340c521e566
4316,Neuroticism,good,g-1bee1918aea90e95,test,c3bd8d36ab829efffac13cdc6003ebc832d93b9a2d82e3573d57914b44b86caa
4317,Neuroticism,good,g-0be43f474acab93b,test,f2f87be3b672271f314133e96ff814a04a03b7f4f2f9ce6a910fc86063dfbabd
4318,Neuroticism,good,g-4c02ccccd3e7f404,discovery,eecb66f1623b20f00a08b1d341bde3fd76fa2f4df7edf2f525bcd54d49ffaa14
4319,Neuroticism,good,g-3a6e1e04dfdb2826,discovery,ebaf52a1e6549bf3080ebcf8109f98fcdfedff40e214b31521585458e6b454e1
4320,Neuroticism,good,g-812e001d3204bf95,validation,0744037da17a69c3a20146a7a6e179110620ffcf8abbcb713589db3d5ac67ce6
4321,Neuroticism,good,g-e9b97139883cac19,discovery,b1cc235128302503f8375baf16eac19a389af73c518e4b9a4dfabca6fd37758b
4322,Neuroticism,good,g-99bcd297f87757c0,discovery,7db97adc22f8b6f4b1cceedd318595cd710e9085550dd4eb37fe891de176d141
4323,Neuroticism,good,g-42608ccd1ef6df15,test,e2797a2d8eff2a426459b2c20fa2715604db8945a376cb657c9059bb523ae9bf
4324,Neuroticism,good,g-32a96485fa2aa424,validation,584a64943d38a2e947d2a3f9b26ca078a7bdb8b9f91302da3d4dac745cb89760
4325,Neuroticism,good,g-064ca549664339f7,validation,9f815852e4aee6758ec28631e3e5000879c687a5b656773f04b62d2c572a7971
4326,Neuroticism,good,g-11bcde8d1b467cc6,discovery,083367c84280939dbe0757bcbd09a06fdb70e4ff5e97e3dd05f2ae61c6958089
4327,Neuroticism,good,g-f89c78cdcd081739,discovery,125eb3e9cc9ab5a92582ef36fe43304de6950017476fd3e2d1c50e78eae0f1cd
4328,Neuroticism,good,g-f96bde716953caa2,discovery,a53a516c8afdb46de1548718d889d63f96429c258695cb6253faf68b07ad2e97
4329,Neuroticism,good,g-c550a989ccfd7ad1,discovery,c2364ddfbf7020c72815cf955547ff040bb02f3d8100c659a41850c624effa5a
4330,Neuroticism,good,g-b5ccacc751d05fd5,discovery,716e00a180165b034640dfed539b8f85b90ae2a5beaa166fa39f8e7b159b1afa
4331,Neuroticism,good,g-89afb074c7fbb2f1,discovery,27cebe0e0374a187f323059494947e2182f49da7ae54d279d1c6ff2891ecc731
4332,Neuroticism,good,g-1c184e5bfbb15452,discovery,97600724d48e2cda932ccbcd5a7f615dd5ddeee9b9b718dadd75b88485ebc9e8
4333,Neuroticism,good,g-8e42b735868a2f47,validation,cc788e43f1779f2135af6218ce84b779b4a5895ea2c6b01836c2c7b9da84e76e
4334,Neuroticism,good,g-8ad3d3f1a699bf2b,discovery,da4b2c232c28f8a34c976080323412fafe863c6ba6eebefb64aed4eb3ec30712
4335,Neuroticism,good,g-7a41e06f8fccb5c5,discovery,df56d3f0434389e56f440c45f57427a9e1059eb64775eeca3427a85ae8f8d450
4336,Neuroticism,good,g-c789eda433f0274c,validation,fd1d924e82956bcd5716f67d30a8713a56d1648379835e6976e133b1890d5a18
4337,Neuroticism,good,g-b203e0fd3afb284b,discovery,c830e48dff993a239e28522511c0a99be20bd431121cd39158e9506cb4485348
4338,Neuroticism,good,g-dc4ad70326563cd8,discovery,5419256a5447ae809de33dc519fc3bf87a87114d79b5d09054a5422bbaeb3fcd
4339,Neuroticism,good,g-8cfabc4078489d70,test,8b01bb83325998348de288f1a87ea1c2bf5a5530375921b6370953aba986ef12
4340,Neuroticism,good,g-8ba4b408dd3d0983,validation,cb6fb2b76fd559273d59b5db3fca79a7bea8abb561e178aad891c8a47626fdba
4341,Neuroticism,good,g-1e974682c0a7ee02,test,cadb056216aa8e3c6b8eeb4c1fd4cb0a995dfa1023483e5805ed50add3616c36
4342,Neuroticism,good,g-730997ff05133bb9,test,2dfd4fc92ce56a4d83351abc4aa16da7ff0b2b81437e9af468a790527b7c8b15
4343,Neuroticism,good,g-c0cba09297d3f2e3,discovery,ea1191cb57ef430fd8ded72fc01e49d589b5185471cd77c844b975389da441f4
4344,Neuroticism,good,g-a24abbaf6fb50c11,discovery,22bd631e0c948abb3c8a981d195dd4c42a19da2a992ff1ba7efbd6e2eef08b0e
4345,Neuroticism,good,g-67a46548bc57885b,discovery,82dacf35d99ba048010bce308e8c6be41290cbf39a2bb2018db6d3b0f7def705
4346,Neuroticism,good,g-990109edd4572778,test,c1850181a68d8366d2fbf9f19114d51496b5f1bd03717553e9a263a481a4e634
4347,Neuroticism,good,g-d855387bdd87437f,discovery,2d7d7577242111c1d1c83a816ffdf57d143cf799f7286f3f76bbe3109925ad5f
4348,Neuroticism,good,g-b8b4ae365a8d6d0e,validation,83a435bb6c3756e84d0a76ba5d8373a730de449f53a662cc3e48bfd244e5e837
4349,Neuroticism,good,g-c85481ca33cb5d49,discovery,928f6bc6f5dcf56bdb0d00c4fa51b834fd9dddfca774b97868955fb3f7d9918c
4350,Neuroticism,good,g-20c411344656ddfb,discovery,c93e7fda4de3551fdeba88af31f00feef34c585f2d5060ca900efedb22107bff
4351,Neuroticism,good,g-24fcb94f1aa86555,discovery,bae0b25a1a9673e2b2267d0fc89c3bbc02ee50327ac491cec32a1c9e42cd5874
4352,Neuroticism,good,g-3d8da1ea1ae373ae,test,20ee1ea3bd43f8cdb56a0c568286a9a6d6816760ab29ef679a7898dc1c53bf5b
4353,Neuroticism,good,g-24d5937ba2da0c40,discovery,658bfa836eb6260894233ed9d068f9a710ff77f6fbd6a15b31d0cf152ec2ce99
4354,Neuroticism,good,g-aad349c7ed96bce9,discovery,acb43f8585a1b56641e84d2b4e13443c53196d808c162ae3b1a6b13a37d1e05a
4355,Neuroticism,good,g-039e35bdba315d17,discovery,67b44aed3f5e04874bbfe04021bd6921016703ef4e522f33621c8f2c8131e82f
4356,Neuroticism,good,g-9d7be136d8e19320,test,f2b4589a73ef3e1990782136784c351313a7398f08cef6b661fa41fd74bfcaf7
4357,Neuroticism,good,g-4143eb17ae8d25b1,discovery,d4f87cc6af3755dbdad75f9c06b7b11ec363abe7b2a2670fd7ec92e5767aeade
4358,Neuroticism,good,g-af2326c2ba14e3c1,discovery,28845f622e9c6092396283bd192bc0efaeb45505b111f2ad5ba48fabf7ec8358
4359,Neuroticism,good,g-cc291ace225b51f4,discovery,ee86636640554bab0e04107291db036149198b0a66c5a259e2d0733b64602ed2
4360,Neuroticism,good,g-5d8ad892debe47c0,discovery,72df0af095e8431a041eb43fa39358e89da15f8bc1c9073047c8c791f90f0f59
4361,Neuroticism,good,g-214008c88ca3a447,validation,8803163b445c562414e530aefb7559ba8017e7fc0d3358ae0302edc0bab316fb
4362,Neuroticism,good,g-f36542cd7921f888,validation,09de01a96f2d63e1d2893417339b1fa63a31fbee0cffed1597d0c8dd616acf07
4363,Neuroticism,good,g-2adfb688491515c4,discovery,b1c5a94a6b715a763d1f25be4f538d346b37f4484a659765c11bf922ed1282a8
4364,Neuroticism,good,g-b7c4e5662f20335b,validation,70e66a2f3317fcfea050153ca03bd5c9e36dad67e40db44ca2a235fe037ffcee
4365,Neuroticism,good,g-aa280dfd33e439c3,discovery,a497b8a577a12f9dfd39491f4ba9c6719561545a9dc6a04ff1406dccc6e5a05a
4366,Neuroticism,good,g-38935d71e53ca54a,validation,5a316462fe86ad3655a9a40a38ed95229abec821281a280ba3706d40ebd1dea2
4367,Neuroticism,good,g-1c1df3141c36cf38,test,810decd96c221f53e2fbb7473581a09a38d27a7f0d6f7affa9c5eb5957e2555d
4368,Neuroticism,good,g-817bee88d6175aa7,discovery,2fa28f2cad721d419ad6bd2390fc73a33efeb1182ffd893e30aa635777e3329c
4369,Neuroticism,good,g-5cbf7d96d0ebcad6,discovery,5bf7d1e570ab38704271b962636d7c4da424404f261b7f8623b08731e6c2493e
4370,Neuroticism,good,g-3139b2b206b6c78e,test,a9270cb5927f72e9bd4bb954e4aed237a02806bd8d59cb6fb074ba3e8af13e26
4371,Neuroticism,good,g-5ecc5333bfb68cc3,discovery,ecda76b7dde86890fa71c2d4f1aedc3cef8a7933b3361b5510f910966891d736
4372,Neuroticism,good,g-d153d65faad45501,validation,d1d61657bd8500f4dfe06d896c6903cda6120b69636dd32c8f73363d123d5005
4373,Neuroticism,good,g-ba5faa3342493b2e,discovery,5cdb0892103ca1684699b7e03e44800bfec3872a3a42a80a929fc256b0754a41
4374,Neuroticism,good,g-af3f0f2c5f7e14fb,test,e9cc64c6b2ab9771c071e576acf9ebfe7fdb881f1c318ed7570fc8dca8006dfa
4375,Neuroticism,good,g-d0710f72b80d46f2,discovery,f4cb3d4971ee9e2bcdf6c8f07eb2f3ab17fbf515c5d93394fd2f7ca1bf0fd6ba
4376,Neuroticism,good,g-58b20be50a122196,validation,d105378e302f85a0a557f6f7fd86344378567855ee0528360d38a98e33285c10
4377,Neuroticism,good,g-2476cdd4de77e73e,validation,05583f0a9fd3ce671a0fb1c4d894c2bb30706eb5241f4e3377a636cf3ac7a022
4378,Neuroticism,good,g-eaf5089c6ad45c3a,validation,dd0047f30fa8341df6c448f54f7d6ee4de5d7f58fd11370f3d2e7f9b785c718d
4379,Neuroticism,good,g-3f270786d21ac71c,validation,7d28c0f5b11b2b482ff6682a5b5a78f1f3cc4f87be66a20b176a5c5a65cfe72a
4380,Neuroticism,good,g-0f73c95a4de92c50,discovery,53706dfd91f8c1d5afcbda870d738902e651962c2e95152123526b07363315c7
4381,Neuroticism,good,g-adb93f6dced05499,validation,b1edf9cf3406bd85acf96781cc36616739f3196c5f67b048d9fa0e2b33cb3d51
4382,Neuroticism,good,g-aceb70f012bd35a7,discovery,3872eac0334b9d77f4e3a1a8d48cfb6f45bd3c364bc535dfd27485d7568a01d6
4383,Neuroticism,good,g-773d4543fa7f3048,validation,6458a8c8fd4605270abe741e40ceed14c9ce724801bf4dcab0cc5b8b54763cfc
4384,Neuroticism,good,g-1a7dd44c1625caff,discovery,2972f874e693fa1a33e2336441b133b76fa0bd08f9ebec4605d6195c8a618b92
4385,Neuroticism,good,g-bad847d7f8dd1ba1,validation,98ea55a64295859369109bb002aec25a3835a3d789d8376bcc1574093c89361e
4386,Neuroticism,good,g-9379910637ba4618,discovery,8b5bf03eae5d4657c32a1733215510e477cfcb54c6cf4d8bf967fad54635bdaa
4387,Neuroticism,good,g-ed3e55609650bb2c,validation,be5d5857810d470b4271e5f5c00d2c0fc79a3cdf206642387030348454b51a01
4388,Neuroticism,good,g-a17f2b00f7e8f6d8,validation,c86fee9bc1d820030dee140fa0fd209089d99bcf64332192b787fed543cdce8f
4389,Neuroticism,good,g-4f897d9b9dd63e18,discovery,0f64ec6c0fa8e1e6fdca90d04641678fee826e5e407dd67ec818a55452ea4ddf
4390,Neuroticism,good,g-17c0d4cea5b2e0ad,validation,f113f8e0781c739a7b8ffe44c2bd665bde96ab593fe4d0ef71f32838ed816cca
4391,Neuroticism,good,g-badfdffdc40ba466,test,db98122302360691b9c0d5ddefa7c0b2b69d34d9d02aa144084f4c3e4abee126
4392,Neuroticism,good,g-5d4ef924c43a2951,discovery,3ce64750ab90dc8a9a0dea33467e1bf4f6e62251c188bb25f4229d6b93756ade
4393,Neuroticism,good,g-c7f55c94833a1b8e,discovery,bbcbc859b0df4a4fa6b1f48a33c3b4b4e6b06b4bbba1cf7971cbe364f1e160bc
4394,Neuroticism,good,g-1e7ea4f4b5f9d9fc,discovery,16368e783d43ef896d03ae277df04c0f5ac0e3d34e6b00860819af4eeeaced6a
4395,Neuroticism,good,g-76da27a9cd71747f,discovery,b227a2a340b66eb3c13c45ce39ffbe24441980ac2d86ac8d1982a6f9dd8e1d50
4396,Neuroticism,good,g-315844c2b0f3e415,discovery,c9d6a9452d01e6371159a6c3968138b2cf556371873799fd6bf4ab08ac159c4a
4397,Neuroticism,good,g-7a0de12e9d115dd4,test,171b6ba93cacd079d8552a53df4013f8120354705e795fc0ae8b71c61f53182c
4398,Neuroticism,good,g-a7b255ad385b04c3,discovery,f3c5cc9662c434f76e31f14cd9076e3a2356e889c3aa1ba07144d36361b9adcf
4399,Neuroticism,good,g-b578c4174610bcb8,test,4afd97db409eb9c9b730c0065d4da9b1406350c8121ddc67dbde68da101e1f2f
4400,Neuroticism,good,g-e8afcd71de951637,discovery,d46383bb56a5f09f2b6640156b168fb98791978892ccfb5dc2eae5192ac697c9
4401,Neuroticism,good,g-cc4c644871b736ee,discovery,953f4f08fcf5711c8b1e54c3505ea339d9aae7a50377893bd992a807e3737ab5
4402,Neuroticism,good,g-a1deded88fb9046b,validation,d9175b1ec1f83e473bffc0e2d94a94451073c5e94bd5807c8900ff10e750aaeb
4403,Neuroticism,good,g-44f637eddd65fc86,discovery,38fbabbc2938a48688181d2c5a354e5fa17bd77fbe1815119499b064398a1912
4404,Neuroticism,good,g-a4597b5a1ddb0bf6,validation,a8eb17b653e56cc69562ab66b5e1208c55b545c97816fd1f343b37b004c511c6
4405,Neuroticism,good,g-c364275c787139e9,test,701202ad0c8b16334a3cdfec6167fa21fba95a141bf7729c91ec37bae8a97ce8
4406,Neuroticism,good,g-fcb00beefa5eb8dc,discovery,c782976114a8244abd8932dc0b1f760b6bc60f879f5691c4bd3c2e3314ca6c4f
4407,Neuroticism,good,g-44aa54b2742cec34,test,ad3ccbbd0013ef26a954c878eea9d63e16fbe9cf1cb40cbb3dfa25e68b71dc63
4408,Neuroticism,good,g-6751c80e060de2ff,discovery,9b1dfbcb84d00f43f5633215e71e8c1a8d6b57e242ac3dde53ad64edeb6bb2e3
4409,Neuroticism,good,g-e397993b6216aeca,discovery,786058cdce201f8cdc8c546390bf27de4a47985e61c058395b0438862f5f456c
4410,Neuroticism,good,g-f26cafec42fc24de,discovery,23aceabbb674ad7b7e04f598a5f3f4f01319ad372f8c4bc689a7ade49fbe6e93
4411,Neuroticism,good,g-58f2ec9afc773fab,discovery,092ef5c1417c035e8904d27e0e0a96f58be7febbeafae44aeb679beac318f685
4412,Neuroticism,good,g-bbdcc1ae631cafd4,discovery,2abf9b615b240cac1d4a53ac12e8d0ece2afbbd5af39a000cffc4d5b58bc2cbd
4413,Neuroticism,good,g-086a1b0788422435,test,aaac3d67780e10ad17932feca58c64473943680b865fb16b819e46c764cc05d5
4414,Neuroticism,good,g-a2005ade80dd75ff,test,58af1ba26878101fb3010d911ddaba4fdaed08f7b1c5788c710ba54ab7c36744
4415,Neuroticism,good,g-b0b56c52b052f073,test,3b2e309f14d7aa64452a25de3fab77b009d432d7261c5442b3f970c3916cf010
4416,Neuroticism,good,g-d59a8fcd92c8ddf7,discovery,e3a12aeb364fe1726e73111a13819c01170a79ff1a9b70ee7ee30db94709cce3
4417,Neuroticism,good,g-ed261b5a82647c00,test,1ec825160cfc0e514d7db2df0c6c01545640aeca609c623a24cc887b7d83e5e9
4418,Neuroticism,good,g-2dea4ab3c9fa6dd0,discovery,78359969e2dbbf4d1e8e104079657fd417e6b48398f4231df7137e6270049496
4419,Neuroticism,good,g-c2d8890fac3cdb93,discovery,1273d4fd42d16c536aee14114dd02e8a4ba4b045c34be37be1f1835ae7a4be1c
4420,Neuroticism,good,g-b5c668dde3fce916,discovery,4fc9a9652d925d5513093bfa3b4a7f0b49002a437e4548d4911c1b4d6e3db81d
4421,Neuroticism,good,g-e3d9af6bd42d845c,discovery,a575bd0a990075463b0901a30e798b6bfbce85d257a8dc0af731b59aca6e20f9
4422,Neuroticism,good,g-7130522d6c3fb2fb,discovery,458df8fef8828dcf2fda7d8b91e7daea2d46a639968f30091a6a420da3aa91c9
4423,Neuroticism,good,g-91cf0a15bda62ffe,validation,972817995ca4b794fce22ff78a91de7ed0354eb65596a3f4edc3981ada37ea92
4424,Neuroticism,good,g-bcdaefaf8d4ee87c,discovery,b274deaf2ac755f9ac6be771d22fd6358b6c34648be1482d6d187c3b09b38fde
4425,Neuroticism,good,g-86f1cdcf4674dfe0,discovery,93dc9f774fb732a955234d39592835140f75567ee8e4ea3fa179dd9f65a9f500
4426,Neuroticism,good,g-a82443859b17101b,test,240984b95ae893f69dbd52dde1f28bde73ee00d7ac595232921c45f72a98b448
4427,Neuroticism,good,g-b3ddd0dc6fd9a3a8,discovery,000c10b04170c707c68ecbe074643bd0d5c4670b1d3a4e76a34597436f0d10a8
4428,Neuroticism,good,g-82616a0cb4ddfcb3,discovery,4401aaa09e1a73e44e6dc04e3a675771938ad9495e12ef25c4313b02407722d2
4429,Neuroticism,good,g-a8e56acc6260067f,validation,fe9476050c94e34f868bd12555afd7a8105dfc6bddda2227dc11d633f07fee77
4430,Neuroticism,good,g-0b311d068f93addd,discovery,db5310b26244884cf40cf772b960943b3d0502df45c98f79749802a2ea0f1ea6
4431,Neuroticism,good,g-c54bf220415363c0,discovery,aca7afba1f5a8c0f3159ae59221c5e38a812ec29601eb5af16a07c447a431df2
4432,Neuroticism,good,g-aea937e7bc3e13f8,discovery,d51cfae8b1062d857e24d81b92a23f9665c3106169163c27ecabd3c98002cfcd
4433,Neuroticism,good,g-82458db6151355f9,validation,6c5b0e373410948b12f0c1f2b9f9c24c8ace1cfc777b0a69d246299bf19cb54c
4434,Neuroticism,good,g-9ae39acc78773f5b,discovery,e92269a44499cc12879bafd6988e463618beab53161e051c70fac47d233e360e
4435,Neuroticism,good,g-c449fedec9b1f018,test,74dbb9746fa71a81287aac3ad655e0d163e0996b67f152ccf62f511962f09ff6
4436,Neuroticism,good,g-d362e7ed36f2f4c8,discovery,693cc3f5648b3c535be4639f5676d8d4c4bc03ee54a54ce742c44c8fd282e115
4437,Neuroticism,good,g-7cf3f60d1d6d656a,discovery,f115776e01c1e6ed542e6d77edc773de0d7811e2524e439c2b5a272a90ac7929
4438,Neuroticism,good,g-05ebf99121fe9162,discovery,c7620b3641ddcbc533317d721b9e338d9b268bdd7eb116a417ad73fd73c0bee6
4439,Neuroticism,good,g-a938bb6234e400c6,discovery,9470174f4298b96342fcf602aeae34cc83025851124c7694c9037d1aa8488818
4440,Neuroticism,good,g-6811da7f812385df,discovery,f9fba1e692353c1ff38703eab7f920658daa8a624d41a2c23da7fce576fe6057
4441,Neuroticism,good,g-dcfc6e7d093c5643,discovery,03ee94649c213e581d9f60f75c4fe6e221ca94cfd65e9723bdd1860bf92dd35e
4442,Neuroticism,good,g-f9637fe682c78d31,validation,13722d6e5b4a743cf799b87c32289392753c3a068e6ae706f1f8e85ae18cdcbe
4443,Neuroticism,good,g-f8dacf07c9815976,discovery,735cc0070b2c1b677be154a8c6f69bb432e8c4a62c6ff494ae6decae9216efad
4444,Neuroticism,good,g-3b0d9dec4fac1235,discovery,75ab9fdb05699f1960862a33d7c93b99663fa09ee36d2bc0c58029bff931f747
4445,Neuroticism,good,g-0cf35ab6083b0c43,discovery,dba6cd61be89861f49f8472ac33e6ad4d2be956e2a1996ba69bfd031149ce233
4446,Neuroticism,good,g-138fe303c34dc0f7,validation,fb9f256b1958a84285627b64d6c21783d3b553fff0e805265d3bfc24432417aa
4447,Neuroticism,good,g-3c94477fb6c4ea4a,discovery,7a746f09af7cd41666085f970b32392cf9aa9e5cf6b224efb38069b0183d0cb8
4448,Neuroticism,good,g-487fc295f771f3b9,discovery,e24b6c37422aafe7889ffcc3749fbed60f5c0a47373d0b1e6219c4288a6ad9de
4449,Neuroticism,good,g-049eed2599d09020,discovery,04cd92bc95047c108d947a59def90d7cf091417c0cdcc300b810c1870c65bb8c
4450,Neuroticism,good,g-b1c8e52aa06dd93d,validation,4296410e38ad33d7d65c43fd2263e1cebce60676dd7272ec43db87e6d0eae5ab
4451,Neuroticism,good,g-a6e520e866de6217,validation,4409935e3520af7234db32892530b6f296ce2af0d1727a6a83033a187b80f7b8
4452,Neuroticism,good,g-1cbba60614c69b9e,test,42cdb8e444ec4ceb20eac23cb79e82a91b3368ca31cb5d8075b1bb1cc5818a61
4453,Neuroticism,good,g-cec43602fbd73b7c,discovery,4d2950433abdae1c97306c3e2efb5c688994d00c2d8f37c01d4f2c5f6ac1e14e
4454,Neuroticism,good,g-e0bc61fd28e1eff7,validation,7e34a84ad2fca5651abad84e9581ea9f00ea7898e8fb74239009556f9ae64109
4455,Neuroticism,good,g-a442a431a1b4d14f,validation,496e013bb460632fd651d9bfdb38e3688857390cc958501a232777a05d0d4617
4456,Neuroticism,good,g-cd5d474475f3bf1e,discovery,d2ab98b33a06b285fceef0be1a2573abf12966852fe6a19ddd6bac8bd98999cc
4457,Neuroticism,good,g-e6b0d66d48b69d61,discovery,08ab68e6101e52ec8d33f42002a4a86ab1e217428d54c6c48cfba00d83123f69
4458,Neuroticism,good,g-e556bd4f367ababd,discovery,ff1ca04f954bff2187ab5cc307a01cd76abd05cdc18362a95adb085a0069fa2d
4459,Neuroticism,good,g-abe49dcbe74b9a3f,test,3b9693a1092acec2afe44a2329ead149806f49c36c6cf424e5ab4327caf693e4
4460,Neuroticism,good,g-ecf9aa7665202fbe,discovery,55f9a18ac14bb45091b7fe3845c509190eabb584e7f46b089d4d7f57e72cb8b5
4461,Neuroticism,good,g-9967c406ade6502e,test,d3d83655a2ee718437162fb7631fb3f1dd9cbb7abc56d17f218d86bbc5aaba09
4462,Neuroticism,good,g-b66bd2bce0a5ddb7,discovery,6611d902b9f1dd7d24798d8ed3048d419634b4820b817e1e20ae0cb3b0a06ea2
4463,Neuroticism,good,g-d10aeeb2ec1d90a2,validation,4aab3f3669918fc8190d1b7de13bad3caa9173b961525fb198d41e4f5e5afcbd
4464,Neuroticism,good,g-79e08986c4b835a4,validation,0e7cc880ee8f9b423c9e0b32c0b24a90e8b4121e076b2d49eafc8e797809d6ec
4465,Neuroticism,good,g-ef879fb0d824cd90,discovery,28c77cdadcdae17b7554e31eb9661d6bcd0b1904d7b89e19a73c61a9f38e371c
4466,Neuroticism,good,g-64792b856100adfe,discovery,87f5aa03e48899f8c161842f43bed09f7a8923b9c4efa8ea597fe402e98b3170
4467,Neuroticism,good,g-8a0c5ed32da2823a,discovery,58d67e991a282da7a4038636c8cbd16c7d91b2d9dc488dd36e0f3fddc239a28a
4468,Neuroticism,good,g-9c75e50b25a16140,discovery,717986bf5ab1049e036405da3490395eb02b5ee5177245fc686007cf7c773be0
4469,Neuroticism,good,g-578e8cdf921dab12,discovery,b2d9dd3e8ec348e59b23aa23a96a9e399d6ead52cab7633ef6f2f1b263e7c2a4
4470,Neuroticism,good,g-0865b5a2c3198793,discovery,ba5e6d00c0765e9da30d1133f183b2d02540caac39cf962d998e2b571ac51379
4471,Neuroticism,good,g-3c4ba0d1af4b13a2,discovery,03ee0f30205fbca6eb1bc1d9965a799527172382093894329e0f839cd37b6ac5
4472,Neuroticism,good,g-be16acb03eb2e403,discovery,38876d3092842b03928dda52c8aa312a62300980eef1ea547d06af1d2cb96aaa
4473,Neuroticism,good,g-0baa3258104b0547,validation,e1122b492f77f004aab05fe1bc435aeabc0c6916447a86441a663a527fe537fa
4474,Neuroticism,good,g-6e56e23670d3b53b,validation,01fbf4800912b90cc77950316ad2fbf7a5645ca5b91447fdce526a06c7b16cff
4475,Neuroticism,good,g-c29896e361176f19,validation,7f7f901a52f0484673c958a3775f5a846536887426bd0f2a3f137897b72ed9d6
4476,Neuroticism,good,g-81ba4246da38e427,discovery,6b13317086e043e3503ed2932490bd1e9c076aa879740351fc7af49d8dd283c4
4477,Neuroticism,good,g-4cbf5329f0c57336,discovery,1388f849d331fb4658dda05bc9c37a008807a9f0252828c1abfdc8ef0c7ec00a
4478,Neuroticism,good,g-399c95ff64153160,validation,a524bd404544086118e359612e61277622b92e0a6d3446c34e4b9f320b6459c5
4479,Neuroticism,good,g-2f96c6ccc880deed,discovery,3a2426692900314d19205c9f3900697c02f927c28a9b40ae8e9bd0edcba7984b
4480,Neuroticism,good,g-9828d162bdf79fe3,test,76db94a3c8fa5d2af12949bc9b6bcf0f73c5b74cc2e5198ad07f37052c0dacb3
4481,Neuroticism,good,g-48164f0f67c7600f,discovery,d49c5a190ce0be48573b5dc612ea4239c7c006279af17e5276539439d9a0f6f8
4482,Neuroticism,good,g-ae9d056085493f42,validation,a385fdfe7a23fcba690c646a647c369fadcf1eeffb3969d558e98e1cdeb574a3
4483,Neuroticism,good,g-382b84a8b68ea9b9,validation,67a2700058e294cc1d641bcd6812c583ea6826a0cae7c272116b2566ce6553af
4484,Neuroticism,good,g-1e0bb9b5a41fed6b,test,89394501564fbdb839a816c141da9542b47fbcb3cebef9e1826489a02d9b453e
4485,Neuroticism,good,g-fae6d8dcd201130e,validation,d9c9027b5f309bf4b8c62482dd39152d08ec4d03b91915d90139d0dd5b4e00d6
4486,Neuroticism,good,g-c81cefe01a629294,discovery,db0bc2240b6bc9df241dcdedec41908269cd4e0b1a0b643ff5b9bdadd2d9c52c
4487,Neuroticism,good,g-6218a633d1c1a5e7,discovery,d877a00504544637fdf7938728e40a8d1adce4f7e704c314c024340791652507
4488,Neuroticism,good,g-b7c673aa27fec306,discovery,f19b561878e9526eff3a7100cbcc653130c0cb949543ce84c686bec5d3996516
4489,Neuroticism,good,g-6f68f8086acd5a5d,discovery,f74061399ef1dd30837c7c7b39e15f02daf5945f2096c82837acf76f9b69929a
4490,Neuroticism,good,g-957cead6399a7c43,discovery,b59dc90ccfc56c846f345997b5e68e61b83aa356bb5180254d4245175ed18d88
4491,Neuroticism,good,g-8814ceab3ae37285,test,76a1d7056f949446a5c0d75a3d46651aa5e0dbf78d1275f9eb73bf72915403b6
4492,Neuroticism,good,g-bd5b94a523b31779,discovery,fee8bcb0c67d8fa7bbba65bfb81553bde6d87e845d2b0912432b9e44fbd39db8
4493,Neuroticism,good,g-0c329e5ae43a0d4e,discovery,274f225565bbfe5a82b1061f29c5a669870f0921786e865c5635875ad7b10992
4494,Neuroticism,good,g-8b26e1ff3bcbf694,discovery,77fa0dc4be70c810960f07ddee57b26d20025b6c401c00a3d8b201a31e7859b7
4495,Neuroticism,good,g-5dc91424e571ab88,test,706a08fb0e1cc48cdf7d1d3aa49ee9b892ff2e474b4c07125911465276c2108f
4496,Neuroticism,good,g-952e4c48545cf7ce,discovery,f1339833bc174f9d48dd6aefdea4f3f3fad71d9875252c0280ed959fb2ba2519
4497,Neuroticism,good,g-dabdf77e8a8faaf2,discovery,dccfc652d6f126d79a9d27a5b42ea679964dadc6e3d069f50dabc4796e1e5dfe
4498,Neuroticism,good,g-214bcb7ab306c3ef,discovery,5371c034ea734517bd417a7b0b6bdb520eec3b806d6c0879ce69b7197f86c59d
4499,Neuroticism,good,g-ee2b82c376c877ae,discovery,65b9ae07fd2ecf1051e4f337afc84243ba836eec22ac627bcb75880713dea65f
4500,Neuroticism,bad,g-1bf9ec6aed9d754e,validation,3e4ad4df60e7bcb8a9578a2139186c78ac6a71abb70eff7ea8c598b3082fa577
4501,Neuroticism,bad,g-0ecf663ea111b178,test,d9a5288de89b54698a769e8e0f51fe088569a036343752cf5ba1e172f6162495
4502,Neuroticism,bad,g-30493001f44a6008,discovery,8b70da80690b9daeb682d854b3bf6ebb55b940cbb067bd1d0cb1c244182484be
4503,Neuroticism,bad,g-a3d8df4f9e35dcb8,discovery,36eb81dd0675c47b21aaa9f33de13b1fc7d2da918432f3aed5b99fd03f4d6f32
4504,Neuroticism,bad,g-2082e25bbde696f0,discovery,1097cc7da897cb4bad8a9f37eefb6c4eff370b72d35217455b4dd2dc9c7aa8df
4505,Neuroticism,bad,g-803106313afdbea4,discovery,a1ab65cb2d6bb81037d80ca09edb90112e9485e9e0270828278523af2ed519cf
4506,Neuroticism,bad,g-74f9ceb8e4d28d87,validation,4e03673a50342b015737a7cad537a4cdfd81800074ab8410872eb5e879186fd7
4507,Neuroticism,bad,g-5532396c089c8cac,discovery,7dc49a105658005399e6d366ca671680a0073c0341028045a37069acc2b71929
4508,Neuroticism,bad,g-86685c390a2902f4,discovery,6435ce2452d1a5b0e0929b3636082a3de2bd416a0ffbf403dbd18fbddce4d2c9
4509,Neuroticism,bad,g-d4f2a8b9df951f72,test,1ee34e0107a8b2b688f81392bb4b7e8ece87095f65cdf101761bfdc40024ed82
4510,Neuroticism,bad,g-ad15168c960e3aec,validation,817e198b44e9ad15f1b108817e94243b4b56470976e1b6a5ec1cf3a8fd534d27
4511,Neuroticism,bad,g-2c50fb47009e7106,discovery,2913da6ceee3df9f0a8cc6117dd84e39b991fe0a812308199727939b93f669d1
4512,Neuroticism,bad,g-3add1c17985dcffd,discovery,fc178bb4e14ba22f072b5bc1b37f5072510e1633cdaf5481c6383c4196f4480d
4513,Neuroticism,bad,g-bcd22517680e8459,test,0b8fa6fd02e4fe22ec284b000beb139b335979108ff96fb8745bcf3be72f473a
4514,Neuroticism,bad,g-0a6fe1225d92a77e,discovery,b8c51dc7116b1b842adb150bcc76f0f75360ee13300fe1febe73c968eda0e88f
4515,Neuroticism,bad,g-4eaf76568a852617,discovery,60d68a731ceffeb9f434299e484e2464ef65bcb58733459ac1cc45526ea28184
4516,Neuroticism,bad,g-9300220ad84c8b77,test,a9ca7fd29edc7673c8a6549acd2aa765ae97f31109454c82f29e091e89ee0917
4517,Neuroticism,bad,g-5a6e833b17ee280e,discovery,90a28dc363d8a94d96468b59d5187bc046ad444c873282213d4ace7228d20562
4518,Neuroticism,bad,g-a7e7eec77ec90f06,discovery,f04bfc924e84dd00a0fea72de90ee31e3a89b3878288ed32b8c0d74cef822361
4519,Neuroticism,bad,g-489020db6bd9e16b,discovery,289c79fce57be4422e84e80c618c5f8b3a5274c9a7d50643af12ab645f12851c
4520,Neuroticism,bad,g-657c22a6e8e239ba,test,862dc1bc2aa4dff350350a598dec72d67dc71c5512613e9feb43cca07a147790
4521,Neuroticism,bad,g-0873e4b8832ef405,discovery,edd79d9716e8de9042ec83d241939bfcf9074fe0ef9e57a067bc9954dd646fdb
4522,Neuroticism,bad,g-e42290697e6b322f,validation,052e26acee7d909680f3d16f0072d2b80ef184013baea93aae67e9c6bc2db12b
4523,Neuroticism,bad,g-199ed57320d51f67,discovery,22661883b7b4a152dd50c1eaadf65831f583f2bad8f8379773e04c652a90dd4a
4524,Neuroticism,bad,g-cd5936b98e17e68e,discovery,de4fad1a577ee63f6b3bf943605d8133b8ccb6e170c4f72594992abe49b7e2db
4525,Neuroticism,bad,g-4bde2ac6a03f6ec8,discovery,acbb106554cfd2d8d6664ae96cad5e140a554f9d7fba8fbe23bda2098eb54df9
4526,Neuroticism,bad,g-1b8cc4cc8675cfd0,validation,cff8d958bbc148ca651556c0fac699e21ae44c93faa393f993d9e7f53733ef99
4527,Neuroticism,bad,g-7ace60ddefb95eae,discovery,18cee177fd3006bc80546616a46cf8fcc2f7811207431b8bd4bb6d3c3b310b7c
4528,Neuroticism,bad,g-8741c47c239bb9b2,validation,a6abf95c018a2d5c784fdc941dbb67d3a4e097e2c5f3aae6cff95bc73a66ee36
4529,Neuroticism,bad,g-d97fb213f3b89d1d,test,9453535bc4351a6618e11800aa3a2d8610b4c7d514b585a402074676be1fb2f4
4530,Neuroticism,bad,g-c0492ef78107c7e2,test,c761d2cb00abcff010697fc56029fa2394ba6f14a18a7782450fd2bcae332bf3
4531,Neuroticism,bad,g-6a3763d9d0bb62a5,validation,268482bd9c6adabdc0e1c3f389a1d7ae9202485a3948b415d6881d4404943a19
4532,Neuroticism,bad,g-2879a0f1d0225ea2,test,14111ea0144901e1bb93b783a015de74ef059225aa492ab3808d175bc7acea07
4533,Neuroticism,bad,g-0f68a437e9bb7a35,discovery,b4f11f5062a605e6ed2e8dd8fbf3eaf97ceff9808c765bfdd4300ccf27bc28dc
4534,Neuroticism,bad,g-2239f2d8435f7f53,discovery,875450100b2a02605a353bd4d9a7960865593c55713ca11a8bd6209f73881755
4535,Neuroticism,bad,g-c6006eb1e5e61ba0,discovery,1222fd31e565e867b5fc624d1c49600f6fbf7c9aadd1d1763a628991573be5e5
4536,Neuroticism,bad,g-3dbf17506a3e97bc,discovery,2abb8dae39701108745d22f79cfee0de96cdac4ad8d421cf2c877020d7246099
4537,Neuroticism,bad,g-bd8a5688181dea51,test,0dc1df6a013809dd115652c62756eba03602b7dfdc670bcb55bfee84ff1e8e5e
4538,Neuroticism,bad,g-398267c7abe3bd1f,discovery,1a0f29294d6200f939e845242bb6fc327981385bd789cf01620ea37021905f18
4539,Neuroticism,bad,g-63602e413d4be3e3,discovery,a896f257220befeaaa7d0b78b1d53a5669b710fd1cfc8ef9bc0ae8de6b514b4b
4540,Neuroticism,bad,g-e409ca2422a54321,validation,af7993b0d5d08e1f521d370bf162f73effdeb68ca24586eae492637f3291ad8f
4541,Neuroticism,bad,g-9afb91aae50b52f8,validation,b0255e7944f2c1404531fd62eaace46b24c3bc58c38972826c235f7268e619b9
4542,Neuroticism,bad,g-f8b00dcb1ffa0fbd,discovery,f6f72d29cb730c5afb9285e118cf100d10751c675fda5077ab192306ce558aac
4543,Neuroticism,bad,g-fefab0ff7a513c1d,discovery,bd6d43b73c3f35987f50e4e28a8c4a4994dc641a2bcf422cb94b6d7990263270
4544,Neuroticism,bad,g-7f1de3574b2e6cb0,discovery,7e54cb46a475a7bf14010d30c2e95fd5f34c013db32d7962dbe0a5c959a20d4f
4545,Neuroticism,bad,g-f6f68f427f0741e6,discovery,2814fd666f53a0f673bf999b489850de45afecc737b9c9ed164f7efcc3c8a006
4546,Neuroticism,bad,g-73725fab31c77e2c,validation,28f24ef3cb89e6b60325fdfdea6f0cf8b93284aadd2d34bf0c9365759104f2c4
4547,Neuroticism,bad,g-8a2db95a146b8c61,discovery,b461f58a8ef228ad65e8a8ffc2dc5d1d1122b1eadcc8b6ecb1907804d99abcf4
4548,Neuroticism,bad,g-1a073a60e32e6c90,discovery,f6b770a9c96ce7ff7431a5dadf876f23251cf845dcce15a9f38c2abd8f17a408
4549,Neuroticism,bad,g-319e8dc23394cea7,discovery,bf0ed1b10653dc101e0f9260179b4131008be69c00261ba3c859209d7aaade73
4550,Neuroticism,bad,g-6ac43610e440d3af,discovery,584d7d552dd5337e81e3056158f5ca28b668fb609ea3d2e2c41170adbcce4fc3
4551,Neuroticism,bad,g-adc26a66634e230e,discovery,9a865b1e8c0b0e0e7b49b05ea594da9e78202b60a9c75fa2c1a8ab0de1708ea0
4552,Neuroticism,bad,g-3b362b6aa821c586,validation,c3b749c3358de937c30a80f9c4488c9f14a84659a24e7a6b33ce004b426d4926
4553,Neuroticism,bad,g-7de5e48b6feb3b50,discovery,6ed74c72ece132100152a68595e19ed663fbef5067d7f07044a7612bad5210a2
4554,Neuroticism,bad,g-ef143442e99f16de,discovery,59c1b4756ea84d0e5cce9ff6f3b8dd96882db8143d8cce6ad782a6cc1fef3839
4555,Neuroticism,bad,g-d3b00c1df2bc8d3d,discovery,3080d531a3ff18af6ae6556dece7cc1ec56da34588b6a25f6d0f3f8831402f95
4556,Neuroticism,bad,g-3577dfa3d90c6f67,discovery,126d31f013717d73d68bf2bf47d8c20d5c43ca862157c1ed9780654e941157d8
4557,Neuroticism,bad,g-449cd3f93f45b728,discovery,413d7d7bc46f6756f9a9696efbdb5d2d997817d623055bcede76ea93befeac82
4558,Neuroticism,bad,g-f679fa14042af6ac,discovery,bb044a23c56644ace4b3d8265ed5177a21afeee835ccc7665af14b09d9939ac9
4559,Neuroticism,bad,g-a789b46a0c4bf63d,validation,20ca3d509b324feae6cfb13af22573c3598195160fd6bb0c6a5315db95e76e3d
4560,Neuroticism,bad,g-3dd17575884a8b34,discovery,3bc7d3060dde78161bc7181ee54de84be6049aea242d9850f20fe86bba07ed06
4561,Neuroticism,bad,g-0e49ec44dd284914,test,902e27a762fdf080e4acf2fc289b1201237466bd56ce71e0fa41a4dee21150f5
4562,Neuroticism,bad,g-9c6317abd87f87b4,discovery,011c5aa3e382b3ec6ec018634df229e6811df6f1c4ba08ee0d6ecb437fca8783
4563,Neuroticism,bad,g-36393253b033a5cb,discovery,ec28a2cea722fdff6f28011e78e6c3700eb3ffaf98500b6e588417cf02c97a48
4564,Neuroticism,bad,g-e46fc948601e8ff6,discovery,5c1ae2fb86ec985bc667ed099bb5a191b34338a7c0132fc02ec3ffb5882f98cb
4565,Neuroticism,bad,g-bb9a63c5aec7a289,validation,112eab351c740fe967d071448ba93b9f8887db527cfa16f99b0a663b78f33e01
4566,Neuroticism,bad,g-b4bbcbbbc6425cf2,validation,b66b899dfb8f6a5731dbf1a9690b86b817180278a8bcdf05fc0be70c57b77780
4567,Neuroticism,bad,g-af534f642ab16939,discovery,dc7a138274bfd292935bda43cdaa0100488154a1098f705d6a22f492d60c2254
4568,Neuroticism,bad,g-a04df3ac7768a0cb,discovery,3792f9fb17c8ef88ae92ce6f10498ae0d009895bf5f4239ca71871b9a8290840
4569,Neuroticism,bad,g-ab747bd8ecf60b5b,discovery,59a7126f70367300df28ddd8a6c7f466c65416b612ec210dddb47fa5ca8beccb
4570,Neuroticism,bad,g-0902ccb55eb9dc6b,test,29e1d81c1bb103cfe8e639039e8a90f775257cf6f53586000b3d225e1b596232
4571,Neuroticism,bad,g-02773cc16b40f774,discovery,7f1853dc811668f704cb9c012db2028749ae67397dc0e21483be51e5680f067d
4572,Neuroticism,bad,g-c7e0edd1ef0a260a,test,108cdd7919bbee9f92bbb428b761cd63b2a6a57f80441854df368fa5b93278af
4573,Neuroticism,bad,g-9b364a23df8f05e4,validation,a700f4f0497cd7ffd1b76d7fc338d3d0757617fb8ebf4a28e1a615f8984a8f4d
4574,Neuroticism,bad,g-2e242363068aa95c,discovery,8deb837b395974d99b25f657d97a55154413061e8f6c261bd2fcb2172cc7fd98
4575,Neuroticism,bad,g-0dddf3a9c7fdd97f,discovery,f0914f51b05c937c3ec58041db96ad1a32adf7d10ef6723dd3f6eb00afbe9865
4576,Neuroticism,bad,g-a94a795cd76f4907,validation,5bea0181812a176e619864b1201f44101e5d3ecbdaf8c7ea4a6d0b3f8e06c939
4577,Neuroticism,bad,g-fa22feb37430db5c,discovery,1e7debd85fe7ab486da6c3d487403287d257e4764d491505d812a8f6ef01bc7b
4578,Neuroticism,bad,g-23b6ac51ae8c7bd5,discovery,a3a46e8b9f74b85e5247aa3d8c9fc98b4aaa1fdac40d8c247b048fb1ab100022
4579,Neuroticism,bad,g-e37c26b0dbe4f207,discovery,6ceb6761b929a7ec121958e7817c2487eef8bb7011bb3f6b234d428d1d72e055
4580,Neuroticism,bad,g-78a3e8b863d619f9,discovery,22d1d448f95d0c8f6a5d27c638a4fb1afe604f63426c34b928c4dea96c7c2625
4581,Neuroticism,bad,g-a14e4389705e8f7c,discovery,da7ec717cbb4d14e284a9081ea04cde6818191aad5d9a179a4f5084812d43770
4582,Neuroticism,bad,g-ea53cc774ce010cd,discovery,cc679483b87b43293231488fc9af1f8fb80ba2c1bc432033a52ff71739a6ff8d
4583,Neuroticism,bad,g-4456e0053a2a9178,discovery,ec4db4faf437de58777823f7815fe701c15331874a05c39de84e1fe7e3f0b7ec
4584,Neuroticism,bad,g-238c78ca6390cc39,discovery,192a7d32b0fea68271e6467badf23f6623f9cb7113454bd8d8a203340ad3dedf
4585,Neuroticism,bad,g-57ee6f9659a3c683,discovery,35c7dc919b3628234f863a59a2cf7736e85fad1fde6e6ea8f16719cf9dfbc38d
4586,Neuroticism,bad,g-ed72a69a6e8c5e02,validation,cc9809a27aa9020f22e0c154d85fb7b4ab4175958240c083ed489597d1e92ba2
4587,Neuroticism,bad,g-d91377d6b221fbdb,test,58b730b10dd9e62d4580f231b936a94643b3956c5c362d6f7900927e7978eaf0
4588,Neuroticism,bad,g-0d349ed776c6a691,discovery,a7a9ee8950aa069bbb073d0a00f3a1d07a3d68a4ac218a7028304c72c00b7bec
4589,Neuroticism,bad,g-bd9563a71b969b7b,discovery,bd0dbb6516011fad9d90cc9171e07f2f4a6a4aa1f7f2830c507c900f215579ed
4590,Neuroticism,bad,g-549b509bde18fa3f,test,9395c0224916a100b3d22d9fb2d1588890cef8e7467b0261ebcd5dc103e12adc
4591,Neuroticism,bad,g-af03fcfafeeace4a,test,9609b8b8a445d4455929461d95802e635949e8785841faf60f7894a6928031f2
4592,Neuroticism,bad,g-7cc5e1b3e5c2d189,discovery,f62dc54e1aad4f700a06e4fa02d584ada20fd179174cd82335e604b1316aad4c
4593,Neuroticism,bad,g-70c776b38b2c5f80,test,25744ac7ac1f535e74d946f5cd44058deeea2453759ed8fcc16e9ac1433fa2f7
4594,Neuroticism,bad,g-322b2cfede8314b1,test,ed322dc09bf6d6281024a4dd0533c97f3f6280f7e6d9023999eb070e948d958d
4595,Neuroticism,bad,g-a1d2c8229fbed4cb,discovery,04428fd6f9dd23ae9bf34222e028fc7f5c99e6252b8602d665dba80d5b0a7d68
4596,Neuroticism,bad,g-7c5538bfc6bd4e08,validation,a448cc40edc201dbb537c59c5371c4d1b043e6dd6a57f5bab6fc3b2e7c06af24
4597,Neuroticism,bad,g-2d5e55eb8a4c41c3,validation,fd7c7ef6d09abb91116295d05d8a82abed475a48eeaa3d11c993e1da5537e853
4598,Neuroticism,bad,g-9e61dc565f9f7d6c,discovery,14eb9ad45056e2653b642ba2ea57eb80be09eeb2352580cfde917c462ae0f8f5
4599,Neuroticism,bad,g-21f134914f0f6595,test,6718a9714a1e0858ba99fcfccf3bb5262164bf7e46b7a5258e1f4d9c22d6031e
4600,Neuroticism,bad,g-9ac63f72dda01b16,discovery,6357a437a4af4050c0c4a14822f265af5e35630f0b17bdbe5464931ea06f75e8
4601,Neuroticism,bad,g-aeeed8fae6aa1a0d,validation,e7509cd90536e4317237cc6a090067d6b0bb101e6a385786b0a3dfbe8c9e2f2d
4602,Neuroticism,bad,g-1b24be0f0aeeac02,discovery,169e9c387c4a1a4dfdd5b4ed0b7bc9754ea5b07dcffba29bf1a68bdca69b4a92
4603,Neuroticism,bad,g-1a73552c3126f6c4,validation,d86818a59f0d7a8cdab1edf49c1871f24b3def3b7890df742976d0da927734c2
4604,Neuroticism,bad,g-c5e0dc84be0c65b4,discovery,3987a9bda66779f782098e50a7ac67918e32328b1cc350f85345672ca216bcf5
4605,Neuroticism,bad,g-c3c5154f16d40547,discovery,1ebf49b231272930c01a1482e1b909e63e2163c7a6db65b401007dd51eff81ac
4606,Neuroticism,bad,g-df97fa7c775fcb2e,discovery,3773da4015c4c4a95869f16514c0d051be6dd6f7c38a346831656259a7ec0ada
4607,Neuroticism,bad,g-4dcd182f256b1cde,discovery,5df707a4bd3532bde765ed2388bba18692a209e10ca120fbdabbbfa27f8932a2
4608,Neuroticism,bad,g-ead90a27e8dffe95,validation,3bd2104ad7b0c31c21710b97f2b05261f98b4ebe29c759d0dbb30ea32771cd73
4609,Neuroticism,bad,g-dde9ffae8e9b14a8,discovery,3f0fba0cccd2fabd41bc05f8fde81396ffe3ec84ae048e0b0bcf32f06c17aecc
4610,Neuroticism,bad,g-68402b26debb56d9,discovery,5552f0d1dfeb15fc021d29158e28a7e4fdee12c57f7be7f44b707d1315e56fa6
4611,Neuroticism,bad,g-324ddc92d6b5385c,discovery,fbf75843a519cfae53b28af2f122ecf4fcde8701619bde27f2dad0755a3a7ae5
4612,Neuroticism,bad,g-315a74e58d9dc441,test,44784bfcd471ca3ca76ff83661f4ac69c0624428f4066d7e1fd9cf16b5ef914e
4613,Neuroticism,bad,g-4410516cae8fcde7,discovery,bd030c45033be2194746f8986d07da9356a963c3bc0245a4cd2fb1bbfca95a48
4614,Neuroticism,bad,g-41c0918dd0b4e95b,discovery,06cc4e9033baa623913556e542ae78974f94a678c4fd4ed7e11f22250376c90f
4615,Neuroticism,bad,g-4bf88ba6da5cf707,discovery,6d162141329d393a4aafb191067a9eac213bdbad0c0cb5477c4cfa7059308944
4616,Neuroticism,bad,g-ef2e14762bc42ca4,discovery,4e516d5603251e6085ded9400b99a2945c0b2ff862e0bfb6f992c10b3d8dcc46
4617,Neuroticism,bad,g-9ebecd229ad4e436,discovery,ce4d1db2f9047b84c9e125c500f3ad51f7b1ca486806c1f31593f9fd0aad140e
4618,Neuroticism,bad,g-85f5c61753a42ebe,validation,4b0da86a8b2a65d31252848f1431ec78c7ce747d7d98db3a4554c4b64d3113f9
4619,Neuroticism,bad,g-70064b3a9e695904,discovery,fee2d923b18bad433e8e03ddcd3a66bfa7ebbc95149e39ad6e08ef3bdb224ceb
4620,Neuroticism,bad,g-05b498de3ca1463d,discovery,3f95f8558f4c0fb79c914b6708ae46ecb137d529fffbe0f8e83540f9409f995e
4621,Neuroticism,bad,g-45d0526870af95ca,validation,2f57b4cab7bb7fea833176602afa0c4d1002e36d62dadbe90396a17ad3e38066
4622,Neuroticism,bad,g-42a8aef54ef7dbe7,discovery,d082382840c621b9bc16e039f058f0ff76521b9e1da58aef6a446e25807e28ef
4623,Neuroticism,bad,g-69edf43511f2349d,discovery,8e74384149ef40fbd37d2de2945888f99d26a1c7c369a6b5d52388c6fac18d2a
4624,Neuroticism,bad,g-3da414d469887d72,test,023928221b50ee953b5e11c10e2c3fe86e7db8e2a4b4a5336ff4cce22f3a2918
4625,Neuroticism,bad,g-0392ca6a3aa5c841,validation,64e4e6d47c26bd33e2c0f5f14a57cdd1e5f6cff181c25e0f8530bb015ee910d9
4626,Neuroticism,bad,g-75466940c59dbdee,discovery,b08ec8b82433aed267751139db2fd6cd0513a08ff87d0bf6701782448fde8d4e
4627,Neuroticism,bad,g-d2010b62c74f00be,validation,84339dabebf3dc19143e4a87e5b5112c0d9327065bf98d91304d41bbf8d3bafc
4628,Neuroticism,bad,g-c2fd9932b89895a0,discovery,62e3a4afc249364dfeaa0167bf87d2f761f60faaf4c88f37450d9e0714612565
4629,Neuroticism,bad,g-96fb34f4b41928ab,discovery,bd8e4cd7ab4806bb161d291baf001d8aafe4172eb4ceb124b0088d3077cfa341
4630,Neuroticism,bad,g-8b288d475108c1dc,discovery,77e68bb513b86c55758b1cbf3bedf8e7d74adc94d7041d38e93c387cdb261eea
4631,Neuroticism,bad,g-60ec1979cccb30f4,test,40251dba1545b5db16d83ea3ab55c62d010630b4a1723d4053001a5fee3b63ac
4632,Neuroticism,bad,g-9223d592766f90cb,discovery,fcd1b875422a7f6951fc0f47a317ab6bdd72106f87269770348e95b8eb2dddd7
4633,Neuroticism,bad,g-2ed216f1a875a700,validation,da7331add6bef4a2a4d0e67d06a810cbfc3e0047673f27d98dcee3c27726f592
4634,Neuroticism,bad,g-cfe4d9e4de1c22b8,test,9f40070ca4a965897215a13745242aeb12d122fa61b5debe79316e0fbd9f988f
4635,Neuroticism,bad,g-b31c6fbeeeb91eb2,discovery,5cbf4ec2b04ae21d6b8e3f1ff36c4257d1ca12f959ade9793334df42a5b1bc4a
4636,Neuroticism,bad,g-5f6ba615707b95fd,test,57b4670f9a3bedc8d1fe7cfefa346736867aba7404a3639db19af57edcedd033
4637,Neuroticism,bad,g-e05d138cf8155e35,validation,6b59aed1f733dddfe5aff6587bd2c0dc9ffa56823503e95ecf309a1c9fa7e01b
4638,Neuroticism,bad,g-a3ac51f6f2e315e1,discovery,e59bc53206cce7542d878b5ba3b751fc4b750419a8738f0dfda260e08540bc51
4639,Neuroticism,bad,g-dbd92b3238cb8326,discovery,7a1171c4a27a99b6edb633828c9ce606f98d2082bd6a5ce2f072b77f07eff29c
4640,Neuroticism,bad,g-ac1889f6243da1ec,validation,ef6d668ed4e6d9457c95ae25d54ac58d3b5c5e8828195eddf6ac5ef0e2ea1468
4641,Neuroticism,bad,g-650f5fc091f55068,discovery,dbef5fd8dde0b9b0f1ef0032cc165c03d384ed77dbebb980e9d93b6d06f7ac03
4642,Neuroticism,bad,g-d062bf2fd89811b1,discovery,bc7a0a2c936f2d673f203f1782215315e63483eec4c0e2bdce2d6bb84d0ea3be
4643,Neuroticism,bad,g-4dfe9e45e7b0af97,discovery,ba9412a312b1d5943cc45cf6d47f73c50a981b82a7585a80a621c00723ad9af1
4644,Neuroticism,bad,g-e59b66c904ff029a,discovery,77ac472ec8d3f2e9c6dea9203e0c67d979bf45b0751f41be231690afbf380637
4645,Neuroticism,bad,g-3e9e22fe79b1ed56,discovery,e8db876776443ee2847424e6ceb3093da354372556ca6b831cf4e4ae74ce3f2c
4646,Neuroticism,bad,g-addd318203e58af4,validation,1284c2a9c306bcb3af6e4e55d9cd7ee197748921b43042e431a08de57be87a7c
4647,Neuroticism,bad,g-b9561990bb11f821,discovery,b1091b790fd6182deea81ba0ca8fea9c23a36247098447c653a5d3e6d1e21b97
4648,Neuroticism,bad,g-6045d3369a8bdf83,discovery,d1ffd1c44fd00d88c2cc9d09d2f0529afe5b3bf953ac3cc8b46c50f9c1e56a0f
4649,Neuroticism,bad,g-ccee4bd8b8287b64,discovery,c26ecf37be602e6b7f3d4be4f77309fbe47bb32b92ef9be6508e77034851d84e
4650,Neuroticism,bad,g-ca5d2948a56dd5da,discovery,64f5ba1a9615d532ad4e4665b8b5e5b8e635379dad05bf86e46e2faf45e983dc
4651,Neuroticism,bad,g-1c07c7e403170227,discovery,3b9c4b741caddebc5cb88a589e0e0de926ca62d94358233528aa092b8cf32323
4652,Neuroticism,bad,g-8fa42077501f214f,test,39644f0aca8407cc61fd9b4c8c89deef18f2fe01c9dffc2e157a46f516688b51
4653,Neuroticism,bad,g-082196e7d1ac0657,test,fab49f11eb8bf1de4bf2970bf08437623ea18a3993048a4469d8bcd24fd5baf5
4654,Neuroticism,bad,g-eb7da2322d09e435,discovery,dd69cfd943475bf20e8f31e4b84340591b245cb238fba09940b30d78436653d5
4655,Neuroticism,bad,g-a933299593a3b401,discovery,8792ee7e19ff44211bb0a611d9b125935b73312344faa5d2050ca88c4aa7497d
4656,Neuroticism,bad,g-57d265244418f2fc,test,17355411a32cf3fd9e431252a166841af3a93bab4af73a11d9e23ca87fa61e76
4657,Neuroticism,bad,g-83280450b6ec333c,test,dbf202fd43389262fd0b3538e946c8108d9f8854e6df858a7525fc26ccb8fb8e
4658,Neuroticism,bad,g-547ac092da0cd887,validation,ab311f323aaee14323c3cbb68adc69feef91a58bb1bf46a02e28d344759fe4f8
4659,Neuroticism,bad,g-297b1dab4ff62a48,discovery,98a1fbf9870ceab1640dd2e2042cc773bb3713eebfc6100c4358905fae6b5d97
4660,Neuroticism,bad,g-30bfc383830fe179,test,59d0c3b1d3a1031937b422536e720160829e386c6686f0390f2278fe76b54f20
4661,Neuroticism,bad,g-a401ae3503ff0579,validation,2bcd55aafbddb1f8100ff66f8955c319e4fca082a47cca31f85669094616f74d
4662,Neuroticism,bad,g-34e372938d762841,discovery,3d93de4f8c8e72ac801d91a672171d0d7a444a94f051851a0bb714b883948e69
4663,Neuroticism,bad,g-99ecefe3dbfd8e5a,discovery,3a792dbd8440f3bc304da1528a64910879cc06892a9c8d179e94797df53329ba
4664,Neuroticism,bad,g-615bea755cc6eb88,discovery,5b96cbd8d00f87cf3b6ddb51275b34a13bf60f3774e55e305d77f1a1d5e1d30d
4665,Neuroticism,bad,g-62a0ffece0123c29,discovery,c7470bb92004fa675b5eb019aeaa1ef6a4ae82e20c1b8a4a472e9bf6c8823688
4666,Neuroticism,bad,g-09c0842562b60758,discovery,e367b7fe1b4cab30d09c672ee0f0350228dfb2e8aa5a725104a3918658fc0542
4667,Neuroticism,bad,g-b310719c96ee1b5f,test,45600f56ef567f330565c5f73e419bd12e554899f581a6f68284351ed2907fba
4668,Neuroticism,bad,g-221db42c33b6680b,discovery,2604d95aada9728fff42ab595efcf2e81405745a9e250bd3f0d9d96993555e56
4669,Neuroticism,bad,g-98d6e2627346c7e4,validation,a50e4b79d1330c3bdcc1f1e087422e967b4debf60a6b7cad5ac59096f71309f3
4670,Neuroticism,bad,g-221696321b9ee13b,discovery,9f055b58ef217e33291d33c2e09577efe95966b8d7541b2ea8d57a0c4ac54335
4671,Neuroticism,bad,g-8fede0edda6c4232,validation,e81e53ad2b614430199c3ca1a0a483b11e794c4f1de734867657ac0e407c85aa
4672,Neuroticism,bad,g-ba3aef6dfd370ead,discovery,2e9488148073386b412cba7fd3bb25d8c0d03d4ad0c0f54a149fa41b6adc71d1
4673,Neuroticism,bad,g-9f0d66bce14ed130,validation,a067fefb3a8efd241fd7d72ac2e5ba534e1739b98a8e2a7199814f61d4784025
4674,Neuroticism,bad,g-48dcbbfee5d67939,discovery,9c44ad0817c25346539b62681deb53a9ae4e2886dd01ebf43aafdc22b08c5b95
4675,Neuroticism,bad,g-cb60354a3c06f2ec,validation,18575260fbbc0f62530ba7f93633a161f0501d84af30532b44c0a971e0b021b7
4676,Neuroticism,bad,g-9982e645dc227610,discovery,1913d0aa1f0daee7e63c3a93d9b6e648e853f8f3a231fc80b94974d7c62a5a54
4677,Neuroticism,bad,g-0d294733425f5fe7,discovery,36ee710c0a048e5eeb2725f058bbb725ce985a8dc3b4461bfc499dac637f4fd6
4678,Neuroticism,bad,g-5c4be67557205bd1,validation,76967f8012bbc7e189be37fdba65a0c21c1210ec2fd213ac752d6105fd408e46
4679,Neuroticism,bad,g-546deabb7d5a0aa8,discovery,2463fdedd97e253236a2a50196d63a2e7630608b894aeddbf4847b9f50100800
4680,Neuroticism,bad,g-1eba723f04abe7b5,discovery,2c1249a32a2c7bce4ba0f53799ce9be3e62dbb59acd7a8b993a77cf2f6281e1c
4681,Neuroticism,bad,g-aaf3fa12d5ba1b99,discovery,7495d5351a37e754f0bd39d69928b8c7cff5a221dcf22584f3e287278ca2a037
4682,Neuroticism,bad,g-f33f98b95f557480,discovery,5723a0f52a55c7b5cf21f377fabfcc623b9c93bd8cda3f503d14bd65707147fe
4683,Neuroticism,bad,g-271dc2fa0b5a08c1,test,f876701edc61e6c6822f319dfa132eee8700f330fb0c0cd7167869ef4697091a
4684,Neuroticism,bad,g-372f5fd979533154,discovery,6806f45101e9f4027d9114b237ce91953bcf7993d39154b631e744b90148d77f
4685,Neuroticism,bad,g-ed9e1f6365bf4d1b,discovery,64ad20a349c1c8b9f086faf79abc0bebc64db336509db779ca7d20ef5a6ba866
4686,Neuroticism,bad,g-8b9f1278e796684e,discovery,b97745f9bdcc1019ec25686970eaad46cda314522d26cac1a79f46da192448a9
4687,Neuroticism,bad,g-84f7da62638d8148,test,3ad021f64ff82f8c42338ce21ad6cd3808b97d430cc75680048b1245e4586da0
4688,Neuroticism,bad,g-8d9fc633ed56d67a,discovery,7f5b1f715f28e58cc4c83f96c48dd791aa3506a939b346494eda3012af5b086f
4689,Neuroticism,bad,g-16496ad541fe08ce,discovery,02a8d96948c1b7639e1cd5834b8d11337c0261142bbed43a2938fd764b660de7
4690,Neuroticism,bad,g-6a4e9365018d466b,discovery,65760f37680309adf59b9804ad227a6156cee11915297f9a59ff72999216a485
4691,Neuroticism,bad,g-84ecd7e6fa757f0b,discovery,684e1695267622203327366f35da296f23b20da7e43c502c057948df4e8d0ffc
4692,Neuroticism,bad,g-1b6a4af8f3812141,discovery,3f0c0cec445663ef449dc237b84b7dfe7bd0cb26c83f170f6003dcaadc919aef
4693,Neuroticism,bad,g-58df7199f1438798,test,eae1bd7017f36c6bcfbc89f72be6c65e2ea5aa524f7c94ec7c08cc47c45a7f18
4694,Neuroticism,bad,g-80a2ddc6c1dd8135,discovery,9716c1c3ef8182c0979124881fa2f481869c33203317a0b7ecbcb02e4297f63b
4695,Neuroticism,bad,g-9ecd2d3eb22cec65,test,697754ed5c406c2104f6265eff0038326fe7d67c51bd407cbeb79d6eaf08e4b3
4696,Neuroticism,bad,g-818479aec3e4a913,discovery,1b584283481c685050eed2e7494e64c37730a89f283f0ba7b0fd42d32afaf54f
4697,Neuroticism,bad,g-ef99d4ca19d9d7d1,test,97d00d8b8861211d75757cdb66661f25304bb102398873ec007eb47e3b449074
4698,Neuroticism,bad,g-c9487a1852eeedc7,validation,70959f453928cce5eab2995f457b6a2bd3fb600976d0c76d2d7f73f4fe36efc1
4699,Neuroticism,bad,g-d468f9cdb09dc3a5,test,8f9831cb8d7c0c0c456756cdcd04a2f2aedb46d5d173df71bd5eefc36f625de3
4700,Neuroticism,bad,g-a0c9293fabcb21c2,discovery,5c8a606d8174a7e522192080f0267a03bf20bd8c9cf456b2263b6db4a230766a
4701,Neuroticism,bad,g-b794da238a654b02,discovery,7ee1fdf9f9926404b6a2267f9f3e5c5c01f38910f65a2ed7638a019ad3b21d7c
4702,Neuroticism,bad,g-e526894418183f13,discovery,e6ed69db84c6058ae2554ed04e270c5010413bfcdff1664ce4d8f991af852cb4
4703,Neuroticism,bad,g-e66d0362c0651672,test,a281a83f561ce0856f8441591c67bd3d9b3b7f2c38ff3b8a4317014f5e0a4474
4704,Neuroticism,bad,g-0dfff420dc17c98b,discovery,1b32aa102f3dd83d94f03a159cb723e1c05637ceba25ee040fb88b3689786829
4705,Neuroticism,bad,g-4128283818db67eb,discovery,06d0df514a515ebbc6a1eddc7353e383641ac3c2badac86f91e62d0eb3237ecd
4706,Neuroticism,bad,g-f984921f6cba1d39,discovery,a94cf3537bc4ea9df4cbd1eba39bd25427889c408d3b39e0cd33151ab178a242
4707,Neuroticism,bad,g-cc55ccf1602d3207,test,31ebd22f9113353454584da7cc63924ed5df6824a8a15aca03feda000de76152
4708,Neuroticism,bad,g-935a250c90387e91,test,1d1b36506edf61e4decd27dc714096b3192cd393d2483a034f4450dd70470a8b
4709,Neuroticism,bad,g-74c7b737c1e9d2ce,discovery,16ab238148186e1dbf2be4d5679f570f852eef78441dca5a5d5129e84456bfcb
4710,Neuroticism,bad,g-5ea40a88ba5f3d2d,discovery,d09cdfab2b4a54e9e7c974a5f45d8dcff2bbefa33cca09c34dda36e81c73514a
4711,Neuroticism,bad,g-7a42e0b7259a2142,discovery,6d6c3ecf36c285adf5f37393228c239439fa50cb158d84e39dc1648a2b58c640
4712,Neuroticism,bad,g-2c6ac9f498036d64,validation,1b46fc01cb35a2046f71efdc7deea44e77fc3e2612c0d2725bf571929169a905
4713,Neuroticism,bad,g-484d8eae6c1d5ff7,validation,07c53452dea6b26596ed469c17235a0fb63b8273c6ada4848668b8353da376ca
4714,Neuroticism,bad,g-3a1b30ac63f0f163,validation,a2636361d0b54aef907018af2e06a8a3ceec403255959b69640d01efcb01bd4e
4715,Neuroticism,bad,g-2bdf27e192634442,discovery,6524e2fe36cab7e719253142b1c515278d86a2a0858cc74cbf11799bff3742cc
4716,Neuroticism,bad,g-45738413d4270ad0,discovery,49001ae6459ce7c29b3b44fc42aa376cb7055a7e665c9f06eb755159b787ac93
4717,Neuroticism,bad,g-2c4ff1e2efb6bf0a,test,0819be132fb617ec1b5e439403fae9fdc85bc3f5c6f6167d974b0122a4c3573c
4718,Neuroticism,bad,g-1cfaa595adaf5055,test,b1b6eb9a140d9e78fca42330fe00e117b3fbcd441aaf40744f9707fe771c6614
4719,Neuroticism,bad,g-4fee9d2954dce657,validation,0661215a9c607f0c7e3b4be12286e9d8e80732fbc329a94a9487190cc827d0ee
4720,Neuroticism,bad,g-3936b2c984da7edf,discovery,8b88f929a4110f2ae3bb13a4d8885080af23a9944af12c85e61a9021430584a7
4721,Neuroticism,bad,g-441875d7edf6650f,discovery,f1d015c55e1b58f2a67c285b07e5b410f2f287a01406a5bfc3e2d833a17a97fb
4722,Neuroticism,bad,g-02dbd9f6353f657a,test,23cbd94c8439f9cf68b8d9d441edb90b630e3bb46ecba4b2c4a7208edc14e16e
4723,Neuroticism,bad,g-d2a37e1ff24d0342,discovery,4dd28844240aeede97cb831616c8e226797f66b5d5267b3c7f495dd2dbe4985d
4724,Neuroticism,bad,g-fe66429d3156c7cf,validation,0b7b652cd2edf5ba6267b7d71caa535bbc85834a1e7100417de5f5cf02e5f8d4
4725,Neuroticism,bad,g-45f76fedb023f41d,validation,66ce84e562e87af5f0a9c9f87081fbb16ec23a4975ff4e6dd266d05cd288d666
4726,Neuroticism,bad,g-1e9d9ecc68e358f6,validation,cfb095fc6033e4c5b41a4ffa025ed5862d60d868310fd97ff09a2731e3f9300c
4727,Neuroticism,bad,g-ce193c61db9f375a,discovery,2ee139ab82cc662053ce7a640a0daa0069b96ca07abc9ca9b2e8194a091a63cc
4728,Neuroticism,bad,g-8842eb5edd87fa0c,discovery,09a2c4e9eef330a4758ed096f757993ace843ea049dd1dac5af4c5fea14e4663
4729,Neuroticism,bad,g-b24922bc9d555df6,test,b9cc221445b63f624c581326914a3572c2f6108319d89a9e96f9f64908b08cac
4730,Neuroticism,bad,g-6544386a49aec569,discovery,dc0b09f932cc9af3a66f0d718e8431fc50fd06bb5fa73b9bbf0a88291e682c7b
4731,Neuroticism,bad,g-731b5ac87a56b5a6,validation,9d0400ac31d4cb57bbe51cb7cb6cb04ff105a32965aaa116ffc9e48417968678
4732,Neuroticism,bad,g-060c288174cb7f09,discovery,e367a5d8231d7c36927f5b7d5c71ddbbe024ef3643f1e6a50e964214edff885e
4733,Neuroticism,bad,g-91454c9a1b353c45,validation,33bf229c303ecb34cb5eef0249b207302dbf4adcb527d22e634790d6cf777dec
4734,Neuroticism,bad,g-16f952a2fe550bd8,validation,cd18af03130b6370f1bb20ed4823a654ebfd13d9084dcfbd299e0d5e7a9942b9
4735,Neuroticism,bad,g-6fe570ffcb4bbca7,discovery,037f1abcd3d78b6441a806cc88b197e651417e85f8708e04849af7e2b4b99361
4736,Neuroticism,bad,g-333224b5ac73f0fd,discovery,148c9471093dd32ebda33f904cc35a05e0fb2eeda8263e37aaa72c37ab66bc02
4737,Neuroticism,bad,g-af1431545e80ce56,test,cd3894aec2f9a8b9d73df9bdb58f2765ec695d42eaef04452b41185ab5b2edf8
4738,Neuroticism,bad,g-e0351882f4a796e4,discovery,91c04c3246e334e42e614f9e5637ff6859a9cd0a4e93ec07ee07261a9dbe51b2
4739,Neuroticism,bad,g-8a83764342f4795e,discovery,c896dae634581d429e32de055b42c8caa2d4560c637b6b098c3a63967b71b6c7
4740,Neuroticism,bad,g-25081c6accb03362,validation,af72f5700a14ead7431dceb8972cfeb2532fa30d23c02d1b257d8bdaa6e54ed3
4741,Neuroticism,bad,g-08ecdb00c504b7d5,discovery,d8e24d565a05e577b9a1f468eb76b689ad3e4c415b056d728f86a2c521c7a912
4742,Neuroticism,bad,g-f6c10db4d1d6df1b,discovery,97b2e240dd56a6876f33784a0225f2f92c020ed625a7d3cc06c1d068dd486c91
4743,Neuroticism,bad,g-e2ae75a705cd13ef,discovery,c849c7807503736456a447c3192236d0b4d75e9d39e183255f2d4a87b9b57b08
4744,Neuroticism,bad,g-4328c171395268c3,test,90f356a8a29266ffb9c378dd0b99c8eef9721451d9dd08b2cdc6d50e68676b9a
4745,Neuroticism,bad,g-f4fae5e9bfdd044b,discovery,044bbde07e2a164656c73f1fd3361b88db8a92738548e77a939c8f2d69b465d3
4746,Neuroticism,bad,g-063da357e47c7463,discovery,9e1e87f78c83cd40bfd052746b146f42d861697d9489454fb014e171b202b1c1
4747,Neuroticism,bad,g-2f80ed3dea2c6d22,test,bc206165ce4be5f4d3015ffadc90aedb47552af4558c49d3955fc2850b4eab88
4748,Neuroticism,bad,g-21a78af91c2873b0,discovery,02019d2faf89b6cd94a0ee4804f1475589f735da30017e6f11b8fe63a460eeac
4749,Neuroticism,bad,g-1c5abe2fddf74647,test,c25a0a44004942ee8a420d5abe6d3103817a0bd1b46cbcbb0b02eb0c5c3269da
4750,Neuroticism,bad,g-de363edec923f46d,discovery,4555c0b39370771c2b7eeb80647979a9e35caa53260c7ffa56c0aa8b150e3da4
4751,Neuroticism,bad,g-7de9363208f45819,validation,342e903a7beadf2aed3d42ef7586656fa17f4fd53dac9d4f8864a021d6cdbe70
4752,Neuroticism,bad,g-1741bbd9473f69af,discovery,6ec774916e27447963c2d06d9742c79c454c827dbff0fb802bf7bacc662db519
4753,Neuroticism,bad,g-ddf6bfecd00650c2,discovery,02d7bd3f75e3d05c6746ea8c189ac653d66ccbc16b0ab4e1fb25d39f0f1924f0
4754,Neuroticism,bad,g-b11ef66ce364c833,validation,30be5c932140278c9153c0910c6985c5a64021eba3c4c9f1c3aa7bcaa36bb880
4755,Neuroticism,bad,g-1b20b8efb468a082,discovery,84b80a70a92e6279fc9fb303322e296193f5e778fbee25b12a5a2eaf982011a6
4756,Neuroticism,bad,g-19ffd67086449632,validation,501c187777b9408835841837b5967a6551baa12e66f3dafb061a169ba6abe778
4757,Neuroticism,bad,g-b0ac6afa236719b7,discovery,b250c144f77d8d4652d3581be36212d1116054cd6c976a050c81246c98799489
4758,Neuroticism,bad,g-f7d77e24391962c0,discovery,55efd8203041975731c5e466becabc3dd9251087dbe02d30a10e3b5c8b8a91a1
4759,Neuroticism,bad,g-f1266d629fd394be,test,981deb46029bee25af5a13779bc4544132759a7598a37f936e9f93561e9c11a2
4760,Neuroticism,bad,g-425b5641e94b122a,validation,487f941249ae673f5428297a7bec968c76e1c003a78fcfc7ae294e9fc1e6fd69
4761,Neuroticism,bad,g-4ad3b9a0658572af,validation,3ca2074fa695b86adcaf47bea5269887317f312f1c558323a7d0e6d98b15b17d
4762,Neuroticism,bad,g-fabebab1e79e6110,validation,dca2e3c6ad844d464ea07f3b6fbcb3dccae21956a65e95bf3cfc3bde00124cfa
4763,Neuroticism,bad,g-d6f67365c2d892c5,discovery,7466b267142f78bd4c6c43b6f2549b3d13ea003fe495dbdf65d098b0afc0deae
4764,Neuroticism,bad,g-c144e11c187ce2dd,discovery,36351d898bc5d54eaaca87354409d136cbe53f37d82fbac1d0deb0aef6318c27
4765,Neuroticism,bad,g-84cfd6d1ae94d2ea,validation,04e7ebba1e0759a3823d3d00df09117486bee422ba138b5710d14de6bce2aa09
4766,Neuroticism,bad,g-fd1a0c8bede72773,discovery,e232fe666fc526ff80292835f4fe4d52d467ebcd2538daa7c1c4811ce6e6392a
4767,Neuroticism,bad,g-d430fc793f642b5d,test,39682ad161cc5757e0bb03fd8ce35e4fdfe25af861808c575b17ce5f1b84f22c
4768,Neuroticism,bad,g-0217f823f908bfd2,validation,d60e8f3b3ce08520103d949e734c95f83d54d77f103dd9aac292bf43bc90815f
4769,Neuroticism,bad,g-b4583ca4748318f2,test,e23c3acb53d5018fa1abfd35733fd4ce7b74934eaa1a2c805bd6d70d7cfc4be6
4770,Neuroticism,bad,g-d0fdeccb048720f9,discovery,3fbcd6e78e5a00c636dff19e7e44a2a307c3d6bde378546ae9ba83394de5872a
4771,Neuroticism,bad,g-a11bea554b05af8a,test,09ca5b34c91e1c0260b380fd6c7e43fb8975346cf24ef2cc819eb39c0b705eec
4772,Neuroticism,bad,g-f91fe23e2907976c,discovery,c72635492f212e5e8e987f21810f23fdf2b1b48e796ff6ee663e5c2bce8dbfef
4773,Neuroticism,bad,g-7c121a609147f94e,discovery,e78d915892c52f4b955714e424501376733fb8b0746cbc4780f6642b86db6213
4774,Neuroticism,bad,g-831ef6fdc9dcfa39,discovery,8b6fb86ae0fbb0572bc66134cb23e967bfa7bfaf1e58d1951224df861bf42602
4775,Neuroticism,bad,g-a5815eec9b14bcbd,discovery,57e6b6e54a1044ecd29050f39672103a644e49e3eb38161e1c21016fc2c87f60
4776,Neuroticism,bad,g-44615da0c0274196,validation,a8e9ce06636a2b746109c79e797d35eb8081651e8f3df17368a5f0586087ab24
4777,Neuroticism,bad,g-85020912f0fd64f6,test,eea4ed1b7e57e82d99fa4106ece3e47c7c83beb3bd0a1b040640ff3bb453923c
4778,Neuroticism,bad,g-7ddd2a05459dbb05,test,895c2a24f9d120a6a8d8900a55b8208c4c085cdcf09f2c3bf6e882eb5ab7880a
4779,Neuroticism,bad,g-7e2b3445e92695a9,discovery,e11c752e44db50d5b31c34096fdac6fca99b0747b16520cb8f05078661cb941c
4780,Neuroticism,bad,g-e79c426ff240b2da,discovery,8aaeb10140a1cb715de20be214017fb65592e4c4dd89db952c4959eae1991cde
4781,Neuroticism,bad,g-53116a9f53735a9a,discovery,bde797e8587436cb663f23798c48d09bb3250854f141758730eccf9d5eee07f7
4782,Neuroticism,bad,g-16cdb876cb401876,discovery,cdf468873960acec6f92f3377bb88050ab3ab7e71144973ab7d740efbae7a8a5
4783,Neuroticism,bad,g-b883f5c10febd413,discovery,6dc8c34f8c28efd5c68709eebf42c903159d444f9b3281881d212be99e3eb4d1
4784,Neuroticism,bad,g-8e79baa75e9bf809,discovery,0222f1d621f8fbeb7754119622f5b49594f8a1e129a8814d6d85c3cb618c62ef
4785,Neuroticism,bad,g-b63984f890268ca3,discovery,f1ec85ecc8d38948d4ce773a8a48ab118cccbb00f395357b2988ec85f85e5337
4786,Neuroticism,bad,g-a5d1e89b102e2877,discovery,43991099fc5893c91631b28b3a1935d2abeba0ff889be24c1473d91aa3ffe001
4787,Neuroticism,bad,g-ad6c73d664161bc2,discovery,188a705c7cd2d67d5c1898dbcb01d06172b79f60dd4e2e2b71a8203426c9029e
4788,Neuroticism,bad,g-9a5a07f51794c724,test,8457290f8f318cb237ac0730847dca150278b107a71a35b14ec935b4e51ecefd
4789,Neuroticism,bad,g-37c569b527e2ad9d,discovery,dd3403ae6ff4684b8a21d32d3a81e54a8d863c2c121b3320889bb442bdebbcf7
4790,Neuroticism,bad,g-ad78d367904d9f78,discovery,e8f173b4e29b1e1ffde974463a10a1a61365d6516a527fd5c3624f1396e0fb68
4791,Neuroticism,bad,g-e86b175a9feef7d8,discovery,d26c653e16cb5af51ad756cd54bd6a17d9924c4a506cbbae1cbbfd5a58ab507c
4792,Neuroticism,bad,g-9cc2afa9d8145cbd,discovery,02f3f99b2c5cf8e2deb9781af8c4789d1a2846130d29dcfba0c66050cb06bc5f
4793,Neuroticism,bad,g-c96451480765579e,discovery,eb7c3a9d0fa66a86a5ce0edd51bcc5d8aa63304a7366961d23dc9fb819ec5c22
4794,Neuroticism,bad,g-2a96401957197dae,validation,697509d4c3ebfd681c90daa7733568fb17e549c5b627866ff8ffe42dc5cf4b0a
4795,Neuroticism,bad,g-998ce26377952f29,discovery,ea07a91b52ea8a89157cc2dbf8975e1fa05abbc33b089bad68fe07461ece3621
4796,Neuroticism,bad,g-df76059badd098d9,validation,919dad378dde3f9b300172a99d9de49ce745236d05dd49cb3509e92b64e4eb81
4797,Neuroticism,bad,g-f860953c22cb07d5,test,5e0b445fdffbde32cdd422a1eedd2bf9ab0f8876eb075e195480c44bcffc9823
4798,Neuroticism,bad,g-7b2fb35298e01795,validation,0d35226e629c2950d00880a996bf975c2fb8bf44f4e25f249cd16b0391504ca0
4799,Neuroticism,bad,g-7cd99bf16440dfce,test,6e689cfa35b703d39d999f1ea1d1e79f14c061ef10900ae985e47a1405686267
4800,Neuroticism,bad,g-f1b4c402d9e8d2c1,discovery,90eb6cd93b63eb05ea452fbe3637196f186488a2db0b0a39f18595d26b4c23e2
4801,Neuroticism,bad,g-09bbdaaca49034f6,discovery,9e6f3d8065218acd515cdb94b3c84723d78c9dc1c24be2c0b8490e515850c87e
4802,Neuroticism,bad,g-25aa2be58e6466be,discovery,6b5bd6d550074493592e939d30450a1db1e22695da3bd916aabf0e9024c6c8e3
4803,Neuroticism,bad,g-591f3799ac2dbf24,discovery,b1d22f1406c2040f4e114ae362393fb68523b70c756e3b11f10cde2eb4549e3d
4804,Neuroticism,bad,g-7d0a51108af893ad,discovery,3d06ebfbbdef45d7b0f16eb65057f6d20a786cd92c6a407fa759a48de64e64a8
4805,Neuroticism,bad,g-74be9f933b21c6ef,discovery,572283e46896dd4e232c56af71af3d7c537d073463bcb0853d29f4b55da9d134
4806,Neuroticism,bad,g-e025971f7ce9fb4c,discovery,c42b82f08bc4abef3ad9eb84889221e719e0a311191b79c48ab06c68ca98e2f1
4807,Neuroticism,bad,g-8ba510df93d6e393,validation,3bf42bbcab572fe1aff071d3792a6a6f494632f55412318cf0f3e6bb37f1305b
4808,Neuroticism,bad,g-c1c3e56ea261ce2f,discovery,9f75f03de72b8f490d904c0848bd85d756df019d11337c19832585865ff8300b
4809,Neuroticism,bad,g-1ec55d080e67e0da,validation,8577732cb52f867642615858058b4b3ff16f956aa247afe34d6cb80675afb462
4810,Neuroticism,bad,g-a1c74a359ed7716e,discovery,cc0798f42ec271d60db8e23da03460860da0b62a9c6f0004c4b65ead211e6be7
4811,Neuroticism,bad,g-6cf1b2fd5f766870,discovery,0d07d77a78921a67f2bb05d4678680bb427e386cf1a89e723818a112935fedf3
4812,Neuroticism,bad,g-7be230a01d318495,validation,39d658651623e499131a0a39a76f72496efad5badd1b4b7311fa1746a0e5dec8
4813,Neuroticism,bad,g-c8833fca92974e59,test,c557375faf99c5cd7a08d2d5aa66badb8f723a3ce4606b4609e6a6dd25a1a793
4814,Neuroticism,bad,g-ce8d18cdc4c91f64,discovery,462727d26ae706e9f16af9fef85eb974c27528ec0f323d11972aa6b7e8e04004
4815,Neuroticism,bad,g-2f64905870c30df1,discovery,27db46959551552e8357af6f7d43ff6d3b6fd47b46a6d8c1744c80f78a491cbd
4816,Neuroticism,bad,g-2cad26e8272d258f,discovery,b73b9a842608ef373c59f8cf817a6b6cc9afe642b892a37a449f0eee1eba3604
4817,Neuroticism,bad,g-d8ccd0dd968d3ef3,test,9bfbe3868bfaeb9ccac54f0b114a41a64b4f2c348f30245fa34a001d26b84afc
4818,Neuroticism,bad,g-469481c587b1bd4a,discovery,3f2bd66fcf47433b05545ae42f87718bbe2b3a18cd9915f1704eb7986d5116d4
4819,Neuroticism,bad,g-39f2f6612c97d861,test,7947aac46e56f9a1671fb492d5afc42f0e68ffbfc8d22622ca61aaf550e51aac
4820,Neuroticism,bad,g-8c0bc3dc62771c3d,discovery,3839467890728e02598d15ee7644c63ad6430cf1c298f59f0e5213a3fa48e055
4821,Neuroticism,bad,g-d0430f813e818df5,discovery,1d09222ea886be879e3fce8b9a05f7219b0aad29235e5ff619aef61a98217213
4822,Neuroticism,bad,g-ecabadd444450bc5,validation,b928c2337b286e8fc0a6169e151c1742660051cd4bf10e2a98719100739af090
4823,Neuroticism,bad,g-8bb69f07f9eb819b,validation,cbb1d87d8598a444df7bd6ec90a3748b67d43e566efd24a93883bfc2260ae032
4824,Neuroticism,bad,g-30267ddd18818ca0,test,d530e90c2b36572944808b4e237d84c1484cf4c283a77fc3b241781e8cbeef70
4825,Neuroticism,bad,g-94e36451b6e69c8a,discovery,6c03c28ddbd33a41541cd9434072bde4f0cbabfc675255669e5ac7fa13ae53f4
4826,Neuroticism,bad,g-799f56ee910b1c03,discovery,9f56fdf19d2ada39d261a7fa7ee8786cc034d313f92b0d3fe9f5d22ea28166c9
4827,Neuroticism,bad,g-4056b8bb17613199,validation,77b8bdef1c6e09f9afb1421ed35001c8ac5b5af22e36d670fef824b113a9481e
4828,Neuroticism,bad,g-d6977256c25ceb2e,test,981795fb8592388cfc7814833f59376669e474466c5e5d35c921d642ee4d6d3e
4829,Neuroticism,bad,g-5e6b29f3a1bc1ba2,discovery,bd2968f5ea7d860509bf1697c1dd5348c59bb59470e8ca7de61410f238782b0e
4830,Neuroticism,bad,g-77934f1f1e1e55da,discovery,a4a3ab820c6f83a2e4a9850df24dc9b96bb27860cdd57e47ddb2fb75f6d8be67
4831,Neuroticism,bad,g-d530a6be8ae1c793,discovery,8f2129118cb574f492ed47e670486592279e46609a4d19d506549ca96116d24e
4832,Neuroticism,bad,g-0c423df6bba619c8,discovery,618d2722835b7b09f8cdbc774e8ec82da62562aa6bdafe2cf921800c2ee2af9a
4833,Neuroticism,bad,g-b1d0b959e1a99c77,validation,03e60d0da11f95f03853bbcb2a5d41eda8c29a5b7e71b27147f16c8d3a84eb36
4834,Neuroticism,bad,g-bda5d3e6d2779d31,discovery,3edaa45dab97e36fa7da966340d5d0b8b4d5577746d074b446763527b725c55c
4835,Neuroticism,bad,g-44429be5881e6adb,discovery,7f91fe7ed7ea2eb89a56516d9d50aa6fc4aa67e9313c04cbb1e0a96c24950093
4836,Neuroticism,bad,g-90cbd02ad85f5b86,discovery,2293d1db94cae40e2aca9e24b2cd808586a213ec5a50557c11a43036eed998dc
4837,Neuroticism,bad,g-a114c94d78dcaa99,validation,7fc384235ff6dc87be2b0d05e13603f6f276ada104f810ceabe3bceb1edcb67e
4838,Neuroticism,bad,g-1e83d3a945bf0471,discovery,8e64263db40866728daa1d0044dde1e8325a4fb953f6d269acc90312fe1bcb61
4839,Neuroticism,bad,g-52ebe2705ad52d1e,test,0f99e025801d1ba6df912db1049e9d89d592d74d3f10347eb9809da68a9425ec
4840,Neuroticism,bad,g-6ff284c45fa6e509,discovery,fa7677a4d8e883feeef10f6b63c39f5972cb9fccc9e5ef9bed7e0780113a5e78
4841,Neuroticism,bad,g-e67f8aef9917426a,test,a7e21b270ce3438b04a87199ca9d5d37fee1cb8aca916c5ee07371c417572150
4842,Neuroticism,bad,g-79d97d4767d61dcc,test,ef616c4eabe065ad39be2c704b7a11e062fcb8150f8a06402ab102985f9441ff
4843,Neuroticism,bad,g-c5f18cbc35806a5a,test,421593b1f3135426ed9e30fe7c0ea9add4bf622c9baff094a2c6663814b4d5b1
4844,Neuroticism,bad,g-4836bf4e2745b4c4,discovery,c8a37031d3aae8cd76eceb9dbd6749882db1123e06106ac27f2954dfdcd1a0a8
4845,Neuroticism,bad,g-211732b2cef322b7,discovery,55335b1fc579210e95abf287816440f4e6c7e35d54250963da1b4fc593a60e3b
4846,Neuroticism,bad,g-85a6a49de59994fc,validation,f875209dc25c17bb29b50a7e81b41937f226828c2a8167b6963557589d539938
4847,Neuroticism,bad,g-cf6f74cfeeeeed82,discovery,91810cec1423e4aaa9fff7591d4053ad6b6a317fbb13f642abdf1892317ff090
4848,Neuroticism,bad,g-a708c3be70feb0cd,discovery,f74e1d5120b7fc74c87bc1122c493eb3cab54bf8d9f963ad99000eafd814b505
4849,Neuroticism,bad,g-a186eb33b42db0ae,discovery,60a832f28e07181f257aa62d20cb68a73f83d4402122d348dff0e7fb264fcb32
4850,Neuroticism,bad,g-e9b641fcbc3a998a,discovery,cb8972fe6e89870c640f9e01093675bef205cc942ec6bba0def4cb3f2bafce18
4851,Neuroticism,bad,g-0fe1a1db9c374422,discovery,5dd48155658927eef4cc0055bfae02fa555dcbc41dacc2a22507bdd91bb439ca
4852,Neuroticism,bad,g-3a25cb7495298f36,test,e70983429c052d549078ba3bd9536e17fd1ad8ecc60b551110fda52e1f89069c
4853,Neuroticism,bad,g-9de85d3928b3aad9,validation,402c6e68731c7e229a4621d045483d4e32b1da7e381b6554b39eac59e326330e
4854,Neuroticism,bad,g-804cf44d4fd8c79a,test,fa22b4212d73f13661dfa3a85be2aec25db366f775f3098693638582a931b1ae
4855,Neuroticism,bad,g-10d24f8b7269ec2f,validation,6782b18c748a022001fe2b914e3f5d5af5c893a73ffd8040a736a1f3057d0139
4856,Neuroticism,bad,g-0388c647985646af,discovery,a999c9e3ec10b883005e39aba9550d9eb48aae036c1512bd0634e649cc16220d
4857,Neuroticism,bad,g-8e47a85981c85fd7,discovery,9a31dc1d9bb5cf7931b4639279c876f93eeb5fc1e404f6b7596ca1bd5cab9337
4858,Neuroticism,bad,g-28fa0bfffa07b765,validation,75864e15126b868783e728d7ffb3869ee1cfb2f2afc4534f5e8b0d0b97a09087
4859,Neuroticism,bad,g-9340e1f4887b5080,validation,86e6c92dd9ec70217d051fbb6632640c82c05530509d4d7856b67832e125114a
4860,Neuroticism,bad,g-b45b089c6ae88cfb,discovery,2772c5a2a6b6130cf2dee345da5a31ab70115784ae4c9cbc7348e9ab8b94b670
4861,Neuroticism,bad,g-4412725761f5986a,discovery,b74829c08824e1088d47f97065231cab0a078ea626a971686f7eac8a0d4029af
4862,Neuroticism,bad,g-d46c0fcaddcc3316,discovery,ec5411f1e2c5e1f30302cd5ef687e0e6bb1a7815457489a5c95a562c7b6281ab
4863,Neuroticism,bad,g-891b59c5a000b0fe,discovery,15eb8ae0bb81f9a2576cd9fe4be0ebec01ea8b67612c1537b291a5dd032fbcf5
4864,Neuroticism,bad,g-a9f232ca7b14f727,discovery,0e1514fc1e60560f36fe44c9906d6738ced7b47baf2e9c56c4ad98af79b38f28
4865,Neuroticism,bad,g-d1db2fb84067f7a9,test,af964fc3887f57734e5fd57ae9df1660438c31cef54c3216717778019eed65f7
4866,Neuroticism,bad,g-4d1183caf732514c,validation,97874301b7b88965c46715989fb8a5c3b02446067c568430b32b5067fd5276aa
4867,Neuroticism,bad,g-3dfa75a0f1268999,discovery,5d554b7c6b859f3c76a343d88db61a3df919116a56541589e306c5b8d695a174
4868,Neuroticism,bad,g-727ca667f261bd31,test,f54b489394e26df106ce196c55576c0e0704de6ebf949d039f47bc7dd267bddc
4869,Neuroticism,bad,g-615906954ed3d381,discovery,c90d1278f95a0137cd77cf25bbd7abbd5ebdffc86670905ca83db57c8d705fc1
4870,Neuroticism,bad,g-783e6e0baa8672ed,discovery,1cf86ebd3b47d2783d6f960a3cad6b43e1f7d9c1b51cd959d38f16edda49d581
4871,Neuroticism,bad,g-cbb1fd8f4ff7e557,discovery,da54b9414a1ead79bc8ce90f23e8b5238c87991f9057674d481f5fa35a7e1a01
4872,Neuroticism,bad,g-b37c60c9a1ae9866,discovery,2beee059080d6d28be9b3332183fb90b1fa194d9db2f7bafb3d45387a8c0fc73
4873,Neuroticism,bad,g-4820bc4ce5d2ea6e,discovery,385c53ef589f558840631d9e1e6d000ea5f295e30ff468679a50ba3be72582c1
4874,Neuroticism,bad,g-340168e46fd1aa25,discovery,b3d60a7190a0529c7b4a503d1568a8ad3537ba28c1743a5dab1341a5a51a216a
4875,Neuroticism,bad,g-7797098623fbbbe1,test,24f3d36bc3af5bb08906c1a9c064368c65092521199698e5415042f94be03540
4876,Neuroticism,bad,g-ccd134ca1fd615e4,discovery,6ab334114080a9d9683f25611c2be4d4780700adbed03bf5621c52062220cdbf
4877,Neuroticism,bad,g-5c8c1e765879eb94,test,c111bdc9b326a42e710efa6a3d387c87542906472dda977a7d83a2122ac99ff6
4878,Neuroticism,bad,g-f29f4c65fd8d272f,discovery,969b1704d5a592f988ef818fa5ffb456698cbe17f1ecff4641ed71c6ebeac385
4879,Neuroticism,bad,g-7d57146991cbb5f8,discovery,cc706e817634e329ca85d35183ed35614c057fa29af8f5f0281678a68afb5ddb
4880,Neuroticism,bad,g-48a786ebaef9cfc4,discovery,eb0a6d28927f8cd2e4a742c1be594d2b61ec0f4824f3082bf8315b158b8b59f5
4881,Neuroticism,bad,g-cb08ded1169efc8a,test,52875c7ddfcccc71e9a899acf27ad04d35ea4263ccd536638e5170840b9dcd81
4882,Neuroticism,bad,g-251ef7f277fc9c95,discovery,68278a48a47b514cd6f3290d84f1be1fcccc26d546ede5b4ee2d788e8d939faf
4883,Neuroticism,bad,g-ad02c88b1ea2b6b5,validation,acc48df3b66836b19a871a5a08fe681c4172ea6de3a3695e184a04e9f803bbac
4884,Neuroticism,bad,g-9bbeef772add8a7a,validation,3789f20cd53b5de3105709f035ac17f992747aee0777675ac33a76c6ce7fbd7c
4885,Neuroticism,bad,g-c4071fea0aef2a49,validation,9910658b58a907e3273f8dbe52ce0a7f82dba94042b6ea6c310ff6075dd3363a
4886,Neuroticism,bad,g-bad8c587703dc946,validation,8c5e6d9a5fb574446cffe8d1a979ace1da163330cdc4b541104cab1986031b3d
4887,Neuroticism,bad,g-4bc22b1f7c963a78,test,ea9791359da7f3d5d66662c9027df01bcaebc10922f3515be5296698d8c20d29
4888,Neuroticism,bad,g-a7fce17f4f0c25ce,discovery,6a5c640f59ab021d34710230f1390329c3916f3c5ddac78eb175ca91ceefbd8b
4889,Neuroticism,bad,g-7bfd3c3dd7e74ef5,discovery,a4cded08e67f5a4e6d2170776bf25cba53e58e7264e416695e1e1f8963970d3e
4890,Neuroticism,bad,g-be68531fb9582a75,validation,374620db23998fb3248b6f796a529510b443e5715461b0b223e5b78e4b5d6a15
4891,Neuroticism,bad,g-7b762cfa498bb5f0,discovery,adce667937fc4fb7d8b4a4c3fded30651d496a9d2ebf9e7be11be2d8ab841a29
4892,Neuroticism,bad,g-47264a7ccea0e912,discovery,807e2a86ad4e9d87c0b36c1033b43f328807d91b5c1b71f66a4b66f05c4e3861
4893,Neuroticism,bad,g-f622f42e48f08563,test,ed7f6b0abad4e8db5c4934cbc342ccf7b42a0477a147655b7b4ead67f2b219b6
4894,Neuroticism,bad,g-b00e499469024a7d,validation,bb38d3885ce931ff202c5daa0fd93571bcbb9d412a455441413febeefefd0557
4895,Neuroticism,bad,g-5c764ddab2d44334,discovery,a44fb007983b45024c0c66328b4946a18962438137a58b5f9dc0e8d84f6f7862
4896,Neuroticism,bad,g-16061be6e70bec54,discovery,8b69ed9a03fc074e08bd0b9eb93dbb96abac441309cd2326ef548e29604a5c63
4897,Neuroticism,bad,g-8db3ddd672216ae1,discovery,52a7d9bb91a6b3a775029a61af7a007637fba3ce748cf65bbdbdc3c721474876
4898,Neuroticism,bad,g-f5de18e1d367e677,test,b9db34ed23b8aa9c0808963f0206ec988d337fe5269266d055be58ee56f84c5f
4899,Neuroticism,bad,g-db2b987cd949c078,discovery,a45bf6dcaaf42c1f74686210158277ffcc367f29a93fa36a13e5dfb0036ae2e7
4900,Neuroticism,bad,g-497611051bb70471,discovery,bb2200807f9db6ed98d13aeb655bbe7f27dbfcae99768a9cb7c17edf2d7eac94
4901,Neuroticism,bad,g-c89b2ac8f9fe0a07,discovery,35ab36667ef46461eedfaa734d02c64412756f42a7661d9bfc3feeb4348166a7
4902,Neuroticism,bad,g-fdc0b390fdcded2c,discovery,41999fea674d639d4d0be64f3df96105d733179a924bfedb975962d95c3f9597
4903,Neuroticism,bad,g-d88186b94eb5c579,validation,21f7f4c9f093baf9a748f7f64d8e528d451c9d40375b36b0b796dbeb9613eb08
4904,Neuroticism,bad,g-8b5af50fa21d044e,discovery,854ad64db1f534895647711a5307cff83e83452d812db987fcd489c614cc1d3a
4905,Neuroticism,bad,g-1382d5708e10aa67,test,c63f81d49090a8281b7f089da27175efc7f64275fd9bda0c8ef9185daf380eca
4906,Neuroticism,bad,g-4340f0a411a346a1,validation,2d4e4526bf4a19c2392b097e79740573debe050f24a7abacc74a917d33508d55
4907,Neuroticism,bad,g-f45ec80bbdc11694,test,73532028d4f8ec7ee822bc20580101482ba0a3451951a98108dc4e3f8ed462ee
4908,Neuroticism,bad,g-46dbe512a9383354,discovery,76fff2f9bc5bbbcfdd9a35d30a42d61f2fdcd959d53fda4550316e358338d180
4909,Neuroticism,bad,g-8ef38cb8e14175d8,discovery,0a52423727d6acab5cff5397c04ea660da44994c4b789d2d9fdd23767a1ee8f7
4910,Neuroticism,bad,g-f651705935354019,discovery,7049c796448febe9db00bb4b8313f5b60b40314af5adcc86a32e268025d823bb
4911,Neuroticism,bad,g-c1bf2d71e4761fb3,validation,3ef3dd61ce10abb41354c8cd541202360dc0937a3edcd473e442ab6bc4d52675
4912,Neuroticism,bad,g-3d046f1f0f620a1c,validation,b2bd01137f935f0b0e4166e86b4b5655a1d99b36decedea2f60acc9c3e603f2c
4913,Neuroticism,bad,g-f63d4a79a4483d8e,validation,3c9bac29099b8c76162f726566f1b2e79b567b78ed9009e607617911797b143e
4914,Neuroticism,bad,g-8195f0a4a97efec4,discovery,82af88b931cc366494191b998e766aeb67eb304886ff47388e8eecf875db2229
4915,Neuroticism,bad,g-fb9f409be3d6b50d,discovery,ca3194b9b15659d2aa3853fe25992e1c33265b84ea56c09fcd8e96d97175d432
4916,Neuroticism,bad,g-8814e38df036cb8a,discovery,985239d0a3854feeb814e18d7786618b829d6ebd097cf480f0d2fea32f2ad5c3
4917,Neuroticism,bad,g-3b8403d27ca808ae,discovery,ce51e4d42ee55ae1a280aacc1ed42976359e2548907ec55d9431371105eb13ef
4918,Neuroticism,bad,g-ab9368ac61860fe5,validation,65becc0ef34dbc0acbdb5522344c544fb543897c9c61ae955568aa8d07260db9
4919,Neuroticism,bad,g-043473c2916f52b1,discovery,7531610b7daa562347904c869766248ee0a3d9503af746424be7da4a7a8745e1
4920,Neuroticism,bad,g-7f8431d171acdb6c,test,d217f6d121a7a993e9781f15aff1236ab1229e099fa9f16fcb1ee0908560f7bb
4921,Neuroticism,bad,g-5c308695c6a8b9f4,validation,f67a7f91157117abb09cb5275ff3141b1053a4dd7baf0741f3f0a97a21632174
4922,Neuroticism,bad,g-5c018f7a05e07e8c,discovery,e170247873136c1260a522a94b4203dff290a70ee731c7af880e8b0cff2bd193
4923,Neuroticism,bad,g-b8b15aa438fff2ae,validation,d75540734f3017fb6651c985abe2f3bea9cc4560ac8b8d3f6dc4f1e5bada439f
4924,Neuroticism,bad,g-477e69987153b148,discovery,34d62a678652e26f1dfd6b6d8cd07cba75cb67f3a5cbcb07867c3a885e5d212f
4925,Neuroticism,bad,g-0c5e0ce707a7f363,discovery,55bb1c58aabde47a8c96389b355b3525849223554117935f5bc1f51ee70e43da
4926,Neuroticism,bad,g-46fc69a292866604,test,cb50b8efdd7cd46f39984553a31140491bfa7d71d37ee070cb3c4c63b8e66593
4927,Neuroticism,bad,g-961a5b97daf17e48,discovery,fa30d17b06438c423333ad0472edb2cceef572d9a4452c8906cb27fcaa125bd4
4928,Neuroticism,bad,g-11667f60775bb92d,discovery,1d80a02b2efaffab0d62d97ab713410d9638d8dc76f14a9cf31b655573287910
4929,Neuroticism,bad,g-74a1feb1e119db1f,test,0861979c073a9006989d959022c501d1fa150ed1497a3ca48863137e5b54504d
4930,Neuroticism,bad,g-54d0fa25a96d8072,validation,af639ef0682fd83f635b87b61875911970e636a3a54e26449798a4c334cedd9e
4931,Neuroticism,bad,g-b12444e80de0a421,test,c75bc31cf41acc45e5dfdb3a370aa330b1bce0ff310bf09f2d4869e077250a77
4932,Neuroticism,bad,g-8520acfc8744e01a,discovery,330204505b6306795a353f818765ffeb52c8a78f300d2ef87400a2e9ef0ec322
4933,Neuroticism,bad,g-90216a8acea78df7,discovery,356d4775fa00d398df9f480f68cbbc043c31970cb444892a4cc2b3fb1ce2d320
4934,Neuroticism,bad,g-7203c5aafcd64084,discovery,0a40ffcda2b8f04110e817c4471d8d8803d5998b3769e8602a7040fb89a9129d
4935,Neuroticism,bad,g-60e4d330918d70c2,test,fc0095d038f525ca4f60c70bc3a25bf9bd9bf06dd6aa2878d12b40a213062771
4936,Neuroticism,bad,g-abf3b60cf75c5921,test,34c7f8cfa653b589e96e6ac93cacab908b89cce3cf87fe719047314d2a7d1293
4937,Neuroticism,bad,g-974fb5792ab7cda6,test,d54ccafc63753df6053808bb766ee56bf0be78a8babc3d0e0c888a2726e1ee3a
4938,Neuroticism,bad,g-7d20ba312dc6abf3,validation,0efb10cd9c84c998f85c59ba4bab4ba2d1c818547de7f1a6d7c37be66b8d4cf3
4939,Neuroticism,bad,g-3db298021e6bbb13,test,b844292358a09ab329201c9ea10c69329940682cc2a533f7f65387ff6e5d5756
4940,Neuroticism,bad,g-c9d20acaec848b4e,validation,ded297ebd47748c76ada3992cf7f4a30b9c7689a2f0a282aa3a6b35c20b8ccc3
4941,Neuroticism,bad,g-faae405a3a337c36,validation,46b993eec4b0fc0cc7d3a1a3a102d086ac284dd2559f5f9db37f974e62bf8cc5
4942,Neuroticism,bad,g-482a577adba6850c,discovery,9b724f83910e33f3983dc4b25cd3887c89ac0bee2b28676933200033009efc73
4943,Neuroticism,bad,g-6497c9769d05ad45,test,63b5880ab53679255afebbe572d5ca1d1c53c68b85a3246c900e637609165de7
4944,Neuroticism,bad,g-c4f3d0cb22b43803,discovery,07a814c9ef3d9102424e843131afd4fed85bedb95b160e0542852131ded6b058
4945,Neuroticism,bad,g-bb73f6522aa0a827,test,0e6bc45c9cd6e648931af9bc6e027f3eb32aad56e289f461461b92ba8077bd66
4946,Neuroticism,bad,g-bc46518159a3eeb1,discovery,d89a62878ec8852306d64c821dc539a93d300af1e8d97bbb5e30ad6139968ccd
4947,Neuroticism,bad,g-d5919a0e8ae62fa7,discovery,582b7d3da88c85fd72f6476de0be118deb7ac34a80de86b303b7be16d349c8a5
4948,Neuroticism,bad,g-c90491cb806cee1d,discovery,5205e36b06dc204bb48721c0d83c80f9e6e8edfac869d17a4bb6d5ad03e920e0
4949,Neuroticism,bad,g-d2f17217887f339f,discovery,2d588a2a3775ccf8a69ebc248b3f38d42fee5f729439d9835fadfab2f1bbc6e9
4950,Neuroticism,bad,g-1d5532a395652173,validation,fa983188546ed4c8e3113a26efe734b1e93bdc1da5db936f494efb6c2c69b9cd
4951,Neuroticism,bad,g-12a654eccdfba56a,discovery,466365686e975a5973ad2ce227311a09b04536e240d173bccd399e299a89ebe8
4952,Neuroticism,bad,g-92fb9e5f5fd6449d,validation,c87ad8e4978214a0a421a2a2edca38f8c495f4b25282f143b2c655fdd2a33835
4953,Neuroticism,bad,g-37a590d58bd69a02,test,574d4535d5d03cc2be081f469def6fea9bfd0e4b6d041c5249685e624563ab50
4954,Neuroticism,bad,g-2e6933df2a535c1c,discovery,24ec8f4371c237f0c1a7a18282731a0549b355ab151f6f222a46d71fb65823bb
4955,Neuroticism,bad,g-e1a79186c0aa4b92,discovery,300cc491f0f556c2e422ab422b026e5b4f2fadcc90e6a95e3020e65017e6842e
4956,Neuroticism,bad,g-a349e592291d07ea,discovery,3602d44c1f7b18db16206a824534635c9577e00f71e4d6be5e514ca193015198
4957,Neuroticism,bad,g-269b9faeae3fa12a,discovery,dbd0807206a27e6481c65ef33c484013b828e6a530d92cf7ec670e283f272c10
4958,Neuroticism,bad,g-8145d8be57611a7f,discovery,d7ca2a90cd81ea861459f2011ffb733ad0b9a314fda8f58f95f8e677349f346a
4959,Neuroticism,bad,g-d0752c43f5b7a169,discovery,f0744a0583bd8b06507ed25c30a87ce68dbe163aaf201e2beb4d2f9c94e19659
4960,Neuroticism,bad,g-36755b5be2b4c574,discovery,9dc43b72f434ef7bcf6b3ee770fce5eb2489cd81b52e624677d01078fa29822b
4961,Neuroticism,bad,g-b2c52d9f5719b181,test,10473d7f37640f944e5f3fb3c596472c092b34812456402b8d1bb5b2f8b9e395
4962,Neuroticism,bad,g-6de96cc0332ea6bd,discovery,598609e2e4124b27cde075938460f0a49f8587d4dc542f195525d51381133133
4963,Neuroticism,bad,g-bac3e7f3e5fb9eef,test,473bb1260e9802b8ec69c714f78b0fb6f8d20780154ff97bedf5dcad38f7a42e
4964,Neuroticism,bad,g-dea18222413dec21,discovery,38df5185aab32e82aac6bec0e72bb78dfdea9e6de02a6c5629f4c27c57ceea0a
4965,Neuroticism,bad,g-1feb3a0efe36d9b9,discovery,f19ae274b4c69922aeddee7659a6b34d4c74282b7aca623b9d4ef92aa7935203
4966,Neuroticism,bad,g-81319397e09c8feb,test,246fca2c29ac5c0731957bf6f7e17b3451d6a7bf393a9087c424a75b0ead8cfc
4967,Neuroticism,bad,g-6ce64ac402fea078,discovery,22ff285223cfa32be41ccd883917e0f871dd9ccf7de18195841ee66c226ba9a3
4968,Neuroticism,bad,g-d03bb9a8b47c3c5a,test,7bd4e1837a3e30d0143bc013bbc84b12dd03d6a211f187a9a787adb7d69f5506
4969,Neuroticism,bad,g-c6c0a0a5b1b19f8e,discovery,56e211fe8f8b73ea041ef980da833f4d41ec0a8080ef09dbea53877cb927ffd1
4970,Neuroticism,bad,g-95d7122e411df2b5,discovery,0b5dc48dc345f944794c8501f165afdaf5e12b76c3a169c4d3fcecb587363cde
4971,Neuroticism,bad,g-96cfa426e0882f7c,validation,dedeb06d300b05f8875183c23cc9716ca72c8b89f04b5de89c0c2de95e94ba08
4972,Neuroticism,bad,g-e21545af97a60d68,discovery,bbba3d2b247e2aca0913c9b2d57ca6f1ef432659c2dd8097d6f75de82c4cb161
4973,Neuroticism,bad,g-7b27062eb7a5ae09,test,7ee3ab046cb85a9d6ecb968b82c13220fb73573ebdb59623ca32ef693e472ee9
4974,Neuroticism,bad,g-b4c9297e4dfeec8c,validation,2317eee9393f67b9485eded05efea11d9db5eae3f28fbf83fb92d709a61f2edf
4975,Neuroticism,bad,g-be99e52eb7a894b8,test,d1f966524ba24d731f06dd338fd281c27b9c405b9fa57beedd9a74f6bd315aa3
4976,Neuroticism,bad,g-5d8a9273788c3785,test,9e6d3f07b2ce3b1d1d3cabb4146d72c7a685095bc304e0c240f8c16868fc7046
4977,Neuroticism,bad,g-33243b75b83e014c,discovery,7391c22ba47387410219e3f82eefcfd99d034b669f0df9abe48aca1a9ae24024
4978,Neuroticism,bad,g-0fc40456e769051d,validation,cfb5aa2b253e5300d0f7aac0ca667bd5af61041caca01f577c1ddd23a4365cc8
4979,Neuroticism,bad,g-1c67d50b5e201e81,discovery,88a6b14fd432d1cacb29d22558bb506fb78c63a0b246a96ef355933846ea0f1b
4980,Neuroticism,bad,g-438dfdc1de15d3af,discovery,be0938a9d078e540ecdf1f87e0ad383b4dbb65acc639bee0ef25c79bbfb64f00
4981,Neuroticism,bad,g-203688a9f477842e,discovery,93206d4dedf8472a1879f3676f78040e6c7328b6d0ec16b00b6e1a37cb619623
4982,Neuroticism,bad,g-9a1fc969fe2628e3,test,a55d1b4302747f2d1e3f7ab9576ccfc539ffd3884caf39dc2e6cc707dcad0eeb
4983,Neuroticism,bad,g-68925744e94db08e,discovery,6c41c36527ccb57f8d3dcb08d49b90ffa390b55c5a4fd055cd6708efe8abebdd
4984,Neuroticism,bad,g-d6fcf2d97ec8af43,test,d16b0eef64d54394f4f93dd1a8a11fe8a8ec9ad4d97c36c34d80b48789717c39
4985,Neuroticism,bad,g-acd3667ea5a65c55,discovery,65ffa46487ec6e710c894e7443a5a358b7a880ade4f6d51fbfa882569bbe4d8d
4986,Neuroticism,bad,g-0dab65fb2b9fcbf4,validation,738ebb9d075a0cd6637151f40a92cdf568f37e091a9c8d4d5ba13aa535d3211a
4987,Neuroticism,bad,g-1b1cc84c2c40157f,validation,118ea708c03dfb8d63b817bbeba870194386125841e516d338ad60495c483e71
4988,Neuroticism,bad,g-d35335154f22db90,discovery,f8ec5c444ad64b828c2856245278a99f77c643d528fe9de0652fe6a894714d6b
4989,Neuroticism,bad,g-14886a7c073a32a9,test,812eb9ea40c81b2a970d0129503b004efd241491c62361f79f0e2cbaa1c4780c
4990,Neuroticism,bad,g-28ab6ce9420b7e15,discovery,c19438ae755abe244ccae1b539543a8e720b0e302869db21917edca1e2dd2e0d
4991,Neuroticism,bad,g-b6ec1cb80a5059cf,discovery,089cb71669ce3636717944f80446b8b8d0ee57fa934bdac16ba0a98a6f073718
4992,Neuroticism,bad,g-03f301995ca67b65,discovery,c8d662271147f8330c81c8fbf721c8bbd615762b615b1250b69273ca1132b90b
4993,Neuroticism,bad,g-ccf15c6ce270d983,discovery,f85e59326be9b28d6ce1ec3aea740020e5b506df419265a9011481bc5205e8de
4994,Neuroticism,bad,g-3bdfbd8696a018ce,discovery,f0e01a1df1832018c18e2c5228056b3db5f156ecca136a13368fa9d36ba7762e
4995,Neuroticism,bad,g-d4accb03e7d8c706,discovery,5bf469ca601b67d51644190326495e1daccae94e79baf32a8af3f59cd6067948
4996,Neuroticism,bad,g-35a9677f519a87fa,test,c8ee199b719bf8ec03967ae734f5d630c69aa0798097f00c73520b2278340ac7
4997,Neuroticism,bad,g-2f3af2c6eb79435c,test,4b48d4d961c06335c1f2de31b193ccba682db107b97525bfb389a37a5616ac99
4998,Neuroticism,bad,g-8aa52324d6e08cf8,test,985b07c092800bc8c0e1ff3343ecce9edd257d0ab71a8996831f3988bc5a546a
4999,Neuroticism,bad,g-ebc2a5809c5b91a2,discovery,578e7b5178c61ae5f0dbcccfa4ba8ee6f88e064284ca2f0f7886f779d70b49e2
5000,Machiavellianism,good,g-18d92d9be8bf8539,discovery,9d8f9eb2c633026a8429a1a8c03e1ea727860f11a768d028ac4ac6830a886132
5001,Machiavellianism,good,g-592ad7e750c00ccf,discovery,8ba911fc1735b29b6961a69bd3c8807f87f0e2380c8e5e277349818b26864d01
5002,Machiavellianism,good,g-868d0f84f12fafb7,discovery,bb432ca2da1b81528544e4d779daf184bb5008b4b675a51dc7ce47d89cdf346d
5003,Machiavellianism,good,g-a635affba4f813b6,discovery,7365637b6deaed1c30bab7b2bd615990d7f6060d760c62b0acbd79a747ef6f7d
5004,Machiavellianism,good,g-fcb3c34d992f17ac,test,410b3dcb194cf9370c188708478ae16dfa439b707efd5a31931d9a3911a6a9ef
5005,Machiavellianism,good,g-0bdbf63c3c37eebc,discovery,7faf7c4c5af2a71431805545e60209b4456b587fbe166ae1348963005e28c835
5006,Machiavellianism,good,g-36c1ee0067291e81,discovery,07dd9e467f6252e0a29383c0c616045185bcc910a2a79d207bbeec913e30d4ee
5007,Machiavellianism,good,g-444833490e5ac8f8,validation,b91fc559cac603ce7abc216f553ca6324b7a7d9dedf54f8e57dd47b91f1982ac
5008,Machiavellianism,good,g-3d476c4ab6cf7bce,validation,5a76100e543ae34bbd4d3b891e3930905432bbf7b0bbec9a0f25b0698cc784fe
5009,Machiavellianism,good,g-777c88c05d6358dd,discovery,134c09699d1e720f53b7e0b19c0a9fbca327f15ec333d955af2f288a85e931fc
5010,Machiavellianism,good,g-f7125bce80c92f9c,discovery,bd51ac0eb48240be4772789e93d7f7249f1b26453a9f7b8a4b6831544a4e03ac
5011,Machiavellianism,good,g-215598e24b792349,validation,dd1346b3f9021390476d72493b82cfb7897483854f5da6731defd2a1f5c9b814
5012,Machiavellianism,good,g-c318893a8924fa04,discovery,c2cf5c87dfef756aaf0b3e59fe0a7adfd24476a58a8ec1c30e6cbbfe6117f8bc
5013,Machiavellianism,good,g-b018c471762282ab,test,1370b59d6524389faad27c1f46afdee028e36e42707939ac7dd3862eebe62cad
5014,Machiavellianism,good,g-4d1df68a3d3a2846,discovery,8c3db9a92d724620e8164aafa614a443b07b6f6d7cdd9ce3ee290ba6c58c362b
5015,Machiavellianism,good,g-07e7f96e98abd07b,discovery,2f98fcc64a71eac044165fe9a2760241fcb2fbfc988b349645f1a0c2ba0ca3ed
5016,Machiavellianism,good,g-48bc9529181d733e,validation,0d87d60eabb14b1741db6e275c8105f7c4124f52576ae88d010409642f6fa04c
5017,Machiavellianism,good,g-82bd189a8b49b8b6,discovery,758f8e67390d55110d41fc042a4314041642f302e2a7f32ccfcf1483e7dd01cf
5018,Machiavellianism,good,g-fcdc2494c1883f51,test,d74b4e37d66d665f6f8f352b1f8117df607890c9f68fbf81a0fabce581537dd0
5019,Machiavellianism,good,g-d01e06a82161124c,test,a7bfcbcf37d4d9a1e0b990826c713fa31d7dc472236a259cb2c7ef74e0ab5c10
5020,Machiavellianism,good,g-82104f0a7b0b76e5,validation,b5657af31ab3c072a412c19ce5e2e55b4b701adaeafdc2db7ccfb45aacd846e4
5021,Machiavellianism,good,g-3d1b4b1bb3769c83,test,d9410b98b48ac1c5f40c299d568720ba6d39bb3d62231e7c3d25ffb2ca6d1dd2
5022,Machiavellianism,good,g-6f649d64868c7e7e,discovery,a1de610efd903bf9b86f0d8b0b9e8573dc3974f95ca308d1b98db0825ca1c5f5
5023,Machiavellianism,good,g-7e11c4e15981f977,test,071d33fb085a54284c47baee20690028d093ecc7b431edab943e1eb4be835a20
5024,Machiavellianism,good,g-80c626114dc38a89,discovery,95858ea7b6eff8d6606543c04edc342dd67f334ad9b941644650a2742904937f
5025,Machiavellianism,good,g-c0d709bf76a5b797,validation,88485a142678c1aec36803b06d9c10ca566e4d7fcd2eec46f4065b0544816ddb
5026,Machiavellianism,good,g-21127b4a9d53916b,discovery,f18720f72646d599ee3f98374aaea5d9153fb1f53ab5d0138e2a389a572c820f
5027,Machiavellianism,good,g-d81a932586664312,discovery,d7046b440b6319b7f0e745648c69e880464cd21ac544002bbabdf97c188c4780
5028,Machiavellianism,good,g-99855a849831f463,discovery,86bf2c339924e811fa54102541e5e9eb40b3368101b7a8bdcf2644b19511e576
5029,Machiavellianism,good,g-480369745395a288,test,63c96bfed1a7505d597e959b518a4eeae1607dc6ce60dda751a12d37a48ec866
5030,Machiavellianism,good,g-11178bd14b5e94a5,discovery,d6da5e6aa552ac861485f2777b1f1c89b2675d15baa9fe18441d9262dee14b3d
5031,Machiavellianism,good,g-ce715b860652f717,test,16f8e884dbc8c9a265cab204d0a1e2914f7127c5811a9715c3682b682dbe5af8
5032,Machiavellianism,good,g-8a2c7c2dd14b208e,discovery,6a39557f6c936a84127a87fe953911fddd23ae7bfe50ec537c1d0fb186446b51
5033,Machiavellianism,good,g-d76a00160d19fb68,discovery,3e16dcb155703c7a55d358b4008e5661096e420110eed63cc8074a84f5958db2
5034,Machiavellianism,good,g-10df5f435b553520,validation,ba27420be0439a4133c34727a8c00927d0cca4064ad7d7dd612adeb2be192da4
5035,Machiavellianism,good,g-fd5494ef61423546,validation,7ca291926dfbcd7d3462defd79a953ded1844b9aefd6750c6c0be09a6c2a43af
5036,Machiavellianism,good,g-5e30da11a65bebd3,test,9be2487297afb493bc3e477c0d88477f002a660d48b126d1169a891a8e49d25f
5037,Machiavellianism,good,g-9edb09e109f1028f,discovery,dfcbd1afc8047208f0db33f4f83435910b17ebdae1ae6c9dce4f54cb2bc9acb5
5038,Machiavellianism,good,g-6bc714c00644a1e2,test,14d07fc3d958e5f3d6f8861751b0cd612194fbab81e7fcfbaa1451a0c44c0abf
5039,Machiavellianism,good,g-a5ae6fda587b6961,test,59d9cad0d6af6bf85e7eed8f8aa745bef0245f5f31cc8dab4c1bff187e6d0a06
5040,Machiavellianism,good,g-12cc4d38d9357fee,discovery,d9d32f6d6eeca323c42f9306419cabcca64f6f756b8567c4f366ec2a8c821886
5041,Machiavellianism,good,g-23f88f2b80a195e5,discovery,884a05f3d4eb314e439ff8bc179630cbf68dcabc2d63b9a1144592650db58292
5042,Machiavellianism,good,g-bda84549c4069f32,validation,d29150f2e5588f0b46eea350a6b96af89440f6ca5e91260802d3b13dde6ef978
5043,Machiavellianism,good,g-e2c7ef0d23511b33,discovery,4457bdf17f63c3a25bc59d66837e15f2ecacd694caf03e4b450d3fc338d4a974
5044,Machiavellianism,good,g-c0a07a2e5ba5d5a0,validation,209e3601efb885eaff0dfcc92601c844abbe10582d44d17ca455c4f6efad901a
5045,Machiavellianism,good,g-fe28af474cc4cdb1,discovery,d404b99d0edf3766f03aebf31e116fca6b772277fb172544df179aebb306f696
5046,Machiavellianism,good,g-5156915b880359b6,test,99c599395aae88baa266207cfcb87edc15f25b5c302e33bd23f13473f360311c
5047,Machiavellianism,good,g-6bdf4b97e057ab77,discovery,fac7d3b4a992772463a278bf24debd1d5ce40091f730182aad153321b0ae2dd7
5048,Machiavellianism,good,g-b0d771d2c86635fa,discovery,9438807d24e23fbf6e32fa8f22ce6f429e770317941a86ffcd95b6ac45cd9deb
5049,Machiavellianism,good,g-a9a70d0d305c40e4,validation,cb245ceea65db3005ad5a1aced0e2d9f4ada3e0aaafb0cb138821cb66e053db0
5050,Machiavellianism,good,g-62515b1437c6438a,test,a86eaad1e57ff419dd6cb18069491fbc0f635a5c75640b52cdb2ad8de7680f22
5051,Machiavellianism,good,g-16e090610da060f7,validation,a4441b2151d7634b79e1b32fbcf2d64d916728d6bd371bcc5010c2c49cd8bcbe
5052,Machiavellianism,good,g-8fb942c217588237,discovery,1824299ada1bac389cbc37539977ca6b7c7f2fcaec63b404e1598261cc8d0fe6
5053,Machiavellianism,good,g-4016dbf1df797825,discovery,ac30b1ea734026968047daa9783a2bf5d85330584e1320bb33d47465e03e052e
5054,Machiavellianism,good,g-0a0ab20b3c6e26fd,discovery,93efc79d4ba50e4654082b12d94e48889a26383a9627f565e3c347c4039ba6f8
5055,Machiavellianism,good,g-ec753bda6b03b419,discovery,3989c7c4394b761a031bf795b95870e841793e4895e62747b2bbbbaeb4860137
5056,Machiavellianism,good,g-df532420d524e68d,test,1ae5504d18cbccfdc1819b171743c2db96e3614dde10e2ebe709c3a16f8689b6
5057,Machiavellianism,good,g-cb6c10fd73edac91,validation,86c701e9abab909ecc40f0998fb9be550ad637b536036dcb8a49870fd9beba24
5058,Machiavellianism,good,g-c55ca5e49d6dc185,discovery,3f4e20162e0231215c291b239ebde8d9d66332541882d54a5655789d3433676a
5059,Machiavellianism,good,g-bb6b6aff83b41309,discovery,f96df0c095e4ba9a3a1871022a8c6cd3bcf2c25bee08d7789fe0d78dd3dab87f
5060,Machiavellianism,good,g-2e0061855376ebdc,discovery,56b1e40e589e3354bb46395cf5cc31101e19e5be714887d40063b0ccbb7b0f71
5061,Machiavellianism,good,g-47c75587b2c13cb4,discovery,97880c0225b972cf2af4108a85b223ec9a9008aa938b4a8200f3ddb489049a6c
5062,Machiavellianism,good,g-5e4d7ded1563fe32,discovery,51212881f383e0613ffde5b55a1090079bc41f0ddf07ee3a2e3de831e8456ae3
5063,Machiavellianism,good,g-6d304dfed0a50810,discovery,f2c61cc9f288522265e56f4e7717c78cecd3f8c48a52fe6ee2c4abf3df0cceeb
5064,Machiavellianism,good,g-983e1ddb3c7f040a,test,a1d8516bd775c25e83837d38c0a50ca849eb8fb26b9c863ad66f2eb3bbd75253
5065,Machiavellianism,good,g-7d8df25f153e598a,discovery,9cb7144fe1370ccadae48772c5a7f5c5993e43747dc2e79d4001f5522b695ce5
5066,Machiavellianism,good,g-a651ddf3ba9e9273,discovery,06ab3af0ea617cbc492523a4e0a0bf1379121c2710e032b60abc5b52907b24a6
5067,Machiavellianism,good,g-e0f0168c100e3513,discovery,5750debfe9a3ca7780562f5314eadfc87e16c7154d8e931433a593942ec498a2
5068,Machiavellianism,good,g-1e96ec1d765264cd,discovery,35c75f56d4cd6cd6d7be8a62bb580a3d8026357fe00b368593153606446002f4
5069,Machiavellianism,good,g-507268c6a35f4102,validation,a51ec8fa9135a2be68f27a4562dce5515fe846939496b1dfb2ad205584b8c882
5070,Machiavellianism,good,g-35d6113441740a5e,validation,6d9e8d0511d38284bd9b782f847fa315c9f99bb4397c12c06cf60ad193813af6
5071,Machiavellianism,good,g-6c7806014a1196e0,discovery,96b1dcd6d19e9911417c90bdb536ffbb70ec4768098922db9ade935b44e8794f
5072,Machiavellianism,good,g-df7e8a6e5fc92119,test,1cbef8fc2e564038dfed8a2ee0b8e3d0e66b9f644f07197edf6cdbff686e23a9
5073,Machiavellianism,good,g-a2a44009a18da9b1,validation,06a66a73bbb90e0cedac35ed07b7627c7777205aff0782bbea840ace77635c2b
5074,Machiavellianism,good,g-0c0c61155409883e,test,5955fac0da43c49176b61fef9260afca8a5bbebed775ef99341e2f313e8bae79
5075,Machiavellianism,good,g-70d7a1e534a5b2d8,discovery,dc5f2e98d836369c9c691009fe6316e1fb9988c73ae5eb14ae68dc3d84a902d0
5076,Machiavellianism,good,g-89b7c52783d29fba,discovery,a901954baf4f969f91a8177e0f0e110b5690360e5e1a43c720eda28c9c2ed424
5077,Machiavellianism,good,g-e03d1f3946081a00,discovery,dd75604676bc5883f5cae7011300f229a05463fc6794d1a200a5741cee82da65
5078,Machiavellianism,good,g-6e6722db833bca59,discovery,603167643971f503ed03986aeb8a665c65cecfa3e391e9ce64c5d66717c66151
5079,Machiavellianism,good,g-8d8182e42093840f,discovery,5568d358e077bca15ac45eb6ea8d706a64f699b7f198ff085e774fd2c4dfc6fe
5080,Machiavellianism,good,g-83e2ec8d6233da03,discovery,87a601928d6b7ab1d56879c7032332d9cbeffc9b0ad16e2d958c444360e41570
5081,Machiavellianism,good,g-d55075ac8005d439,discovery,5c1dba6be4c7906cdf4ad0257afdb51df163c9fa6e7aa9da239db2889f5e76db
5082,Machiavellianism,good,g-dff7933fbae6d32c,discovery,d3a452a62f866279e612fbdb32bdaf536bec2f59bd3f5031269abacf2f1b7a9a
5083,Machiavellianism,good,g-f912560021443c9a,test,1f5150221a244edb9f78e1f3a6864cbd1f9cb3e6787f59109f1934428ed113c1
5084,Machiavellianism,good,g-2c84443c4c2a359b,validation,48cb597f22a96373ce1a991762d158a7705d5da9f2cad7eb23249281e934e55d
5085,Machiavellianism,good,g-eab87e38e381056b,validation,4e8ecf69e79341a7e3641dbe1cb13a2e0cb66307bc5c52d07470cb2261a5b0e3
5086,Machiavellianism,good,g-d734b43779f770a2,test,5e55b4731309dc5359f877b72ec7dcc349699fae24db79176bc1dd0837217148
5087,Machiavellianism,good,g-d149269fd32e171c,validation,cc24cd5147c2bf483b0b07d10240898491c525d3736a0b51e3e691bdea634fb0
5088,Machiavellianism,good,g-04bad583fcd9f97c,test,6541aab66bf9a8aba509af1ce65b44540b1fb4e39a9d2457f45b57683373a9c2
5089,Machiavellianism,good,g-0a2dba5f01e0464a,discovery,2c231ad9e8a3f3201df6d983eac89f1c09613f2a229c033e9266d2cdfc75a3dc
5090,Machiavellianism,good,g-a57e1f564543148a,discovery,ec0f8059f4c4e9b3723cf6150292f14f1ba642310f6204e2a0a26adfd216a3e9
5091,Machiavellianism,good,g-09c57911f487c3f0,discovery,ed880a9e29ec1f264566497b4e6d98c8333e0f38522df8301c1ef168b6d75743
5092,Machiavellianism,good,g-54b5abbfd6169d76,test,425f5862b0aaf1b07f11e846e959f3bfcf9be77dab6e2e3db2071f40b58b0b7f
5093,Machiavellianism,good,g-86faff9421cd02b5,discovery,7e0be89c475902fa54f1d5e6bed6598ecfd2e57a4b7536a9aaff9306f62f75a4
5094,Machiavellianism,good,g-dcd277b741acdad7,discovery,d28483fbee15400198112bd1d895c8ba3eb17f0dc097f326bc2f3d6402725516
5095,Machiavellianism,good,g-0ab0f0c6b33da073,validation,928394a517bbe9d1e245a8e6b6cbd2231f3db4ff6fd246ee87ac6b86eb41337d
5096,Machiavellianism,good,g-698615e249d03487,validation,209b7332cfe3c3a197fd103ef1b1facb7f1fce5dd19fc36f61134eb6f72be21c
5097,Machiavellianism,good,g-eee0595199b07e0d,validation,a8ceb3e5e45b7bdddee5559d7add5b6e03ac6660d1724304d96af527f4268c1d
5098,Machiavellianism,good,g-7279db7bc72c435a,discovery,27a30074c950dd91e22810ba90a5c492fd1a8680456d8acb4e547dc1de4d11e9
5099,Machiavellianism,good,g-1a5e392138cc7991,test,33809ffaef665b967c22f2dd14807e1258eeeb4d7a87a77a46bcf3742d99a58d
5100,Machiavellianism,good,g-7a909109fb60aa33,discovery,82d81061a7d7dee18620f18a28eb4c3c478638cc84d2bc0401a07267478245fc
5101,Machiavellianism,good,g-1996a398430fd6f0,discovery,37807c8aabcdfead204c70874e9f015f7a4a37825c97f8c637e2409e90dad26e
5102,Machiavellianism,good,g-baf46235c7547aa2,validation,c9260c22bf2c788d7f0c949292ea97793ed9fe3aafc9f9bf323a6e12305a6ddd
5103,Machiavellianism,good,g-a0f523ed66d86dd6,discovery,c458830ecfdd2660002a871087196f124efb774d32e9c329801b43a615f116c1
5104,Machiavellianism,good,g-97ad26e628ccc62c,test,7a01b2deaa6d037cbc806a53b98a1686b429238fa9c8916a721436f4c7bc46ae
5105,Machiavellianism,good,g-7979229a750b1f92,validation,61473d20d474896f142871cf59570cd536a6636f402a857002653a036ec4f34b
5106,Machiavellianism,good,g-b3fe0d15aee58941,test,58f1c842787a803d74c7761d3bb7a19d32453d03135899feb914a74c46e6bdb9
5107,Machiavellianism,good,g-eddbcfdb2b1337cd,validation,f95726269ab8a9dbda928ddb8d270d7c533cfe550b8ecb92e3faf567dd467165
5108,Machiavellianism,good,g-121ec0c434c60a24,validation,34f70c99bb6df4699cc289f2ce4e7a894fbff4179be0f1827ed7ca142ec4a01e
5109,Machiavellianism,good,g-667c3563840d09e6,test,2062d7b349aa4e392ea5c97b706637c5a9288c08a6a80c596b5472b1b0274231
5110,Machiavellianism,good,g-35fc8eef54a8361d,discovery,7998d5254f71cec699de72af887bce06c95691bda4417290660de285ae7eb4d6
5111,Machiavellianism,good,g-c81a5a6123bbe5a1,validation,503b43dac0be50e6f3aec8ad1cadb4c81f17522bce4bb9fdfa9850046656df67
5112,Machiavellianism,good,g-0983b19b66f5950e,discovery,ba37a2d2426c3d4c6516aa1cd63016d16097eba7ce6b2dd46589bf175651458c
5113,Machiavellianism,good,g-44a3a3dabf7ea4af,discovery,2a49394ad27453b52c910bd9cbae3e6c7e102c599f39318e72ed01c586069734
5114,Machiavellianism,good,g-7fdbaa1c48c1e3af,discovery,2c4d036e818ca3c2b26f5d04728a380a4525dc2e6cc88c9d93e05d22ae029207
5115,Machiavellianism,good,g-5c948c36f3481873,test,da3c0e24a3662f7bf1c9a92922a24e4e13461c5d61dd7f5a164a2ee154a9fdc4
5116,Machiavellianism,good,g-eef8eb3baf2d9be9,discovery,459cd4e8ab23c6b131308e0881db952ddb786c92435adaa2c30fc832c7800ca2
5117,Machiavellianism,good,g-4349310097db0d12,test,db5ae154fb802379d131aedd57bc9cbd60b77e1d478da20059eeacd56e182d79
5118,Machiavellianism,good,g-5555eea0e5aa7170,discovery,13f426f03faeb34980e27ad46bca138b79fd913ab7143d34a6ca1f3625151182
5119,Machiavellianism,good,g-9539837e16219f80,test,2c27beaa1987a67e48ad3aadb12b13d0d6f0e5dead4e41b46308a3ca3d40454a
5120,Machiavellianism,good,g-86ee50cf3eab89fd,discovery,916276c1aee6d929b5b130a77b07e7c9de1bc3a18078c32ba9cdbc350037e7d1
5121,Machiavellianism,good,g-930262705165bc54,validation,927587b4a072dfac78f9e22823455a66fab113601b6ad1db25ef50f4636b6159
5122,Machiavellianism,good,g-a7c3622f745708ad,discovery,ee3456088774e28edcced8d6cf64d2de9b6c40055540b22aa6c3b593c440798f
5123,Machiavellianism,good,g-5a3a1beb4e940f4a,discovery,d4c0206e3d3d6b032449a5a58dbd5df4f3338c6185a5469fd9614f36b2c23318
5124,Machiavellianism,good,g-4f44eb7e1dd6ec80,discovery,f1352eb782a70c8bdc9326e528643cd0dd3a354f2a9f2994682d390679d90350
5125,Machiavellianism,good,g-8fa993c3dbac2e78,discovery,339c08c0f2ebea2e1f18dab51ebb080070c14ad216ebc1f841460af4cae6bc93
5126,Machiavellianism,good,g-ea4f505c939bb170,discovery,229fec9b95034bb91d81a03a15465f931c57f4f1ca706a982306fb054c0259a7
5127,Machiavellianism,good,g-435cb49f24aaaaa4,validation,d6d9aaa905374d856bcd6a91d614dce64223ef9698e2d06d1a229303545acbcf
5128,Machiavellianism,good,g-436db487c2f70814,test,de0208faeb3a8aed24b9b7b054e47bfb9dd8ac49929131036db41eefc0ed9f89
5129,Machiavellianism,good,g-280d32639a200e4e,discovery,8deb6f74e9db8d9da5bc1179a84bcef629d5372840d29400033e19b91b0c0c40
5130,Machiavellianism,good,g-d2195128b8fa603e,validation,19432d6dca07cf51c78b4d05a05dbccb403c936953b2cad3de6b8d548f781849
5131,Machiavellianism,good,g-c014d43f495f06e6,validation,407147a601632f32732a8003906def3536744514228b9fd5000f418fadb43fb9
5132,Machiavellianism,good,g-ba0395e590f1524f,validation,2febe48a2eb79cc6c03c44cddf2cea4826da48eb430c1816d88dcb4d89e05cb9
5133,Machiavellianism,good,g-97389df03fd42ce0,discovery,07d1da1864f7d8699e40a58757554ae92472eb0e10836a3584660303748df421
5134,Machiavellianism,good,g-499cdaf439f817db,discovery,ec9ed7b954ee3787a301958afd22c98d78a966bcfd5fb327062d15a1cbf7979e
5135,Machiavellianism,good,g-a387646c93d8b69f,discovery,f3387a1dd2834eed49488868cfdbb876e93b5c30f0c6aa3b493861c2016ff093
5136,Machiavellianism,good,g-fdc3c3de13014f7e,validation,c6408125a0742cba12d619bc004e03030ed267df7c5c83308d731f10433c6405
5137,Machiavellianism,good,g-37edebf755a90eea,validation,b6b80e42065a2f10cdc585bc2c38decec447a82a11ebe09ae9b849c2563bd922
5138,Machiavellianism,good,g-e81e6ceedc9fdad5,discovery,81b28da6d842544f0081a4ee4a546002107de36a19ec4a74ab98736d249a4090
5139,Machiavellianism,good,g-0f5e5396ec10a350,validation,d74c580865898f3fca0de2d122745f1b7104b965fea84f384ff74725c8531e2a
5140,Machiavellianism,good,g-5b019006aa16b09e,discovery,111a7cb7a40680fe6edab68aeac7d05bcc46e953539cfd0faf6ef843431fbb5d
5141,Machiavellianism,good,g-61112e851de37831,discovery,c3c23ff09fdda2d817e3afe48a9e8b3fa914af698239ba6ae189b6c7904a6749
5142,Machiavellianism,good,g-7fbb5a1e6478dd3d,discovery,e1233df35cdfb0aa7362a1ab87467cb17c8987c1d9738113f13867ff4b406d31
5143,Machiavellianism,good,g-9ca2fe82e72471fa,discovery,d25da7712654e9b8c427c2d5c7701bc101592770e069f97a4cb7b321e8ea9902
5144,Machiavellianism,good,g-b00714a90fe772eb,test,c2d98cb465c920948a0cd45ef386ba814a670c1bdecdfbeb124d8f1affa19d78
5145,Machiavellianism,good,g-82e0cc7d406945f0,discovery,40eae3dfa9d6bf7e8c45644e982e98868227664a1ec2d4368565f9a0ad6011b2
5146,Machiavellianism,good,g-5831902004753ffc,discovery,e7583820d9a906a43c7ff43a9129f2a06bda63b58e6b3002f729386b161f4536
5147,Machiavellianism,good,g-0ccbe77f72835045,discovery,ac9851c81300a08c8b877cedb267439e2e85cd4898fbb9ecc8e18bd81fdb4601
5148,Machiavellianism,good,g-f89ebe3f1398ee27,discovery,129093ab6d3cbe9dad3a61ab7bd4b6cc46014b67224be113a48d49e2d7077b19
5149,Machiavellianism,good,g-e6f1ec5e5257be47,discovery,95886587b9d7a48f5cf4267add195fabcd67159a1dc293da176bd95d6d8a8db8
5150,Machiavellianism,good,g-b554f70f22768eaf,test,75ce0fd6144b8b3165a49b19d23d1b692d2e2581313794d2bc2033071f3ba6bf
5151,Machiavellianism,good,g-49ead5050a4bf763,validation,3b6e9a5075637904a439c8dfa0466e128f4b06b9b7157f2dcc327e6d59e733a1
5152,Machiavellianism,good,g-8135463cc21b3683,test,662f44d802f557255892c97c669143deb11a84c3a6fb39440320458f14fbcf3d
5153,Machiavellianism,good,g-ce77b338922839f7,discovery,4b74cf6ae37cb4b1e93e7e6334af0efe0ca45ae3c72e9c052b2ad94e485bb2fc
5154,Machiavellianism,good,g-14e403aaca285e07,discovery,5326fff119154bdbe39aaa32a7efd48344f19810685e4e400fed162a967aad2e
5155,Machiavellianism,good,g-982ec2c94c726e39,discovery,1fa070c726b8fec40a14f1d900f78ab7a0d17fbaa706692dee0010cd577654d6
5156,Machiavellianism,good,g-c339125e9a5ca4bd,validation,ea0092a7ca9e5e19022f35b55cfc655e3dc7cf31c4c8bbef45b0c49ce1fcce0f
5157,Machiavellianism,good,g-b09fe020bc81ba1a,discovery,7a778e3de84616fae14a2c7df7e76561bc8f5764ad4ca654372486e71f0f078c
5158,Machiavellianism,good,g-b6b1326069e73add,validation,d392906347cbc9898d4d3e430cb9a1fb60cce73d2a05f5883d1d4a752527834d
5159,Machiavellianism,good,g-d4ef2e01a023bbdd,validation,384c012abe815f4c5ee9753a25da8ac800b00c36c77ca0bd9fc33274514ae0d1
5160,Machiavellianism,good,g-b581c7a20c1c077a,discovery,1a6c1f310869c95210357efaba927349f4254fa0c32d9de25df6996f3b2bffb3
5161,Machiavellianism,good,g-3560c7eddc43539d,discovery,30f2ca0f82c3c119701c4972d1c4ae648a4d98b7ee1f0416ee41bc8d5f200d28
5162,Machiavellianism,good,g-ffae5687f8d8d31e,discovery,b6941dcd988f2590eeb4bf7b8230130faad0477ddb70c51293e3772e8745b2b6
5163,Machiavellianism,good,g-5634e07a23290c7f,test,8d0b17d4307c1a68f460fffa8aee4a61f90fec6316e3f559b594b5cfe0a7dd54
5164,Machiavellianism,good,g-e8fce6f9d2dd8c59,discovery,7640db6a4bc0a8ae88bebb5e779556093167f236e6a8a4f1995f7d3de46a6869
5165,Machiavellianism,good,g-817f26320883163d,discovery,fab3d7f86cc2f01efb8409cb41f4f0de13906c898e13e467839ceeddd053d56d
5166,Machiavellianism,good,g-1db059ebf8069156,validation,5fff2313d303d3ea337985a0c0dd72f23f2aead9fd34b7a2a5235078257e2912
5167,Machiavellianism,good,g-b52c2b0ba81e6cd9,validation,ab01547feea973e592e54568b4b41b70cb623a20a8a9d4805902515da31854e1
5168,Machiavellianism,good,g-acb04e636b25c08e,validation,f0ad0f0f3582cfe25b4d192015e940d41089d1ccb513e8f273acb2579a8ac45b
5169,Machiavellianism,good,g-7e0541467ce1c272,discovery,2b89833f8cb17c27be22b12d309d930dcd25d7e8068cc27ea4c704e6a88a5ae3
5170,Machiavellianism,good,g-81a32bf6db4908da,test,ca1382b58f109a55b7ff3ed77a99e9729bc66effa6b25dbc425d1e3ef725bcf7
5171,Machiavellianism,good,g-26268df976bb2d44,discovery,03e9b366c466d476d2e10289b3da6a12342d7c15c949ab2a913f4fd2f3f3e2e5
5172,Machiavellianism,good,g-6834fd3abdf2ece3,discovery,7cbcf6a3598c0c14b8fec18f11918ccb177759d0da1752e09bcd12572f58b846
5173,Machiavellianism,good,g-6ec0a78492f944f4,discovery,9f3c59720ecded7ad6caa5bf64fd2abd073ff9d266cfd43478b4d900b53fab52
5174,Machiavellianism,good,g-0449288efc9655fd,discovery,3eec17f2ae7a6042fbc6b5733024b691640f94c795d0a1396fa306eda59816e9
5175,Machiavellianism,good,g-ffbd0babecde0b42,discovery,a060b4f585ca3e2086f1eb3170884e4f3ada173e2ab81cda7ca4a432c510d233
5176,Machiavellianism,good,g-5ec1eb02613ba694,discovery,f521d6908ac5def91bce45e0ae0d31341ab46dc756859b2fb0543a52d76e74a7
5177,Machiavellianism,good,g-169839b172b5b116,test,a676a1b164a7f0185a1311dc19bcdc1d257e408b9e7fa7e9b5f39e2319b6263c
5178,Machiavellianism,good,g-5951b7bf2c9eec61,discovery,37e794545dc5d30355eefe70a626ed70d85ab350eebf70b4540dcca4519cc60b
5179,Machiavellianism,good,g-8d1f23747c61d220,test,aa71e1a99a3e7cbe596c071374382d15bba015ec96f389ce2b6a7220bd736a98
5180,Machiavellianism,good,g-455999d743db9b18,discovery,36f3e421848549de27b0085e5f8b2e6eabc9a6b6c0d6e2fe35552e6de654eed4
5181,Machiavellianism,good,g-ce8173b6a20a8838,validation,609ccfa3846aaf285f0a4ea8b90c70fb4301c69c262c5ee3f57f1408775adada
5182,Machiavellianism,good,g-1842b738dcc71d4e,discovery,405164f11d8a9df9be2b84388d2e3839fe07a6ba991e4909a972ff4e78747ab5
5183,Machiavellianism,good,g-87580577e04e2432,discovery,ca6331e9ffb17f747d0a6e8ec26c47648fa48a3ccf269a24a160d7db9a6183db
5184,Machiavellianism,good,g-566e629570eb1267,discovery,ffd94e436ed55193002b1620dac809cc12735864f8ce73ce3440d29f2074bcbf
5185,Machiavellianism,good,g-640535c382be9676,discovery,290a44fb8e8a8358e02d3f997b88b7c0609574f0e7facd47e03f945cfeae6bdf
5186,Machiavellianism,good,g-ebbcdb4aca784af0,discovery,28d3f0d6b6f73dbac72639d2cb9e86079ec3f80bbb2af4ebd7d83a1d20463237
5187,Machiavellianism,good,g-a15aa9e419b232ca,validation,447fd4db58262892a8e775d6c093ed4e27998a0cc15eb096a02dd88566ed43c3
5188,Machiavellianism,good,g-f9e3a829cf70a7fa,discovery,46706e21e8eca02800d2ebe115117ecb26b586ce7b7063ab71f59f224de0f12c
5189,Machiavellianism,good,g-464ffef5370bdf4a,discovery,e208279856c9514c1c4998105e86c15b858ad1cf90b5da282df5031f3b83f53a
5190,Machiavellianism,good,g-fe82a7ae3d252b6d,test,cceee2ac0f966ae429931e6c5b66b87e7d06dcf1ef71052de989c6314de0afaf
5191,Machiavellianism,good,g-0f4d3f35c536edb7,discovery,9c701ce8a44a462534fe098cd63c91f463ec65bb3a32ad7d315475a17cf80b66
5192,Machiavellianism,good,g-fab65d53dcb86a11,discovery,6a5ca5c761d72279e83deb7f58079503a1fbccf2f7220fd73b5d49a99ebacd34
5193,Machiavellianism,good,g-b26c0c77e561fb74,discovery,069d51517334329344086c1d53f9a2253d383cc41cf3f0c5d72ba1635e5783d9
5194,Machiavellianism,good,g-f4a246f8fdd33974,discovery,d9a5ba65fc9f4960972b6b8a96dd7940d9ee7f1e573f19a88fd632588395de82
5195,Machiavellianism,good,g-27c4c433593789da,discovery,ccb036def0e346a92b046b7b17a5eb4f59250764ebd1d87486c64e2bacf20ec0
5196,Machiavellianism,good,g-b82a30ebfa844590,discovery,77d85b564810f88b29fd84f0318e65a6241d62b232ae8233a8fefb75986212ad
5197,Machiavellianism,good,g-e607199b02d6563f,discovery,b68fbc4e635730a8dfe95a7af17a9e44c11356ba9f500d88af3482c83a1ffe47
5198,Machiavellianism,good,g-6793dfdd991fa425,discovery,5f1ae86857b9085fb3986ccb4f1852932ba031164e67cd6eb58597b153063c8b
5199,Machiavellianism,good,g-b0db5f5c64a683fd,test,6b0d35eb5d14b84daf38ff57e92cd1e8aabac2146ce4e11a640fcd482a085a78
5200,Machiavellianism,good,g-6850866ec671bb12,validation,46cbacb43ac31528829f937ef1c1a171fe6f66b134903d4b2fbdc33bdc4a95a5
5201,Machiavellianism,good,g-26e7d65b70ca3be6,test,1b1b9dc4205d4b604198b1f31f9f57992d742689a3ea8a988f771331d43a3595
5202,Machiavellianism,good,g-cdccfa9734877e51,discovery,19583be3ae8a86eebc7ad097e7414a3b18efe4b817329b4c3271c0326f517e32
5203,Machiavellianism,good,g-7401ed88fae8bd5a,discovery,6e613736d7b84b2db6598dd8e025135efd68b8ebd27ad45400208730d0d23263
5204,Machiavellianism,good,g-07650cccff0d87f5,discovery,abb721fa34bcd3513104fccda453bf5e23f05c632fdfdcca498681de9cd2a993
5205,Machiavellianism,good,g-c97df292204bc20d,discovery,f5cd5d841fac864447512e421c30f3230294010a2118a460fd19cb4dbcc7e1d1
5206,Machiavellianism,good,g-2a54ffb27a15dc3c,discovery,4cd77ce27fe180f5505b036a33dba60adc69b523516b1b62a8cc1b499cdd7062
5207,Machiavellianism,good,g-b315887a0dd00668,discovery,1e023005cd46d7255fb08b187c00da27d85b102b9bb6687a15ad272858f8b88e
5208,Machiavellianism,good,g-9acdf081cf06fd23,discovery,eb1f96b798b2bfe38218c00779a8ef418f79ae8e22b7a2f19f5f8ebe6a1ba368
5209,Machiavellianism,good,g-f96906b06ad1d972,validation,ab1ed1d455395dec0d33455453d307a4c1b24b18a588aabe8415ada7736871ef
5210,Machiavellianism,good,g-0ba67ec03fe9e787,discovery,3d60eb659f53058031ca16d290ed1262cd0c6749b15e2d70509eb6ce899b4786
5211,Machiavellianism,good,g-e47ffd5ffa1567a5,test,62919424bb838b5bdf4c54daf642880fcf8a73be43e9e913738fa81baa63337c
5212,Machiavellianism,good,g-191021b552cf9bc0,validation,d7bcf43ad228b016c903e139e93528497f6dc7922eb92191d985eaa38aff0bfc
5213,Machiavellianism,good,g-5b603f35828541be,discovery,ec8aabacb16d54cf39c4646b576de88ffe5c896960b3b9bfc3bc43d3bc316132
5214,Machiavellianism,good,g-190530ce0da4766e,discovery,86f2cfec5a776390dd6f0d1250be6446f53fa072444bfe3958ded44977f86705
5215,Machiavellianism,good,g-5efb957f255dd51e,discovery,238e970c7e1245c8ecbb45bcdeced5d0d1349477d81c12fb9d74edd53b5b433a
5216,Machiavellianism,good,g-88a49bec30b7811f,test,79e6d1280ec1c9bc7a2b6fb9caea84ebc11542836faa0c9347312caf579d9f7e
5217,Machiavellianism,good,g-1fd3ba8fdfad0712,discovery,21179166098414cea4a7bd9b9dbbfc42a3461587c78ec6a664729497d809dfcc
5218,Machiavellianism,good,g-2c81e04c0d2d0884,discovery,fcef253b524209388f023c3ff95218a34675c73afc8a689f8317a9ce9ccbc819
5219,Machiavellianism,good,g-0fca93bdb49fa36e,discovery,3cf8959747e341a652233ea5e21fc982b6210d1af334883b12eb16bb20ea8489
5220,Machiavellianism,good,g-fc8c59540bbb12ed,validation,49bee1396ffa336c4c929cc7f4b40cd3f1824ac351634469d3c8801662c5a42a
5221,Machiavellianism,good,g-687bb1bfe5505b32,discovery,32de0b09acc79457881077e74d74ad3224e9771bbaca07ded9c0c42a998d6007
5222,Machiavellianism,good,g-ff62987764f6d642,validation,3a4d42f71651b6600b01027b0d02b811c48878cb4e9a86b3931d5dddcfad4e86
5223,Machiavellianism,good,g-d59906b10ff4dfdd,discovery,681ab6dbfd4598e4298fa6cefaa42c6a77f59d2d46ad9cb9bde80d1d05ee2ce7
5224,Machiavellianism,good,g-9210d7c663ec7243,discovery,68cc88baccb5b048115bb6552b362c594c1ba923bdc6729fb05df235bc08d931
5225,Machiavellianism,good,g-b1746cefd0fc08db,test,58a601465a82fbd2b0b8b09d71224ea8c57c6b46c0a7adfab8bcc9a4b2f6fffb
5226,Machiavellianism,good,g-c2edf55647efc25c,discovery,d689ed4ad7b5669c1114bb403a7e77ae2eefec22a181738bd58ed9aa077bd27b
5227,Machiavellianism,good,g-5aa79e35561c9058,test,0347fd8dc4d97d67b8593d758acb76ffd4756b29aaa2cfa94275809b27d95e82
5228,Machiavellianism,good,g-cd8ac7b5278604b9,discovery,e85cd5c128c8ebdfe6cba67cd01cc3373c17c449d7a297329730e66692b45486
5229,Machiavellianism,good,g-6ef569e64c37a8e7,test,cb0f5506ee3d0bdceb0697d83ca508389483245ccf2a669972cf996a43463320
5230,Machiavellianism,good,g-7f737d3001bac88b,test,ad95ef90005100b3e2530374b52fadbf762d8b15ceab39894711382f17781727
5231,Machiavellianism,good,g-fde2ab36923caa43,discovery,8670480e2b9710bcadd7f2031e31c20cb0c4563eaf68626af177cf4eaf1f2614
5232,Machiavellianism,good,g-98000a11d7e2f371,discovery,d47342c7ebfc1c18b040672d266502ab0e315bd283cbce1b265c1c5b0893b9bd
5233,Machiavellianism,good,g-457922a936e0a664,discovery,287522e5b83044b2fd9edf87e88e0ed66601a3fc936b896fff3877c63b448ae8
5234,Machiavellianism,good,g-c2866db53a005e15,discovery,96ddbdcd856b4555236fac20dac368bf0fb63a932b80e1d54e00889cc6570f8d
5235,Machiavellianism,good,g-bec44e1612270db3,discovery,3e1ea77a0d6c08d8bdb690f3720976fe049b6e513a2935a09e27cc3fa3ae2d89
5236,Machiavellianism,good,g-5d1f234ec0fa3980,discovery,aafc23acffc97517e8a2d3e29d4c1e4a4489e6c7b774e5c206da43b659a1c638
5237,Machiavellianism,good,g-1bfc39c169270652,discovery,0ccd2e1664342630623c69914d9ff2380062324f81e0b4114083f4d8a914ce36
5238,Machiavellianism,good,g-2aac814dbad3a989,discovery,3fcdaec38edb385e0ce9710ef548ae13113554e27bee9d96f7fa8589a158e868
5239,Machiavellianism,good,g-8d190b0e7a31ef02,discovery,b4bf6ddf1c103e44576170e89b088f947c137bcd672e868ec7fbdd5c786e0565
5240,Machiavellianism,good,g-881b714fa165fc24,discovery,746bbdefee31479a5a8ff19b7dc2a72e8ec3735a2d49d82b7fb4284a4409c13a
5241,Machiavellianism,good,g-c2f82ff0e8f3424a,validation,dcaf129e708540e944eb3e7d3312b73caafea3e1206b0e48bdece1581ddac35e
5242,Machiavellianism,good,g-c604e722b1ecc8d4,test,6f273a35607457144b72f78655f8bac21581ca80d492a3ff47baa4865cd229ed
5243,Machiavellianism,good,g-1f9bb5ab1f57e1c8,test,ab80541048bce672bc045ef0e08911738dbcd2aea871c3981b762cf396c2a5d2
5244,Machiavellianism,good,g-6b25044eb1944d19,discovery,09ee5bafdd425bea421ad1e93a2e5aab363de46841509536a452acd707fd65a7
5245,Machiavellianism,good,g-eb13175ffcda1f98,test,58b21e164927fe31e271c5c9d59d9efd0940051ea687f0ef90c275861b49d959
5246,Machiavellianism,good,g-c2e90380c8457c70,discovery,554c2cda10a22f39bd45856efe7420b79dc7e9c58e0e3feb8f8a60ee5cd3554b
5247,Machiavellianism,good,g-469d3eb3ee5a6346,validation,6de1565b7b8707ccd94a4a8a00d1ec893e0e9858587b81d7b7b03ed632058fdd
5248,Machiavellianism,good,g-5e31c889fb2a71b8,discovery,2731f43186166b1ea943806431d44dae3df5c50bcfab7dae60a9ec877511875e
5249,Machiavellianism,good,g-c1d7e52d3bdf1113,discovery,531ffcccabd933025bf777c7762cec17a587cd611afa02f598104e6712e2da30
5250,Machiavellianism,good,g-4c6c0420d85b9234,test,d3a5cc7d4750a799765031872454436caf439596042e82f122705761cbc7b8b4
5251,Machiavellianism,good,g-b19930c90536c492,discovery,eeceaf220d8d28bf13bed7b043f829a437fc690222c2ea1bb6f4d541aed1e17a
5252,Machiavellianism,good,g-a1a2884a591c1880,discovery,8f58fbe428001dfd261f5a9a19c77fe0bfbdc6f8d5574d7c75b9542cb4bfcd8b
5253,Machiavellianism,good,g-f531a296a20ff6b2,validation,9e2ed5678bea55411bcbfbc46e7b494fd5e63487db06f5691487c617a3983581
5254,Machiavellianism,good,g-34e04e2f5f5370b0,validation,05af841b502d74d154c4df7a6087b7a6546996fbaf138f07832254c0cfb57982
5255,Machiavellianism,good,g-f9f29ccc66d5637c,discovery,34a2a2c52d5ae7d2c435c71b690b2c62412729092f1416cea09d2249195c9784
5256,Machiavellianism,good,g-e5292d09999c677a,validation,96a7e537789466431321e1737c531a5f56de8e45f3cd0caf63de48501c70b431
5257,Machiavellianism,good,g-d29d3ff89e88e6aa,discovery,6a582ad227a1bd93a231f3d2db2dd62013c2e7eb07c44c0084f92cc7b584a6c0
5258,Machiavellianism,good,g-446cf030077d9044,test,fe368c8216842a2b37d44906f97b0a4a9df92101bb44643948dfe0cb2c8d7e82
5259,Machiavellianism,good,g-e22f4b42169daca3,discovery,b1da6cf1b1e908ccba78030e9bce81b075385cb087fa282687820159148c0977
5260,Machiavellianism,good,g-54e4946f4de99799,discovery,0403347964b20c27e9facb5f3d3c6dd17401bda1e8684880c63967977c960cba
5261,Machiavellianism,good,g-2a60a77f9e7e663a,validation,20273bc11281cb25851bec15acdff30d89ddeb94466eb683cd6e3e10575b052e
5262,Machiavellianism,good,g-6fe2e94d6a630883,discovery,8f7c8bf484e89f2ca76c944ddc417700f22176cbfbc5883b71ce96be17de21db
5263,Machiavellianism,good,g-e41299246ff907c2,test,bc292b46ae0d24867633e5aec4feec10c646a886d6530f085a72a7f02bb405e7
5264,Machiavellianism,good,g-1a489cfdf4e4f442,discovery,b98bc11a1f0ae6b77807f0766689869bec1141fa89d2897b7960da978f85b039
5265,Machiavellianism,good,g-a0420de052d9a2a5,discovery,d6e41c7048648995441d72b543cf8da48b74a0640ce350bd241c7f5d2ebfd960
5266,Machiavellianism,good,g-fe22748e624f46b3,discovery,1af7c0622e7522f31e2f3b0fdcd263db388ea3f6c2b00fa4546543455b82e8ff
5267,Machiavellianism,good,g-ee947206ddac8ca4,test,c846713b5a5546b0290a4ebae49450f1fb0ded8b5c44d1f4a2010b91e9a14818
5268,Machiavellianism,good,g-02d519de8d9fdafc,discovery,f105539f303611d8151c4cd8971cfb7347d2d6f297cb7cb6b0e06df102e4b242
5269,Machiavellianism,good,g-a378feabd292f04a,discovery,7fb118387b325e734a9bfa83b6bf2addf24b7db03dc54ab5cf3e169c5974a692
5270,Machiavellianism,good,g-8bf00b5ea0ab8687,discovery,abfb2bff29f7c092cab2b58536a65ca5aab4e54695cff54c4f7f8b32158baa5b
5271,Machiavellianism,good,g-cdc80eafcc5071de,discovery,ebdc56853a40083f930f9b2747200330c21f98c8e5308e82ffd66707753a0f5e
5272,Machiavellianism,good,g-0bf1aded46b4b3c8,test,b30449f2ac5e50ce31aeca163e49be85181fd91526e90bb76cc012126745b97d
5273,Machiavellianism,good,g-b0996fbc2557d55b,discovery,88128f4b1510cb129189a547086cf0069e7f03cd4f4d9f8e9a3528b562c15d04
5274,Machiavellianism,good,g-91550300de106685,discovery,3cb07b7527e02756a453cd45df19d2dac84988bade6f03856df8aabaa295b0a6
5275,Machiavellianism,good,g-7a6b4da01a87471d,discovery,9ff7259655b3faf8daef737df5c679bcdff3c8b46d0bfd8a4840cf5d17bb08d0
5276,Machiavellianism,good,g-65c98f2850ed5c5f,validation,ad095dc94786fbc640e1c8d6348ecf2007449678abbc65a95c9385d62373fe2a
5277,Machiavellianism,good,g-95623f97f442eb15,discovery,d23cbf4ecb6e9b8b92575437499732cc459284f18069b7b59c8dea90ab2e125a
5278,Machiavellianism,good,g-498b5d4af4b49422,discovery,153f2b2adbd612fb198ba8a3b511a59611f6d9c1be5584e4b162b6b2fb25fbec
5279,Machiavellianism,good,g-f3f94e380d762ec6,discovery,d40b6de58dd735d2974a2b57f76f778c7ce2712b572c054719abdffaa87b90a6
5280,Machiavellianism,good,g-331ce660e48ffc78,discovery,1b9bc0ff8e1a4a627a5acee2f371d7b8342bca5f59df5b7169e8ae1752db4655
5281,Machiavellianism,good,g-f559984530e62a2e,validation,51b852b59083956cd94ae67e4918ba2c72b0a9e39cab34e5363adbccfbcc8592
5282,Machiavellianism,good,g-6be16ac4c39186de,validation,2d6f67a364c761381d945bb1bef14d5fb8eda16383640f90dd6af4c771ed0157
5283,Machiavellianism,good,g-e355d2e17eed376f,validation,5c63932aa9a77e918441690741d2af2cb5e193453f241d13fe481c5bfc3e4cc6
5284,Machiavellianism,good,g-12c927caf3d715ad,validation,5cd2e4bbabb00e6e4013da0dcc3f71210bc2ade1642b344e40e265526aaf8d64
5285,Machiavellianism,good,g-d510decdc0166e9b,validation,9d14c57bb77b93844fbb1ccb3d2dc7550a02ae6078fd4c60484adf5bd2dd1cc6
5286,Machiavellianism,good,g-704298596e73999c,discovery,be48d4adea1f1599efc4bdfc2a2db3ee69a5a8b499ed12322c03942ea174b31f
5287,Machiavellianism,good,g-81a398db1c855ebc,test,4aafcdc71398f478d1104f4149f4dee19b4e91fa63dd83247951a36ff6c8e9c1
5288,Machiavellianism,good,g-9f8134ce90f48117,test,510ca6fb18cba1446bcc4f8a9e0bb1832456432df5cbd10b137a1448099cdf6b
5289,Machiavellianism,good,g-be394d4863ca1785,discovery,0dad34b8b5a4186222efc5eea92f301f6fd872a9929331063fc29af0d9f0fdce
5290,Machiavellianism,good,g-ab32871d582dbf22,discovery,ede1d52ec7dbd47b71076911276e0ec90c9e7b1240b6910ee321e5995e221a0c
5291,Machiavellianism,good,g-3db3a9e448b24d34,discovery,ab58b2bc05d30c533c91987cf0cf24bbcd964af79259bab5400b5a34c2bff63c
5292,Machiavellianism,good,g-7479d40399b64ecb,test,6d8d7168bda0d395a3388951ebdbe957a58f9cee4230d687b2039f03c60dee31
5293,Machiavellianism,good,g-2871efc002a617f8,test,ce9be7fbc0c109c9ba04ba954aa222e429d2f67415e5a2d27cb291c79a019662
5294,Machiavellianism,good,g-8112de1b2be86563,discovery,08f84877c40cac3845c8b8fd29b80274151bc40e74deb0503c53fe56c6bb4dae
5295,Machiavellianism,good,g-12c247fe0f0f3c23,validation,7d6cc58c9cbe7ccfad7d691cd52243af9c8e277ed40cf6e4768cd546a0ad94cd
5296,Machiavellianism,good,g-4d2aa33b46032341,discovery,938d977b2465af02dd9c666961608f616424efbb85481933e8b696e9b0319b98
5297,Machiavellianism,good,g-8d0e8472f2b81285,discovery,5c1c3d40c63a3ec4b88a8af62ee7996a0b8b3e2d6fe28a25ca40314a848e2972
5298,Machiavellianism,good,g-cd3cecd393bbe76f,test,c374142a325448714ac6e5f0b19daee0e68f3284a1a98213cb165ace4b1c6809
5299,Machiavellianism,good,g-cc4e4fb23ab47ed4,discovery,f10c7c0f7fff7b103a4098c4c400cdc2537de67862be3291d3f848a7ffa35b31
5300,Machiavellianism,good,g-1d04a124de0ab727,test,898ba5dbdff812e3476d8bc97402376bdd3a7911c86b71d25d4ac8c0d8686c91
5301,Machiavellianism,good,g-5a07843b13354791,test,ce87e1d2c08730b909d65e5e5ec36839c619de1776db9b648a36052a3a69484e
5302,Machiavellianism,good,g-2accae0a8d007d7e,discovery,7906f7cad1478004cc54cea14d8e3b07057eef5e465123c29f109d3db75c82ac
5303,Machiavellianism,good,g-29e33716a1bf0d60,validation,b0a7fbc717081b06f767c01b2193a82ddfcfda9c39af99a4aae5d22de60edacd
5304,Machiavellianism,good,g-0d853a464d79be96,discovery,7784c72a052a0b375d952dbbb55782673fe2a24377775bed3b3cca6950896448
5305,Machiavellianism,good,g-3f7d73fdacf9865c,discovery,6f711253240e2bdb0c9651a22351f0eca04e51a7d7345dbdb8383fd33ce78a71
5306,Machiavellianism,good,g-f9c176287e1c620a,test,47241db372bc3bb53e750f491ae2b9de6890f5fc21fcd67c04727a61db953d53
5307,Machiavellianism,good,g-18c1846986c8ab99,validation,8314fd51e412f42281ac6c29a598079e05c9825ce1579555f129d38e08cd307b
5308,Machiavellianism,good,g-f5a2738ea2cfd215,discovery,ef575c167d457f4b779524c20aaf920a4777275982cd9b05407a77fc361f92a2
5309,Machiavellianism,good,g-3b995fc1b72819a2,discovery,5743d8a9f6945dbfdbf4b58d940d39ec94a44375bc5eb7d760ed733610bbf175
5310,Machiavellianism,good,g-f70e866826d62a1b,discovery,e67ae85783d8118f43076e5d2c64068711037e8140af83a0d62ba21d545103f7
5311,Machiavellianism,good,g-7527b7a1006b911b,test,ccc4584d0a3a496aa024b6d20d2b97b5a2b7b39752fd2a5df3fe0b056a2e99a4
5312,Machiavellianism,good,g-c4dda04afca9bfa7,test,a1ffa7e0023c82f68079cb5008f19c2ba24ca3823fbb66c1d423e9d0c46df81f
5313,Machiavellianism,good,g-eaac22c13cf8b64f,discovery,bab6a831a01a61d77a77cd8013ab9576279fbee960a4d8e24f6e9dca5c10b809
5314,Machiavellianism,good,g-0c1217266ce09e8a,discovery,a0eb167e6f52397a7ec5f9c9c8a114cd9244ef83b43b916d14d245843850bd4d
5315,Machiavellianism,good,g-8c04711fe9ea4e86,validation,402b90c702426210238a6be7d09570f21e7ddf0d31fd8ba56fc5d1e0f837d9f5
5316,Machiavellianism,good,g-cfb4b6d9e98de361,discovery,c2ed4d453e11e329eb8dc0fc9a35efc96238354d9fa92db46ef609124dd638c2
5317,Machiavellianism,good,g-013f80592943cce0,discovery,d4dbc08a8b3c0079ef7c52aba29333657cb1cac007ddd28bfae7b1696d609ee8
5318,Machiavellianism,good,g-9ff12047e770ae65,discovery,e13111bee5dd39cdc64eeb299f0dcccb9b07f9d5591f5837d0f34a4421bd770a
5319,Machiavellianism,good,g-322a8df31b5ea912,discovery,54cb0e11d51b4f3b11981ce74b6ac30b1b62ccf63689822957b3d08982fe1fea
5320,Machiavellianism,good,g-c2d5716f23b4e521,discovery,65b77f1fff5cfb497f9a227405a6cb0f8172f7ed5861a588302ab9b31fe3f97d
5321,Machiavellianism,good,g-30f40f4aed587c17,discovery,fde47e2b75dcb7efbeefd8926420b6e59bc7dbaa1ce264f161fd0178fe2d6518
5322,Machiavellianism,good,g-88d99551aabfeb1a,discovery,82ac7beb0c94bcc8888adfdc51960cbac31327f2bc11776f8a1f2ade2719e85a
5323,Machiavellianism,good,g-b54fecfc110a4b20,validation,16c334bf192e2fbb31230a96adb9d95029db27855d7ea7b3e3edb9c329f9de8b
5324,Machiavellianism,good,g-4253a50db01cbb6c,test,71c676b032e3552128b574be57991715773f717c0ad0580e899ac7b40d8b807b
5325,Machiavellianism,good,g-ef7e64e9ae09f895,test,29dd8f9c1bb05569d8864207fc224122a4a7f77e031e557c44fa241d06a50f0a
5326,Machiavellianism,good,g-355ec9f2e6ee0b75,discovery,a7447dca369bda3b06faae5f3d914a4f862f9242de307897c9447b2cbcf0f91c
5327,Machiavellianism,good,g-90b9414b0662e2dd,discovery,d2b1c4dab8c6d507b23a9faa6f12e62d707859434802f5cabb5d6ed900edcaad
5328,Machiavellianism,good,g-e8362f283c560ada,test,7108ea2161d928518ba86e34b8a6297e9534a1f9c6c9693f7dcc1260804a390a
5329,Machiavellianism,good,g-c19676383e0facf6,validation,7ac1a4f7f8426e981624c3ae9ccdc0d6ffda893653175873ad28471e8be5952c
5330,Machiavellianism,good,g-16bb7c852c8f1b86,validation,48fe9a5706c60737b330d72a704901bc1b1a871c8c5747b1fe27cb2818007339
5331,Machiavellianism,good,g-3f457037e97215e1,validation,732fca5bae74da5909eda381d2dca5268234a74c0c73e3c020adb775063e64b5
5332,Machiavellianism,good,g-3a23260dbdcab800,validation,b086d5480406ddb1e5ff5e68a05663f3ca8b9ab9f7f3685f658c1eb2d342dbf7
5333,Machiavellianism,good,g-835b34904a85743b,test,df079bcb0379deaf35d569e869f65293ca8acd9e3f65d2edfe4f3815574fdc71
5334,Machiavellianism,good,g-018d5a4e797df89e,discovery,bc872aca60e60016023581cb333cf43f7da69937a2f6c89ed7751a6cc6cde799
5335,Machiavellianism,good,g-6062a4b0a2ec25f2,discovery,1a8029b6969e4d20d8ec85cbdc60e10587446094e68456d4f2822acd3f6eff9c
5336,Machiavellianism,good,g-510363db36751d85,discovery,6388b6f38ebefd8d3fe4fc6c95c12329f5c46a4d9e5c730ea8c589d7e5c31038
5337,Machiavellianism,good,g-d36f61441b283e38,discovery,1dbe9e54f0d729a9f54756ffef592043f4e0a5bb82ccb43e2630734a48f503c7
5338,Machiavellianism,good,g-64ad38dce8ba8788,discovery,e725c93a95626c4815e7227fa5c984ff83c3d73c375c4bae287ac957bd32a066
5339,Machiavellianism,good,g-2a5b335a4c507e13,validation,c5254972e936d08ccfb634fea1d01f9457c6179e73117fe458d3a962e93379f3
5340,Machiavellianism,good,g-d5e6c0363a3d7423,validation,2f4c1d804b208143c5fd0e3f6454efde313647ea65a08006295980f1f6f11be9
5341,Machiavellianism,good,g-18bd3bdb2ebf38be,discovery,64ee800773b1345b6fd1bad2891e1b84f161388a5244f564a07b248c750391bf
5342,Machiavellianism,good,g-059ad982fa92fc5b,discovery,eaf9a59c92297a78998e43dbda505688742f42de80234f38016e4a67f46caf4c
5343,Machiavellianism,good,g-92510917e1277857,discovery,da4964ac28462f580854ba49a3155b03635266d083afb6538af0cd6017118a02
5344,Machiavellianism,good,g-d04457e864ae158f,discovery,ab88f2d04b54a50fae7abd37270d980e0d128c5e89abde834fea65acb2ef2a8b
5345,Machiavellianism,good,g-54187358f639b43b,discovery,2e75405ae680d3381d7f29ae8b30eba6d3bb449d61728be90dd2257b13be2f4b
5346,Machiavellianism,good,g-d0fe82132bd456f4,discovery,2b598e5f3bef4aa260630f50f835f539c8873f1427a802c8435450c896727dd0
5347,Machiavellianism,good,g-eb7dac750d823f5e,validation,19187260b8267ea7f92bb83be62bf9c36879ecfa1ece2d7fb960572452e42cad
5348,Machiavellianism,good,g-5cf0bf9864d46c29,discovery,469edeb8a45c9d7e6c615312fcb7a23cb15753a40e429fa1c673c4c2817aeb33
5349,Machiavellianism,good,g-863da1d8368a7ec2,discovery,f00e2494172f0b71748157178e448805f6f5f17938823f10258bd2de91a000a2
5350,Machiavellianism,good,g-acb33c3088def7f4,discovery,bf5fc1c78c808e921a5da22684792fec3fe3dedb38bae2f41fe34f0aba73470f
5351,Machiavellianism,good,g-4409b81a1a098ce0,discovery,c2a29971f90dad41961d44c63b3c13551b06350eca46676bf30b93f64ba5d33e
5352,Machiavellianism,good,g-0ffeff9a32159dd4,discovery,e85c22f2e76f22977d718b7ccabc78a731e58f707a5ebbf570584805c77ccffe
5353,Machiavellianism,good,g-0b98f0e6a38ae83d,discovery,d170b9a9e2c00927d6149c34b55d04f8e5beb017ad374daa184221283a9b0236
5354,Machiavellianism,good,g-5b381400ba0b2a5c,discovery,72b945be8ddfeaaaecfdae7986fe43176edd2110eb5919ab7b483646afda1caa
5355,Machiavellianism,good,g-112a31f63398519b,discovery,7c810af83d4772e71b514cdbd27c0b9bdad7f9eec3bfccd925e317496bb4cc62
5356,Machiavellianism,good,g-76405384b6fafdc9,discovery,9aafa73cd9f9014c8f3f0d3fc53f0673472054f2a1c8d7206c333c5cc805b827
5357,Machiavellianism,good,g-4816858122c4224a,test,93baf7ee71634b86f54d8d1a3932a5ce125871a7976bd69d665a0d26f9c75bf4
5358,Machiavellianism,good,g-d03fd4b87a46a6cb,test,7f955fc3faa9b411cc30c9970d0920988ed53b756dd75f90248b1178619902e1
5359,Machiavellianism,good,g-dd7938c02e62e19b,discovery,0d7ea9b422646428f91b4be27df7899209112b1c7181ff684f96813d9c83997a
5360,Machiavellianism,good,g-b86d0a5b93aa92e5,discovery,9196b83e6dd533f8f2f825110a2da9b762ce7ff1f5f6f9494e304faa447aff13
5361,Machiavellianism,good,g-1722a6e4883d998e,test,b5d4e73395d1d2f1db79695fd79da618ce0f00f5009c0e8ff9db6bc1dd1ba140
5362,Machiavellianism,good,g-effda83bc97f7b59,discovery,d156b307448f8bf42cbce7bf2bae8dd6111e0e13c333c1cc59d03f84675c6a41
5363,Machiavellianism,good,g-2ae745be193bcb05,validation,60cadd7a2f1f9f9e994380c5e57001e56ef85c381dce2b06bfbac14e38a92939
5364,Machiavellianism,good,g-7c61988d2a9019f2,discovery,ac44b05261f97cddbce54d6b252179904f20d75e1880ad3a1b8c93a2143d0e6b
5365,Machiavellianism,good,g-4f0b8bf06efca00e,discovery,d7264b1225ae1a2bcae14c5915dd37d5d3f803ff8ca4ac92a6f2b34b09a569cb
5366,Machiavellianism,good,g-851309d4c6370102,discovery,f93953b3028d4a3959149f4c4fe51f6f02dd3a4f9a378a6d2ddf0315560d5a3f
5367,Machiavellianism,good,g-ca112dad9d2b57d2,test,4ecece83a052b005acb6abc198e3c4669e805717b27d73379b051e1d49a65976
5368,Machiavellianism,good,g-a998a220b1f99ea0,validation,bf7b8a3b4e650551f6075efb9d41b0e085bf6822498bd4fcac0635eb6504a4b6
5369,Machiavellianism,good,g-e0cd2f2b57e86586,validation,2523863036dc4d2480131b58845fc64f69cb22ebe0288097e98c171ffdfe0950
5370,Machiavellianism,good,g-32548cb3e0077773,discovery,368f6e10f257bc9278feec0f8c5da4cfe21b65a8be523671c075be69ca6b52d7
5371,Machiavellianism,good,g-3978d98f1d758539,discovery,eaa9687cab48917c23505781f9e1a22ba6dc8006ebf8d465736e66b80b70b62d
5372,Machiavellianism,good,g-629d149a86da562a,validation,074c692284cc17af291e5d73e04ae3a28776608c7dc46f6b5c51ab7f3d0f533b
5373,Machiavellianism,good,g-41c5adf471f6d85b,discovery,406e3e48362a3c6d7fdbdc809cc6d505ef46cc63e31f0a1ad23cce3da1170c0e
5374,Machiavellianism,good,g-4ff2ffb6c9c77c3d,discovery,838702a772546a1b20ac3cd50e3f59c2a5a4619d13cb8b5935e6f20e7ee1741d
5375,Machiavellianism,good,g-ea915991bf6c9265,validation,0a84e7459cefcc3cf3663705dffa8c876142123045e86854e573b69cc1cb42bc
5376,Machiavellianism,good,g-bd1e0dede918f7ba,discovery,61fb86b283a99f5174973d736640d7da0ffe91da18490ffe524638b1f8b51d37
5377,Machiavellianism,good,g-d2d0a7482f7dc55a,discovery,a9e540392840a4b37e84071aa24e7d4d4cdb1f98d09218d613defa5b1674b1ed
5378,Machiavellianism,good,g-09357e01f6005002,validation,253afa39f2630fa2ad39bc36c197be5ffb5f00dba1b1c9109b947ff7703eef99
5379,Machiavellianism,good,g-301d9d2fff171237,discovery,0bead0237e827687b0bdae0b707b1c3d5088969b459f81f491a032f33f7bbc77
5380,Machiavellianism,good,g-a8a894192758b57b,test,a3d09a46cca0f64572a5d47c4dabdb5098286899200d9a5e7090004f6b1deda3
5381,Machiavellianism,good,g-772167b333d96fb8,discovery,2bdc2dcbc2782d25518c1bd166b8412b9e00420f65bf50f2af96ec6cb6dcef03
5382,Machiavellianism,good,g-f3fc98a8b09a823c,validation,0e3a802f8883ec64224671f193f20c03dd47d1da59087a2efb38a9ff0ff01c02
5383,Machiavellianism,good,g-fa248b8ede6e8daa,discovery,90185177f71c0ff2f93e79654c9d434c880189464f0f3f5aece8b11b784ae165
5384,Machiavellianism,good,g-38d33d2b30cd9529,discovery,ad3d8266eace70fb78b8938a49a7d54fb49b82e505aaa60622aafaa5f50b9e1c
5385,Machiavellianism,good,g-1b9191c90ebf4671,test,2ee552112a2a590e9dd2d2070864ea90d2be0ab41ff775883656bae2b6095c14
5386,Machiavellianism,good,g-c7e03b05c3ea2744,discovery,cb3685d1619df9299fc8bf7eb85054bc11bff57992f16bb5b71b9cd4e7b2e18e
5387,Machiavellianism,good,g-3a83fd1313c18c73,test,8606aa01690e8dc1ca6e70295962c58ff791e361645681631dc619e6f5adf64d
5388,Machiavellianism,good,g-a8700449c6ae8b14,discovery,3b78c263f4d09739e878a34ef7503234a889f9d29c9faad135386cbcce269407
5389,Machiavellianism,good,g-340afcf11934366a,discovery,f5a6e3c7d5bbb249e059cf8b0c1ca729dae9545e7d192aee3b83712a4b4bc9e9
5390,Machiavellianism,good,g-ba4bca192c9c28d1,discovery,af860618e8e8569315c62f4c9b9ff81e566fb9471a226cedfae602aa8cee3052
5391,Machiavellianism,good,g-3c7d34198410f0a2,validation,d2523b8be56ebe65e152543b0513a5e1d1c036ae68d965dd00dcd1e875baabda
5392,Machiavellianism,good,g-7e68a6c752950262,test,92e643a72456debdb886dc7df61ccbe2b4560fbefbdb90333d30770fc154c261
5393,Machiavellianism,good,g-088d1b1fb4e2abc7,validation,11b623af0ca57cb50e6dd7d36c5a5d7799bf5c0bf710181c23e4e41e47b6740d
5394,Machiavellianism,good,g-783273d0e711a653,discovery,ad0a5543b2d6532067c62f950c0962460f17f7da82a14acab9cd1349a545b661
5395,Machiavellianism,good,g-5dc660804548caed,discovery,f23fddefac42b44a113b0923159bad9f02c87f7d116bc9b167e2b07992de61e1
5396,Machiavellianism,good,g-86caa77cc1cd56d8,test,f7fcc1468c5966693abb8edcf782bcdc7ed6e6454af68ce5b0d31df98143863e
5397,Machiavellianism,good,g-9d6040e02310a21d,validation,f6211c5a0b476cc3a0f887841f1d925b3d9ae34cea73851cf925a0d3da1a60b2
5398,Machiavellianism,good,g-f5bdf757a05489d5,discovery,e61f07ec7963f5dc745d503415c675a00a9cb6b8989c1f258e88c97bd10ce7f0
5399,Machiavellianism,good,g-7adbfb10e3af5625,discovery,b0912795715c619909421e51f7e14200efc8580226c31367c81814d5b31164ee
5400,Machiavellianism,good,g-d1296a68b1ae0e42,discovery,b098d97584ed5186b887009d54cf86a362381a1528366c7089fb26bf8d942c26
5401,Machiavellianism,good,g-b23dda39b821e549,discovery,8e64cbf4fc4edd01d92223952b7cd6eec4054886ea9d58e699bcf2683d0adcf0
5402,Machiavellianism,good,g-6e08f7fd880822c0,test,b04b39bd4ba9c9098f22916467d0911a69a0993fb6a8a626f726453d771a7c2f
5403,Machiavellianism,good,g-ab73a39072b30684,discovery,99d3cdf63082f050fff061323d916409ccaa55c7284a118313eea4013c34fe51
5404,Machiavellianism,good,g-9aeadf8a1b465eb7,discovery,bbc4542ee84419eec8816a5b4f126a4de50195bcd21c2def10dc0dbb972b7f23
5405,Machiavellianism,good,g-e1800702ca147fec,test,5cd24bb8d49495281311b9ced7eec4a9170c17e8f6a540fc41fc5a2315624dc5
5406,Machiavellianism,good,g-9f7903a9d0b01ad5,discovery,6f211584e74f72ed6501ec1e1175886ecf6800facae471e1a649388db72fcb88
5407,Machiavellianism,good,g-cdc90d03c0778a87,test,997e0c9c4edcd3ab094e05d3ae1e48a91bc650fc97c46a548f2afd9cc1d6445c
5408,Machiavellianism,good,g-923c33cfea4c213e,discovery,1ca54cf6ce3c817a442193d4c9aff5feb2fb2e5f282db605e85632eed775bab9
5409,Machiavellianism,good,g-0067d0301eec1918,discovery,30968fb3637bf3411ebf07aee76bbd258201ec4f222fcd0b05218d94ae009daf
5410,Machiavellianism,good,g-d04e409907e5751c,validation,0965ee5f327b69d7aa4e1bf7984f3b306ac1b06347fe59b430e27ac27b30b1b9
5411,Machiavellianism,good,g-c752f3b68de77c57,discovery,997963fc318a269862b00001960a6eca42d13fe3f29f20554982b8092c9b47e6
5412,Machiavellianism,good,g-616e42608c351189,discovery,69fce174cb3f7339d09254a9cb93dfb76c9c732495c1d827f0e494ca70656f81
5413,Machiavellianism,good,g-8c21aa36d12d0983,discovery,9bab97fbde4ed4af253fcf04af2b64c8cf1ea18cb3450d7d1acca567d0150d40
5414,Machiavellianism,good,g-f725d084f77cbf3c,discovery,33e56380ede6edf705b116413c63f9d8b4a94cdae0f3a031eacbd2841556cb8a
5415,Machiavellianism,good,g-5477efbcca027cda,test,6db1075469d8910ef83398e56610e23f2c5dfae85d23d48edbf04aa63920cf42
5416,Machiavellianism,good,g-2e9fbb24949d3b15,discovery,d959d534f30537b3eb1b815e9ecf939da161ea9f29ff41886aa274253eca5456
5417,Machiavellianism,good,g-bfd3b69a5b77f0aa,discovery,bbc97535c9a02f772875983cd4cc1983750f198be73957cbdd1a57f16b1bc077
5418,Machiavellianism,good,g-0a012e8535a612d0,discovery,ad2d3ec7c45b70d3512fa4ba773140ec55cd18918f2315ac63b54dfe86c467d6
5419,Machiavellianism,good,g-24535d547b95ea40,test,6df1d71d7bacbb4a3aa3994ffabe84971fd2519318d12cc2969362a6e8792b8c
5420,Machiavellianism,good,g-7d8ce678dae8fe84,validation,4ded84805d00cdb6fefa6a55719957feeb035634fc6ee0bea77fa2ef91b448ad
5421,Machiavellianism,good,g-6dc5e54633d44a79,test,733c853e071cb97008fec244c78d07adcf379e98c027b0fcecf08c99d75d7cd9
5422,Machiavellianism,good,g-dfa55272f0d4e9da,validation,2763927e17d3c6c1fb08a0b2316f2c67b9bd612748bca3e1d769d9271d2f0289
5423,Machiavellianism,good,g-6c76b866a2bdf789,discovery,050e20eed79e77ab6f00269859cc3ad0248dd2397c39366a72063e3da71f0a9b
5424,Machiavellianism,good,g-88a03d9a62a5164a,test,4b142e7e8ebe1e37faff8fc5fc079139f7917e21d8515e03095ab79f8ac38fc8
5425,Machiavellianism,good,g-827a96c21342b7e7,test,b8a91aacfdb3691fd3e39aa667fd413a497f877ce906a6a117188eb3c958f841
5426,Machiavellianism,good,g-9005faea9adf91d3,discovery,96f0405e0755da48adf96e9cf9b2d4199bbdcc129d151eaf0de3723edaa9a9ee
5427,Machiavellianism,good,g-e5828724cb3abbb1,discovery,4e4f7a63d419763fe692a07430db160bc4689242949bc9013c63359217b9db2a
5428,Machiavellianism,good,g-c60b7100b1f8c355,discovery,b7b78b103223e8d66ff4b23284f73c2dfc0df25337db9144574fe28a46b6c903
5429,Machiavellianism,good,g-435cfb2173e1a3ad,discovery,e1d634e6622eaf76d2f648cab38a2247beed8c96702c75088dc8c6186675ed94
5430,Machiavellianism,good,g-305fa5605ff6e44b,discovery,34fa98136c889ee4d0e633bf2da5ab1e4928d2f297c4cb95d37ce8d7745c45bd
5431,Machiavellianism,good,g-a54b5171b38d0f89,validation,643e077699b31d11bcc694e61f5a35e1d9667023f2793e1f4349a19bc3a58937
5432,Machiavellianism,good,g-b6c8a17c11a836d9,discovery,b1eb0a095baa6dcd0923e2b13c241740bf3354663188c435d72cde9eb3c53847
5433,Machiavellianism,good,g-fc9a584a3c3ea75d,discovery,a925c72f312c0bbdb1a10b4e76d37e1838edae8b05fdcee63147067327642ca9
5434,Machiavellianism,good,g-e8b6880f2a24c278,discovery,ea058cd34d0a92f6cdafe5a01ac77e9116ce81b95650317b028f9bc5098cd49a
5435,Machiavellianism,good,g-28309fe686ffbec8,discovery,1c00bba71e73febd355207d1038616b7fb0e57dda648088783712451470bfe68
5436,Machiavellianism,good,g-70d81f8b0ed5f18f,test,133f478c84d05e6f13ec85038f5c69905fdf9c29e0b56329215711831c67cfac
5437,Machiavellianism,good,g-7c865deeacb3abc2,discovery,f2695973f662a384038d723126238aba9df1af0521f41883feeccc72550a2588
5438,Machiavellianism,good,g-cb8fba623d144b3f,discovery,c037423edd59d4ab95eaa436b7500951002aabe436e56c126ba1f36d6730328a
5439,Machiavellianism,good,g-0c2feb54c22dcd7e,discovery,4742d3dba97bdaa79450a11bc4fe1cefb88e0738ac1040e7d6673e3df82d1fb7
5440,Machiavellianism,good,g-a6adf4c88db1bd6e,discovery,13b5bb1df4317b964c418843b08f08efb5ac5f24b1c62854d36c015ddb21e61e
5441,Machiavellianism,good,g-aa7e72bb5942f332,test,087a33ad9b1692016e39d216611ebaa04da752140f91af1a8a8b730c7043ab05
5442,Machiavellianism,good,g-a43c31a27ad756b1,discovery,9512cc2f522d920042b40a630bd931909c5fc4b7c48c59c9914ea1339fb786fb
5443,Machiavellianism,good,g-3cff07ef6775c92a,test,f2e30c87ca4057aa9576fb20bf32bcfda670a7dade26d4aa9d67a2bc6749d918
5444,Machiavellianism,good,g-2647a7a4d82398fd,validation,1e20bb1fc54fe8cd16f154618ceff45b92bad4069189f06f7f2f1add93d92433
5445,Machiavellianism,good,g-0d91e0b9242e06cf,discovery,714242a8b199e0220e6863dcdb2435088ec3b8fd28062a3216c266c2c439e40a
5446,Machiavellianism,good,g-3b77940864027c41,test,913f912fcecf53ce17c440e0c00ebfd7b2e100e521e601ce89ac1847298b245f
5447,Machiavellianism,good,g-edf15fda80f0d8f6,test,0cd192de89016de45f7a4d007bfd0e1df27f4ec21925ef8bf4c2c94e537f7c97
5448,Machiavellianism,good,g-c31035da5ffebaa2,discovery,e02dc3435e2a0e33b812ff0ba57a1c436a8970d786110ca2623b982e72fdcd0b
5449,Machiavellianism,good,g-40deea7dcabfadb9,test,bd94c2b057b582e0980c2ca08cdd499d36f1bfeb61761f7e3c84f0f07836415f
5450,Machiavellianism,good,g-58298bfc71da4f6e,discovery,044a3cc6f832a9a445738ebfa74e8876820e032d6935e301f1b13d2ff0a24cbb
5451,Machiavellianism,good,g-a8e9597ea6554940,validation,b9212fc58a5ed232c6acf58735e0ee3bda28f6a1aeb9084fece84027ec2d5b4a
5452,Machiavellianism,good,g-4720ca44ebaf5d17,discovery,c728996e8903e0f19a1df115842d11146b0d3c7596d5c9277b37caf736ab44d9
5453,Machiavellianism,good,g-824f2c2bf90b61a6,test,a3a13628d2fb9a5cf567815654c23203cc7f980637fff7ffade44131569d3cdf
5454,Machiavellianism,good,g-d5c46ae62f560025,validation,c1cc5e94db12f6a6b7d7d82c3ddd52a551d893140a1515a460460af37f88149f
5455,Machiavellianism,good,g-14470bf1d23c0f28,discovery,e9efb885a2572d09150a9109debf81f1e4cb0424fc16e2be75c66f529afb2ac8
5456,Machiavellianism,good,g-f21af0b8828d07e3,validation,bf4db88408b44adab3e112c8fecf02f4c848a51211c65cbb8a6fee501758137b
5457,Machiavellianism,good,g-e1f71ae018d1918f,discovery,1058989c09c4973e1f2d411b716dd9620a733a2045c1abd46d07e6dd327902be
5458,Machiavellianism,good,g-fefe86f5290a2644,discovery,96150b332f8f4c4bcae27e1407fb77d08a0cfa2fb2155e08dd098c42bf5b23e4
5459,Machiavellianism,good,g-5ff6657437bb86b8,test,e115f538b69ee71dfc6c0bc6580f7754ffb0230312418a22b97723f020f39f3a
5460,Machiavellianism,good,g-bf12533365e6ca80,discovery,21e2d1f1cca88df06ce46428acf3f331cc397e8e3abc9f15e44c01d304cd45fe
5461,Machiavellianism,good,g-bec9c418a87518e0,discovery,77d00fa17a0f1b87241098c7b6305850eee832f36787a6aea2f4e1905acdf1cc
5462,Machiavellianism,good,g-bc5789d93d7d872a,discovery,fa19d73ad9e0a88d35d7e90984106a0283f04a56b04e24ad64c76eb56134881d
5463,Machiavellianism,good,g-08e9a9f52decddca,discovery,ef41e93f38f6be60dc542defcfe6596cea7f7357b641c78c98e364f08aaa476c
5464,Machiavellianism,good,g-15b8afe23c5be279,validation,0225541b68220a762e5fc711ab8d062f0426eb3f77157bfa97b6d41334a3e142
5465,Machiavellianism,good,g-fd01b40171db90ec,discovery,dd3504c9cbb5296f8ec4ab2370ec30cc2401053d0dfcb68b10ed55dca0161c22
5466,Machiavellianism,good,g-3400927bb8f01831,test,6c7d9c6f8092cc9c918a67f315713fea381c88562d5e548aefc6f3974ec4fbd2
5467,Machiavellianism,good,g-fdff323be4fe1422,discovery,35793a09ae144c22e7ba43d3cdcdbafe2845e1a7997758b475871891bd4e169b
5468,Machiavellianism,good,g-82375f67977d597a,discovery,c1b47c49e73a708a2ffbaba19014b73ad33a219a927865bd5bf42225905d7266
5469,Machiavellianism,good,g-0400e5863ea50d95,discovery,54c6196f8deb4215c9085b5f6b95bf89a64006fa6adf81c23b57295ef5ac5880
5470,Machiavellianism,good,g-3fd549422864f721,discovery,11940f49990cc0c897a11e9dc84306c178060473154629c4ccaafbff4d9c1137
5471,Machiavellianism,good,g-cc221ba11a8b3061,test,98f27e4233cda4e16132ac6687a45b314639deb57148576a3a0d8c13e190c3d3
5472,Machiavellianism,good,g-76e8c9c2d477a9bf,discovery,39cda52c3354b0d97037b477967d979f6fbd49cb49219b0fdd46b75a046d64cd
5473,Machiavellianism,good,g-9c03b85b3dcf8d5f,discovery,5d41a1a49dc854c16001d8293d4dedd9652a09c077564beca4265b7ac2b41ed0
5474,Machiavellianism,good,g-3e5a921d38a18404,validation,13f2103988d9afd3caf18f0e9a6930a84ef98be1da9e00911e31ee0ccee0a0b1
5475,Machiavellianism,good,g-e7a25c599f07a27b,discovery,4e217860d850012ff9137338fd2d02cbd9987ab0a6925bd3b49ab073a9da92c1
5476,Machiavellianism,good,g-3abfe39022dccc12,discovery,cfe2cdfb700c39f8250e59bbe3e07f772ca4c92f1671ce7b26e49e42c502298b
5477,Machiavellianism,good,g-92bb38babe0a7f1a,validation,06bfc981ea1d47510700176736397322f02ed1492712d798093fdbca1257ad56
5478,Machiavellianism,good,g-394323ecc0525f4c,test,a16e74a46c6abfa6a7d2e50e243c52c258f6ebf6b49175e0d7d3aa325bdcd20e
5479,Machiavellianism,good,g-894c81a3cc487182,discovery,7570cabcfe9aac0785c3ddb9dbabb7bc13c74dafaa4ba9a2526f29430aefa23f
5480,Machiavellianism,good,g-820ccd51763fe53a,discovery,29a100add809109796c65b20dc5abdff1ead3599a14b04c59011876a434b5e6d
5481,Machiavellianism,good,g-a0ae0c4b9988d732,validation,407ea2c6b69fea7b023f18d4c66697cfb614fccdbfeff564ce503a62e7a85558
5482,Machiavellianism,good,g-1e8c323f3f1546c0,test,9da14db0340da910450fe1c7655d971a1979887d591bef4962ac687ea0a56ac6
5483,Machiavellianism,good,g-1eb6b253027c9ab0,test,02655c4fc102a0677b549fa285ed46c69a7864142cba1ccc6cc12f49f175739c
5484,Machiavellianism,good,g-dfe737483f7621c3,discovery,2277c51c7c62c23a8ca19fdfcdf2a20c80c2f908d6ef561cc503f256e1e463fd
5485,Machiavellianism,good,g-906aa257b306c4f5,discovery,9bd495993f6f2de1a5d743927399bd2b6748f108b7ecb5344427a127f966f42b
5486,Machiavellianism,good,g-9b2f7f3edfd8ad42,test,7f9e25f3f4c8589ed499db85ec8b8aba3497c788e10693e2b40fc641f1bddd0a
5487,Machiavellianism,good,g-89e7ff2f6128df89,validation,762c6d0ff6de366819821f3edc1db7f574c7fd8fea380ec8125a172b9bd55341
5488,Machiavellianism,good,g-ba39a88e82cef915,discovery,b752f2023a6aecb7b17b3fce30a7fe89cb801d4440687429ba63ade704571e9c
5489,Machiavellianism,good,g-334f277f89e1f4be,discovery,b858b16cecd55109495ac93f070361ce996a4c3de9a7e65ef951efb515784263
5490,Machiavellianism,good,g-021905bc0be2ebd6,discovery,e23d9335aac047b793073b2d69a2c3fbf9f938821ca5417392ddadaf35d8ee0a
5491,Machiavellianism,good,g-6221ec8efaa80400,validation,92de724a44f15150a08a27e5bf0b73c5330875f992c311e6be83d62e6d56ae8f
5492,Machiavellianism,good,g-5791810e78edbebe,validation,b98f9d1f7151d289da7b583f78739806efa70489ab1147e1100da48bab75db89
5493,Machiavellianism,good,g-0fb3f32617a25520,validation,1d725224ebc587d121d1579bcacc993de835a1743d6cd636f8c972f9a843c829
5494,Machiavellianism,good,g-50d59bdd095d500b,test,a1397adba79291b6c8acf785044fbb19213043cbfe204abf7aa50822e07bcf2a
5495,Machiavellianism,good,g-7715b7b9312a0200,validation,50073c2c0b626490b2194e04dec4c91dc1be51a76b50a724c8c4ff1ac5e22dd1
5496,Machiavellianism,good,g-92c58840b01d5a52,discovery,70300de4e47e3a6e9a096ca050bf7bec5204c97cc0d0e2be6313f5576939df84
5497,Machiavellianism,good,g-9833ffa0bedf7427,discovery,fdf824a7690f0bd850317601afdd5a4a74a0d10277f9f4f16a4fd03bad54c14b
5498,Machiavellianism,good,g-a3aac9a8938e600b,test,817acb5bd2827a54b34ce8e85981988c45d84b5294b5d658defd8a8e90c19944
5499,Machiavellianism,good,g-02f0f65c3363e2b0,discovery,1f7e1e16509c080f6463d252154e1bcd236ea54c0d5ddb479ca87de3d92aea94
5500,Machiavellianism,bad,g-84a2b13bac06d609,validation,624400ee4fe03536c5829edfc27229af975101e4036de009461fbcd41ba8f965
5501,Machiavellianism,bad,g-2235a2f841c4d684,discovery,9aeef1a10ab49f22adb102ed2756b5d0995d85d57370d32ff53c11bc56c3a672
5502,Machiavellianism,bad,g-78c81bc7c5270370,test,bed983b43152a6dcecb1e1af97ab9edc5b8db0bcc6175f1553ef0bf5e51f1824
5503,Machiavellianism,bad,g-e99e26216b9bcf5e,discovery,93b7b51c95e151dc85c977ff017c39188fb7669bd9c8976cf2ec9f4cf33a03c7
5504,Machiavellianism,bad,g-19838c3567b9f6f1,discovery,911d7d4b0dd4cc7c61cbd222ad33947d4ea9be71a930e01ff9aa5a042cdbac4e
5505,Machiavellianism,bad,g-c638d86bc605d88f,discovery,bd7a08b7197cf1f5897a567872700d7e9761c85369a09c396c718f3c50ef209c
5506,Machiavellianism,bad,g-a1ecf9b01ea692ef,discovery,4caf1189b45d82a8a1b95286405c8073713843ce96fdb42f0f8277c407c9df99
5507,Machiavellianism,bad,g-d4b34aed0c8fee6a,test,ee4487e8b71c6948bd9f7931973ce07007918f92604be3d73c74135b8cc0d849
5508,Machiavellianism,bad,g-285441cfe701a8cf,discovery,7f91f2d56bc83d6915b6ed6e9a2cee6b378d9efa0862e27207cb895bb4b423c1
5509,Machiavellianism,bad,g-90ebde64cf468d61,validation,8ab5b951baf3d3e6c5f63de6f6503804a4c762f442f48fad26b0495d12f69649
5510,Machiavellianism,bad,g-6946ba2217350d49,discovery,b79b97ca90b22caa15df7ba1fed7e36b9f740fd5d7f02d4db7872f972a91e554
5511,Machiavellianism,bad,g-fbb217ca25ea0bb3,discovery,be5d8801170ecf8b023412d98f40bdf643026c9386e6423fecfc4530057970f7
5512,Machiavellianism,bad,g-f5155c6d0dcf18b3,test,9d3fd93abbeebbc771f4be14d4bec8fa39b5189dbd6dad3551314921f68cf18b
5513,Machiavellianism,bad,g-0f33e2a173449219,test,b9a8a64b66372d8a6560215b4ecafc9b5281dc01e3aac01291e937c23e60f9a1
5514,Machiavellianism,bad,g-701efc3ae7603cf6,discovery,aba7e514b5eadd5406a92f37b04e51305963c0235b1acde710a0e30e5d3baa31
5515,Machiavellianism,bad,g-99637ced326b331f,validation,de22605ac887fe47f06426605668aa1fdbd9be67a6012a0e49e030884255f70e
5516,Machiavellianism,bad,g-ea4aee370de3f6bf,discovery,9f951e29d60a8cda380dbea0c846639bc53756cf6f9ce4ecbb393b1ef3f5e6c5
5517,Machiavellianism,bad,g-2fe45588dc7de4fb,discovery,7f47e558069fa05a725d42b4540c354ae51cb1bdbd22f9cd24fa09347de660ea
5518,Machiavellianism,bad,g-82291e8fe13f8cd1,discovery,a03d56e31e1434f3cf175375043c912d09270bfd9a396397714de37cfda58090
5519,Machiavellianism,bad,g-63bea9e6041199fc,discovery,405132e719cfb02ce252e73bd6c997f9882c8f4ffa11baa29c79196fdacf92ae
5520,Machiavellianism,bad,g-d909385fae265de3,discovery,b7a9a2e6d55dc7c89031bdb154c4a773ea165de2bc579512e46d40847280c5f6
5521,Machiavellianism,bad,g-18bee4b14418b556,discovery,7b38a8571bc469b0e10288a881c20ae054af217d71d61b764fd46f9f34402889
5522,Machiavellianism,bad,g-0d1ee522a40362b5,validation,1b96605d521b22e4b940e22e2cbcfbd4133486222ca15efe2b62a4babf26d563
5523,Machiavellianism,bad,g-990f97224d8063b9,test,22044f3442813a400fcfb3d144b4b91869beae668f1fbd5719a7b2c7ff5da9ec
5524,Machiavellianism,bad,g-bb1cda845ef1ed1f,test,77df93ed72df623875b2b17cfb999b5d43b0d29f444d187741d781b446622fdb
5525,Machiavellianism,bad,g-f1b576cbb945009d,discovery,ac7499a65576d2c6163384188235df93b4f6c76ca062ea9ba658f22359b4b9c5
5526,Machiavellianism,bad,g-628c3688f62636a0,test,7fb8c9ef4cf15413d73ed98758a6fe5b2034fa154118f525e220e2e40564f4b6
5527,Machiavellianism,bad,g-7b75038e9ba9bfe0,discovery,794b214fd7f09bf02409780b06e7c143940b377030865bd08b87bc384e31ad51
5528,Machiavellianism,bad,g-b53922b55589d734,discovery,99745f2c3091fd42eb32e42736eab8cb8dc61ae8f52ffc8008ed90bf8d95ceb8
5529,Machiavellianism,bad,g-b90e86d4283634b8,discovery,74be2bd6c9909b71628cf28873c63b4c29a78b4e91f5b8463d4c77c4512145ad
5530,Machiavellianism,bad,g-42e5a2efd1a8dd98,discovery,832c51f9eebb83decf81f738e37f0c077946772e50b47bae46d9c575ac1f59f9
5531,Machiavellianism,bad,g-11a7e0258ca32ad2,discovery,85f0d0bcac29cb639fa9c40b37c100432bc3e9f45f1f5113def6e0f343e2a366
5532,Machiavellianism,bad,g-6b39ad5a8964b91a,discovery,1b79757a2f973d5f7d145f1be3e6f8626a2b5a2f2dd037f3f06b24ff0850e8fc
5533,Machiavellianism,bad,g-bd95d2be36a9e63b,discovery,f1974c0b80dd5155654a3a2e5a6796cde1d84d7c0d34ad5d0fb327c71dc0923c
5534,Machiavellianism,bad,g-51829cc14c8b65cd,test,7d202226defba0c7cc50d31b7b6577906f3fd0466c562a1047708c44dcf2c723
5535,Machiavellianism,bad,g-1a8ec6eaf2270a2e,test,3af23ca693d936e16e97a8208f89f753001542bafe69afe68d5d366b9c687122
5536,Machiavellianism,bad,g-03367074448cd329,discovery,9bb17346f5d4e8c5ca35f617a7ae3cd7b81af69a0e5f5a880b0fe8068e650bde
5537,Machiavellianism,bad,g-7d7fcb616e623f78,test,959c72a904b0e3abe23749482842dd0bbdcd639df7959c4ed74d0b4c8535479b
5538,Machiavellianism,bad,g-6a640c12a2391482,test,cf48663fe4da8f73d67aed46d842a26f390ba41685f4ac3df7233e60295d4adf
5539,Machiavellianism,bad,g-c7948ae542233a53,discovery,1ab1f09c6b46eebc5e62aef43b49abdc1760b02ddd045acb048ce5c6abcd7bba
5540,Machiavellianism,bad,g-32b7211b4e338aa0,validation,218cc19f3132eae6b0b5149b9dedebc84602567644ab467b991b33113a78ceb2
5541,Machiavellianism,bad,g-500449428ce50e74,validation,d8063eefe261ab7ca574a89167cfd71a45595bf95f54972fcaaf8a467e441392
5542,Machiavellianism,bad,g-7c0a91eb3f1b4934,validation,02251713a7d342efdd0e4c24631b1ac3b9aab777604d6f858acd88afe934fefb
5543,Machiavellianism,bad,g-58a47e92b60d47e3,discovery,06ddafd3ceb83ca89c6bc235a870a213a4fe00ae91f8137095263656ccc2263c
5544,Machiavellianism,bad,g-5a25249c07e591e4,test,2e9aec7820093f3a09115925736b7318b7770e0c795750783b8e2fe25a789375
5545,Machiavellianism,bad,g-712e4fcccd9342a5,discovery,bc461cea5f2a17caae90c97c91b6bc3487a602be43bc9878fd5b8462159a0a67
5546,Machiavellianism,bad,g-35c4702c8c4b78ea,discovery,fb00b1ae4f1bdcefb9f09b56a68fa4698474f9a60d707373f769a02eaeda6d82
5547,Machiavellianism,bad,g-23363785c21953af,validation,749b9d94090b4118158a54fa02c94c974277427d88bf3c7927f0c06e0d7b0a29
5548,Machiavellianism,bad,g-5ba3c6a2532b15b9,discovery,e949000ec819532d6f3fc108d65686f41e2c01bc8e816da445d07c46921829e9
5549,Machiavellianism,bad,g-cec6458bb946c274,test,8026d0abe498bd3e2dcf2d37e97f67d7b4f3df6087b92e5d111254eb339777d6
5550,Machiavellianism,bad,g-440b9112cdd7124c,discovery,7671efa8b153788c88c20d41591d8130b77dbb5425cb20ffee6ba988697345b4
5551,Machiavellianism,bad,g-b8b3630efee26bc6,discovery,13f7e90bbf2dabdbe21e76557fea7097dcda6acdab834e865ce3b46667bbe560
5552,Machiavellianism,bad,g-c8180a226820d0be,discovery,04e3d1bca1b6336925f3ac6de5da88b247aa9a20ef8b1e379a9a84bc22d0e6ef
5553,Machiavellianism,bad,g-d20a07d913732ec9,test,1f7660c8829cd28a15072294a5e5d81c94265d292f0df9e3b60c7f01281f8c94
5554,Machiavellianism,bad,g-728e882ba17c2c04,validation,0f0f58a0452de64f81fcbb5a0c24e2ee0ab469654cd46aef46560dc20fbfc358
5555,Machiavellianism,bad,g-64ad15c311e802a1,discovery,fc0b12d47df2ba2b403251aa3431d8fcf91c1976805d3e6f56783092795aae1e
5556,Machiavellianism,bad,g-9a071412b09cc387,test,200ed26e2d5a9672f64472d0ea44adca2f823ee65dc92a9fc838b2c1767ba657
5557,Machiavellianism,bad,g-c4e67dcd80317064,validation,c4a2ffab85dbc8299efd50427e14f8048886e1d3a7927ea8d135a674f2441ba6
5558,Machiavellianism,bad,g-d9c413d55c9a1eb6,discovery,726267bba958000a09c477d511560197952f19b992037202f1b0828b898ea1b3
5559,Machiavellianism,bad,g-def76c4cd4edeae0,validation,8be0beb33179198f273dea83dbb5d2b81d537906c8b9391da858e86a3f6c9224
5560,Machiavellianism,bad,g-64a2df036222c1a7,validation,4f72d73cace1a29b62d7ddfcc24471ff2b9dae4657860b60ef7498a3d97a7be9
5561,Machiavellianism,bad,g-93205c59fa238d0c,test,2f8850631e3ba2e14928d33fdf3bd525f5ef914c09637e92af9a15bfdad0b88c
5562,Machiavellianism,bad,g-45749402ec018680,discovery,a7f55f980ef8a47896514a7e7ac0b7cf531e364b58bcf29dce8d25d79ac13625
5563,Machiavellianism,bad,g-fbd9836b5b40d047,test,c9e0342e37d10355a5fd51ec46773fab569eab8e9205dac45c337259e9e9f0d6
5564,Machiavellianism,bad,g-6223274a1b2bc0e9,test,eda597e431a5178347e45de340a4a02429a948a9ea283d218c238bc8aa8bb806
5565,Machiavellianism,bad,g-3d3cd21f8d6b73f0,test,969ca2493970d273afba9ca06078ffb49cb46242eafc27d880d2b19a8d3c1c4d
5566,Machiavellianism,bad,g-0a8cb932dc0da9cb,validation,fbd5c0eba1f32dfb08a6937cc75fb16455a2dfe9e837ddb29ad35839749a6a62
5567,Machiavellianism,bad,g-26aaccbff69a5196,discovery,f456e916fb5c25f8b76a8fa6c49fd0a199e9d3b36ccf1ebc9575e0b787e45183
5568,Machiavellianism,bad,g-9d8d8e3f6fb99e20,discovery,4cc65eec0647f0275467dfef6226570158a22bcd62db3115b6068ae3c86d27f0
5569,Machiavellianism,bad,g-6703b9bd010e9510,test,8f46f0cf63524f068e9c5f9820b22ae9ea5def57a1f59efbd96153f641657b3f
5570,Machiavellianism,bad,g-dd5d24c72b205c01,discovery,1411afcafd7c71b516ecf79547172bd44f76749bc90c916701f9e07855c53dca
5571,Machiavellianism,bad,g-cde8ab519e3090f4,test,fb9225dab65f42b7a55e2d0f29ae48c8968c6801d441f84b3d043ea484d43914
5572,Machiavellianism,bad,g-dd11737abaf08ee2,test,792be3d69a3b237cbe9f4b3b3c8cb66e1a1b78685ad9cbd4c27672bccfd2e064
5573,Machiavellianism,bad,g-017b3f7d7ecb1e33,discovery,369d8238d2939d892efc011eb2b5cd200d0ca300d354869e42dc65561d9426d7
5574,Machiavellianism,bad,g-14d06aaf534e052c,discovery,579096b9e72ae99a943078946be8825702bb6c62b5623e2356b4c6d928d7e536
5575,Machiavellianism,bad,g-17898cc2858beb75,discovery,6362b08e22550e652fa576807cf069dfda351e5eadcff65bd135fcff24d4756e
5576,Machiavellianism,bad,g-2460393dcf8c8fd7,discovery,c3d44a29738174484ca7db2fdb3b81defda8e0c24f9907bf9140c12b9285fe37
5577,Machiavellianism,bad,g-56fadd6fa0143d67,test,431c25343102507834ac8fc53258ab5be5be5dfc5317e9fae014271275204ef9
5578,Machiavellianism,bad,g-f82b1bb63865d55c,discovery,c297de93d654cd804c90e56895db4b8f6e00aad678e4128ff3c09af18a7072bd
5579,Machiavellianism,bad,g-38bd898fe5375a89,test,8a37440f1ac0b57777df6e22f019c4fada7d58b4a67a1607054c3f2a29c18ea6
5580,Machiavellianism,bad,g-9af08c972afb3529,validation,9065b8bc40992b533217de4cd7365f30a4c098a1eb899a591cd2da93fe700db4
5581,Machiavellianism,bad,g-d6890bfdb0771ac2,discovery,1501a3b7026e70f0ce4e5e5088d4f8af15e12bb7baf616b53b720854ec98a04d
5582,Machiavellianism,bad,g-37edc00c8e91713e,discovery,1a0b20a36d11f8c1bbf47da667331baff5b94c6df9c7473bd17bfabbacf43a29
5583,Machiavellianism,bad,g-b6a40b00f5d37952,validation,c7595893dd8ade5db06be77b56c5dd58f4f16f6099806fd9dc843bfbd065fcce
5584,Machiavellianism,bad,g-0cd3fc0276cd81f3,test,b5bd8cc4196bccff849f11fc104ee455ef781f004acae4936ed7db27c45ec564
5585,Machiavellianism,bad,g-c182b2e9a1d41d18,discovery,d46698dc4475c0f3786ee2e60f255cbb8a7d841c53660622b870d89de8029256
5586,Machiavellianism,bad,g-9090e4103f0d6869,discovery,524bf6f54d344adbc0b872f90c2e11ce5c8c3ae17b3680909c2ea87ae4d5b845
5587,Machiavellianism,bad,g-f54abcf45a8d0e64,discovery,abba70c94694a0d73a0093561041e89f28d2c3353a259bb840b86fa98aeec067
5588,Machiavellianism,bad,g-60dc082a9510470b,discovery,8235a350bc0299f281b104c0db9471421bdce4f4e3983bf197071278d9ca3c61
5589,Machiavellianism,bad,g-9a2991976c54f279,discovery,c260a55953cf9c572c406f59b441f7da164416847db8044c88b8f384b5267644
5590,Machiavellianism,bad,g-3fa2a1632d1384b9,discovery,50d2db7a6ddd395f48516b6fa0957cd82254788695ffe9e9d94c4a3a88378654
5591,Machiavellianism,bad,g-83937ce961c3f68e,validation,5fcc654273d714d21f7246987bdb96cc036d88c398ff91aa9786b48bb71bb059
5592,Machiavellianism,bad,g-d98f0ee50c776e12,test,c4c14c55ccb5b82cc104f3ba5d7534604e645dcb2ddc79886a576e47e5011a2f
5593,Machiavellianism,bad,g-a0b899be79e6ed4e,discovery,85e1be7696cc9d57fee254426df7c8ce911a613676a7058832f00a343a608611
5594,Machiavellianism,bad,g-e9ddad731eeb2bbb,discovery,b0034ac74b614e1374ea030e8922b7bcf8abaa994b31fcbfce5a9d9620abd880
5595,Machiavellianism,bad,g-2f66dabea0044e3f,discovery,00205410fef18f303ad7cea12a912ed031b3d4833fa0b6a962c35a6bd02d71a2
5596,Machiavellianism,bad,g-3dcc976ec400e0e6,discovery,ea04d6baaaa27e72a30b4f44b2e5cfbc07b240799e2e48b7b5d0dfeed366da16
5597,Machiavellianism,bad,g-1d54890cbe8757d4,validation,50f60d6c13bcd6d24b76902363b9f7117ba15cd2298decdd971c211112966cda
5598,Machiavellianism,bad,g-0028ae3b55630c38,discovery,e65e59d4e249f4cbc0931272f3eacb3a7ee1883f0c518ca3b0a7c79a53ff95ae
5599,Machiavellianism,bad,g-ba868391840570c0,discovery,2529a4b488d76973cadc9468d53cd08c821db36c36ee81e085c845a5671c9dee
5600,Machiavellianism,bad,g-3e365bb3d7e944cc,discovery,9196937be2a51ff984843a9a653dbc1e4bbd5e5862506da42ad64f1da9b252b8
5601,Machiavellianism,bad,g-1d7f66df6aa3ead4,discovery,c2088806f1ad81e48604bfce3456452202f928c260e888a29bcd970299e6627a
5602,Machiavellianism,bad,g-ce1df5bc7354828c,discovery,12b33d1cdd6cf246ddb6700a58c5d641e82f5ad604cff6a383fc77bf83f085cb
5603,Machiavellianism,bad,g-7221bd999c7f74cd,discovery,caf73df23729bfa0d0dfb9a338c6c40739dc11bcfda4bed9a6258a70448e409d
5604,Machiavellianism,bad,g-2ea47f1bc7c08d93,discovery,1a1ed85490b36f7ddb5212cee93f81386d97eefe55018bbafb5a11ec6a386bf5
5605,Machiavellianism,bad,g-adae1221f1420f6f,discovery,ff064007f227a11658fffbc42b7a2572c6fcc41c1a9220bc840f204717f30301
5606,Machiavellianism,bad,g-56594b07374e92dd,validation,8a04dd24e4d8713884c0cf324005b3fffb808a47b1fe934b20f82ceb3e8a8021
5607,Machiavellianism,bad,g-4fd0168d05525960,discovery,8c63a78ac3dff9705f2d0f7f5423aa7884513e56f26cae47fbc23a1d626623b8
5608,Machiavellianism,bad,g-77cd69afabc1c5cf,discovery,42375b95ee3b90267e4b2d26a90aed5dd85501e6fe38f46aebfa03972b6a6669
5609,Machiavellianism,bad,g-70f38a3e07e5a186,test,84d93d90c9aa814ed141dc14cd14b043b6bd9246440a1fbb28d97324739849ad
5610,Machiavellianism,bad,g-4415c3b38a8377b7,discovery,6d40edb279c0a18569c9593f18d71c704d303578262da89eb0497932afd96a8e
5611,Machiavellianism,bad,g-841d20643c8a92b2,discovery,72d4f7ff7e44fd79e57754060eb26947188d7812542b794e328a6498fc8e7bbb
5612,Machiavellianism,bad,g-fb4fa42439d7efc6,discovery,64fd866af8b131ec8b821e72ea4c2bd3eddfd9265eec4c87f39a0bd7b65711bc
5613,Machiavellianism,bad,g-ec0cc937efff930f,validation,e5531c119acb59f83d240400222c8dc74d8cc645924bb8e148d011f21ea4d41d
5614,Machiavellianism,bad,g-d5f31ed0b5b41d63,discovery,fd3e1cd3bb1166060bcbd599c132c049aaa7203f713d5566071ab669a4e94607
5615,Machiavellianism,bad,g-2c07915a4ff44baf,validation,2268e841bbb1020ff328dc4f5e22b47523c4ee3b75cf863fbe856ebcb7c5e9d4
5616,Machiavellianism,bad,g-0340bc23819f09a0,discovery,28515b1b2e0e29127e8687f6aae1a6baed288c6d9141b4fdf6113b9e59909d2f
5617,Machiavellianism,bad,g-8eaffa9d8ef54bc0,discovery,e0131e1fa63b988a4792414dad71f8c3f7c9447fd7f63f860f6dfd4c3bf936c8
5618,Machiavellianism,bad,g-6e6078abeb77459c,discovery,34fc5b94847f9f4f77dbea184e50905d9fae2c14b1b5146d1e5c19ac5168424d
5619,Machiavellianism,bad,g-d329f80645df3fcd,test,970d6a3da0506a241850535cbbc421f091eacf720bcd009f7c487e4ca59f5215
5620,Machiavellianism,bad,g-46a1949651612f94,discovery,095d4b210394da2fa63dfb67130b59294783e6d8ca557db9469909ff993ee4f9
5621,Machiavellianism,bad,g-5225473c806482bb,discovery,38ecca180cfece7d435aa013e432199d0efd2d02cdb9d7ced949c3b03be836ae
5622,Machiavellianism,bad,g-8e8995620b7745f4,validation,aa5ccbad930b4c01045ae05a3a9169a374eb910b25a01a27cdd4a7628c0cc570
5623,Machiavellianism,bad,g-c3edbe40baa93a00,discovery,7ea55ab9c6b16abe2f46648be1ccc58b8e70b286e3426fa6784358c430486cf4
5624,Machiavellianism,bad,g-eeef89a2327dbd7a,discovery,c434af98aefd6877a8bbb70135424616fa3cfe1002f9762ef4391092303d494d
5625,Machiavellianism,bad,g-4bbd4f2d5e9115a1,validation,35959574df1eafcb1dde05672c49a6a81fa5ecf148345ab93e8f046ccf476231
5626,Machiavellianism,bad,g-60e7bceb0b95c78d,discovery,6695a616002d55060d7f8c04afb93610417a5f3bc347f527b0193ed5caab32ee
5627,Machiavellianism,bad,g-fbf4e1080a6bcfd4,discovery,04e3b9bdee8f228d89fc6f68411c107bf28e59fe244b1ba8d11f7f2bae9c75c9
5628,Machiavellianism,bad,g-93888f3c4f662c2c,discovery,9ba020db5d85d81e2518337033bbbf5542a57f7f570e0b9599a6fd67cb9ad970
5629,Machiavellianism,bad,g-d2c15dbceb6b195c,validation,dc74196296774103b1ca5be8ad0c928a501269083383dca00c0f13b5617304bf
5630,Machiavellianism,bad,g-96a9b4b4a705e0d3,discovery,763a2f7cfe2f570a5a9b6cf5315c3158fb887058e9d67359fa86468d3402c642
5631,Machiavellianism,bad,g-603146fc6d4edafe,discovery,9d369e352311d9e30a39d973b0944b3acc3f4321dfb811c3eebaa627c279fb03
5632,Machiavellianism,bad,g-71d593eeaee36f85,discovery,1c9f6a3504d0b804c49d6169f7791305c2ab28222d68737f94fb29af0cc960e4
5633,Machiavellianism,bad,g-de2fff0fad09279e,discovery,6187c1a6fdacfc3a5bcbaf90929a66cf2560b80b4333d2ad2fa197563c87efca
5634,Machiavellianism,bad,g-66282e9f18fb6b74,discovery,8ad03b58acc5495f0b7c3acb9550b17c6a17d8b81fce6ffafc4ea716ef69afc8
5635,Machiavellianism,bad,g-4beeb5931613d60f,validation,7070f617d14a98366d054f498bedfc015b7cc9ac20d72960dc1dbb43a47ce2be
5636,Machiavellianism,bad,g-7a34faf3902c91fb,discovery,b18d0a330fb2b71f1592eec368f23e4057b606da3dee39021bcc9817a04a872f
5637,Machiavellianism,bad,g-d7feb76c304a51b2,discovery,8b17297991a59c1f983d2b054882d2b77867dd1447447be0b739043635631c81
5638,Machiavellianism,bad,g-acf41ded35fe30db,discovery,086889fefabe587ad02c4da9ee068586fbe17cb9e92ab14bc1e6941799f4cb03
5639,Machiavellianism,bad,g-ce447fd6f48769a2,discovery,b025c2806e54ab8134f02ad93173eb3b0f39a85112f28029ae4fdbd02b6d547e
5640,Machiavellianism,bad,g-5ff504d17d20e35a,discovery,78657f3b2bd2dc0e4c899eeb4e0293f13e687550fbf14b6cb5a1e77faacaa488
5641,Machiavellianism,bad,g-d51f1e875a4f8474,discovery,e0c81df70500a989c233c5d9c58bb4637477de6fe35d4cd6f5be1a9c10f7b1dd
5642,Machiavellianism,bad,g-aa2938fee318eddf,discovery,15f6521728748fd2c5538e5bdfaecd95f4c24dc003158b1339604b94aff14c3f
5643,Machiavellianism,bad,g-284e1f6825a944b3,discovery,b22d30a58e8810c234afede22735cfe79ba60a34534b760c8fc7075d414f8b40
5644,Machiavellianism,bad,g-0fff3f03173e4066,discovery,fe63ec5b11ccce246ef2ba650724945ac3d33e4edd7216bf169ba3cb609d3f6e
5645,Machiavellianism,bad,g-4a61d33a19d0ea38,validation,6aebd3d3d5eb75b992fb536974956c3aec7c4b35159a7113ad1bf2c7be11b223
5646,Machiavellianism,bad,g-bcfc4271976d87b3,discovery,174caeeb7b39c4bc75b25291800cfdc9065816a56011d62dd27972ab5fab0804
5647,Machiavellianism,bad,g-c4e9676bbd031e0c,validation,1909f280af2a1f7c7699a7ebdafcb2e8b831ff7b108dc4b5756bfe2a230d2dc4
5648,Machiavellianism,bad,g-a7bdc61eca577681,test,8a23377f90bcc51d6f5fd331f25cddef132a4e8edcc1851d0dc2a6accaced3f6
5649,Machiavellianism,bad,g-393349f1d572561d,discovery,6e4313ef62d67b67e809e51c3abebfe643637408f455e94d84b19993750636de
5650,Machiavellianism,bad,g-c0371887040952d8,discovery,cea7fc8ee893ff8770dc85961328800f153257376ff2c3b9b4154a4cbc481815
5651,Machiavellianism,bad,g-5a21ff68c0a76696,discovery,a5c9d03a6eb428710ef57597c197998ed34978ecf0be28f28350d658a71e2ced
5652,Machiavellianism,bad,g-2d7d2fc252273fb6,discovery,e28f75bce1519dbb8e1184af3186324c781523e7841b6fc0992cded943585c19
5653,Machiavellianism,bad,g-fa66138c168586d7,test,dd26934cc928b6b9070d103f30d1546b2a8ea40fb5ac905330db154b623e8362
5654,Machiavellianism,bad,g-99e42b0efdbf9244,discovery,9a589ae7946e60f811414617aa21bf42ecd6408f22b395f4313549b27ff7e002
5655,Machiavellianism,bad,g-554cd3b05f697fe8,discovery,2bdaadc5431d3331b11e468dfd937773becd9d34f0c5aee777c8ecb5873da010
5656,Machiavellianism,bad,g-bbeba1e0fc1b774a,validation,653f7e4e69b6cdfeae30e70f76243d32aadea7e2e4fb3c32d9783f972021253d
5657,Machiavellianism,bad,g-75b4f3b4d0906a4b,discovery,3d97b202d08d6ea2cbd243cba396703cc67800e615df9fc91fa385e6dd659308
5658,Machiavellianism,bad,g-096d64018b5ef7ed,discovery,01aa9b28cc3b26bcdb9d177fd856fe8c0d88d1fe1b2c2d3c665a78f82be56993
5659,Machiavellianism,bad,g-8b7593ffad5dac86,test,9a78d35fb47648e71021208de2859cf45c90e128bd99a97f35568d046a079ac7
5660,Machiavellianism,bad,g-d465da13df9a8722,discovery,bb22fa8b41bd82096c0763ed6022dcced55c93a5849f242e50638dfa4d560cfa
5661,Machiavellianism,bad,g-6276d42f4113f1a3,discovery,dd7f891af1026d039820a463adc417f526192000ed844c08ac34986bdc047299
5662,Machiavellianism,bad,g-5baf39dea31d9b57,discovery,67062679a4ca93063363227bfe72119959bd7412182053abe1226f8a7c5dd9cb
5663,Machiavellianism,bad,g-042782b7b43dc351,discovery,6ed628de197dd2b058fe0454084b812986b117159e960af0d0f4f38e0a4edc48
5664,Machiavellianism,bad,g-e4b2a63caaf0bdd2,discovery,0fbc5ebc46a776d3cc26f72a25e7177bb6b8f7fc69a4ecc08440afbab7511185
5665,Machiavellianism,bad,g-83eb31af88f29dc8,test,efb685579664521cfe88f4227fec9809d348584b0c3560ae4981e4cacbe523ee
5666,Machiavellianism,bad,g-e2f40c63adbcba32,validation,4aa7780b91aee149905ccb087de0dc797c428dd37cfd8394eb4859fa213035f2
5667,Machiavellianism,bad,g-2c31714ec594909f,discovery,183313f761b9408e8871033701aaa4a3fbd83cdd1877d169ce1002645f2b866b
5668,Machiavellianism,bad,g-eede50c278072eed,test,7604ea94b8f0d998a78493293919c00d093ffacfd093db4be1681637fdd38e45
5669,Machiavellianism,bad,g-ad68d99213b500a1,test,57f867adaeaa22c9d895b35b89e48d00ec35c311cb42dd3e873d942baf239ad6
5670,Machiavellianism,bad,g-7def4149fb4935e1,discovery,dd685f9989ca86a32bf7f78983cc5a749cb54ac5c3b8ed2905df29c2dfd780fd
5671,Machiavellianism,bad,g-42e11e5993f8586d,validation,0d834fca2d5cc9135bfcfc0ec01b6eb2648bace4441955562d67c42730f3b98c
5672,Machiavellianism,bad,g-b86f452f5c21bcfd,discovery,eb9fee0193541c8b99a38ca3567d50ca64023cdf6684557145903c053640dd05
5673,Machiavellianism,bad,g-fa15e151bbd8376b,discovery,a2246ba1c6f82dece022856f743b012f29634e49424a48199bc449443dd1d20f
5674,Machiavellianism,bad,g-0929dfbd934f3a89,test,f30f66ee040905529d69ffc48392d4130129f756b4cb98c010fd6f506a110ce5
5675,Machiavellianism,bad,g-3568a7b610cf5fed,discovery,c7a6f49c87c4f4ac9dd129accc5f9512e9be082f28219d8ce1e1d0cfe2a88a20
5676,Machiavellianism,bad,g-4f99815e3bf33dee,test,68d84a95bb680e070eca3f33d679e1ab767af325eb5a560a84450565ce819570
5677,Machiavellianism,bad,g-660fe54469363934,discovery,be884535f396aa80191d809b348b6824377007ccdae0e0923c73a07a6b959102
5678,Machiavellianism,bad,g-30985d46db46f99e,validation,efcf79e717ece015048de42ea417de673b0acfb451e72259580869cabdfd5e3b
5679,Machiavellianism,bad,g-c8f6331d08e051e7,discovery,86545040fe08f11a4aeda9bccfe6e3d003e054f6454088ea23593af9408b355c
5680,Machiavellianism,bad,g-bf7fd21477ac5202,discovery,725a82be5698c2b9797c81147611afbf8e181dd87fc66c8700d5d49becda5fb2
5681,Machiavellianism,bad,g-ad4d5c68acb3372e,discovery,9b61b2fba430ba744a60bfe411b3d68d19550132b14399cce3f02c3cc7982a96
5682,Machiavellianism,bad,g-39b2c04a5e978d4e,discovery,953ca772c1b0732a4139cd878bfab4f83058a76e9d8498e35ca8c7e2f002f06a
5683,Machiavellianism,bad,g-5b6a90cc3270fb5e,validation,ea9d11023cd38ea24082673e99deb264170af0c13a59a675e3f8607f4c60fe04
5684,Machiavellianism,bad,g-a0f32658c4b5b2ec,validation,b168a94bb733fb3a732971f0e89959099d9232bf09ffb4b4d5b130e79cf12e28
5685,Machiavellianism,bad,g-341bd93b70cc893b,validation,cf35785f0378331ff70589850addb6151b74c79a23878802ef51ed18f2a6bc12
5686,Machiavellianism,bad,g-c62a78771c4a1b73,discovery,963cc3ab79c6277a668c5c33b02c99c9d911b7f75f212aeea08768d78a2a35ee
5687,Machiavellianism,bad,g-de5bd28142b11ec3,validation,2b3cd63b938d6c15263ecbb9f1be30177811f1b3f904ab70a4842c57f3d238b6
5688,Machiavellianism,bad,g-818b863157102842,test,9a8c25aeb9a59665238a385df598f1c09759e279cb3014fec1fdfce649822ab7
5689,Machiavellianism,bad,g-b0e10dc354e763ee,test,4f1113b9c0edb5139d21cc43f3c2255b4e6809b0eee69bd638461dafba9c4682
5690,Machiavellianism,bad,g-cfda9735e042a9d0,test,8a740b2f353dd801e42c1a1b765e612e732a2bc1b1e1d3396a9517249bdd019e
5691,Machiavellianism,bad,g-0f66ee950740a436,discovery,f96820b3a213d278ebbf25087e018254b279e1a58e4b98e4f83147739b8a3c59
5692,Machiavellianism,bad,g-f750336e2044dda1,discovery,26840929f2761d664e95d8b3d285087ddb8a357db6aab8c608617b8ff253720b
5693,Machiavellianism,bad,g-f30200113b476819,discovery,da5d61d4e2626e709ceca9892f8712654ae6954f82160ca473bc9656ec0162fe
5694,Machiavellianism,bad,g-41c9f189eccc8e66,discovery,2799804ddeff904fa2405bb5b2607ba52c57221bc6b9a6d2af15868b33550593
5695,Machiavellianism,bad,g-6a918c5bc77312a3,discovery,81fdeba6466c082965d48e275a19c5ea91dabf61dc52f720eaada70442084d7e
5696,Machiavellianism,bad,g-60267c0ed7b24f78,validation,9b09f9992f667e04a6cc01551c34840286f4d01f9382f1df1b328c8f8d6f5432
5697,Machiavellianism,bad,g-5f364aafdaa4f442,discovery,536f078b9eb42ca3831c36dc427138951bacb6cae7f0c9ea7db0bf1caeb18977
5698,Machiavellianism,bad,g-6818536a7baffcda,discovery,8b92fe438043799d2b39975c4da797eb567f46eb1bac44f0be201dcd0340d67c
5699,Machiavellianism,bad,g-3a7aec1f0e0a6cb6,discovery,32e10cf3bb17c12cdc16a07c772bdb79e6ac6ca841fb17f3fa2826a3dfe47a9d
5700,Machiavellianism,bad,g-38f051dff560e046,validation,0a9f913407b66fbeb54a71cd9541ac44116822821d5128336821ba394eb67ca3
5701,Machiavellianism,bad,g-a509950d8cc55550,validation,22cfdb75aa14970e943bed4025166a345e8db384709746e21345d81a4313e93f
5702,Machiavellianism,bad,g-2fe607a16c0516ca,discovery,c172d84b3e7355154c8a819e87a20bfb7e8a67b5bbd6bad816c6fed6552cc80c
5703,Machiavellianism,bad,g-9c77e5eeef01e95c,test,728ce60737d9681720731797f30adcd46cb77f70dd78c95376c0e9415b7be80f
5704,Machiavellianism,bad,g-d706aed276749394,test,e54a800a89bba58001e7ed8038a04d1c499e12c9db4e16232ef835ce75a21d3f
5705,Machiavellianism,bad,g-bc356b9fc860d897,discovery,a4d2c4771016483eb5236586446d26583f984c952005089953717f6292e52fd6
5706,Machiavellianism,bad,g-965664d1b7d8c393,discovery,139f0c330ea564ccf5a88db2118051580c3a278cf0b5bd9d020d202019f2bc5c
5707,Machiavellianism,bad,g-4b04b0149379dca0,discovery,d56084ded2c42fb72b779fee1719e39f5341a5c0cb7c936133f47fc8f7f99182
5708,Machiavellianism,bad,g-b997b49cc4fd98bc,validation,71a2196775e093e8fb62a63d4d3a26a4395ec9447bfb432d20b42397a1c2fe7f
5709,Machiavellianism,bad,g-05701206988e702d,discovery,a52185aa061867980f0c012d6f7cd4a0270eb389e38e9805a33fca871b36e2c5
5710,Machiavellianism,bad,g-71ea089fa09d518b,test,bb3c80cf2c7874fdd25cfba32c09e9972fea7e9e07e9398c662ab8aef5d8bf21
5711,Machiavellianism,bad,g-97cf8efe3092973b,validation,83b7f959f81dab7f2415b8d1106b0e741d723ace654d211e3f9738869150a55e
5712,Machiavellianism,bad,g-146ed535265064f7,discovery,c2542c7bc513e627cd1ba367abd70b4b9423eeb3793a9d5e9b915ea1ce5984cd
5713,Machiavellianism,bad,g-f3a3f52c4fa901de,discovery,3f186e39aceee4ad4cbfa8afad6a9807097364fec8355c4c2095b8486687b47a
5714,Machiavellianism,bad,g-9bd68f4cabe05245,discovery,eeb54471a969a2f26d5de8ef069b96b42a400cf7efe8b762bdd5892569bdaaff
5715,Machiavellianism,bad,g-3cf1e7c500ade8cd,discovery,bbcef453c6fced6fc2d0ca792eab8af6ab5458d6902ccabfbf4bedb82a5d39e6
5716,Machiavellianism,bad,g-8ac5e67b9bc9bddb,discovery,39566f499bf7db53afc0efc3e2d9e0be557540c9a87ef47e4653e446e1ac6a94
5717,Machiavellianism,bad,g-861ddb0625b6a074,test,8ab83bd213688c7c3b92692acb6aab0d17f58c6bc7ad6c5a5db56eeba3eef307
5718,Machiavellianism,bad,g-e0478214f8145b3a,discovery,5b361ba0d19c9400027c10ed2a90fd26bd6d3dc13ad6ee346b36ff53073a3e5c
5719,Machiavellianism,bad,g-8417ca2bf834458f,discovery,3ed6a838fad37573b9bb63c72b52662bdc700c8a20d25c5d407ee4f3d709b411
5720,Machiavellianism,bad,g-9af3e57f3ee49ee7,discovery,90f642ceb7c4637241d86da9ec99054ef28a077562ed6df37c00c6fd4fe39afc
5721,Machiavellianism,bad,g-b95e437a1e97311e,discovery,9a4e9e1c401df9cf956f80770438e68d89c6c109cb6093af85537a50a63e3ed7
5722,Machiavellianism,bad,g-df40e7a86d159999,discovery,d8a46c5e2b3148b5f16a9efc2dcd0843d22c3f1b5186e370ec428c7b8895322f
5723,Machiavellianism,bad,g-21be934a1299e8c5,validation,bed6505bc7be4d6e78c4d8e2a16c030b6b51eb947b1b4c433a6dc76dbc7003ea
5724,Machiavellianism,bad,g-d50b3f4e00a5da54,discovery,07f56c2bca348f71cfd5ff7fb2855b6f7d24150da96dda0f605536c14f100bff
5725,Machiavellianism,bad,g-5a4bd1ccfa102d42,test,c11394d1e69ad9dc3705bbfbe09d9b43fdf0e7d244a42f4ce73a109557a7aa45
5726,Machiavellianism,bad,g-9576fd18b4c3e002,validation,1d547328302a3d8393122ed526e8bfcb112c50b182a276d83de6b4f8e1a4a556
5727,Machiavellianism,bad,g-e1a77792bf4c8db2,discovery,06bf20a83d78e2c36aa5a7d971f0401201f06fc27ac5e1e6a2499f5ec47ff6ba
5728,Machiavellianism,bad,g-1779ec438caabef7,discovery,f75fd2abd841335b9528840b769a7d338a46ebd752e1abdf6cce6fced41a3ecb
5729,Machiavellianism,bad,g-3f32fc8fa9ca1f94,discovery,f9f7f6ba0f1940139eee397ed16a22e6638a39051033c1adaeef38f93ad3291d
5730,Machiavellianism,bad,g-3f18b7848f5ac651,discovery,5168c35c6767424e67c20c8a1c9938aed4debcb3c825323963cc686bd44093d5
5731,Machiavellianism,bad,g-2fe51a3fd0c45604,test,fb65c1ff917953636729d148a0b6099f9176ec1697dac994db542f83b24ef23c
5732,Machiavellianism,bad,g-0b4e0ffc54963990,discovery,ebc5aec3d0798c518ef8897fe559404357b772acdf0e00bbe53530bce86630a0
5733,Machiavellianism,bad,g-47fb26187e3830dc,discovery,20654e5c12663a08e4cf3a4c5fdd9ec4541684004fc11e9a3aa2edb123682375
5734,Machiavellianism,bad,g-4e8a6d118926f5d9,validation,520678da1a0576f26f71f670f2bb998bcda9cd800ed9573771709614d52a1a48
5735,Machiavellianism,bad,g-ef9c8081ccdb3c68,test,ca5e097184a9557d93bb6c5f739f7a991ba18fec6f2ff214aca57a0ebbbb0030
5736,Machiavellianism,bad,g-cad8645cf0d19939,discovery,fd0fe1e9986ef43250ea1f60aab202ac5dd540d6a2fe3f1e2e32c8fa6e5d6a2e
5737,Machiavellianism,bad,g-08e8300ee5aba852,discovery,407da8519a7418aa6efc49ad2a209774dc58915809b153345fb263bf7f5c341a
5738,Machiavellianism,bad,g-64cc0ea4abc0eadf,discovery,ccd9b2c3a0560233c188d29ec082f49581a56339dfcdcdfbb138e513d86d02c9
5739,Machiavellianism,bad,g-25eea7edb602b917,test,0ab43f92c8ce55cffeb957cfb5c2ebdd4dd3d975440e49fb6137dd36e0335f16
5740,Machiavellianism,bad,g-83f9a0f650da38e2,discovery,5b4a063a180ecca3db9bcb638627b695a3199950684e5eea47ad828e304ddace
5741,Machiavellianism,bad,g-c1946bd6115c70e4,validation,e3a970e703a3d9485f315e670ea15350ee21524bb1b7cfb31c3c2df55900385d
5742,Machiavellianism,bad,g-f4d2e82dfd9bd3e2,validation,757a99296ba52de88f06fe9469cc0f5feae7c5de79ca35d45c65ced1b7197f88
5743,Machiavellianism,bad,g-59eb4bde0f17f16d,validation,deb6bf7f6b1326600bf8137c59abcc395dd66dd3247f2453f8e404650efeca47
5744,Machiavellianism,bad,g-de5fe1b029b6829a,discovery,ab5e16dceefc873827efa93e9c0e284187e34af94cfc8fccf8584d48f12460b1
5745,Machiavellianism,bad,g-851de1e72e0866a3,test,06d55adedb620a0cfc1d7d61527703f458f79c49e29474662fa0326f43c5f620
5746,Machiavellianism,bad,g-5560f17576f7b0b8,discovery,3dd4d089300669f69f03fff1ef113973b862b28228aa1e959223d60bc34b5162
5747,Machiavellianism,bad,g-d15b7eb3f55f0221,discovery,04e4d319f58192f36831448378d90253f49177ea58f376b311f26f56dba4b8f1
5748,Machiavellianism,bad,g-bf54c7df80cf30f3,discovery,87caecb94bce9477730ce6f1da4943e9f280c941854fc201a59ccc3cf5aa2b05
5749,Machiavellianism,bad,g-a8d5d89bc3d285e8,test,afb704d2360e6804ffad45e3c501d3ff1b0e68031d0ca4ab91ac6070bf03ea97
5750,Machiavellianism,bad,g-cdfde08cb61bd698,discovery,42a9d14f8eb11d8e9210facabef03709b50109e8e13eb419436796d6e625597a
5751,Machiavellianism,bad,g-7913adbdaa3662e9,discovery,b2cbdc603e14f2923f6f2b91a98b7e360fbdc8faa37593250e7d07f4339e4fda
5752,Machiavellianism,bad,g-be425e7a95b16515,discovery,abff7312632f17ce9f4dff9ee112bf3e7e347160cb39aa30899ffe241c4ef40d
5753,Machiavellianism,bad,g-adf2d3f4a9d3fdf1,discovery,79b11a42aeb7fbb095c021eb9522b054f0a3772c5638517356d57601c3316b43
5754,Machiavellianism,bad,g-b60d6eb9bf901014,validation,f61eec050556b72d26200884f5d224abef49ae820b6a3c1e2c66c9ce9213bdc2
5755,Machiavellianism,bad,g-bedfa12534cf3886,validation,7d284a40ef31d93f0e1992411a8ba48cae422d2ee93dca55a78840846faa4eb4
5756,Machiavellianism,bad,g-8d9fe53bdef01d9b,discovery,0a9db32b95122f88df1977bf21584ec80010f531f430338ea9e4d7e0aa8f3025
5757,Machiavellianism,bad,g-c684187f296d5c56,test,b20c0223c30341978119487b9a5ad3da22b7d283d3de4fd43ca05a6007474154
5758,Machiavellianism,bad,g-0667b47b570164e9,test,04cf4f4e937a2e5c52bb5541a2a3bf1715b36785db4df39cc8859bae19f67dff
5759,Machiavellianism,bad,g-8548e78c6945ff2d,validation,fb69e19a7287a4afc224fb5744a6166446858c390a8753b27cc1ff2e947b54f9
5760,Machiavellianism,bad,g-4a35b2dc12ae6a21,discovery,0625abef74a3c358a6e59598fe18924ffe95e16828970a5a2f3d2401239d49c5
5761,Machiavellianism,bad,g-f07dedb033dfb3d3,test,a82346978b1bc6441eca4f3a8320e812342ca80b79a0b0c7e899eba0dfab9cd9
5762,Machiavellianism,bad,g-60d6e30dcd7b47d6,validation,48f9445a80a12cb37ab2e14ca740915bc5dae2dc9cad1489983ec7a59260ec70
5763,Machiavellianism,bad,g-f7e3f56b474558b7,validation,d69b6f1e556df52d14114664f2e7a73b08d0d84f7cabaf002dcb3d61e905ad91
5764,Machiavellianism,bad,g-df7281002ece78b2,validation,87c5ab90c0098ddda618f93f0e0dfe66649c8a033f6f2cdb575820a4f7ab43d2
5765,Machiavellianism,bad,g-3827e5834468cfa8,discovery,e10d3d347dc1b99d59cbbe6d7151d60ae7a679b9b67447d988cb4d1c3b6e0295
5766,Machiavellianism,bad,g-00810daf79a6e988,discovery,150e8159c9583a811e691c258f6407220b4e5a5fc76a79e50b56e9fb7195b57f
5767,Machiavellianism,bad,g-de130eded512594c,test,9801867f075759edff48fbdd040da5e03719b83a037e37e4cb320ff50c8d7bec
5768,Machiavellianism,bad,g-8762f68e17651221,discovery,2172fd76568b5e988434cdd5cf35387249c97c6055e3363b50d4f66febb326a5
5769,Machiavellianism,bad,g-c51180859ec43fc0,discovery,0d5ba4779f9bd32138910464b62c981e35da1e1ed766bc1bef59fd40053a10ba
5770,Machiavellianism,bad,g-96cb2bd56bf9a6a2,discovery,2ed5db9f1b8bdb788ecd47b03b83bade5701e3b13e534eae2cbbe33cc5b55f86
5771,Machiavellianism,bad,g-0678f6dec6fd3d14,test,f30839054cc2afaffa3725e6654099a04d4c99d2b285f1db0c65fbc91d44f3dd
5772,Machiavellianism,bad,g-f5b38dbd1fbac52e,validation,04b77935f38da860686070a4f9245b9264aaafb658561cc8ea548101b36e925d
5773,Machiavellianism,bad,g-3948e5afde33159c,discovery,f276ccbb6c026962069b20bd0558386bc5743e7b269088ae5531b4787c803b97
5774,Machiavellianism,bad,g-dd62f0e927981d19,validation,553d5a4375871b72bddc343ee43e3b8759978baa4cb00391ec7b7df1864e6e8c
5775,Machiavellianism,bad,g-a06ebfc04b1a601a,discovery,d0aef8dd88a1475a3c8a76fa7eca6fcfa5c97d8e84f25c3b010d82f32dc9d10f
5776,Machiavellianism,bad,g-4b420f10db74b511,test,f28c3187f2019a132317fff1aaa7d4e42f7c5c13c391b8fd262823dc67f815f1
5777,Machiavellianism,bad,g-139df53fc5048212,discovery,5800d2364d8cd94ff3e538f59e9777dbe7c0553e8f20fe640958f34a3f5ee6c9
5778,Machiavellianism,bad,g-4462107a3c443183,test,27d7c5f739631fbde739808402f348fd9e82005d6e1c1b653ed87e4286919eb4
5779,Machiavellianism,bad,g-184f1a1c2b782d1b,validation,273ae5fd947938c71456c86da75022edaa9675dd9a4c0f18b227307adaff4096
5780,Machiavellianism,bad,g-d93fd7e220e4f78f,test,ff00d9e57339f84543f5421764066d7cf0efea401a8034bd2cb0ae417d1ee419
5781,Machiavellianism,bad,g-807c291bf8cdc5c3,test,8a2e635fe831a189bec94f5e7e45af851c4663b55039293a2f56238e41ad2bc5
5782,Machiavellianism,bad,g-3ef34df104a27b24,discovery,996863e6cba825a440e48495a21e97bd89ca8097a0ae67ca151b3de01d6b93fa
5783,Machiavellianism,bad,g-dda02e8965bf13a6,test,7d2993d6bc3bdc9c16aee0295f59f5c92f277f8943756d1c7ea1a11934f39715
5784,Machiavellianism,bad,g-864d872b46b9a791,discovery,9893d5b19d684deddb86ae4528942264b4f05452a74aa4e09641665101522a1c
5785,Machiavellianism,bad,g-8abcd64b1f1ca37e,discovery,2a393544aab280225fa96b56d9d32544f57336be91a3e75ea5a6f5ca814c573d
5786,Machiavellianism,bad,g-55e4c0873b163263,discovery,95d3a6b280c9aa2ba40cc50c557a5dccc4ee71da33bdcdeecf55429f4bb93bc5
5787,Machiavellianism,bad,g-bb58a6ee3d761733,validation,5cfdedec8a32a7abe567692be974bc002a26d672894ec3367738cd31b037a55b
5788,Machiavellianism,bad,g-2b92a88356dab8d3,discovery,e83522c5fc454952405ba1d290c24c7963510dd144f00a82ebe9bfd1c5afb0e1
5789,Machiavellianism,bad,g-3ed946b1c95c99cd,discovery,28efb6039ccd25cb808f6074e399832bd6ac338b4c4b63f54856dbef8a6e12f2
5790,Machiavellianism,bad,g-64a0ca2f6bf93a2c,validation,a140c6fc7521704fc744b7cf25d66d3b3cb3a505a542a03c771ac49b33ab56ec
5791,Machiavellianism,bad,g-061b4429393f8ea7,validation,5e67f9e29b8af64b7b3c102bdfb818444d0073e423c449b385485f63c70096df
5792,Machiavellianism,bad,g-56482da74e4d8246,validation,0934184a98a1b5a958a27598c5a6e7df7e19d54a664fe575e42d4f04a4bd8356
5793,Machiavellianism,bad,g-53aa92de04d9d506,discovery,267d1cd0110903df13ce29c1ac07d7e1a60c4e982f8bfff92c6a4f5475009a57
5794,Machiavellianism,bad,g-44c696e51b8d03db,discovery,db3721cdba2ea1599172876b59c367d7e1288cfacef8cd0f1b2f0ca7bc144895
5795,Machiavellianism,bad,g-83bcdd48c762eb0b,test,0061b59af2509c225b57f3d7d1cc070e34cbdc098881d9e3d1a19bf335d86bea
5796,Machiavellianism,bad,g-c0db3fbebf893ce1,test,13a00224e3c4ab6087947e0f8ce01b6cac9e6b243ab4731375741a074469c4a8
5797,Machiavellianism,bad,g-b723a84a2cde54e2,discovery,e8605ef4967bfaec3b6e66aade3d6aa4dd6238d98d87377e1ea23d8de43d0ce0
5798,Machiavellianism,bad,g-9d5c4932d7643c5c,discovery,ec6f48d0b1f52be567d51608fb55ab3480519fe3cbbff78717ae208498bd5baa
5799,Machiavellianism,bad,g-d179c3a8e17cff30,discovery,86d13e2635d54ace8b1d5a0645bce99f877fb4c43fdb4e95242e9867c424736e
5800,Machiavellianism,bad,g-dca4305e8b933d07,discovery,34b8f33fe6340eddb2cce0acd2e92e402c78ea67e35729ff1f382c3041769780
5801,Machiavellianism,bad,g-cf766ff059c8039d,discovery,e25aacc2014de89fb82338fea94fb28563477f8472876f17833a7107c16d5aef
5802,Machiavellianism,bad,g-f514b1e49378b3ce,discovery,6eec656b388b6121d4a6ae52a70b34c4ed1556301791b57ac7c15e758dc48492
5803,Machiavellianism,bad,g-90391729f4ee849c,validation,7da5ab6fa7ed131b0684664175afc6fad05aad87bcf2aae3d47ec63acc851221
5804,Machiavellianism,bad,g-454cd4d90e7a9d05,discovery,6e073914860b1019c9e21a836b844922ccaf7ebf3ceef3573918cff4c34cfd7c
5805,Machiavellianism,bad,g-52c1f0d92f5c6791,test,bd9e3b00a900165350665b7aa7719849442c57c0f32db02224b868011ab6c554
5806,Machiavellianism,bad,g-56ddc6b4d9424647,discovery,e8ad7579b578ff3c8bfc9e58e1569130c52469f9b3080282844792dd1958a42b
5807,Machiavellianism,bad,g-95d0dca15ee8f92b,discovery,e94ec3babce3205fdb67ff91dc8919622aab42259688294d455a03e8bc3436db
5808,Machiavellianism,bad,g-c38382896b040d84,discovery,081f33d5740acc4506b324c801a4fc070da85384e4701067a641db902cba9893
5809,Machiavellianism,bad,g-8bc947de2aea3285,discovery,997e56823b4fa51c71a87c203319f0417340592458fb5ab73963f12a25f5aabc
5810,Machiavellianism,bad,g-55da55a2f31dee95,test,623db9f2e88f1245b8c4434652056bbd869b08a5daa7b70c1ec90da1f4f66aa8
5811,Machiavellianism,bad,g-f15b3b4b504f4a7b,discovery,0b86bd48229bed0c7c60e8cf8833757e6ab71994395698f8790138ad76cd9ce0
5812,Machiavellianism,bad,g-bc860edaec5534b4,discovery,16bc9ff52aaa6cda71edac60b13b10823ca95d6ab1a7928cb7acdb4a8058ccdc
5813,Machiavellianism,bad,g-984e6a4d8bf7855a,discovery,914b09bccc278551ebdab18c1352e1b31ff0587b6dc877a1f181aa19234752e1
5814,Machiavellianism,bad,g-535940262ec8eb92,validation,3b20e3f866a555ebdfa8bb8c166311ab2c0cfdbc498e831da8be99870a28408e
5815,Machiavellianism,bad,g-de309d7f3f7a0508,validation,9b3fadf14dd7a2ef554cc73ee4b9a0250f5e1c350b76c7051893690f1c6df98a
5816,Machiavellianism,bad,g-a80971c92b50249b,discovery,3de49ce8293913017c1ba7e1dd3834ddb56b445133640e3b2a98e6f53ed12702
5817,Machiavellianism,bad,g-542e0237804bb5c2,discovery,c07e9c28468f86e8a08e9d55144c4c9a1af0056a36bdb153e89487cf0707bdd0
5818,Machiavellianism,bad,g-469c52fd3659050e,discovery,8098baa9127c604fdfdb0076066bdce64ce9ca2a1a7c00221b684c882ad71d3d
5819,Machiavellianism,bad,g-579cdae17ff0c2a4,discovery,fc7c4b8ab05f4c736f03fe8327d460792fdf69b7aad715de3a06f4df319ed13f
5820,Machiavellianism,bad,g-dc08f5fedd77a699,validation,2a87fca2751255044182365fe3648fb6d95deb93571430c49b0ceae645f794d3
5821,Machiavellianism,bad,g-dfd9cad6524cc65c,discovery,9a72b8e467bf4cbbcd2c13f1c0655433a85d4b8e5637f9ff996740be0e0baa27
5822,Machiavellianism,bad,g-7f9a3008d8b7d67e,test,17be8612990815c7fbb6b42712a5d8eb6b0c16d8ebc6b7d0a908f9a643f99e59
5823,Machiavellianism,bad,g-4d1fd93699fe9b14,discovery,c1b68a7f95f3e3b7baeb8a8a09775ecff8b3f2e721f791a483f71e43cf45347f
5824,Machiavellianism,bad,g-382c8574122013fe,test,376b036920bdb68bd28b3ecfbc229a6e1b995ca763852b3cdda741b5c73c823e
5825,Machiavellianism,bad,g-8561552dab0a2ce4,discovery,e44d9fddeeab3ae36fcfe5c72a3d00769c8b2ea448bfe2a9c036f14f8595022d
5826,Machiavellianism,bad,g-24cd826253349d46,discovery,301aaa2414d62063d7f309bac8db1ee07da28d528a18533276eceacdbe987be5
5827,Machiavellianism,bad,g-61d96b3964dd1661,discovery,0ffad31aa1b22be590add1c94fc838e202b4e13c6f0055a9f31e005a62833f9c
5828,Machiavellianism,bad,g-196486c596e20166,discovery,827f4e514f659eb5a13a629f24fdf09776839d9d78f74468478d96d7bd04f644
5829,Machiavellianism,bad,g-2ff9a6fb63e44ae2,discovery,bf03a8a47054904ce53e5b74cb9a60adb2bbbc40c3cf5de388d67b39ec560d1d
5830,Machiavellianism,bad,g-5a61237cc2ae27ef,discovery,32ad00bde4951cccb22db5ce36a9c82f782d8639c671d5a8b11a915665d06b44
5831,Machiavellianism,bad,g-9ae0c7c572ed5002,validation,d6c11d15e28b355d1bb8d313425b6d448f2c3544e773ec0a6e864c4ca1f20deb
5832,Machiavellianism,bad,g-ed22acf6d5297591,test,361705699047d3c0a4daba4e9faabe3180588437c6ac7622128e82d9561ed198
5833,Machiavellianism,bad,g-9ccbf2811141b949,test,514fd2ab551d26be0e1702d681d057f1b7224bbdd4e314183eaa4a5dcc6698f7
5834,Machiavellianism,bad,g-1a0e58a1002ff24e,test,c46e565fad044a9ae9bf4b4fe52bfc39e5801fc339c929ce3253e6e523d521c9
5835,Machiavellianism,bad,g-10909291c32bcaf8,discovery,ec43dfdc5f75c3239b9f94594794e95f825cd3c7ad45b66b271ea4690ae91ddb
5836,Machiavellianism,bad,g-e1d04286f2fedba0,validation,bd0de17a5eb92b2952ed8aad8acb93951268cb18bf577184158547568d146cc6
5837,Machiavellianism,bad,g-b588bf7dc137fa6e,discovery,4aa91b07a825ea6ab4655b2437d5cb749031721af41fff6cf700cd55e4b11404
5838,Machiavellianism,bad,g-c1c8f609198a495c,discovery,b8f660a80c1342b9e4711821cf6d023296c20c953915b2b6b61ba184aac6fece
5839,Machiavellianism,bad,g-6d68f2ff3c6fb6aa,discovery,6924766419b1fd54d0c1ad0d9c0a15cc45e07109e1c223707a897536e2fbf1ed
5840,Machiavellianism,bad,g-f59ff92824dd682d,validation,3ed404b8f667f476324676cb81012c80faa11e1fa2d2e53159e26c6838ba8c76
5841,Machiavellianism,bad,g-2a2988c225409a55,validation,8743d32af49aebdd143db62d18fc9774f8d0e33e6efe29ca87c277eb160a2b1d
5842,Machiavellianism,bad,g-c4b7f3bf1e331017,discovery,55cb7b9eaf5be0bd431f12b6a23e549a42ea807dc7edf5941809fcba196fb71b
5843,Machiavellianism,bad,g-603de1ec31aa5a42,test,f167ec6fcb430d9f37826220662247e7dba69e686345c2385e2de73496415a38
5844,Machiavellianism,bad,g-86bbfab21144fa01,validation,015d58379639136ad6705b51b20d6215163b7481c0d4441426cb2d2a131c5a08
5845,Machiavellianism,bad,g-bf00f6c6637cea61,discovery,90878f89dc21e2f394241c147bf945e2d04f2186c581d71349a853136c04a84e
5846,Machiavellianism,bad,g-51120a86ef28cbfe,discovery,d980462fb302cee9818cf9cbde085c70f8684c117e30e482d6bc7389b63714d7
5847,Machiavellianism,bad,g-b251a13469de2b6d,discovery,d361766acb32419b63da148e23ad805a76e19cf6e9e71d1e99f779c98005384f
5848,Machiavellianism,bad,g-6d3268333426f3d5,test,d4ff9a466fbe4b2e1d147d85e88ce61a5ae37bc3315b4f081055a1a2c7c12140
5849,Machiavellianism,bad,g-f5ae806337450b92,validation,e07b7c36e1fc40e1795da50221a8db7a0e306d4b0840deee71e0f68d6c4eb23c
5850,Machiavellianism,bad,g-4058d46f209d9098,discovery,bc237280e431d04f782682e7b33d3afe62c2e4f76e4c3afd4479799db0816747
5851,Machiavellianism,bad,g-723e1216f1d5594c,discovery,5fb54bc2d596a99457baff8a6a5adb51a2e8ca05875b26e8e2617b42884c1a43
5852,Machiavellianism,bad,g-eee968ac4fee8e79,test,541c251f22a6705c34042fbe45033c7dcde67042888ad63972056fd066cc5873
5853,Machiavellianism,bad,g-e483e769b021feed,test,7027ea02d3d9823ef9734df384ac5cdf873b1d026c58430e5f7f744eb4ac4c5a
5854,Machiavellianism,bad,g-34db35d2a326e8c1,validation,1c11bdd0d22cd0106ff67e33ad57f028c26ea072f22e80e0e39baad643d566cc
5855,Machiavellianism,bad,g-6b369d482c65fb43,discovery,3399ddb9dcea573c56f2531a6b9e5984e30fd7f435e2de95cb38c30c35665403
5856,Machiavellianism,bad,g-ca8a65ff4aa558d4,validation,56a37165578459bcbae7b150778b783348c9b1916ab148487af250ac24aee96f
5857,Machiavellianism,bad,g-aa8318b990738b12,discovery,ddd8693af36c7a25a5372bb06a2037b67778e994ea7654db215d8c36a867570e
5858,Machiavellianism,bad,g-74c56cb6715e6f29,validation,f62676d411a56116add755abf7c68b3e8dec6160b82284e0850b16593a788030
5859,Machiavellianism,bad,g-9d882ad34c1b4934,validation,b063e4382c23f3bc976139775c52bacf540f75d1f117f8b16f807c85725cb281
5860,Machiavellianism,bad,g-82d0717acc3c5964,validation,8d166d530a3ce32ee380c3dab0461443d269653194d17e44605d6d0511604a19
5861,Machiavellianism,bad,g-438ff4c382bd53bd,discovery,0f63fa2dc1a995ec1c935d14bc6560b4a6309a3c327d86bc76e61d34b81ba4c8
5862,Machiavellianism,bad,g-e3e07be1023cffe9,discovery,16b3f8df869d4a2637586768efd4fb4041bc6ff39c00d884afc9e11e044ef124
5863,Machiavellianism,bad,g-928bde8dc376b600,validation,71579d5de757b50a8885e66dfb6ebdbe2d17487a08608dce07ef4363f080d0fd
5864,Machiavellianism,bad,g-130b2974171230f2,validation,d757b96797bb1e42f5c4a645933c81a8c741609b19ee338d5b8d01139af9ca24
5865,Machiavellianism,bad,g-e7f9418ab476ccfd,validation,9fe33febeb44a78596db35f3d37a5833e2ebc8bfb36a17b6806f40754da171b5
5866,Machiavellianism,bad,g-079baeb8ea1df4fb,validation,810af36bc8ec6ff0aa283725679b7a99c64686258a997fe50197cea3e6b11f17
5867,Machiavellianism,bad,g-d63cd142acd2bb3b,discovery,ca9a0663912b8a3138c9e730d1776b69a5f909b5bd2beb85c56e240536f33ef1
5868,Machiavellianism,bad,g-efa3f774e0c2358a,validation,b01a9ca4ea917ad351754429f23526b6b7b87ad7bfadf130aa74e74202b238b7
5869,Machiavellianism,bad,g-27336567a89cb3d0,test,5e6d6a458c506faf8bdac6d8d97e0ffc529e3d61dab436ee7827be7c1dd6da40
5870,Machiavellianism,bad,g-ec5a217e047b0a6a,discovery,4a3a4b38c96b16cab1a4d92980d04f692faf28740cdb2d808a0e3e1751f07a43
5871,Machiavellianism,bad,g-96241e43835bd040,discovery,90d8e97e1adb77900700532b079430a66475a0dfdc9d951f16df06382a611a6a
5872,Machiavellianism,bad,g-4b8a86e77cca897e,discovery,61cdcd88bf2fbcad26036cc1988c7cdbe86fab41971bcbae8afcdb44d6bbb9d8
5873,Machiavellianism,bad,g-15647aec0b815951,test,9f18cf1da6a2be9216124c683ccb7964c481c4fdcf5199f6c9f730a58e4d5c16
5874,Machiavellianism,bad,g-814b9e589ac442ea,discovery,d09cb21f50cd64921c89b22c3d9b39be49fae8ccbdefa71b6ed544227cf691a1
5875,Machiavellianism,bad,g-0412a42c490d9a16,discovery,3816832a0e53e0c9d6ad7b633dce1dc69a6126b04794559edfe4fd6502b2b4f7
5876,Machiavellianism,bad,g-3367a2dec134d878,test,35873fad42489a482a77bb4e6911eb113ec871cb6e906c411b7fa641bdda3cb5
5877,Machiavellianism,bad,g-afde17d3631ce20e,test,a7cba07283fa6e9d9c473b33c58180dd03eff572a877aa6b0f101e78cc1e4078
5878,Machiavellianism,bad,g-a6b001298ef88d9b,discovery,20728c8dec8d715ffd0171fec341f034654db3a758c60058d936511183a7a678
5879,Machiavellianism,bad,g-5e777a20af13f792,test,5abc88951ead6acb2a947d81b7804b6279a9dedfbbd6a2420d01aaa26fe75e5d
5880,Machiavellianism,bad,g-c6e40d1154d52c05,test,b251a928e395f982f5eae90c1904966dd9672c1ff0ba88a9d6c5d4e0961e9b27
5881,Machiavellianism,bad,g-ebaa5fb9983f550c,validation,0013a5c09137625a1a19406f66e4cbfcbb66d7bfc449f70a1bb78602ac0a128b
5882,Machiavellianism,bad,g-cbb5fabf8211029b,discovery,c1b3296ddf32fdde795840b07cbf85a25f5446e26351dc52b2bb3886905ae999
5883,Machiavellianism,bad,g-9fd496edc7465e4d,discovery,de6b1edf49c3febd99e45e5252efc2001b7c0a319f519ae41b5559e32289c541
5884,Machiavellianism,bad,g-648ecef4b2ed718e,discovery,50b3fdfdf22b9b844b53548c3da43d7faf7e15c12625237b4e0c632e02d7412b
5885,Machiavellianism,bad,g-16894a0471520ed6,test,6ddcbce8f25c29a169128319ea2e8f214551907babc11a743f777867ed9f1597
5886,Machiavellianism,bad,g-dce2e52941fcc456,discovery,b237a138b1bd160c257e36f0eb38f51a1c39481a0829fbc584ecb62e1a010bfa
5887,Machiavellianism,bad,g-b609c2dce42944d3,discovery,d10f6e013bfa2604c5af85e50edbc61fde1504b8057b7988b51fb3d89ef11e29
5888,Machiavellianism,bad,g-b3ab8e6916e61cb1,validation,ec365f3db1c0c2019e80849fbcb816ac595de6b49e8f7497bf78a7d4ed32088a
5889,Machiavellianism,bad,g-09850e1e541a2fd9,discovery,57851e096d4d38601e73f446bace3ea6a6c5fe73410cf0e37d00525f82dfa1a5
5890,Machiavellianism,bad,g-a7376e012fa42b15,validation,eee166316deaa0485b19e79cd6478e0e3bb288133dbe1d54838cd12f49b57b66
5891,Machiavellianism,bad,g-58fbb3df6930e3f4,discovery,193270733d0dfe4af81334b27cb345be3c82e7780b3ccd513e9c1728b0239c4d
5892,Machiavellianism,bad,g-10f4155e11ac1d9b,validation,2ada2d8fdcc7095f9ab5e8b16fa5104080f739119aebc3e5c8934c9dec483b88
5893,Machiavellianism,bad,g-03ffbde950509bc2,discovery,8c7f5a940f12b38f76c1e9d7ee3c86c47095e6780911e0a4994857929da0a4e1
5894,Machiavellianism,bad,g-bc6b3fd3ba086fa8,discovery,3325f80ef62b11604faa21361590c296b513ab0cff6b6acd49b2bc544b012717
5895,Machiavellianism,bad,g-581d8fd39541146c,validation,b5eacb67f9bc8afc6de1c22ec141da30111a4616cf69628e11b9dafb17117525
5896,Machiavellianism,bad,g-42fdb67d5efc2df1,test,6e28c72909521ce8ff81ea346de75b7bcd4d0d6865b9f1b14da76013363feed4
5897,Machiavellianism,bad,g-d5bbcf9043d36b72,test,2100582dd71e2c82fe8b771a4375bef44b108716f302190036722308211de446
5898,Machiavellianism,bad,g-b8a2ee086ef25887,validation,fda009d867f754cccc9786c7ebff71a4bc03e51d6d3047b9692c6184cfbe7fcc
5899,Machiavellianism,bad,g-6d792d407d51ab10,discovery,2c31d38bf2b251bd4709469b327e7e46e3b9a131c4f4dbedb60ea18adcb0cc19
5900,Machiavellianism,bad,g-9fc0ee9761a68ebf,test,5a0da3f948e528eee34860d955105ac25ad420ccde2e77f47f11d2ac2c88480d
5901,Machiavellianism,bad,g-c78a8b4e15a2cbe3,discovery,dca06eff5988a1f6ceddcf7d5dcf14fd663682e2538282591a58d0767b958d4b
5902,Machiavellianism,bad,g-fb6df7f77542683a,discovery,d9aeea266f75a376113cd6ed749241125ceef135515de65dadb944d2f0b30c67
5903,Machiavellianism,bad,g-13f7b32d254afc6e,discovery,bbd598e77a03e88e7a8d545d55d8b11e2baf9422e988d8f9b74f9a744e5ca09c
5904,Machiavellianism,bad,g-4559ede3f942b154,discovery,33fab752a1f45e5651da421bdfb1467d2a807f9379658b6cd354ba67d9e911fe
5905,Machiavellianism,bad,g-e7053eb3aee82d7e,test,22043494763e4d74833b64eaac527a9d173c3f40971b480aed13a265314a59b0
5906,Machiavellianism,bad,g-70d28c8cc29115db,discovery,9baa427bf539c4823c9d614b03da9facc197fea7b1e6b3d301221eda2b8061bf
5907,Machiavellianism,bad,g-79aaf3f4ff699da3,discovery,4920232092eebbf03a4df4332919e35e088d0f2398233ee693db0d5a8b14ad6c
5908,Machiavellianism,bad,g-d31ebddea20fb5f4,validation,377dd5844118069afc2323b00ae237b65acccb9706d7436de32b77042d17b192
5909,Machiavellianism,bad,g-7d20af9749c4adb9,discovery,74bb02adb55724cb33bdcbf935ab0d45582a0dd87b210452f8cf24e7f56646d4
5910,Machiavellianism,bad,g-317b5dff1d36e289,discovery,eda8752d3db0e473e414e6306a0eb9e26884e5b2b8eb7f93b628c7a43f626eea
5911,Machiavellianism,bad,g-ca173ad0eb99574f,test,a5fa337ac4eecdb2138c5b276c41bf09060b045a9ee3ad4cc9611ed670ecc315
5912,Machiavellianism,bad,g-3aa156e74384873b,validation,6a7c0a5908a1defad8431ff4bf040ebb1499f1e80d270f59aa3073342f786cf7
5913,Machiavellianism,bad,g-bebccb7e2ccc735e,discovery,42b5d1901c0cfe171269ca5103c1f037a3e3bceb19685fd6158cd9dedc1f10cf
5914,Machiavellianism,bad,g-90e09f302b7416d0,test,41be172ef5c4feebb20b5a919250f6c229958e46029108846d8d4e067994c709
5915,Machiavellianism,bad,g-b7c9ebbaca7e8fac,test,c5aea7f23f3aa5edd8198505a63ee14d953d30c240460b6f22790cac330aae4f
5916,Machiavellianism,bad,g-40b2d8188a21d200,test,60f728660918930892c3fde487cb921c7a4a993512c5baa8deb007efa4ffa3fd
5917,Machiavellianism,bad,g-5651cbd5c8ec980d,discovery,47bcb8a4a3fa055b50a3d0b8f79189822ac0de41bfc43de892394a4f5a64fa7a
5918,Machiavellianism,bad,g-bfbc3e8dc8f6709b,discovery,6100e4ef29256d61f72c96837a2102a99a53a32f210f84c64397ad55a0249b4d
5919,Machiavellianism,bad,g-8ff27e42b11f5afd,test,e49d2e75d583e4721f8f4d24851cc61b920664b3df69922305f2d53026ab32cf
5920,Machiavellianism,bad,g-5edf4cd4d80273c1,validation,0c99f87fdfba68fd4d6e19c694386c727063c6a2b67d571caa3b6a4684732067
5921,Machiavellianism,bad,g-57c93b877a6c6ca1,validation,0cdc230111130e4f3a9b022ac9495b5b25d7923d21ce1d9fcfec8e34d7ec78bf
5922,Machiavellianism,bad,g-80a3ba3cf84f277d,discovery,f7b15a87def31dce6353be4c0a581a91669cf878d18e6e8451e27ce033ee9929
5923,Machiavellianism,bad,g-220f1cbf8508085f,validation,96b7913f9be56e6b8fe55902273fe890dd835c1fe88d04da4d3eba4eace17ac3
5924,Machiavellianism,bad,g-fe7c091e32ebd150,discovery,5475eb1e4ce80e93e3aaa65951f1ab50b3032b16bdcfcff378a4c03b36bf5410
5925,Machiavellianism,bad,g-3c9df02c214360ba,discovery,3843a11581d5cec0d8e7909bafddd121ce9c53f1eb2b7a681fb4e4e29538d948
5926,Machiavellianism,bad,g-bc9aa096b35c9b21,discovery,6d28897334dc7680daa82c4f839cc634900845cacbc1bc63bd239f0cc051f81f
5927,Machiavellianism,bad,g-b6667b6c6369d7c4,discovery,e73e2e7a118d9a8fa2b343275238fb7f5a14b73f20223384cd22a0f42a74d281
5928,Machiavellianism,bad,g-06e615dd8b8782da,discovery,6e2bb8bd40589e6d17418f007de88949e44b0063d3cf64c7d0fbb542a71327a8
5929,Machiavellianism,bad,g-5be74256334c67d1,discovery,bcd004d3ce4722ea76804a3665260d445322056776673c1a6ae75cbecec4767e
5930,Machiavellianism,bad,g-df966f46bc78e169,validation,0248feef016bb73f3389b8369f3abf759e1f62d154089514d4dd6ca2c43aef1a
5931,Machiavellianism,bad,g-557e18d74f4230a0,validation,4f1b7556d9a91a020ae6c61d8c2ffd3c0056f5da78e8ef2f931f8b3f217f1c9d
5932,Machiavellianism,bad,g-8310f7c51056962f,discovery,6c51d4694ed639da2b6b63e14984e2b124f129a31d5dbb4b2e7e706718f16671
5933,Machiavellianism,bad,g-9fd2e84df1bfc4f3,discovery,45a6dd6a0880771ed601eadd49c462d42dd7f59dbf9e614ce8a858f879dbda1c
5934,Machiavellianism,bad,g-25c71778d31a0208,discovery,5a446837041b43f8b93c2bf4475c467705c1ee389ad09da2ae3c5af26949cbc3
5935,Machiavellianism,bad,g-7366599ee67be584,discovery,faf8da078435b6ae890cbff621302d95cd59f53fb5aa25d17ae14767f23e9188
5936,Machiavellianism,bad,g-5aa411e585e65575,discovery,d3a40cd410f7c2488408a13b268d1c3d04ed6fa9696db09f5dedda08a5792849
5937,Machiavellianism,bad,g-2522ca3e17c95749,discovery,312ee599260f744c0aa9405fde49ce67ae470542179c41c6641fb0d9557a037a
5938,Machiavellianism,bad,g-cff4a4c8091dfb1a,discovery,948aefa6127b20e88ebbce22a1fd1bb5e386d0544d98a479ac4f3a7b38e98ea8
5939,Machiavellianism,bad,g-6c83a88dd3679eda,discovery,cc6fa662a6ac3b20cb65e3781da1c288d3336da85c842274475f3bc8ff903029
5940,Machiavellianism,bad,g-2b21c3907cafc8b7,validation,d0aefdc493debc8992da296102e8ca4351f30bc1252931330371bb151bdd7aed
5941,Machiavellianism,bad,g-f2a990a3d96aa4d5,discovery,9ebfdf580bf08cff70374d0e1bc572c6fe97e46c9baba206c9eaee987609729f
5942,Machiavellianism,bad,g-922aa0e9fa6948a4,test,770dda03caeb5dbc7885951a97bad9056efb8d6c52d64f19a4b64797f53b26a0
5943,Machiavellianism,bad,g-f05d866d58dbc52e,discovery,1bda5b14a3d350121706ccf2281e725c15fcdb484e409c0749258e68cb8e6224
5944,Machiavellianism,bad,g-83e1a8ec0b0d43e8,test,4952f937d472a5550bae4e03790f77db7ce2ea5cf1143595ed0458c850e78bcb
5945,Machiavellianism,bad,g-7de62a51e18c5446,discovery,5c4f5af9e258fec9ed7e0f0856244a9af2f312312bb8e01eeffb42bc8aba265b
5946,Machiavellianism,bad,g-9d804882311c00e3,discovery,aa78d39eb8d5b0c83af174cc559a956a4ca8f1070699c03439bc1f32e937f0d6
5947,Machiavellianism,bad,g-24041b1edd6af9e9,discovery,a0b62535227ea22130bff2bdeb8259593601f5e11990d98c76bfb324dcca4cb2
5948,Machiavellianism,bad,g-d6b8d41af7d77855,discovery,474bc1fff6b12116e3471947be4bc823eda5b2694bd43855343057d07711191c
5949,Machiavellianism,bad,g-ab24c39dcec3c23f,validation,fa4a41c2dc7fd8b3cbd862d81f538fb973cedb7a618a6ad5a189ae73671e0b2e
5950,Machiavellianism,bad,g-e16a1e1165da4d85,discovery,9774398197c6f3ed72beee9f400bfc0143cc6e5f9cd4c2f9b818c38c8d12cd37
5951,Machiavellianism,bad,g-2e7b75b14b7d6bcb,discovery,fc1aca5307d5da91bfbee26d458a1c257f2f8f97594dd69bab53b688f9928db7
5952,Machiavellianism,bad,g-b558bb80d8da5a0b,discovery,34455d688b9e3c0577a7961c5c455cea691065183b6f33e12beefe7aa5b3adf9
5953,Machiavellianism,bad,g-1fded650cc8ad41d,discovery,6ea23c892a4a91c15f5f8f290e42e21afe31ffd5367905a3e82c0b8f0914073f
5954,Machiavellianism,bad,g-9a82bcd30c7fc4dc,discovery,182ce81ea000fce258321a70ce4383fdd13d30a518a9b4e36d690fa7c9b53e29
5955,Machiavellianism,bad,g-43babc85a6aeda0c,validation,80edab2dd64d759297a2015170e3588186e3dcb1aed60f6f5ec55c7b4f3646aa
5956,Machiavellianism,bad,g-6801ec39232d8caa,test,4feb58f8ca85346f0670cba52f74a7c720cb5374c98e040c99189e1fce56b4a4
5957,Machiavellianism,bad,g-45a86c465a2fb3ab,validation,3bc23f80997284756a2fbc3474ad9770745dc798e64715963d78235c67c14191
5958,Machiavellianism,bad,g-b6ca0b542309fddf,discovery,46986ce955797a2f053cdebddb3b5edc6697d5d7d5023587eefca809ba5db818
5959,Machiavellianism,bad,g-3df5b188a0c573ab,discovery,53c52c983c6ab310c13b0356e8d007db32f30bd7c6fd3b99db6c674d10c996a6
5960,Machiavellianism,bad,g-12f6ce059645a8ac,test,9aea608a7f525d8871239adc68a35cfa2f3d03584658cfe51f2afb702ae30ba3
5961,Machiavellianism,bad,g-443833757075cf44,test,bc30fb9ed7fec3b0bcf24ba640a5fbc9e65ffefb227c0bc3f5ee22f32ca0c0a2
5962,Machiavellianism,bad,g-51f29e43cb84225a,discovery,9590605b70b15bf1ca9d926225fbc4a2f2327d9518841c87ae5bd3d9aa3ee657
5963,Machiavellianism,bad,g-e9cd7a95e83281a3,discovery,9c5d7f36cd52888b594a9c6ed71bc4986f60bc6964f10e8246c943ed3f9c99cf
5964,Machiavellianism,bad,g-cba4ce02505fedf9,validation,cd55947fd7649a962a448ebf59e07f99b01af0ceada03c73244cd4aee3a4e0b8
5965,Machiavellianism,bad,g-664f1643f4ac35de,discovery,f6d2d07dce4b2580701800ceea59961c6f096096c8de12e2607c604bce295e7a
5966,Machiavellianism,bad,g-a61bb1935b053e84,discovery,e59b1013b313bbcc50a0d3234e062816dad0a21aae968a1aaef0ee8626cff729
5967,Machiavellianism,bad,g-864857ccc9c5a078,discovery,7aa07edfcac362230a3a22093eb13c1fc33cc5b7c0cbffe9aa68ad8a8c7ebd3c
5968,Machiavellianism,bad,g-f01e1bcf2cc27c88,discovery,a281bf8a733bb92e1d38b741e4de0f3897fdf9ba38355540ac00deb638deb431
5969,Machiavellianism,bad,g-f347c8206ca6b000,discovery,fc259b02d48eff149fa7ff14caf0e5992546750d00adf75bad602964c323589c
5970,Machiavellianism,bad,g-b4502f8772ceef14,discovery,1587b37d197a044de56483bff306ecc215e015f25dc76d8d8f967c3e511d8224
5971,Machiavellianism,bad,g-1d85b89370d035d5,discovery,22f1dcd362581c2c142d0c67378dbf028a980664bb7169fcec4b0fc675693b0e
5972,Machiavellianism,bad,g-49af40810fb91e27,discovery,17f9252fb0f7d7c0d9edd00329d0cfad1e6dc15a45aec4c79434f512138faed0
5973,Machiavellianism,bad,g-52715757011eff83,discovery,bf028c8ffb74a4681c35faad6fd1878ed52a6769c5a38c7a6ee4b019ef15f988
5974,Machiavellianism,bad,g-f7cd5de4d0683af2,test,f473386446c41e2097ab1df23a9fe31b038da570482140a6039e3f428d6eec9a
5975,Machiavellianism,bad,g-8e4e7096d34673e7,discovery,b42800e3edc4f7c0a8534ed45a3de7e282d32d0f8374bbd80348e8d4ae611cb1
5976,Machiavellianism,bad,g-efcb250ce818b2cc,discovery,6eb4213f3e1e502fde18f76abe0a9bbd06978d73d23607d540e92e5513aa70d0
5977,Machiavellianism,bad,g-b25f78eb8a19c419,validation,17939413d88a8c3b71478a5d5886e8c8d620d552e12dc04e5d38a2e0c680133f
5978,Machiavellianism,bad,g-efcd06e522858e2e,discovery,1f265f6d1f5f9f05e6894c1ab382da0fc7b638c01c25f1615ca55fcddd6c2b32
5979,Machiavellianism,bad,g-ae162750492320f5,validation,9ae9fc5b8b022ccdede91c1befe6c35835819460a947bc20531cc3345b51a07c
5980,Machiavellianism,bad,g-db995514300e94f0,discovery,6225fd6a23cd676f69884925f28bff43419485884f608f2d099352401a71ea5f
5981,Machiavellianism,bad,g-3c4995900541ca97,test,3ef46d2d8ff09fee6e6e087f27a644f06795c51d00057a284a7aeb1ac8d33d05
5982,Machiavellianism,bad,g-4357d4b3afddaf6a,discovery,6461304d3b0963224d515913005ad8d2377b0c7c0b7ac81857e0adecabc2ce2c
5983,Machiavellianism,bad,g-a20b3f994d977c57,discovery,ac32011a8f0cb3fe3eb982aac39c0c0d15121c2decd86abc0f480d5f578d59e3
5984,Machiavellianism,bad,g-af7912ff6e5efa4f,discovery,c9159cf6de189b9f3b79a217be45a6923c4a8646d6cef61872a4faa67706420e
5985,Machiavellianism,bad,g-8b60513b31002025,test,188fd170e69600cd6ca6228fa39492e311bba5b9e07f17a1392fb61294dda0ea
5986,Machiavellianism,bad,g-c77eadef41205d1a,test,ea02995c90ef4cd1e95884d2b5e9e282e9ca39b8c495ead99c992bbef6725ebe
5987,Machiavellianism,bad,g-7304c03a95d8a9be,discovery,b742570ddf1b85457429244dce4c03f601afcedd871b93dd95be52578afa3abb
5988,Machiavellianism,bad,g-b842f841cb222ae6,discovery,6611e54bc8323af6bcc8e19690872088ab56b8d41a480a8977e3e2cebfe132ea
5989,Machiavellianism,bad,g-0f47eb101d802a81,discovery,345153ad0b724fdcd420a6bb4a300774aeedd9df17c31d3ef2ce75a907a2e4b4
5990,Machiavellianism,bad,g-5c9a482ebc724a87,discovery,fd8fa699d80342e6140a1d8f6cae81cd79cae45dcc5a64c03007e349474089e6
5991,Machiavellianism,bad,g-0ba494218f167c00,test,4e039a34f33b400ab192423cf49448f098cb8e02f6d93e6b9103bd08838aed81
5992,Machiavellianism,bad,g-576d198656cb6d29,test,051674fa4168233f9c3aa3193bf9afb516f2816fcc874c9eaf1231cfc70eee76
5993,Machiavellianism,bad,g-54ba26a3c3204511,test,e50285c421080e9b1f0da1665187366dbec02bb36b85816c549113c069c0ea7c
5994,Machiavellianism,bad,g-6fbd6d4ff939d951,validation,b7137aa193c4b6fc808b88f3c6374b3dbee4539a2b3eac4e2f659c597cca6d51
5995,Machiavellianism,bad,g-e41e3896d8b68427,validation,83741bb53c9952af4d551bc8cdbbc75bd14d28dd1e7045bc07ca6cfbfac08327
5996,Machiavellianism,bad,g-dc8c26e7578eb2e4,discovery,47200b2bfd883614ebf3928513e6b964115699b94b28a7f11f2cbed1af555374
5997,Machiavellianism,bad,g-083be40d466e4d19,discovery,98a5956ecbbf9c15d3aae042e47365614b964340387c12886b81087eb32664d0
5998,Machiavellianism,bad,g-003f3d3c8127d635,discovery,ca56506ca897c2feb5395a3b1e515ef362107893c90ecd40dd9394873ce40042
5999,Machiavellianism,bad,g-7b377c65718a6cb2,discovery,92d6503c4971affc744fbf5f8a61d5c20dcacbf33de258ecc70eac867a8267cf
6000,Narcissism,good,g-0c9fc045e416fc57,discovery,29bf59917a6f8195c708cc2165bd4542cc9096fa181a97a6caf7a89cb738b5f6
6001,Narcissism,good,g-832174bc8ced6684,discovery,edae973b3f6f47b3b1571b1d765013df4b7385fcf48276ac6eef6119b9361314
6002,Narcissism,good,g-23e2930c1bd7851e,validation,3f0543fd6bc73e23830b8301eac02dde467aa6b367daa5f8313071ffc673954d
6003,Narcissism,good,g-5b61998894ff13ea,discovery,f933c0954d3cc98fe8114beefbe7638757fd90b2a7837f022afc5543cad35bb2
6004,Narcissism,good,g-bbe26f88c5aa2951,validation,34c5c489984f0b0f287bdf6b10b6f78e443a55123e97510d6a73c031570ecc13
6005,Narcissism,good,g-9852bcdd4f74ddaa,discovery,f7f8f6fb9b50fbb9b8893a84fc751c7b05f760d9e9fcd4abc35624ae1b823ee8
6006,Narcissism,good,g-308d3bfb494fe77f,validation,fd17c460d05414e4e794efea5fc1039e369193be8537a78a47c291b73dabf118
6007,Narcissism,good,g-c822b7f469e6cedc,test,63618edc0ea47d88f48b2985a829655b5997d50e784eb5b5d11cd4235089b253
6008,Narcissism,good,g-817aaf6a9590fce0,test,17b95ad19e23979bad773a71bae78de876107b0e5ceae01f6e9dbab1b6de9d0f
6009,Narcissism,good,g-dde3c335560a7e4c,test,971cfbf0b0e36f11fa705b7e7870ff0c08adc4f51e2a558ff5bad5c740eb7c01
6010,Narcissism,good,g-f510c955b7502f94,discovery,dff794ccd4ef2c967b0e0943d782e272281c413da8ca53125f5865d948b230b0
6011,Narcissism,good,g-33c4e7f69d768d34,discovery,d20aec859708dd28eb3047a5060691869e5895c77b4c0cbaee83e6e5013f3433
6012,Narcissism,good,g-a0a81bc7dc610b6b,validation,2f0479b9887b4c4a4814c758428c9ae8e45dc375fe219c6a714046173c33e39b
6013,Narcissism,good,g-81bd352caed6eb43,discovery,871b02f0f9af98571f439628431961856e15b790d8b8aa5709245dc46a061a4a
6014,Narcissism,good,g-118fa8fa9ae69628,discovery,0de59dec4e7c0a60aae8bcf83e8b98eea8db6121fa65ac868797b8029ddf845b
6015,Narcissism,good,g-4fff9ea3a7db3cf2,discovery,f3fa1ee78671f165e32d99521bb8c93263838814a196b8697bea9f7997240a7e
6016,Narcissism,good,g-584e5457e9eea004,validation,c9c0f30d92cc830aa2ff557ebb7b46d046910414fd76c246c4ff19c54c195fb2
6017,Narcissism,good,g-536c79f7c17b2a4d,discovery,983f6d271471a0136e3e6741c5881777b8fa731013e764b24a1cbf7d49c6f61a
6018,Narcissism,good,g-49cb5c3699fbbcb2,discovery,f258abeecd194470fadb467dbfeb0edc788096ace0c7cbf60e7e0a060f781819
6019,Narcissism,good,g-084fc18196c4bf51,test,4835e51a93f9bec3a611989d31a7e6cfa645764470135d694bd1e91a99341104
6020,Narcissism,good,g-78428140b12a2338,test,9835100f25076b9bb3f5a4d726b7f9bb7c66caf2e205e3dbd7a370c34b1bbbe6
6021,Narcissism,good,g-5e9e326c9b80d85d,discovery,a8c46b93c00399362bc341db8a020f5c11d5bc48eb389ac419c5bbfc2bf83387
6022,Narcissism,good,g-848234859ee9be0e,test,f2bab241538e718519c39821dbff7dd960a26f61295c2b84de5fb011f50eba8a
6023,Narcissism,good,g-c802dd71b600d4ba,test,c68b69a94134a6754407da8c5d53b69664996e5dee163c6fbcc7e8735593efb2
6024,Narcissism,good,g-ca22e4958f2e7b81,discovery,d88e72a632ec38cf021f5075c581f8f5b63adb445d2aa4d6bb8f36752ee163e5
6025,Narcissism,good,g-41184ef7fbff6c7c,discovery,2fa43c731ba5ebcc33d6588df7220927eda63db2b098a8278705523571d01e94
6026,Narcissism,good,g-15f0280ffcf0038b,test,6f6008eae0e727d8d3b49634ab7da56b7e50ee5879d59a3853e9bea872d32c38
6027,Narcissism,good,g-cd97303c214f4783,test,35158192b50edfb1ecb1703dec943469ceba088a96ef444c81b8a6f605456fed
6028,Narcissism,good,g-ab5c08dd949abc48,discovery,5d9014b5369cc3fdec4fc66675e3b5f6bd9a2904b3674050172ba313d9d6d56e
6029,Narcissism,good,g-c378230d7eea4d90,test,c426910aa3bb14b712990dc76ad4c3de89d6b548ac04319c976c77f5b366caec
6030,Narcissism,good,g-b9507fb356500b07,discovery,d493100e0a1393b630414cb0a7f2aebd3292f3096f20143d9d949194703f0540
6031,Narcissism,good,g-2ecb38a492f67b0e,discovery,2eb513115703ec15f220cd64827c4cb9681c642df026d029a09da4ace7499c8e
6032,Narcissism,good,g-aed4841b0d9037f2,test,e618b3551c1bd2facb248240429f3fef2349d6cf2c70ca48a2532de000d1e6fa
6033,Narcissism,good,g-fab0a9bd51a7821a,test,c2c3d745a71405af26fab58a1cc8a13cd53ff8df4ed9d11a4757eccd488ef6a7
6034,Narcissism,good,g-ec40dfb7f0994685,test,1c5d6849459a390536e0e9f03a14b2bb63928cb2f50aa627c1d5280e17f370fc
6035,Narcissism,good,g-c577ccc7044cf537,validation,74f0b1b3bfe37195fe90cb5339a2e992abbf5bc2aad8db952b836bcef97b95fa
6036,Narcissism,good,g-76abf9e77349f374,validation,37d91a462fae8c844ad17b39e81f402283767dc17b20b4d4883eb2a0decfcd45
6037,Narcissism,good,g-a667327fda7373f9,discovery,d7f7bdd0ec331f7d4d7c81975259a8c4494e14936675b931ccdf4970fb709e8b
6038,Narcissism,good,g-29704462db87e8f5,discovery,166cc0fe00ec66a6bb0dd4a94266b5adb168f97929abc436df3834bbf8797090
6039,Narcissism,good,g-469832df273ecb48,discovery,4dd3c5eccfd56013038473a4ead63c2e58f24527e6c7ff6079b39aee1e634a7b
6040,Narcissism,good,g-9209a6a7a918448f,validation,cc3beb70848579e809f2f2769fc452a6c4ce15147c7050995c9bda190dffbc3c
6041,Narcissism,good,g-a40bc7677f75583d,discovery,8e95c1ffa0f49ccf2bad30234b67c608a7c97654b4f23e581039e686adc2c9f6
6042,Narcissism,good,g-6006b8581a88b350,discovery,a49425e2997f0dec3fa72f909d4036f41b2b7382cbffaf8f28989118bb1fe939
6043,Narcissism,good,g-2ec9f8cea7a289a5,discovery,f2f4791f371c8c5e6c3ac0844499b9598906631bcc69947e4aceb10b21a51d6d
6044,Narcissism,good,g-bcb89eec71cccae0,discovery,e134442045623c75d259176ae253f0ad87fbddbb1a3337d93d21a59c0a8f3248
6045,Narcissism,good,g-4308e61f651a020a,discovery,deb3ae371ac1fd6384ca8f140e576e19f342b156d324eb6d0a13e9594b81a010
6046,Narcissism,good,g-acbaa2ddf007d929,validation,ff0fe28e06cc8496693a4aa5b8954d2e562b6004b72347826c20815277206328
6047,Narcissism,good,g-43ddcdf36d7f731a,discovery,183e4d0ff0e0089d7998cb283d547714026f48e0bf33d41188d8895033a5eea9
6048,Narcissism,good,g-392ac622aeeede31,validation,c991b109efbd1b9d75bd5ae71ce07f61e32597f027970031341a31c16ed1d656
6049,Narcissism,good,g-49dd5cff88aa0711,test,5ff9af90cb6653f760acbf9b46aa8b1213860ee0fea4200b1cff8f42b66016bc
6050,Narcissism,good,g-fb0528e3373a8c1e,discovery,b04c07d740536e6621bbee48c711972a64d6e8419eae827ee586883e5df93e5f
6051,Narcissism,good,g-67703b75f90455f5,discovery,2df1f57787049af5f1146330207b8691442e92d446d93b489b0ece49af0e09b7
6052,Narcissism,good,g-8f934569952dce80,discovery,fc446d7c7a01e053ee6526c42b6b1f3d829b6c3cfbaf6db5b2ee54945d5d6d83
6053,Narcissism,good,g-9d99d637f5650aae,discovery,e2960863f0ac31ce5be9c0f32d43d3c41ddf05ccaeb72eafee936693b42a3769
6054,Narcissism,good,g-b581ab41c2c97a4f,validation,a2a39bda8847f287c0129ff46f96f718ab69704f72d5421c2d3954c37101007f
6055,Narcissism,good,g-21b793a32ade3ab5,discovery,49c5fc24678f4e3c5a851850053cc88e41f7ca404745cf5deb2bb97d4c7e9ea5
6056,Narcissism,good,g-5f7ee817c377c031,test,daf9899502e15481398b472a10e24cdf4ae3955a6c2aee5f0463c5a06cb038c2
6057,Narcissism,good,g-e67e25ab3fa72856,discovery,b864af3aa546bef488dff961731113183e2bc4a8c0d9fa2e18a09f49c867528f
6058,Narcissism,good,g-af8352a89f52f320,test,99eb870ab0bb6111d3754d481de63704e58d465209c90dfcddddf00e40e4320e
6059,Narcissism,good,g-1ab78797160e4df9,discovery,9ea3a0ad78a8f669eec26625d14e34641c4b67845a85933be008dc5987cb1d9a
6060,Narcissism,good,g-ad2d288124bc2820,validation,c6a6471db4f411e6639b0b96b830fbab8b633468014196411166e4dd6a944042
6061,Narcissism,good,g-d615c0bdd686f41f,discovery,9e7ee53c61a1633358377440594e89f40d9565c6cbf4bc7056e4503282274744
6062,Narcissism,good,g-b386c208e099172f,validation,c89df24ca0b5ef3f861d6451ec3e2e8a9612b2d3efbfa9e70bfe0bf0dc923712
6063,Narcissism,good,g-cc73ab9943f50558,discovery,364e5b1cb95069ddd282d7b5d252d1bbbab1e0cc034fc9a0a689634ab622977b
6064,Narcissism,good,g-ca5e63fa812dbbc1,discovery,2ae11940ce74e254f2961abc8d5d893183e29bf788a8bba39e0f61f2831ca7fc
6065,Narcissism,good,g-08d23bad59729e7a,discovery,4f12f9d7aca705b136b7d06ddb8b3a2ce603bed13f8841ff25bfcad2aa0039ae
6066,Narcissism,good,g-e32f3dcfd2d38d9a,test,ea8a3cf7ebb88ed15f27cfb50a1330707233ee20bd9d50614055e538b1406b2f
6067,Narcissism,good,g-3f0a9bf103c13c04,test,d67333f7e385d1cfe90b4f99ad726698e075f9b11f2a34498cd0100da5b13a7e
6068,Narcissism,good,g-f99505b1270c6338,discovery,c0578391a96a3668fd2ea67fff78f0b2007444a37f743132149fe1b6108ebace
6069,Narcissism,good,g-ce106a1ca412786d,validation,3c6927f9afbf91d25720658ae6dca6dcd14fa01822d3f85e1c2d0a88acbddcea
6070,Narcissism,good,g-8332326a727822a9,test,5fdd554ec16375aa60030e90e5822b25a6784c06eb62050bc97dfb0c2a029bb8
6071,Narcissism,good,g-a423d71436b33d30,discovery,1beec13c8b2622700cb789f42c1d1cbabef97dfa50a69f2a099a6315a4d06773
6072,Narcissism,good,g-22daf6616ecc5bed,validation,c925c8d016a9fbc284e077822997a2203ace0ec0bb695fd66422ef4dba5446e6
6073,Narcissism,good,g-17d30127482bc6ce,validation,c8015216f593f2aedfbf458658be820eac5115ff1167c76f8e07b94266e9ec48
6074,Narcissism,good,g-bbbaad75917467cf,discovery,a73ff50577dcbc34fb9434e3374ddd1a8d98908c744cee3e54cda346ef376608
6075,Narcissism,good,g-adb5a71dc9ee776c,test,a9e427af0c05c42d9c0059dc3540c60e93a820598289f844a44b672ea66253fe
6076,Narcissism,good,g-63df7e762a86ceb0,discovery,afbde910b78e6afa0a36c596bacdb974fc7cb7369c4e6f8373be7ce570bdb1c9
6077,Narcissism,good,g-19b13277e0136948,discovery,d71a1042a67882285a6495d3754d9d34fbdceb4a1a07a7f409bc27470a823ebc
6078,Narcissism,good,g-71a9921216cf573c,discovery,9410a11ece3a0d6c35aa9bec7c497e6af38a13340b9c8239d5688fca38d132f4
6079,Narcissism,good,g-da79f13a3cebe848,test,b73f4793f91e1bea1f4bde7a79e62171ad3dfd7dccee0854b627ed7b2dd7d990
6080,Narcissism,good,g-62bf09ad6f426f62,discovery,6787b78aa74f036dcd084fd8c26841f9043c91c57eebb301822a424835ec066c
6081,Narcissism,good,g-25e47462757311a2,discovery,66518f7872e2d816373bfb94d980c18d5f0d7e18c97d2d86e99a03f7eb51e85f
6082,Narcissism,good,g-6f722dc6abd64e8d,validation,0099051dc45ca604cc4d5212745171741da9c58c5541cef5158eebbd7baafd0f
6083,Narcissism,good,g-950ec71310e9ece1,discovery,72292446610fd2358df96ed70ade581aca205f24046e2f1fcb8bceffb9267526
6084,Narcissism,good,g-014bd9d3c47a54e4,test,36102f4014a319f01d287905b42a289b3dd16beea6fc0d422c73f323788d8408
6085,Narcissism,good,g-577f36fc56606b2a,discovery,733e379fba9b7aa338c6bb6bf43b30210e8f0e58195e727a7342960d1e2bb56e
6086,Narcissism,good,g-8c4c9b899bd93ff0,test,4eb633b60ec66e731f2c83208db2b8e3262d920378c7bc789f498a1be15002f0
6087,Narcissism,good,g-cc42ccf80f547fb1,discovery,4a1ff7617e8f04643b722fa7ea4bcf592729e9d345071057bbf95c12e466a67f
6088,Narcissism,good,g-cab043967762d843,discovery,f0066767ad88be5405c88dc8c49a8d4800d4a99b91ec43bffd5ae4d1eaf4bfc4
6089,Narcissism,good,g-ccb2a1813f27b5a5,discovery,ec7e6ccc6007c6882292f4581b9f754f9b8d28f7e497eecbe8d90a20b7b3b4dd
6090,Narcissism,good,g-df4d2fa03fad17a0,discovery,4632126fbf7ee15170c0d5ec87a52c479ce7248e77ba681ec675fbd5f223b989
6091,Narcissism,good,g-f9ebbaa98a83c76b,discovery,8f01f80e3f05e7f9689b09c581298e790d2922468f33a52db96d7ce4f403e07d
6092,Narcissism,good,g-41be37d472506d03,test,d988ba924877b3dfa4c20af1654561df63518243d06b95041a8b64c76358e02d
6093,Narcissism,good,g-8d213eadd3a5e830,validation,d37cf7942b33eebb6031eef1ca10277bfe68e24e4d68809a298dfc1b91d35849
6094,Narcissism,good,g-0d6a1e1552b3541c,test,5e02452ea474142a154495e47d78f976795747f4cd382c042c0a29e6f86f2798
6095,Narcissism,good,g-3d24444ebbdb492c,discovery,b1ce561ad1e27a8aadaecca3b48108f010ce1b1bdff9aa8ef6c5c8bff36298e9
6096,Narcissism,good,g-f388a87abaad02e5,discovery,f3068e1f899aeaf5beddf140349727197e00f334d708ffef78ab66816c44c65e
6097,Narcissism,good,g-e2a7dc500b86d6e0,discovery,f670b904f5d1bc942c4cccba1e590ab5906aaea2ae3f638defe84238ca670962
6098,Narcissism,good,g-217b7a4d37c97358,discovery,6de285629e28157c2c371a63d2b10834960660a26de10fcd8496c5d86f67c8f7
6099,Narcissism,good,g-64092a7a9ed010df,test,61ed3d9939a8cdc8eb2effe658e5c24b8e0e1e978298b8b40ec4998821972c9f
6100,Narcissism,good,g-588a8192897a4217,discovery,7192874b0019fb981e76f05ac8a0c7886653fd7b70a217d88038297609f477e0
6101,Narcissism,good,g-a63b13c9add3acdf,test,dfeadaba09090f5ac78bc86f434dbe107f638db89430d72d269bd8d2504c8e50
6102,Narcissism,good,g-b7653f58090f1ac1,test,8553affd21c8fbd4c729f0f0426c288f38ff1c8b93a356eadb92f0b77c344e8c
6103,Narcissism,good,g-b1aa290e9de9efc9,validation,2ba902c05ae6c59ffb561a1f8d871d45045edcbaf72ca2a8ba83c23552c43231
6104,Narcissism,good,g-2936409b335c497d,discovery,632d6e4c870c77564f59713e385b8b6adc06748cca52b0ef86600ef26da4062c
6105,Narcissism,good,g-e59c852f95acf761,validation,2bbaaf1655ec135b65c422c61e681f2e756fb61ae4360561d83171fe5ab8f082
6106,Narcissism,good,g-f7c47804931b8980,validation,4438151cfe179383c0cb85b9536bab20fcee7f77814e933580f5908461ba2ff0
6107,Narcissism,good,g-970234519a3821b2,discovery,023060541d3a256932e16b339d3e463caf9b5f4c000ab22df1c1285da7651091
6108,Narcissism,good,g-8aff2a2379675fb9,discovery,ad271ce6562a99dd0ed82d78a50ded1beb5e8ffcc5a35aab3797f488711c57e5
6109,Narcissism,good,g-2d8636742dcc514f,discovery,65325e9bdd92ac984819d61eec50d08291208ae2f0e8acbb1eaa7a957817f87c
6110,Narcissism,good,g-19eb41eb77283728,test,cf82e805818bb06c6b71b05cca5be0d2d2f5bd5ebaa15d8e4d59bcb786508543
6111,Narcissism,good,g-e949944aded14d32,test,03f594bffa6ab0f0ebffdf7bbf6bb4e755dbb5695003fd3502e5ff6a2bf2fa9b
6112,Narcissism,good,g-7f5d802a4827b507,validation,cdbbbf47801f53bf2f8824c8473e47a4f0f3b019cd47cfb4b21c1e1c9f13db05
6113,Narcissism,good,g-98b0175365dc07b7,discovery,228f4c7afa8a49886c125c465c2b4d01e84a62b13e6e0e473ae15afc1b73d49a
6114,Narcissism,good,g-73844cb61f8047be,discovery,65d9f1864e7cb42a41fb27267087ead5d715fb4f88a25aa41ff3d3b8fe1476b1
6115,Narcissism,good,g-ee6b71871c701748,discovery,8bd40eb7629eae62fb47ab737cb58e57eedcadbc0dac19b2ce42f032f181e60c
6116,Narcissism,good,g-41271c5e90349dfe,validation,a0b354b69f0a69381fb9026e8e9eee59a7620704046ae481bb7d9f9acfb2f70e
6117,Narcissism,good,g-4b644bcbffa158ba,discovery,39395402f38642b7e7e0bb1ab5aea8107e5a2691f099cdf6a9e330d22b7d54a9
6118,Narcissism,good,g-77776ff21c84ac30,discovery,8358320484a45b77df58d991d765d6782c87970f19068d1cf8f43698a1b0a877
6119,Narcissism,good,g-ba51123a1faefd02,discovery,8c912a40c093b7eb8b773833dfb3108eb13fb922fcd9a532ebfd9d197c8fc1a1
6120,Narcissism,good,g-29962369b42edfc4,discovery,5bdfcaf8cc8433fe123b652f1a0c544bfb68d08cebc6a98a1dfbfafa192378de
6121,Narcissism,good,g-0867a26972deb92c,discovery,d55a3ec85533511b2b042f3dd3623fd41be0239ea053036b9db09a55304864bd
6122,Narcissism,good,g-c881c60cc7c4630b,discovery,f836033eca8d58ca94723da76707fc54f62812d76627a40559023f31fe696ef9
6123,Narcissism,good,g-42cc222758b07a6d,discovery,6f12144500651c906145d6c38decd1768988ce7ae680f6e150773d49b25551e8
6124,Narcissism,good,g-a8eeaaa1dba74897,validation,957f384e5ecc8c590c4fd046faccc9c5dffb1c6cdf3bb5c8392e31a5a93548b4
6125,Narcissism,good,g-0bbc259ec17cd7e8,test,ad5ec56d5c65ea5ce98be534eb6a7bdc50a2bd276850602615af4175052df3aa
6126,Narcissism,good,g-68dac42f6aaae567,discovery,a00df62827b200cd22de1629f48582232cce08b04f3df160c31de569fc2f6fbd
6127,Narcissism,good,g-5c9bcc7f2e543fd4,discovery,5160559fadf3a55bbc5fb9af046e68887fb1755363f8c429659ec8678b888c27
6128,Narcissism,good,g-7c4f9dce8df3f63a,validation,b520cd3c77774008c3e398392ea27d7f5b7848bc3d2f9def6071941176a5da08
6129,Narcissism,good,g-56d017de60d0f03c,discovery,508fb6f7aa2cb9d74e04f62d86d98886f8151daccf2d791c07242d3a209a2817
6130,Narcissism,good,g-351afedd31607ed1,test,b263c198095bc225b0a6c21b6be8b6be44b4f08768f8e261c54a7289d884515b
6131,Narcissism,good,g-c82bfdf8b095b8e6,discovery,c088cc534d4cabcf88a4c5c63f304bc5306e0b13232e32d1f751319c906e7bed
6132,Narcissism,good,g-3fe8eafb69e0f58a,test,48276995a5e28fe3255546ea3dd692a89ed1da1c8addde89bed80e55cf45d784
6133,Narcissism,good,g-dc911f2cd49dd91d,discovery,a4ba3851e206172e92aa41cfb5529349f1ee56c578e3459f4137e772e02f1565
6134,Narcissism,good,g-3b90145c7af87038,discovery,668a59d75b1e94fb47753feabc0f084f4b9819f471c7d1295ae1ce2f825cd089
6135,Narcissism,good,g-dea58505dc1fe481,discovery,94244f32a5c0f07d12ffc8b25c00f844b6d62e4707a7c2126b2af5fe669c59bd
6136,Narcissism,good,g-8ffd61f77ddb8c36,discovery,ffe44d19e81cda66da376fc4203ed5c535f72c6e4861d9e3b1fba518ece36135
6137,Narcissism,good,g-21b252d12f1c4a4d,test,4f74a3bf8c512a9ad97b1464081cb4546087a94d31cf5d4aff60e38729f838c7
6138,Narcissism,good,g-3a21f2b517938cff,validation,8c4ff40481826c613ff0ce9f2a4decba1ef4fa45dd455ecf2d347f1b6b913745
6139,Narcissism,good,g-e09cb7952355c7ef,validation,92a3bf3c6be6464f17e98031bfb62732ce5621ce87cc5281bc5c84d7cbd217e5
6140,Narcissism,good,g-5b7fc56f9362ce43,discovery,56efe34332c75264848c4d1440b489d970ace7536997ae55bacb93ad4fd208a1
6141,Narcissism,good,g-d26376539d0dd001,discovery,39e20a1af262841656b6a2aa493f9f844763aa560721e14a98c0b4dd83382b97
6142,Narcissism,good,g-1a7265951b5b8263,discovery,c3677163c63ff08890e5e5c5acc609f0786fa4a59bcbceac3268b81ddd4fab9a
6143,Narcissism,good,g-eaadb6c7909d6a1a,discovery,2d7a8e1a27b08997127f56ba8fd242de7268a7198b5d6467ad6bb5df83a21553
6144,Narcissism,good,g-dd1ad4498acf91c0,discovery,563019a5a254042de229711e4d6dbf1de407997c42384a0ea386df4d797472cf
6145,Narcissism,good,g-cb0461296f83c182,test,f6a7aefb96296886d20c23e702bf167cd107deb34ea61d4aae1dff246f6f3fd6
6146,Narcissism,good,g-cac7a9db601bdc47,discovery,83508ac63b1c00875b3593f946f17995b2f8d3a675c35e25692e21c2b792d9a7
6147,Narcissism,good,g-74aea003e5ce467e,discovery,51760bd2481df4de34d82ced9bbf9f00413e2fc10bd39c077dd2632e0a086a96
6148,Narcissism,good,g-faf38e71c587ec7e,discovery,fd57390640b3c42b23514c81b40be1af19d075581175d6c5c110189d4be219de
6149,Narcissism,good,g-2a0899045acdf1ad,discovery,c31935969e6ffc75aa2fa34caaa898f0d2b77dc4265484f241dc08e1da5fdf7d
6150,Narcissism,good,g-e2e24459945ede85,validation,807213d3bf55327acf7368404965a43fc8a1e0e80338347e1011832761bea45d
6151,Narcissism,good,g-de184b07c0ca086b,discovery,ceff1872826b414eb70d44026e9cc42ed72515d69f30111a5db647c6b52c1d2b
6152,Narcissism,good,g-58a877c53bc26c2f,discovery,2bc635952066a1c11716bef0fea5660f2191ea0ce66f62abf87ad51adcffdffb
6153,Narcissism,good,g-8d6c7c160415d903,discovery,80ac69d8ca2b56d53a4512a7f47fd902fa7f19ab9622d03b9151f8eb4409eda1
6154,Narcissism,good,g-e4aca046d5daeb21,test,0a45550e3d0e16fb42448af3e34811d8eefda4be998f942de1d61a8b3970ebef
6155,Narcissism,good,g-ad4c2d30db131f7a,discovery,f4bf1195f67087bc9ebcb5a75f1bd1a02ea1e913bd6405e7a9daebd8942135a2
6156,Narcissism,good,g-d2db68e10ea48575,test,4d16677b55898bd712273b246ec6a5baf595bed6790ec2be0a2358a4771efee6
6157,Narcissism,good,g-9970da868470ddcb,validation,bbde58b0d1e232d899902d1efc352d07390c8f8e118f1407c8a5a51b359bfc3b
6158,Narcissism,good,g-1835987c5b613f82,discovery,0964e043cd2d36d5c8a8a453159d37842374b3f7954ac979a50a9618fcc2d454
6159,Narcissism,good,g-eb728d904695f3ac,test,cbc54d573a769c63243f70ef131618057432e98b6082c8ce56221cb675aea862
6160,Narcissism,good,g-7c159a2995c28a67,discovery,9f1ff5cc2b67cd809cd428bc0fce3df2f6e22d02aa701a6e8c1779743a9d6d7f
6161,Narcissism,good,g-ce6e77c02022e073,discovery,90bc86a6916b895f92cfffc2df051445a42e09c0546db53d57751437c88ee772
6162,Narcissism,good,g-ca9a483430238941,discovery,8db0403ded27a8024752007187e34dc4100fb37b35a346e096bae31b1a986a28
6163,Narcissism,good,g-19a62ed84ed6fc34,discovery,bd150bdfed78afb1b11634b7bd60d5aed0e9069819ee3156c0eb0e17c1305477
6164,Narcissism,good,g-4639fc30ea47472d,validation,31c8d1064a420c922d889bae9353aa5bfad4a67bfba654ab9f2d7b77e61a371f
6165,Narcissism,good,g-ca4f1aaadaa19702,discovery,27109731b8cf703a0d72b72f27af39eb0369f1a4253937f67c58e0955eaea505
6166,Narcissism,good,g-d8bbf72adc4b8cb8,validation,73ae0e41560c175358a0e66747b09682fedb134c212e80053935939f9caa8290
6167,Narcissism,good,g-bf695f5ec825ec4d,discovery,4ba0b931348dc1b9148053107dc700e5df187180d8f12dd88ca3322a261f2f5e
6168,Narcissism,good,g-15b3c9f65ca35c1f,discovery,02a2de03ba088fb4d4750dd43b4e9fe2da2249a1c3ef95fbe14e6adcd338ded7
6169,Narcissism,good,g-a0e00d40837003ac,discovery,a517e90f9c44b1dc36cf80c7cc436040dd94fb29d74c748b771443a4c9322c60
6170,Narcissism,good,g-39b9e4aade5cd1b8,test,dc4b97e6a2e72a5d04399247f1d958990de8740cbdcf5383a72a0b45c177525e
6171,Narcissism,good,g-4c80d63194ded910,validation,34c4131f0b45a44d334e062def0c9a63f7e2ed2c512f08f901b8b224887c9f25
6172,Narcissism,good,g-c0c8d1a89998edf9,discovery,52725e07142510dddb693134539e7c9940fc9d94586855831ccaa9563a999dae
6173,Narcissism,good,g-918efc9b087307a9,validation,caa9889d08d6f3928652ac3594950642ba6eeb5105a7c229930798453e95dfcf
6174,Narcissism,good,g-4d88f0fd2fd20c8e,discovery,ffa4f222a5778062024f60bef9239042b479f0dd85f5c3a06686ca42ee5cf67f
6175,Narcissism,good,g-3541039f65658046,test,765b047ef0e8d68ee2533ae8e0dacd12caf8096e40297b4933c602c4af6ceadb
6176,Narcissism,good,g-5936466d405c0b6a,discovery,c76b30fa66334fe1a9c8168785867452339ea94e0d5c1361a538b21762dcdeff
6177,Narcissism,good,g-ff19596bb5fe24e9,discovery,4d3125a701c166f2f280429f852d0bc0cd20b7a012cbfe48d9ba65fd1019aa98
6178,Narcissism,good,g-395887c837bacfd5,validation,8718754bd2300894245983dd94deb2797fd1ea0f338bfbf06ca61b4bcacbbbd9
6179,Narcissism,good,g-58ce416d3ddeb7f2,test,b7f709bbec20f81796a8ca2ddb4889c6509dac40e939c4fed03bdd3c70eabcb9
6180,Narcissism,good,g-e4d1a10e6c5574f2,validation,52dcaacf48b4a0d062e21a3a8e66419a0da7394ad12bc39c1df8c259a75b7003
6181,Narcissism,good,g-30f4389e79d2d5ac,validation,e494b3fb7968c0c0f5bea216fe1a48181277a729e1e4fb5ca4d0ec4ddacbd6d3
6182,Narcissism,good,g-84889bf9afd06e14,discovery,2d790b68f084bd2abbf76dd7f22270b5de01e3a706da313d289c5ab4ba01ad11
6183,Narcissism,good,g-70435b47d0532d69,test,49a9715bb9e3f4a855153d713038b27a8e4762d678d65e5398c799829dab1f69
6184,Narcissism,good,g-f0d97c434e608504,discovery,8a3ac80ce1dcf7180a7d8288759803a267c22818343645034981ad6fdab57efb
6185,Narcissism,good,g-f60b3bb639623b62,validation,15b296835710e013752f88dba82fc3e94f9de04a28e9c4b84553c8fb776f903e
6186,Narcissism,good,g-dd0cc747d57655c1,discovery,a8d83fd02cd75b4518a4f070a0454dfb248a7d105feb861a1036180abb690b8b
6187,Narcissism,good,g-60d5e07470cc7310,test,9383a1d00b0b562aa35b70b878d425f11a788431d6fdd70ebaa450fd0d871ec1
6188,Narcissism,good,g-00f42ffcd4a67100,discovery,0e17dae57cd5beae54621e2af83dc5cf35ba0b72297b6d5bcb8fa36c880c6efe
6189,Narcissism,good,g-ba44f8df183903da,validation,2ce3006edd36ad7ffa330cd8de1ad47392eb08ee7e9ddff3619e882641b6bec2
6190,Narcissism,good,g-b26c10f8375dbb16,discovery,33498640507c52f3a65ba4d9c0b541046062977b244713b0463e80d64f8d631c
6191,Narcissism,good,g-b49b17430fcfe4c8,test,e658a546ce0b83fe52bcac609a08d486d3982fe7f1b17e1769414959f7358b55
6192,Narcissism,good,g-333cb4cda60297b1,discovery,044ea5b6227b6cee346a22896ff5f8862b1fb254954955318af5e87b9dfd5b7d
6193,Narcissism,good,g-b6efc631f51c2e02,discovery,c2fcfda86ecab576e830962eba95448b6be18205efdb3e7af70a5a17d5c4583d
6194,Narcissism,good,g-5f30d5742889a5c7,discovery,e9f3be422154b8ec5e7b9214691b3ade9e92063453826a1d9bc5299598f6720d
6195,Narcissism,good,g-96b5d5ce8d70d85d,test,b1c31ad6febdf8dcc98c5e1677af896909bc96536dbf451328c9b1e038a617dd
6196,Narcissism,good,g-cbe94f5f099f0be4,test,7ebc5ce6f555418ecfef93a8d212e10b25c7b0867327f91971c642186b7e294c
6197,Narcissism,good,g-d4729c7029301357,validation,016f84147eb9d188f76d65dd2ebef366d2369e5890318b0f273e71f9106d05e5
6198,Narcissism,good,g-803589ce252601c1,test,8278af8f68c92fd263259294cd5f96e68b4b15f14129db291269586005789846
6199,Narcissism,good,g-4bfd8d3bd26626be,test,5b07bae63340f6debfab5123e98ee7400926b8f9f62619a2c038fcaea36cd45a
6200,Narcissism,good,g-6b4c822cddb4ccf3,validation,865dd83091e3cdce4ee2296d6f8a775d6c6498a8c3a78f6dc034c556d4301ae3
6201,Narcissism,good,g-12b60617ee46ccf3,discovery,e34613527a38a492023623a112543e648f5ecbd3ea80d8ff3cb966686edbb39d
6202,Narcissism,good,g-626517b859143953,discovery,b62824df99155cf8875519bc318b790193903633244c5c15a99628664dec19cb
6203,Narcissism,good,g-b4706a07d3cc1048,validation,7d3ad1e340f61d078bd9a59d33d078fb84fcf40d1f7966c9fd51545351e3af43
6204,Narcissism,good,g-a6451110eae79c2e,validation,8ff45197d5c12f35b18abcc1e88010e606bc2ddd63389ac315a5d5fcb6c31355
6205,Narcissism,good,g-5b605ed97e0435c0,validation,65db54d7808a239c5dbd641016b83d9fed1f6ffffa6ebbe9cfb6cb2fc9297e0b
6206,Narcissism,good,g-c45052a82a8b53ce,discovery,a02848dd5945023816a1df134bc6849b012eaeee77550f3223e8e57b38af3ca7
6207,Narcissism,good,g-96a5d37f4148c3e6,validation,f27d83ecc096b87249ac7d3f82f5a6eaf46a425192487b439112e335593c9058
6208,Narcissism,good,g-d97d397c018254cc,discovery,1c693c98211c451e554a63d8f0cfb1f538dc15b2a62d9820e8ff12d7f9996a5f
6209,Narcissism,good,g-9497629bc00ac2e3,test,7f6499dc1ce27c0c55e0c9682285ee9c2ff8dd484a7230cac12e3682cc8dd593
6210,Narcissism,good,g-7e404d464a77f14f,discovery,9fc3afb3ba5c2519927cd402b33b9f55a344d275e2629371f804e94250679b7e
6211,Narcissism,good,g-0ceb92a1befd1ab4,discovery,08e652264537944e8703951c6860b3e0ab8fc3b2e3a674cf82458dd3b857253c
6212,Narcissism,good,g-3b6c46a13ad29b95,validation,ce370d398f7d12b1a599b3b40487a0f3cfe42677aae5d78afddeb23d45d7c8ec
6213,Narcissism,good,g-20e4ec098e5025f8,discovery,f44fef6b46a93cdbd6ce3cd013551706a4e3206ac7340337cc31a2df3037f9a8
6214,Narcissism,good,g-65cfc88da669ad32,discovery,23ab93cc345f477f01c0e2f87b787eb57e8f0f1ba862f8a063fa04b260c762e2
6215,Narcissism,good,g-e8d51b5c55474830,discovery,8633e92beccd9c27ba9172ceba1ba7380d3ad991d38fdf937e5530132211f1f3
6216,Narcissism,good,g-677a96b7f14b711f,discovery,b699689dbc2d861250c9dae44c9028bc89935ab5a0707fa29b808c677a468528
6217,Narcissism,good,g-018b801689aecac6,discovery,ce5b7283944d8e7be82c6b71d5ef2983cb04d514b300f3d5ef64eab9152f5a3e
6218,Narcissism,good,g-0202fa7fd3d3e442,test,06639ef99fc116fa62e148761f88de5372cc37b486a9c0f5e7e223f294ae5801
6219,Narcissism,good,g-93a84409b6fdd1ad,discovery,eb59af07e223c7d9696acf179f20220e9322a60ac837df5e425f6741fc80d213
6220,Narcissism,good,g-daca6aa5ec67d2ae,discovery,ea194026d01a372f06ce69ed30f7c2bb1d1a2c3db7c5c6aa0f9e8cbebf029229
6221,Narcissism,good,g-ad01ed9fe84cf8bf,discovery,acf979f8a93c245b232ca1515b719187359eeeac0f1bdd0567463ce8850a0c15
6222,Narcissism,good,g-5bcb3f3da1185b08,discovery,2a33316302de435eb3e22a5bfeeb8dc756583d804ffdef12c3d4072b2616f06f
6223,Narcissism,good,g-13baa508945e8425,validation,5d7699f4c56b0a64a63cc6916bd3e7e524594faa9f40c818b01eb17547b88d0b
6224,Narcissism,good,g-14b8e868140286be,validation,8ac5e8f3c93082b7bde4137179d876bba1922975efe477e317fdabb5572be74b
6225,Narcissism,good,g-7b40cc4c655e280a,test,9aee4572bb3e2ec8da6a18b5a5e0df35e0c755f6c348eb4cdf27f5c0487f0c79
6226,Narcissism,good,g-01229059989fa8d5,discovery,f86a4bb5b91d7ed5bb71794425e86d2a13dbe6809c1c30cbc0c44b6350fcd3e3
6227,Narcissism,good,g-7933fcb4267e197c,discovery,3dd0a3977776e5bcf97530bddba2dfec2e8ce33b922f08b8deca0e7057c95347
6228,Narcissism,good,g-59193d039b44a8ca,discovery,72ec31235dedacd2cd837490cd830ace0871e81760f7be2bf0fdfd7a2bd9c67a
6229,Narcissism,good,g-25c14c0978781ff2,discovery,f67360a33ca422b6853d75b2fb4f314b701a32ca65a71ac37663c02d44aaa33f
6230,Narcissism,good,g-19bd8e91b191ec3e,discovery,cc54706dbff70ccbc00a07ece37f2d14015bf42c82339c9137c0782fa7191de3
6231,Narcissism,good,g-68e2c5a71fe04159,discovery,27d3f41c0040e60524f78e44602257cab70f9db41dc7d5f49d919d8d8ee200d5
6232,Narcissism,good,g-6d46cf52bb54a3a9,discovery,0bcfa437387551816e9da0e582c7138cb2570797b9a0c7992f237e38f2e18182
6233,Narcissism,good,g-ef1e5eaaaf815f2b,discovery,9c2e8d3bef8f624b1f43173d096d722cff9827ed3d7cd5d471076be9efeb03d0
6234,Narcissism,good,g-32159bea9db679dc,discovery,c5d338ba5d4ef305732f599b9bfe346217068e3ace1e1daa116fb4c8f782df42
6235,Narcissism,good,g-58f23d3e47b6f037,discovery,401c184d1ee865c9df58d0329de2536912a218d4c852a0da398e6764b7814e92
6236,Narcissism,good,g-c06408546cfe3c39,discovery,f3c2a5aea69233f77ef55d6fef1fa28e23052c43909cdae485f6b8faa4dc4d3a
6237,Narcissism,good,g-d7ca102c482d03d4,test,0f1ad19d1a280403e0bf5c46ac2753a873a2eb23eed3dd5a722b005207d5e109
6238,Narcissism,good,g-338f82d0f61d5c0f,discovery,e3029bc1d77acb2e68c5c78b92d3e4373ced6878bec03bce395839a922a495c6
6239,Narcissism,good,g-dc7ff118501cc668,discovery,010bd522cfb50b513c86f9dc7f570f7505805d2f735e1c2d7746b4ad3f324695
6240,Narcissism,good,g-fd7ab02933b93a9f,discovery,b72b3ea58c966ba7a572c05a07c51a6615583e1d3ee21911f6a171b644129005
6241,Narcissism,good,g-43e58fba9939edf0,discovery,d1e145cd3b449e3fae930e45465fc75d7c6c829f6fe27e936e3fa1a7398cff4e
6242,Narcissism,good,g-d9c74fee8d06ae16,test,1744ba11cbf8c768dc6a8c5b8516f813624fff3277b72f44c24b008ee621620a
6243,Narcissism,good,g-52d9073c6a037300,discovery,a9a38e2acb342c3ed52b69bc3067806e196289d3a979a02b916ce99826383bba
6244,Narcissism,good,g-2b421b906fa534cf,validation,67495bd3e8ec1c7720db15521898d99de3d71944f60fdf55d5e1175c19f0d66b
6245,Narcissism,good,g-4c71ef11746cc067,discovery,09d3508a8780132b52389ab313bd0f8b16ebf27af3dd08b91c4073e2802316c8
6246,Narcissism,good,g-4b50366901b03d03,discovery,ae9ce4fc415f5821f794f99b7a600319b495724b1e715ca42f7e5a487e198483
6247,Narcissism,good,g-9e9eefee2c2ae213,discovery,ca46311d2da9af8af22347b95aa60d680eda6f30ec8b8335770f5104d6a36891
6248,Narcissism,good,g-5c80156b86886171,validation,dc9300d6581fab2795ab6d72938c0736b1c2bf7afd3edd61f4364ad52604b035
6249,Narcissism,good,g-79ddc8147906248f,discovery,daadf62bd84276fe30c80ec86bebd5a73005c5e27627648337476f5431041c5d
6250,Narcissism,good,g-5003d7298efeff67,discovery,f6c8e4f8feb5b964d53865f6e8f87a5488c0fa8074a40f849564f8f105ba1b3b
6251,Narcissism,good,g-71f22a7577da0104,discovery,191c0730e105bd042492fd389644c362f1dc65ad252af5ce4f720cbcf5f3d4a7
6252,Narcissism,good,g-d95af0dd2bfad20d,discovery,1ecf702eef067db08b84ded04c9d719fee5ee57224c813b024b6fd4f5c25f55b
6253,Narcissism,good,g-224c41b5cb4d68c0,discovery,d2d6744ead0723e5280305677ed6233c6d9d3b1dbe406e6da3cd76dacb5cc49c
6254,Narcissism,good,g-90dd813900c1729b,discovery,ba305edb7257e22256b5a1a8807c462e249521ef3941ab0e87e2532c96b442c6
6255,Narcissism,good,g-4b175cca752988e4,discovery,6bed909559434d9b0014799572c2e96a7ab6b66297acf2158a386cc77160a98b
6256,Narcissism,good,g-ecaca9afb33354fa,discovery,1977cd4b8ab61a949cf6898e285775d15ac1094ced1d539690a8136603679ea6
6257,Narcissism,good,g-d30cc7e07f77f35c,discovery,0031b285c5cb6c9150e8601d04c70544fef4991138e5543d6367016c678c14cc
6258,Narcissism,good,g-bed4c011d0a21f10,discovery,ac237fdffdedcf5ccea8c63f09a37f19f116f71e722bacfd69596112c8dca664
6259,Narcissism,good,g-3213628d746969e4,discovery,86c571ad5f51e70d2c8cba2f3f2849177b6ac456787d42cce4acd06eb2559ba3
6260,Narcissism,good,g-81d1b97f0b2d0107,discovery,8ece57d54a01728df2b6e56cc1996430e6d32ccea71db7158a8f5aef1b699924
6261,Narcissism,good,g-1d5c2cbe48daff28,test,faf56c0e75451bd6c8d25f6b5eb4ec47ed56e122fed58609243d5e0b90935fdf
6262,Narcissism,good,g-6c1970aacaa2cf17,validation,2076cb8ecea49ae03a01753dea47814ea3bb51f646fb8dbaff55bc31935ef9e2
6263,Narcissism,good,g-f3560f7e0ed93b12,discovery,50044d229eca5090aa1005f68cf13efcf1d8e7cc8a7954090e589401b92b454a
6264,Narcissism,good,g-a3dbe7ba634eb203,discovery,cc1f2ddf29cb6e95c5da390bb0b5edb079c488e996df4d286c8cbbdfb8283dfb
6265,Narcissism,good,g-e9035717e40e5baa,test,32a3e74fe87bff45757a5118cb8b78600ffdd4768fe64756d0b2b6b1d9984d28
6266,Narcissism,good,g-9e43a649a8510e8f,discovery,3047513142fce24ffbf3f7f415746fd3e018ca16fb2ee187c45782405ed093d5
6267,Narcissism,good,g-d5896b48af20dd82,discovery,0589642bf88d22a54342c8529eb18f16b3a912448f5ca47b742ea0893a218fa1
6268,Narcissism,good,g-64637011f2292c00,test,ddc035231e1d57e51f112e56cee41986f7f77f38030e8101b39ba18e8f92fee9
6269,Narcissism,good,g-9250fbf9fbbdfb81,discovery,42a42ac3eb073cb0d0163aa4e43771a3471df1b882352a7fd522e6a36f34ae6a
6270,Narcissism,good,g-92faae04af2e77ba,discovery,634fef87d802593ad55104cd8945483fbb7573dad100ac113a26bbdee11260cf
6271,Narcissism,good,g-bceef0bdf2a40b6d,discovery,c9552e97d0c7ebed233a5865b407ccf95e7842dc3523529dc9e16f23e825fa74
6272,Narcissism,good,g-3e91533886003ee2,discovery,df917aa4bf24c22da7fe5335a29690db2aacc0a895527c6f90b788871ba3d3fb
6273,Narcissism,good,g-0e3b85ee2f45199c,validation,71ea093ec43491129d593c10a2acdf55fddb5b5e703650108ef19cac71908bda
6274,Narcissism,good,g-e13318fe9f287332,discovery,5ed18b2207cca4190447849b59f578f261cc8f485a0a31483de66e07b55adf95
6275,Narcissism,good,g-0f5fb56988779bc8,discovery,bbfe86ba5eb555ad6a6e4f0d9f3ed69d5813ffb30b18720f5ea132fc56b87d63
6276,Narcissism,good,g-4030d8e29fe496ed,discovery,36142bf631033a6fdfcd1a30ae772a7948d9576ba60894044c6d4ddf589d9d39
6277,Narcissism,good,g-21ec3c442895306a,test,de7922fa749547a4d90a66eba2310d612b0f7792375bf2892a89bd4771a755e4
6278,Narcissism,good,g-5daa100c102d9b8a,validation,c2459893da36105f4c6398a1294cd6a2368c6be63ee9da4aa4ef099912fd2e00
6279,Narcissism,good,g-bd3e1c4577458718,discovery,8164a343ef938ca51b4df60dc579a569050c9cf52c8e0e18e6f0a14ce788a9c6
6280,Narcissism,good,g-04fc1b627957baa4,validation,d23a98e6f775421fca7481c4e1d16ddee6aafe16f6946ee7a6a49d48be0464c5
6281,Narcissism,good,g-d83e4e4146961ba5,test,b7b7dca854ce93483a9203824565caa26f27985a89e92b410489b135f43ba31f
6282,Narcissism,good,g-8115646b3b40f6a6,discovery,ca57bf1586273881976551e983622d3e9d39f31943100878f418a612175ad39a
6283,Narcissism,good,g-ec7b983a113cd6d9,discovery,f92175b2ba2fd17d5a72ebbb10de38974bd0a57b2979addef370ef7821d9a2c7
6284,Narcissism,good,g-6eac7b9314a55200,test,21f376c5f2de05707e5aee3651ce99ec7896b7d20cbbc8150b8d93693c05c136
6285,Narcissism,good,g-aebb7a49638e836f,discovery,5e8d063d1a92db2bb104fc9f898169e3728c0dcb22b8aa92686368970891213b
6286,Narcissism,good,g-73ca727fc74dd84a,discovery,fbf65c911405e42feb89de515fe156538743e6286648bd76e5870d47e0b7534e
6287,Narcissism,good,g-469795e04ac3ef33,test,bb071ad7d17d5efc16eae1a969cca342620bf4dd80caa3b10292f159aed6eb3f
6288,Narcissism,good,g-cac0aa08b512817c,test,74b98d57764302018c7aebda89b6b36d751a7e22816d53164cd4f93495b21fcc
6289,Narcissism,good,g-3ceb9867205a9454,validation,60f8b49b7c060896b5baa741e07363dea09293a0caef1bb43a5b7c75dd385673
6290,Narcissism,good,g-7b7ed724817b9236,discovery,b459114a7489aa9b07f0bcfe6fe5821dd7fb056cdbd7ac516624d9ba21bb68f3
6291,Narcissism,good,g-c7c989ff55bfe5bd,discovery,e4e0709838d26390671dff98fd0971d8ac3cfaf9ced2dd4b87f62558faad1a0b
6292,Narcissism,good,g-fbfcf2b9ca123408,test,514f97e99f871291743d301198eda2789eed92265e2767b1c9492bd3c271797b
6293,Narcissism,good,g-14c28a2896eb9f52,validation,3eefd62b0e179e1fdca053e3e3051332264142e85fe7cc207bf0ca1b976ac513
6294,Narcissism,good,g-6de668b80256c32c,validation,60904abd8ff7fabda80f2e009446574458858746791b623fedee33580dd140cc
6295,Narcissism,good,g-7238bfb376de350e,test,b03ab97ed4c022558f841b4604d5519ed2395e074234acdd6f2b9c8c29327c0b
6296,Narcissism,good,g-e6f8fe23a3d54976,validation,30570ff2ee601ced7a7167cb4dafbe8d6619fec6594b04088d406560c0dfa514
6297,Narcissism,good,g-60f0a7d99038daa6,validation,3c24197040af6d65bc12da38d7c5088e81d5dd759471cef92dd25d7e972ebc22
6298,Narcissism,good,g-4cf7eca08dce162c,validation,80176fda7e8184432a209a0a2cd557916f63ec87049a837d02542efcb953c167
6299,Narcissism,good,g-f42b8a2bcf0515c9,discovery,abaafae93fca4984bfa773af6c1ecff7910586b8ae5d699d46b9f99903380745
6300,Narcissism,good,g-abe4b789c1bd3133,discovery,a83f71f568cf26803b87ac81bc30f0497bd18572b43a67835ea589ea3d90814c
6301,Narcissism,good,g-5abcb66c4fe9a962,discovery,356062b59ed164c2c2cf47457a3dcaaeb59ef464b649dbf4b54f033c6c01bd81
6302,Narcissism,good,g-757d4caa5eddd749,discovery,7ea6633542fa9086f0cfe882e90e068d4d885104c6df07d0ff12d6b45c597213
6303,Narcissism,good,g-df9fd071125999d0,discovery,313af7a77035314c7f1569d11d745b6e70cd5c6cabbeae0ffc405209254d0bcb
6304,Narcissism,good,g-05ad0c3c7894457b,discovery,5e3d8c519c60532c9d9caf4e0cb59ca69442a4fead5182345c0a48b54129a7cd
6305,Narcissism,good,g-3df67759aa76f229,discovery,1aec2688a3bdea199d7805a16a1fdb9b9dc05ea4585b14fdc7e79dd96b65bc46
6306,Narcissism,good,g-1fe4129461ad9880,discovery,3bc17ac52660ec75a77ecc8cc4efced27b0b057bd3291dea04fb772f23a7083c
6307,Narcissism,good,g-ded5038d7c3524da,test,c68ed1c33d2dc478b935f9583d57ab452debb055d88c519ae6f03860f5f11ced
6308,Narcissism,good,g-5822c475314c9aa9,discovery,80b7d26713b4defd27736ed8cbc0419179a3d45f7d3b3e3fad401c509f2bc083
6309,Narcissism,good,g-08c96bba0b0c1d5a,test,cd142d7a73f1a503fc3486a3970f6072ff3f253b842fc70d5c01387d78c881c5
6310,Narcissism,good,g-531a56fc3b7dbf36,discovery,6b43de87824a3a1f23a532a5c237f47048368ef3219aaff450d4efcd8f383e1b
6311,Narcissism,good,g-9a85a79d3ea618e4,discovery,45ee7eecfecfd6d5ab8f300eff79c3d947fb327e2c70ee504759844a6876b764
6312,Narcissism,good,g-7a57805971aaef30,discovery,98a929bb16e5a12f80d5919022968cea197b9655827c1eb58a4b81b91f183ff5
6313,Narcissism,good,g-2f4d2c973c3b1494,discovery,912641d8a3c1c7ff8b3093cce982bf13e03c4afe6cb4107a2cee872638c41f3f
6314,Narcissism,good,g-57a71a32002e6caa,discovery,49f70085972ee9adeb7652a087a62af823fc654c0882fb84a3c709e10bdfa749
6315,Narcissism,good,g-2cac5feda9957920,discovery,1edce9db2623d74251c3dc26a5a75588a0fdd4f591619aed2c84ff74ebaef63f
6316,Narcissism,good,g-7924638e5a170018,discovery,d47cc98e55109162d7912da158a497e93ec393b9d5a14b4e473d4037a7533c92
6317,Narcissism,good,g-e5f82c043425c8f8,discovery,5dbdb3a27eb0da73c735b344af1606bc263982e69544329d7cb7429fc861aa36
6318,Narcissism,good,g-485a1c033c9b5a1c,discovery,fde5a7352bf225ddb697d8ac9ca04413b8310fb6b099685fb123267e1be4c857
6319,Narcissism,good,g-914a28ea2a91af29,validation,8575ce0a0648c6fca89e97caedea08f5bb23d5a416ef0dbcfc0c009ec6303177
6320,Narcissism,good,g-70cb32f3b3b90fb5,test,501fe02a8c46c1fbc39299d0cb28419cdafbf04ce7078feea247ae78a23340d8
6321,Narcissism,good,g-cb4cf91fc3ca1b22,validation,898d93fdcd30a39da34323507bc73d78941cc73e4e39fa749cb94f0e520e31ce
6322,Narcissism,good,g-d45e2335cd2e0335,discovery,b3cf959cbc383ab19cbd7896abbff466ed28788d0be98a9bdcd88be73ac90e02
6323,Narcissism,good,g-2a9ed26a877b9c90,validation,767e0bce7d7aa0134b1333fcf5c20af16c88286fc6bced250e83f45e974c5958
6324,Narcissism,good,g-b0c82f2a7f290be5,test,a94d45774c08706ac812a0208f401bea8cc42eb2bbd4289af780194f8cff3472
6325,Narcissism,good,g-127f2be83451e951,test,67eac94beca05b3357bef4bf461cd5dc090e2f15573f32d2bb582f5ada50b4ed
6326,Narcissism,good,g-365f93d8003ddebf,validation,dd938748a33ccb00b2580591fa64694f6a40643a45fa9d98b7ac08a2171fa176
6327,Narcissism,good,g-ff76e30d8c7164db,test,037d771f82e8f3be506b56c1e8fc136378e1bcc2144d675ec2e85c9e06347f13
6328,Narcissism,good,g-92bb11318fe9696a,validation,332311722b4070c9b0a0af9fe3f8c59ade062be6fb2bcc1cc3eca234a2d5ff3d
6329,Narcissism,good,g-c18b7b14a3469038,discovery,99c203c08358eee764e5f301104ffd461e326ffe9ab04ad05d085937225e4e9b
6330,Narcissism,good,g-2da42bfc56d029db,validation,c452e60a1290d4d90af060bc0734b00e6640cd2b3f65d108bb6dfbe82d6f1c63
6331,Narcissism,good,g-d5156ec2f14fa1c4,discovery,91f5f62f3dc34ab5a99c3c437ce53e976bfcfae7f1e540e6837f7c0d035a1456
6332,Narcissism,good,g-0e10d453da5e1355,discovery,e87198683de1010cc5302ab386db099de0d301460697d8ba0f9509975b6e9c35
6333,Narcissism,good,g-c888e44b579c74c0,test,40ac6ed1bd8ebebefb31897e361dcb7af43ff7d0258c2bda6780731e600728a4
6334,Narcissism,good,g-cb4018520b96e8ec,discovery,a5d73de6a4531983afc65d87697519afbb282309d8d9b43039d5a92efcd009e5
6335,Narcissism,good,g-5549aed2e8dcffad,test,366da73a38db9695f4977cf182fd58ecb98ba5b82d5399fdcbae8ba32ed8d1e5
6336,Narcissism,good,g-1a07c4ec244e0b84,test,bbd18d00df2a85a1c4ff351126d48cdd341c0ed7b656998cbbefa4673bbfabb5
6337,Narcissism,good,g-9451cb4358aa594e,test,6ffe104e54668e79a8bc27a74fb248d819753abc0d88c42987c76d984b7f6427
6338,Narcissism,good,g-55f32c3fbb81a007,discovery,e3bea583ce7b81e9847d01f4c50adff3530cd3703ea16bf9adb80efd7729c6ab
6339,Narcissism,good,g-cd6f220602405478,discovery,8b4b1154792650c04efac978c7347948f7829d663daad82ecc75b11016c7b47d
6340,Narcissism,good,g-e8463683d5a470ef,discovery,3d6fdfdeaf4f2b8fd145a23ae55199b7a41b05cc92c9f81b6ec6157e6324a16e
6341,Narcissism,good,g-474dfbccc79ae04a,test,31520e79977c87cc8ab01e607e095e6b4dd915b26b170d759b7292c9589d55ed
6342,Narcissism,good,g-5e56ade1c44f1ac3,test,a3e4cf599c921f23c1b36fd53cb2095b21d7329ee11ddd9365c5e993c2c98604
6343,Narcissism,good,g-2318395d6afa9788,discovery,bb16c8c2e4cf5fc0b79f267b6ccbea039c161daa49096077d4671e07920612c2
6344,Narcissism,good,g-e5b5d52a36bd47ee,test,e2aa5963b5f514d19894347a708f92717197cc7f321fac47c9197fb838e0f10d
6345,Narcissism,good,g-6357e3fe34a662f4,discovery,0388eb25f14a9dd42e06ae39a7c6dbaf5da0fc86c655c58ea1605ac09f8230d7
6346,Narcissism,good,g-c7250c51f19efc43,discovery,793f4e43f229ff35915fd31791c180ac794682c31c1d888976e1eb42f5cb1076
6347,Narcissism,good,g-d1150d784e88d3ac,test,de25b56a4e80a8fcdcccab4a9746b658b43c2f18d289ac13a0e86796d688fb49
6348,Narcissism,good,g-73d86578bdb4ac61,discovery,c5360aeb73bf17e5a0444550b6456d4882f73387ce718848f0f04cb80777182c
6349,Narcissism,good,g-e1a957326493b7c2,discovery,95d36aebfdb8d71ff2e87448e85eb00e6852cefe33c78f19942712635cd97caa
6350,Narcissism,good,g-5f06c3350edccb69,discovery,5f39b7d6b6555b29f52d286321dd189705cb7367b3448a02340fc35d0d0353c0
6351,Narcissism,good,g-b1c6cf66e8f83dfd,test,e18e5ed666d5ac7ae396be7f4ee9a00255ff23976bb61d06b41036dcb5d6a94f
6352,Narcissism,good,g-4ceb978acfe19efe,discovery,c5da39a5210d515645925738b918329b0429bc4cbc8cfcb73ec542c5caa9fc92
6353,Narcissism,good,g-bada7ef2fff67d6d,validation,e5f5f92c1bf32c40e73f404e5dab1faa095d5280dd1e1540ec0684fbf709c4f4
6354,Narcissism,good,g-d80678308c81e0eb,discovery,e0d88edfb0cc185bb4d3f66de5fe65ca8c1c248e6fb9631e73b383566fff5bbc
6355,Narcissism,good,g-3ec23eb98811aa7e,discovery,fe9183e3808c43686e04c6acc8c2cb2554727a950a18bb3365d874714e845dfe
6356,Narcissism,good,g-4812d95419621aef,validation,05f201d085bf30faf3341b199521916f13015f4b9b773965a3512e8a4f6955d1
6357,Narcissism,good,g-b42906629dfb0d4d,discovery,a8583cccedf9a4a62a6029f27f3ede676245c5feb7b8f167d0abe28d11fdfc29
6358,Narcissism,good,g-7329f6f490970303,discovery,b5c824a43efff4f2435321d3b6da62175bfa24b1b815585db67e7cfc333d0064
6359,Narcissism,good,g-ecbf48ff3a9eef32,discovery,2a50be893a08344d1c663b89207329b8058cd3c7a32829d2922b666d4e413613
6360,Narcissism,good,g-508397b5e8ebb4dd,discovery,32bf384b2ea073828227d49ac8661691d6649bce9b33052b6a98372588c92dc2
6361,Narcissism,good,g-2f6b51469fbd2e95,discovery,8cb5ca51437ffff6c7481785985abb4ee62c5c4b0f2eaf5f0a3eb0f84812fc92
6362,Narcissism,good,g-26fa17efa318f028,test,203a868eee86854ef6871bb1ffc34a0824d1a747b53aa66cd4954e3dcabb0c15
6363,Narcissism,good,g-763068f6e23c2886,discovery,8b56396eefea0c95ba5195427c26aa238a16be7c6980fe4f29a16833b02476a0
6364,Narcissism,good,g-d47fcf9421803d43,discovery,7996ee62691d48914b3e01ede30a43b1a1b825400ef8fd69e1e5dddb1a94115d
6365,Narcissism,good,g-d54c7de49b082a0b,discovery,cd11df857efd472b6e16b35098427955df6c7b8ba24aebd53ce83da4ec924d19
6366,Narcissism,good,g-e3635e3bd4aaac8d,discovery,aa72af9dc91c6f62a8d875ee28feadd3063b8f8fdd790a08d81e750b2e4730c5
6367,Narcissism,good,g-731fc8189ecdad23,test,b43fe98505cb4ae3171fca68706b24c774985a9ee4b9a18f6618eb845dae3ef6
6368,Narcissism,good,g-1a1c027d346ddfdd,discovery,f22fe74c2d5a7ff837bac636b2b6836aaa4553fc5176b61e83eb231a87cbbf40
6369,Narcissism,good,g-8d971c6860653a72,discovery,be270acf33f962045c19332109c37a7b37e471f36a0788b2433bf4377bb4e505
6370,Narcissism,good,g-d51a7e811eec8905,validation,2411593f0f6b2f064c7924d976cf21ba2ad630faecf8594addd97d1920cd2867
6371,Narcissism,good,g-c12d127c199b80f6,test,136def88612227823a32e515a69a63ac1629ad6d720dd37bbb280382d88efcd5
6372,Narcissism,good,g-c44620ea94571f35,test,08d966d7cfa2e2ad41ba51aba7100aaf9db8cf96b2cf46ff2057fcca10365611
6373,Narcissism,good,g-28830bb2f3232740,validation,b9255a3843cbbd53ba01bb4a7050eb3b731f66a47061db660e0e7210fac4557c
6374,Narcissism,good,g-0ec543887bcd4b18,discovery,1e9d863518e3f9787793457a2eade8aca596fede0c7402ea6f4b12cbc524ca7f
6375,Narcissism,good,g-200f22d2671a283d,validation,e2ad6c50f0fdd3fef36f33614e64efde8dcda1a7634654261c6da3c7dbb7725e
6376,Narcissism,good,g-fc5c9d93fe581c79,validation,6d897fa56fb141d880f76c6e2ae6e6b0b6d04f59d6d5f6242dc9d015ace5a85c
6377,Narcissism,good,g-cc915d4cc1ab7f76,test,9e349d6b4371bcf191fd336fb7c187d01ee551383e2e94746d724061ef3a9ff8
6378,Narcissism,good,g-9abf707c630a5964,discovery,fe9afaa45a01b2bcb96881b01c1190afa68a4295ae0260ec79022c24792b8b18
6379,Narcissism,good,g-39305c175590fc4e,discovery,0d3e7cf5ca2d8317be562e0be0a06072ba9e9d5e0ee697894cfdcc514e1a893b
6380,Narcissism,good,g-1117d320dc6b340c,discovery,fce95042f33354848058f0926d525d83123974b10d61fa110de6e882859c1fb0
6381,Narcissism,good,g-ced74bcd257c07ba,discovery,759b90cdf4741547f3ff81a9e607f6783ec17cd21822d98e7f722b16abd49039
6382,Narcissism,good,g-4ca2d6b4dc971c63,test,fed39a1f64b1f85a648eecd09e185cf0ccb6b6fc7e5be644ec71f08c30157ebd
6383,Narcissism,good,g-a8076983ee7d82d2,discovery,44ab370a1703cf935baaab56fa17d4c26eac405eec3d2beba357e67bf46795f9
6384,Narcissism,good,g-2f301e834de9cdcb,test,922b5a490e28eb7deb4a53bf9db3a0240c6e141f620fe86536c12c294ebae90f
6385,Narcissism,good,g-70d40d5580a056f1,validation,98547a9397b4875345b0f83936823b1fb5e6d5a0e2639fae4b7078da7a6402d3
6386,Narcissism,good,g-3e44a63cb232c375,discovery,6ec315e601f631591e76bdeb18ddf506c5b5a41cbe86c7b24ebb0f9438ae04ba
6387,Narcissism,good,g-942d34c6b2382647,discovery,8bc9fd3ae36cd2f999919086eba2e1bf499a8c0c548943949d3016f95ecd89ec
6388,Narcissism,good,g-1d64ec37aa04919d,discovery,1d5fcd72348fefa6b9b76ebed3d81786c320e92014b8e0c4cc5b283387e3fb9d
6389,Narcissism,good,g-dcaef24242f602ec,discovery,814d4bf2f1469e649c58aa5871a6a0c847b6e752dbdbc1a4c987b45b3975c423
6390,Narcissism,good,g-f6187a4a43f62c22,validation,e7e30316f71ae0e0c2f9718c50edc726179ea0802de8bae307a44a645f844d75
6391,Narcissism,good,g-556b22555e1cfdb1,test,77f210e6030379dddbff011f2c6855bd3d174fba6b6e722e26f8ba769ba90814
6392,Narcissism,good,g-de4d551c36dce084,discovery,abd81bd2cf5f71d40951e06577c516a4d6ca363b14c0a3b21dda4dae7b25ece0
6393,Narcissism,good,g-9d0259e85475853b,discovery,4fbf555e94e807ce743d515a484e30a4185b723d3ddb94ecf860f83953a1c74d
6394,Narcissism,good,g-e8f301768a795919,discovery,0174be97a66a3aca150ac6eb566c8e24e412aba0bbdc2416ee5fa1b7bc4485f3
6395,Narcissism,good,g-1a5e153c2a51c72f,test,a156ba6b853e30faec28d4a5e40608ef087e2c0412b0840120c23b73f7b18c5c
6396,Narcissism,good,g-623fcc417161f088,discovery,2fa151060445a58efefd493a03db452bb3b6daa74ab38fe5200fdb98b476c9bc
6397,Narcissism,good,g-9775c5df5c2ce038,validation,870dec62228505d4850bf6edfdb62ac9f181b8de6aff09f3f1b285fe17da3f05
6398,Narcissism,good,g-42c086dac574f4f7,discovery,7a3e4db4f48b64322d0e0916a034809661c8674c62ef73e7ed7282ed4dc824cb
6399,Narcissism,good,g-653084a12ae17532,validation,971cf36ac95429ba15d637b7c9bc8e93a18f7ba80c49c3ad1f96e70d6261e800
6400,Narcissism,good,g-ebcd2bacdfdaae16,discovery,05448f1abfe3814d61cc1a590a267006042f17e69eb8b43c867137592456f043
6401,Narcissism,good,g-6f3aa6f280d7d3cd,discovery,e0b1dc6a15cbb60d7d5f62ee20e0c21f5fb8fc4c35a61710f0276bf6b5c3e447
6402,Narcissism,good,g-64955b958d605bfa,discovery,c32923ef1aede6efeb856d6dd306d6b8d86eeefb35b9477141ea17bc7ecb74ff
6403,Narcissism,good,g-669ea86d228625b5,validation,f28b8a18a07195acceb474a9772b32cdde0788072749f1554a849ca18f8fc5f8
6404,Narcissism,good,g-2bb47362f283e345,discovery,90398a2b79f208695136bdcabd590f1bf269a3e17e9f2b07f4945b7593f59e6d
6405,Narcissism,good,g-5a0feaa9fd218406,test,c21e95ad1013122a3a19025678d43ac68ccc5d646fb16059a36719283ce0bc78
6406,Narcissism,good,g-d37d6eda0b44c978,discovery,4a36aef5076bd320f537de0df50a46818393162d8000c961a791de1b9af3e5d2
6407,Narcissism,good,g-58d6cc667f38a148,discovery,c9deefcb817adc22869c5f1b83c3172548b25c0bd00d6b92ca5c3b4fc47880d0
6408,Narcissism,good,g-e8ef3fa219d13ae4,discovery,dd59f26360325256b986acdbb233ba9ebbe27545fc775590ec66eaa0c39a9003
6409,Narcissism,good,g-2859a412855ea1ab,validation,c81eec9446718fb021fdaa933a55d9ec719f396335b223f9e6b88f8c33f994c7
6410,Narcissism,good,g-ce556e606cc64756,discovery,95d9e72f88b61d04b7e258e5358fb56dfea5769e0c3fd8c6a711cf61b81b707d
6411,Narcissism,good,g-1fa359faff1e08a6,discovery,d7b5a6339d7b33e79ecd4b75d052155513342d63e5481d65b4d899d058019bf9
6412,Narcissism,good,g-9d16c2cd03ddfb2b,discovery,b731b818b0272e60a070eb25953ede037bbba83c37cf67406a8653448d4b5a29
6413,Narcissism,good,g-85de318421280936,validation,95c2674554de52ca16825999fcb0666d74d68a86ab33985aa893476ca338a4ed
6414,Narcissism,good,g-dc01729cb791e59b,test,f6a1bbe6d0e5f9fa2871678cbf8155bd559af39005591c524f5e77a458f4afe0
6415,Narcissism,good,g-ebac82d0c12d8b62,validation,74701315fc7a7482a36d41b10ab33e94cba60472e678398251f1f7557d3cbbf4
6416,Narcissism,good,g-9e8556e92fe80e02,discovery,8c5396a049b8d69caab7ba2115d0f48ca603da02ecc6cac3f4e533376ec355fa
6417,Narcissism,good,g-9271093869efdf2f,discovery,170431eb952ed0e1648768206cb7041af60340448e5d13640733aa342c153f05
6418,Narcissism,good,g-75becd4bec3936c2,discovery,ed150b1c9e03780ab79ac7839941b5724053dcf9c138dc90b8a44bff58bad913
6419,Narcissism,good,g-3908d860dce23408,discovery,496bc4e85d8bbd949d947320e9a28cedfeb4bbffdeb536e1516dc55601d5af06
6420,Narcissism,good,g-b26ac3c874cce9ed,discovery,2c595f6972c5fdcd38f5da0d04264e5e2bd599b6b14b58f1b4aa75ec7e18c15c
6421,Narcissism,good,g-9da83711889752b3,test,74c7f01b4cca64004e55d1ebf38f2337cff2bbd1c986c9448478aed6cb2d501d
6422,Narcissism,good,g-09a6c58390f9b669,test,137997b3fc01bbd194bd877a743e651f33ad1c7e61a15798c9bffed504336486
6423,Narcissism,good,g-5bc3a374725978a1,discovery,b1461d483485b1cba53fe683854ea1dc17fa296dde46c7341cc30faad96bea23
6424,Narcissism,good,g-0b15b5f12d65e065,validation,e1e1861216c0f3fb16fb22016e8e635ebe432c6a7d4711467791e93fb7bb5391
6425,Narcissism,good,g-28b74d2c248c405b,discovery,ffa2c68a7d2f733965f13373f0e0cc96c308ff428a9aead7083f0b5a70838dee
6426,Narcissism,good,g-70680c9a981fc751,validation,5d7efa0a95216c6f4b3c8a9863f9243cdd36fbb19e811b9bc04ce61446e6af51
6427,Narcissism,good,g-63af9654fac07f74,discovery,28989039a07100dd71b0aaf551a190fa32b3564c010873777e0a01b7978af1a8
6428,Narcissism,good,g-655c01caef7b6600,validation,6c2138ac82ddbbee88fde9df608b790ab325bb626f791e9b84626efce692a0cb
6429,Narcissism,good,g-2ed8ac37fc6ccfc0,discovery,1aff100041c73cd649e894b75a23501ca3b484f72639e9bd6e4e5861b593f521
6430,Narcissism,good,g-5cec1a9975744420,discovery,e5cc6180c76710a3111afee2c0f77df25c78d0c1cb2c279f9860358c5b328af8
6431,Narcissism,good,g-865178cccd508800,validation,9a5aa06be8b39f9266bbbbfe00df98c9236d5b0057d384a60aad40434f791966
6432,Narcissism,good,g-6618b0482449904f,test,5a68ed301394c9eb287c906514c880b0237ffd1619405b813805124206b1153f
6433,Narcissism,good,g-5ee64d9180091b6d,discovery,68a190cb096a4df0271f6a81bfc8548ac785184773c386267452c9fb182bc01e
6434,Narcissism,good,g-73ab6cb8599ba2b6,discovery,7efd7a853ae5232fb0d5730befdbac4f4c2753b3b35492670d309f2d6f185faf
6435,Narcissism,good,g-869cda877ebbab3f,discovery,71ec101091df0195986f80d12d0e30e21e62b7d1a5bad5c3f2b713af308a35bd
6436,Narcissism,good,g-8b7017937e0eb646,validation,7547196c8527be86d558f2bc4ca56093afee56b23f9bb12c1281231fb598c9a8
6437,Narcissism,good,g-9bcbd8ca8c97b4e7,validation,88cb88fb62b6210341ce3a2a3907596ace19ae8997e7e029681b32b8ec80cc13
6438,Narcissism,good,g-7aa72d9ce1afdaaa,discovery,0885f00cea301408ce0934ac2987dc807a7258a30651906cddc41b13eb16a7bc
6439,Narcissism,good,g-16a19c0a23e80ed5,discovery,9db24507d650f331a0f78189210a65213c6b02453780c87daa9349e2a0e26527
6440,Narcissism,good,g-17524d952264dc23,discovery,af614b17f7e4859132eaf1177d511e7e1e7b09ae7db3007f6f8fa600021e85d5
6441,Narcissism,good,g-7f2dec0a65f70ad4,test,ce9fcb956bfb18fda568116b55a23f794fc710a6789167d822d39d70f794b68e
6442,Narcissism,good,g-fd1081def482a21a,validation,9b1e64cee11420eded8dbd306e9e5f302b00368990ffd58e6d6e5e66585870ef
6443,Narcissism,good,g-0e22fd594558a131,validation,49e975c3f1cd6076a44c1d9f51b6e147c3d8a5cd46f7ac3db0c4387ca001adc8
6444,Narcissism,good,g-0a0d9b4df72154dd,discovery,5fa99db907886dbd92e07393d4a3b27b35dc245a9ecfcfc27e47df9f252cd6da
6445,Narcissism,good,g-94a3ded68e1898c2,discovery,0e9a1cfdb90e70db8f19da226b812cfb71436801633e937863f6527859b9abe0
6446,Narcissism,good,g-e07d9020645221dc,discovery,ea58a40f19365d0d8b75b08774330d1fb2709a52b7a9aca47a403d49dc8754cb
6447,Narcissism,good,g-632050ce602f5d02,validation,8f23aea633886a0eda06d0147dacb08bea040fbc446e861b01c92376408ffabb
6448,Narcissism,good,g-e0bc8569cca2e529,discovery,135b9afd82d0910994389b7cb26cff540e64b30568c8b2fbb0820af987ad416d
6449,Narcissism,good,g-ef6860b231aa88e7,discovery,b0617fcb1a9f2c72eff336eb019146d24c24f8b667fd859bb00fd0ab87bf3993
6450,Narcissism,good,g-faa1f8999c5dc0cd,discovery,b72c76794779ae22f39295b7d83815bdb1b3d862fa29a25a7c2f2bfaaf2b7bb9
6451,Narcissism,good,g-efb71966099e45bc,validation,904ceb99b565cd1aaeca35c229638971979de068836e8c6a625fee01e0578815
6452,Narcissism,good,g-dbd211341ac602e9,validation,b0ca5a7c22b2972dba377e173c4bf3c839ee464c5919ca9cf39ce2eddc29aff2
6453,Narcissism,good,g-43f4518ba25f01c5,discovery,34ce57ce46ec2fbc1093ca9f8b01b32d6a9bdfac44e1cbc3b10fbe66476c0d8f
6454,Narcissism,good,g-e51a8d836561208d,discovery,0adc5b33db86514a4cb7ab1f855ce4171f40e578d7cec05f801a0f3b650fdb6a
6455,Narcissism,good,g-6ebaeb095cfe97ce,discovery,3f13d31fab17cf0d59b84a8c4b9bcf0962a01dc6b82fd8b63dc94e0ce0cb7f4b
6456,Narcissism,good,g-b6838832f3b9a514,discovery,b814f3bbd40d111c82bc1ad2f8eb59a43eb135dd4e535ed179cd623bdafc51d6
6457,Narcissism,good,g-a8a6d556acfb7008,discovery,30d1dffa23f3539c3a5f818865a4c3cea4bbd8c6f002c4941db68ae06878e1c8
6458,Narcissism,good,g-a2acd1c0470544cf,discovery,f16ccd1feddb99c6063564f5714b3db05ff555f330a9c7fee6985f833482008f
6459,Narcissism,good,g-5c0d28adc3491bff,discovery,d342ad5dccef854cf273ec2610103450e321dfe163a37c42a8a95e0244a34f37
6460,Narcissism,good,g-7238c913b77296d6,discovery,3b2380d156956e3921a91b99f8b6efa27fa4376d8fff1c146837c07c0155dd27
6461,Narcissism,good,g-a0a174e0e9c4035d,discovery,1c7d94d2ec76086a4f72673a8872c3d69496a705f47894641e8f3baf7ecea241
6462,Narcissism,good,g-e5848e03773ed4bd,discovery,838ffc46dd2ab67c264b2a205b89b18368cf21cd1a3a3a4a2ccc75694997a598
6463,Narcissism,good,g-543c422917249a39,validation,3c08325a5d950859dd8bda8a88e72507086706086b202533a5be616987b89fc7
6464,Narcissism,good,g-ca628e6a7d58afa9,test,f83133114921f838b4a4eb1464511f07f30d35e8a849b4670dd9ff0258142926
6465,Narcissism,good,g-462a61dbc0ceaa79,validation,7e09159241b1c2bd4d3d2d06eabd51f2d4686e077a4424e7ec8ed22d12c79dd6
6466,Narcissism,good,g-8754d383f4df957f,discovery,9bef86f2be6730d16a6fcf8f8a0f79f588596ecab8d3393feebfff069d473939
6467,Narcissism,good,g-b7b1941271d97d36,discovery,8d3fad55ddd8f6fc2cab65d73e77140b61e6100578bca645ed6197f250004e2f
6468,Narcissism,good,g-3279a54e7205d12d,validation,6814952b56347c5dd72930a25b5342f5d8372e0d4fd75f190b2bd595b7906b9c
6469,Narcissism,good,g-c74ff175a9cf477f,test,61fe2401f6a5525fd226166054af7590c9940b827cbef6cbd1af5876fc5080ce
6470,Narcissism,good,g-9dc32963dc7d7598,discovery,2db5adce06385c542b731e9da0f5043a6c98068f38cd213e993410c37701b1ec
6471,Narcissism,good,g-336c059866140b5c,discovery,60cfb6cf2f59391f0e964d36149f56876f59de76ece869075bf43a3bc0b5452f
6472,Narcissism,good,g-d673f3443b1a94c8,validation,abdc475d7a1c4686dca97242b0ed7dfe65a604d3e639e2ab224eb6ad852feb4c
6473,Narcissism,good,g-10059a3051682635,discovery,ddc392879e0ca4069f3be44fd7e32c0b158db4be65469123c2c809799907281b
6474,Narcissism,good,g-d78c5dc776249275,validation,46bd51fe91b0e01036f03b49ca474a85f9cd8dd9047ce5c0d88a6f74e4a46290
6475,Narcissism,good,g-450c7a0927d84a41,discovery,65d0a7eae12f058e570d53687a7f76e69041cf35b5c6df5ea0ed25cdf8874455
6476,Narcissism,good,g-78d162416e3d0156,discovery,40ee194acd951a78ba09892c4a31e2ca26c3e19e5e85405db0305e1c19e5306b
6477,Narcissism,good,g-b74890cbfc075eed,discovery,af81eb99d7da5036a20de0d7f044afb66a69e96334ef04858a34830e0b80b56f
6478,Narcissism,good,g-8a6b91e0ab005143,discovery,00aafcafb08fbf095536a05fb486886a9931a7a3f971d604bac9583896537761
6479,Narcissism,good,g-98b409a46012be8e,discovery,f6fa1b2d3f2e112684e7aa69ead9d816e4c96056c69fbe17539850a4d9813524
6480,Narcissism,good,g-ad2a277fd3553a81,discovery,2c7ca8b4cc504b502e7fdfc25f4d522b14002b07a64239d850be1da3a1fee857
6481,Narcissism,good,g-7865498ca36fa268,test,14a3ed5c0969bb5cc182e804e7e8a41147dabd9ee8ea6391a53e60df8a45ae1f
6482,Narcissism,good,g-6492ed92b730f184,discovery,7de6830fef90640b681665034e1f148291b0a70682681af58f80f56b56ae2110
6483,Narcissism,good,g-281d79f0a32d4294,validation,a36b763703e7d92fe396df062cae9d5f3ad2483fe2e4b4bb6c7193a28440b9a4
6484,Narcissism,good,g-911168e14ee585c4,discovery,1849d6a0abb26171d7520e05a35f68b3c5148fdc36e15ddf806d41c60d37d5ae
6485,Narcissism,good,g-0127fe86cf9afc53,discovery,f2204841f4a1fd3203f5cb622b8ab36e0df38adb25f5b158cfa8e850edca804c
6486,Narcissism,good,g-eb150bbdbd8a32df,test,0d83ceb4e216a5544867bafc486e526950d60239975d0b9b3af92ebf538329aa
6487,Narcissism,good,g-4afe3334a25ad229,validation,7765776b85b32b0832596df7411ff72d4f29d592aeddff80d304422dbf206eb9
6488,Narcissism,good,g-18fd281dd73de969,validation,b4e8806130f7e679061ac7596d7caa19bef40e1039106bfc33777d54e2a54a51
6489,Narcissism,good,g-4aa94f504c8a5c7f,discovery,a500c11c73b451aa2a2831968ee3c1e0c2ae0e72ba596a9c69a9aef40688fdf8
6490,Narcissism,good,g-cff5cedb61f5477a,discovery,b8d266bf6924733e9d9d18f4fa7f1163dbb1e18c6d7f4037aac881fec7a91912
6491,Narcissism,good,g-c5d75839890524a9,discovery,4aea773220da81a428521a11cffe4cec9404f291e256caccdb9d1e8dfc07890f
6492,Narcissism,good,g-0d7bc9457b324b0d,discovery,d9ab43ab2cf6d41e8c7d2e5957ef1979f6f516b1462b821f392462deebdb1b91
6493,Narcissism,good,g-2f793e183647d36f,test,79dd212a3c523fc8eff9316060742608b321589ed6f1e072881745de4e6c673f
6494,Narcissism,good,g-8e96562c8378fe24,discovery,664379154dfd9a81c491e483f22a57ffd74a08a90400a708dd1364ce16c37ea2
6495,Narcissism,good,g-1a4b0de76ca0a10b,test,881482a9e2f309b743e9937e39f5c2628cd36a7797844a7f8c654e326d499455
6496,Narcissism,good,g-bd1c0ee8c254215b,validation,466c1bef7dc24425887ca2c07c982fd27a9965ec237083c0e226ddcc6dc3307f
6497,Narcissism,good,g-8d2f55b263678d59,discovery,dc2d9f5bf5de5a9685059d9d5ee10333636aa6b97c2ff4cace3f1df829bd6e9f
6498,Narcissism,good,g-34fd01b4ef7a89d4,validation,944e32b41b152d930ff4e438008f449884b1de3c586cedea9f76fafbf92b43b5
6499,Narcissism,good,g-a646159cf878c44c,test,7b3292ecef65d797da9ca8c9b32e68f9bc8abb907ae1be53c54056430810b7bf
6500,Narcissism,bad,g-cb618aff6efda417,test,819109a6f073ab258ce49d04ca59032fa63eec3f3dd7659e0a5ea989018dc637
6501,Narcissism,bad,g-2c0c134d2cc6237d,discovery,b37dcfeabd03a45793609087711c1b042a20d487ae5e5f0ee355ba248fb767e5
6502,Narcissism,bad,g-86796083b7dd2aaf,discovery,0cb7db3a0701d4998f3c4772e1cbb666ad52db87c7442e3ca8b7d59c2836fd9c
6503,Narcissism,bad,g-a61180751d1a69c6,discovery,967b42f03b35c4fa25e9191065c578b7a610a0c42194d70184352222477eba15
6504,Narcissism,bad,g-6b9ae022f45b4356,discovery,46805c56e00cda2dbeaa480da22934050f12a52112f30d764707907f11049cb3
6505,Narcissism,bad,g-d37b6ae0ac7c3f5c,test,afc91ae7ac77142eef6dd0d8f3783357211d3e7121b29646aa6bb70076dc391a
6506,Narcissism,bad,g-24f32853e8b8d317,validation,9651eeefb19c108cafb1a9904ad330aabc158b4798328b57e39619afcc841f24
6507,Narcissism,bad,g-77568b749d8e45ef,discovery,65d996fa4113e854f123a4cb4229d8070ef46eb78aa2a3caa31ebca8e05e17aa
6508,Narcissism,bad,g-81baecd998e1df72,discovery,5ec297c0a7dd8482da2b576f0cdd038602f6b6f54e7e47b9d9875434f3cb6971
6509,Narcissism,bad,g-a6e85424e53c12de,discovery,435c91e13f2b67196b8fcf27112e06c555b08618d0a30dcddc54fdfe7f72beb4
6510,Narcissism,bad,g-a7b8c00183a81134,discovery,868546c15e2e225c77391e0afd9a187a2648b57fec6539b32329cf335a4ae000
6511,Narcissism,bad,g-0a989e7155c387b8,discovery,9130fa843e3532901d6b69a86558d0a2688fb1ec0832e93c6738fdfbcd6b520f
6512,Narcissism,bad,g-4606c2bb0a9c3d8c,validation,7ae3c5838f233439b96884db2d0d3dab5c31c55745afae3c87fab316bd485a25
6513,Narcissism,bad,g-7fdad84c220e353a,discovery,4756e01aaf6e19f18ce17eecefd5ff83b99138a11768ccdf6fa5fa3ecef5a577
6514,Narcissism,bad,g-c31957e8d00488c0,discovery,6d9c9bbffb11bd2d4b975414e41b6174d3e491284f4dbeddbafda45dbcd04c43
6515,Narcissism,bad,g-19832fc510aefbb1,discovery,c1b7bfcf333b69ec5e3cd2daa3b92ecbc31e3651fdfd41710751163a5b6f00c8
6516,Narcissism,bad,g-04d7a6bd9253029d,validation,37979060b8141e9013687c24d89f8a8c0dee6e11f8772859ef4e7b2ab0dcdbe1
6517,Narcissism,bad,g-0bf09c38d411b366,validation,c9ecb8aac4c2f7fa4c83d68e1ecb8d18f92169178b742641150499b04ae0bc7e
6518,Narcissism,bad,g-0d37bf66d45e753d,validation,b80ea332556481a41d15db30c223b9aeeed53ac1380bd1f0d4921c049ea0ff80
6519,Narcissism,bad,g-4f09f35872482c8a,test,8ecb1dedfa12b6390055e3d75a21b2238f8afd0a6d0da19ddcca70b23461ef0d
6520,Narcissism,bad,g-cc8f4c6513cf4be3,test,48d8b6b4194c6bb038eaf9e267b13746b127572f5d69974de54163f64857d8be
6521,Narcissism,bad,g-eb0a63757b29a1b8,discovery,486ac338d94fc1fc2d435d5f074684a8c134fee92381b0f4522584b93a044ddf
6522,Narcissism,bad,g-db230ca995165d24,discovery,8defd2cba3ab0d53f25058f2de68b9becf8facad2cf0b0ee719976a1664ae947
6523,Narcissism,bad,g-3169dc954d43af70,discovery,48c32372b22975155ad0f220d31a4f174e8ed5617c5fd5882fac5967df156810
6524,Narcissism,bad,g-1b4982edf9519624,discovery,41baa8f5fcdc7f335c9d0f624c234ac04bd9dc8829bd9c3de0764563916bd392
6525,Narcissism,bad,g-c94813250cb505db,test,67191d3db0bfdc0dc17685a47c1e2bfcb1d9ff54fbe2f45a5b47fac6fa36d5ea
6526,Narcissism,bad,g-61617d8f066adfd0,discovery,85e37e36a662738879368d4151542c0cc7c17602da307ba0ec90bda8e12fafbc
6527,Narcissism,bad,g-fbf27d3b01abf96f,discovery,1dacbaa0046855d6bd066da418f5bd0b0c54d2d469f734e008482f45004aef72
6528,Narcissism,bad,g-c7ad4349654f5354,discovery,1c4684775167c419492cc95137bbccaae1d09ec0b727c00c7905f2321b39b742
6529,Narcissism,bad,g-8fb04b9b261d3794,discovery,81aab828a5862d25884084524eb85a8e3db4865b0f1e71fb678eafbbb4915451
6530,Narcissism,bad,g-fc27fbaed5f90dc0,validation,e7aeaf02cfbc1183b879228d72a167dc9e9129538b1f2bf706af42f6a70a0d59
6531,Narcissism,bad,g-dd077097bc33edbe,discovery,86c769052bafe9fcf606d947f240bfa48a0745bb016960ee3dfab5e4299af93c
6532,Narcissism,bad,g-76221d1d4736e2ae,validation,919d767ad54d71a3d413ab68239a8e4f37cef1c275a707a9bef5885330255620
6533,Narcissism,bad,g-818de30e8a17f502,discovery,7d7789f0925f30c53cab236bd99aa1396adb800aae799bdec156fb12f1826c99
6534,Narcissism,bad,g-e6e9c1334d666302,discovery,7d2378fd61835413e4b407f22c5bc368fa9cc85864cb16f3304ade6b747ec8d9
6535,Narcissism,bad,g-02e05f3a6542c60d,validation,5e486c46281146f29f4ac374c273c3379d5754dde70c8a38eebaccf197815704
6536,Narcissism,bad,g-b93356f77eb64011,test,d9f5b1e388ce2cb2983062c88ad204b13458520a53a0568f8e81bab8a4add764
6537,Narcissism,bad,g-0eaa38dcdbe2d6ce,discovery,c52ddb44be391347536f101e1012c1d9e20b8832e94513b9e5e157d5368b28d9
6538,Narcissism,bad,g-9ce5d2ac1f1477de,discovery,7d6eee2fbd9899763179747207442a2c4277a827a6f3d9ec83d3c811c2702685
6539,Narcissism,bad,g-57cadc7e93d3fb87,validation,ef262085a0620e26346ce0af2b8174b8afc6b0887a2b6b68efafea24d6c54758
6540,Narcissism,bad,g-0b1b4cdf4a200034,discovery,a3a32c02b1ad90fe0ea3e86138cfdfadf5b4bcd2b05267aa65fc336bba71cd64
6541,Narcissism,bad,g-eec7edebe6e20800,discovery,d2c8461f0f9e08d75dcd80526d62160c69ab5c62a478f920bc464a86237cbaf4
6542,Narcissism,bad,g-ce552e44d6184ac6,discovery,8a0a81e40f041548fbad3a2245dddc2a0a4d82e6d422b28761639440d773d808
6543,Narcissism,bad,g-a013f4259452b67b,discovery,9fa22a8ead5af01a334c2414cd8592df8e2b16b9687ff3af0589caefce06e1c6
6544,Narcissism,bad,g-824f5ab0a6d26ba0,test,8489d86d6e333090c242ad08645d87056bb9500fc355d0f48ea1f85d34555c76
6545,Narcissism,bad,g-7244489eb2f7f380,validation,3e7a29400545bf5347d9a879e9a8d221318369124a112f1c354e5312029b37ee
6546,Narcissism,bad,g-1e7d240fe701ae97,discovery,50eb24e7107751b6508317f6caad27294e96b483a9b29b70133be3abab7afd29
6547,Narcissism,bad,g-f80fd6f8da73f14e,discovery,a5f60274d84ae2f0f91c17f2d7a9db1ba43d79cfd2ac07e174f3bd930893b824
6548,Narcissism,bad,g-11606307632a3ac6,validation,5d3da5d266ccc5d0c9ee6c78e0c565a90d79746de6ad499b6c4cd5b6085545fb
6549,Narcissism,bad,g-92e8a35687dff659,discovery,744182b84faafdf842deab6887c9723bd755a8fa1c93a6c7b3fc54de16bc93a1
6550,Narcissism,bad,g-79154382da34ea7e,validation,68a7f3da72cdde6c74e16d8b4fe21f2fb085f7ac900cc025b6f422ba86edca6a
6551,Narcissism,bad,g-d8a81b46b4baf520,discovery,f15a674006a8bada6412dfe5fdb87aebfe8ae8b75a57f1851ac5acd3f8470f42
6552,Narcissism,bad,g-84455bd4b5c1a4db,discovery,a0292b01aafd8c5036093ea33dc1fbb6e966f6e4517ef5bd9f75af271261cda1
6553,Narcissism,bad,g-8c0639f94faedede,discovery,17e18efb215ff4a8f89f6f8c47bec9f47f5fe9d4bef582c7a57b2d3f5e5b08f5
6554,Narcissism,bad,g-be32f6b7c43584b7,discovery,46338c3c86085db2ee864c32a586ab6fb3390ca3aa95752bce43c3644b409373
6555,Narcissism,bad,g-bacd9d96c6838409,discovery,e1f15f4c5673b4824ddf1fae3b2d4be24388115c6bd395f0eb1a9d10985db4db
6556,Narcissism,bad,g-2b17a89096ce55e0,discovery,1caadaeffeccebb41d39ef82bacc07ee50093902c4a1589e52441a3d01f11daf
6557,Narcissism,bad,g-19c868ea843004e3,discovery,773dff7ad39b3f590d971a7e7c9bc6c598c07371ffe0a2ed3dc6bf8b93944811
6558,Narcissism,bad,g-d750a195a4a6ae73,validation,fbb23e809bf22d658490a531888953a6f9351bf55a97a382cc8f54f68517e628
6559,Narcissism,bad,g-65b236a1377c1e67,discovery,9cf0828806b5a04ba579f37b739ed0eb3ecb5b2c2729b9faf322141c74204020
6560,Narcissism,bad,g-28f38e2303d6725c,test,4182e24cce6690a024e6fa07fad8d8691fb9472479ad315f9e16eda912674855
6561,Narcissism,bad,g-57fd9480f40b34de,discovery,9e759451a5ec81105954247f878c19a15e0e0cfee8a6071a1db2c76bb490109d
6562,Narcissism,bad,g-9adcecca9a733008,discovery,3004ca2cc406c01821fc1a61f5e8f578f18ca7456bd5e2f8fdd3929b894557f2
6563,Narcissism,bad,g-f583e0f934055e4c,discovery,df336f21b7b668e627a165447f0eef6041379513e068cc6845aec00e873aedbe
6564,Narcissism,bad,g-50d0f7922790092c,validation,4a55bf61469cf3ec4255dcbe268ec3e0b8dc24c04ff4a3b9ed1912ccea20f527
6565,Narcissism,bad,g-d2ca713a4b34ec77,validation,d9b0d7585fa907acad6940e4a3c4303f84ca5c49e4c427a46ab827b8b8f748ab
6566,Narcissism,bad,g-4ae450951134620e,validation,a30e87b21d13c9de47080ea2a0f76c77b987cd4d44205024f68a35bc38bc70f0
6567,Narcissism,bad,g-489c600a712c4eaf,discovery,a76a129832862b475d215113b6a078be159fd5bad06877a332268f4cd5ce3cc0
6568,Narcissism,bad,g-9342351760110f96,validation,94e2287f0287e6ce12994a4d9a17d2715737a79c511cf2bf6ae5b7244b50a5f0
6569,Narcissism,bad,g-95146bdaf72ac4a6,validation,93b85254e7daa878bdb9f9caa7a011d1d589a49ef67637b6cb08cf103d5955f8
6570,Narcissism,bad,g-572e1ba9a650bc06,validation,da3fd874e7bc8534e85727af9c55229e6f2184342dc9eb556347cde794e8ff92
6571,Narcissism,bad,g-42cfacd90583ea5b,test,af4e2fa4d92913886a25c209360c308b02c4fdba58e8293ce5565e4be0dac274
6572,Narcissism,bad,g-2ec51f400fd1057b,validation,d494717311197ca178ecedf676ab380757568af843d48136fe0197589edb72c5
6573,Narcissism,bad,g-1821425380aa0327,discovery,6437395eeab572776da12f76d9d8b709c48fa911ce417d41b566adecf7203ee5
6574,Narcissism,bad,g-dd88d922242e71f5,discovery,5401493c72220ef189fdfc7e29f2864f02a6792d9931279167592428170d5a4f
6575,Narcissism,bad,g-db241434405d5554,test,e91814b7304c03750e4579223c1a7f522c3de764aa707fc86bc72474a03b486d
6576,Narcissism,bad,g-c8dbe651f5877366,discovery,30a00cbd61ddd01857ec0c9fbd742d06bf467e62c6a1917116545c6ecb9e4901
6577,Narcissism,bad,g-d1098db2186681a1,discovery,602d889482bfb544857192670dde74d162100dbdd338c1aba695e3f35301fd10
6578,Narcissism,bad,g-34172fae62ea1063,validation,484eb310b76cafcbab4ed5351477346ee6e8241600789cecf35e1944463e6664
6579,Narcissism,bad,g-3b392844c9635314,discovery,dbb58103816da435a6391be24b8eb84831282b854f77fc9671101f1e20bb18ef
6580,Narcissism,bad,g-b307a35f6a364b92,discovery,4b67b56c4e8c940ea1b81fec23ce9f1491416ebe108aeb8c5527f16099f0b286
6581,Narcissism,bad,g-ea1ddc21704ed32b,discovery,5e7b7ab26311010ca70d38b3a5e5fa6ca257adf33040573337a1f894a22f9c1c
6582,Narcissism,bad,g-37019e56e5b0cb1e,discovery,9d8c2e1d975aae4e37c7a6e699148b015073aed6f32f9709600fec984076de33
6583,Narcissism,bad,g-e9a1a2fd425758e2,discovery,f2645b7914ec353ed68410838a8610624ba0bd38ec2e6e2114b3c504b7111e3f
6584,Narcissism,bad,g-fc91ba25a5a7625c,discovery,2cba59146dd51555f6a6e8a967b1d02a361357da4a50730789257b0aff1436cc
6585,Narcissism,bad,g-81cbd4ca4aa8a2b2,test,cc0a69c10cba16335d236694c47113e59e1279bfad3d17f026f85d45e77ecf9f
6586,Narcissism,bad,g-2a551d3bd7c89e9e,validation,24059436ff397c21b3836098c841ef424216224e1869b5aae45d8bdd39775d69
6587,Narcissism,bad,g-697f256c74d0418c,test,0217173604c8007bd8950ffc2254b836f3bc35c7cbae7574d1a92c45f4a490e1
6588,Narcissism,bad,g-b423ff14788263f0,test,d3563697c7329c23d5fbf0101ffd5253dd3317c04b928db84b8049c61486896d
6589,Narcissism,bad,g-ac662c8fd40bd91e,discovery,217e88aa741f659528cb7f2661e00dc516fb697bcd36ddc20ff746972a89cc25
6590,Narcissism,bad,g-51b47c7bcc332665,discovery,ff54a9b50a931d3de293566747e49006f51891da2c8feb580bd5f0cdfed68555
6591,Narcissism,bad,g-b1a0cdc4aa753497,discovery,ab3e27aaf5c636a4171f242944c6a3f4f10cd12bcfb185d310bdfa29b32ff6a9
6592,Narcissism,bad,g-4a41e2209c1038a5,discovery,de680b0f4fe5b295d8adfaa813535ba8a8056c3e9aa73d26ecd0db22c0c76d00
6593,Narcissism,bad,g-42349cdd4b0e7c09,test,cf2e00edeb388bea297d9e8287981df8927cf5eaace584c7ae1bf4e504fa5dd4
6594,Narcissism,bad,g-b05c9dc2fe1ceb3a,test,921a54986ba83d3a713bb49913e882f65b38b9a832622059d0f015c998dc7077
6595,Narcissism,bad,g-39c8caef51f0f7a3,test,aca8e75158e8623136fdb01be414c4ebcc8ff180dd8f636c0f888c660b683d36
6596,Narcissism,bad,g-64b9c9d92db46fce,discovery,8cc8cf29978a5552149451aa797f4b2c278b75074c972d67bf4fa0a0f3ffc4e1
6597,Narcissism,bad,g-678deb66d26c6993,test,04b87ab35cb87e3980b4e068779362e5a1c6f2285e22cc71f7363d32258b8450
6598,Narcissism,bad,g-9ef713a7fc1cc625,validation,f2500983dbc2804cddf073d37d2cce115cc1b1c20f80ec5b4dab87ff9254534f
6599,Narcissism,bad,g-cc5c85aa197359dc,test,00b3d953c20672427418bf38cdfd3610c17de6eaa6175189b2e561d24c69573b
6600,Narcissism,bad,g-630939aca3930d5e,test,ebb1985cbeafa70c8d415d4b2aa84e8c7f206f3e8e9638d01c5b276ed411579d
6601,Narcissism,bad,g-245bcc3d48690133,test,58838a51048af7f6aba12240e05564b8b42895e1ebd65d1f0fbf1df840b11615
6602,Narcissism,bad,g-2539a841e8b67410,discovery,892669a76dee6ecd9af9ea2d595b80e9474b66e65d57879ab73fbcf9c8df2a42
6603,Narcissism,bad,g-c0b95af11cba5ff3,discovery,503de2829ed407820cea0a8c617f07e074145c8aceb8ff156becb3c5dcc806ca
6604,Narcissism,bad,g-121bb36f544c31da,test,1a2e89d69f48c8549693397dccac41d5c06428bf6002ef7b37f9e23f74bd4519
6605,Narcissism,bad,g-86e673a8308e4be0,discovery,da611760e9264b78d1000627d792e92b78a5ca33a0504673ae8b22a3258c8806
6606,Narcissism,bad,g-4d78726b6d780649,validation,aa737956b7351133284a0d06e9bff751285488c2f8f77c47ca1c6bde6345a370
6607,Narcissism,bad,g-ffc4c08d3a1a0b93,discovery,368474961a165791cd10bcffa72665dbd670528ca3a1e7c992c9a38a823f4637
6608,Narcissism,bad,g-c5c83311af127b4d,discovery,d09d59e7668c5c5e1b4b94e3adc13a4a40521b42530231becf4756c59d61d163
6609,Narcissism,bad,g-4ea6426b3b89552e,discovery,42163f3265aeb1cea131d50dd1b7af10bebfbf105d54c9c839d619b04ed2559d
6610,Narcissism,bad,g-09b225408dcbf904,validation,c9e1b4263bdcf62fe00f8a490c185f53942d9764bfd4d763d51607e446ccb2d5
6611,Narcissism,bad,g-20cb0e4a1da8626a,test,dcdb1f19561947683f9082f225543de82dc67a12d4fcbc412ec7fb12b87dea26
6612,Narcissism,bad,g-d0ca1906c5cccba6,discovery,05d408609ad9931a5e0255af253a634d304f70aef117fcb664038c5a973039bb
6613,Narcissism,bad,g-91083ee06ea7b4e2,validation,785354828883b606ef83eb6578c9db93176a4c4982f8713a7bbc0d60afd9bd20
6614,Narcissism,bad,g-9ce6ebd59dfe6246,discovery,dbb4ad6260486971aecca9c8e1ca3c88c1045bce0ad33079c0db7e6dd1df5258
6615,Narcissism,bad,g-902bed94f9f4c27d,discovery,3f96199fcfaf43b8d800b1dfa3a29bd9187553411cdd3cf8e1f31c809ef6b5af
6616,Narcissism,bad,g-d74690035c703621,discovery,12a04a5f5687572041cc4a0401a11a5a39029d466fc8458b74244f5c191a6ec8
6617,Narcissism,bad,g-3fd0de5a395edcc3,validation,1463d1d1bd0ec9cff4d9824878018c222d814e75e96e5150ef4cba52530da5ed
6618,Narcissism,bad,g-70e365487deff211,validation,861f8c01ccb2948d331f94e7c300ef04c356374e6945d983a48117c64ef2926a
6619,Narcissism,bad,g-01c374782386b081,discovery,9bba34e076fd17dec4bbf946feb2be263c634097ba4ccb50e798262d1ea041a1
6620,Narcissism,bad,g-4dab1c84288fddc1,test,5e695661421428cd2d1aa3caf5d97d577088d9325e20113eb75887f6891387db
6621,Narcissism,bad,g-52645dc29a51cfc1,discovery,ad3d15e9e316ae56b28106d64276ed46ebd5d444ebc847eea01064fd830c6e3a
6622,Narcissism,bad,g-e7639933c282ce4c,discovery,9ca06f68f986b6b9c9822b88178c5c0b50825a0a7a3c9761ab63540da372e7f1
6623,Narcissism,bad,g-c86c2342ee3203da,discovery,2d67889794720338dcffdb6d5f96da36685835342f7fad4151e504f1c7809619
6624,Narcissism,bad,g-a0d2f9a8c6bae42f,test,b2d6ec8dc87cdc563a50416bbc03cf07fe8f207a7cb135831d2ca6ab53aa9bca
6625,Narcissism,bad,g-9b05489e535f20ca,test,e803919c4afc6252fcec620c75c8bc55f448c58421e285e0144ca94e063bc875
6626,Narcissism,bad,g-ff83218df3480370,discovery,a1ed77338469642a1da54f54f11f10ee314cbf6132139b67d5f6cc81f1abb8d1
6627,Narcissism,bad,g-00e7ca0702cb0bff,test,3780e601aa1af2ad9d756fa3860da2665f3ed2f631fdb5aea41f4869348377e1
6628,Narcissism,bad,g-1bfda9b1c0e3f03e,test,f416c94eb796818a6e8085249f91acb39854cbe86b62e6837f1fedd57a77eb44
6629,Narcissism,bad,g-a31780242968eede,discovery,59198df02d7a7860b7741d472645d280476d8c0c16a746c731de59f029c41a3d
6630,Narcissism,bad,g-7cf26b7fae1e8ef0,discovery,069420a41fa4f623e448b981b7837adefb59d627c1e729f47c9f1efe73e82cc9
6631,Narcissism,bad,g-2b517d9d5985efe7,discovery,83b095559de5172d1b80d84faf110f0cd395c61af22b28e26c9ab6c6160552ea
6632,Narcissism,bad,g-49ee5c76bcdd178e,discovery,116d796a048da292a86dec2e49b39d4fb5939019e76f15fcdb70598fa2e4bc1a
6633,Narcissism,bad,g-c072caba0dc7e7fe,discovery,2c3bbf9f540b60f03025ece0c4c16fc6d391e8c8e22d8e83ff392e20a75fcfec
6634,Narcissism,bad,g-62d3a358a2298bcc,validation,012e7339ff6c362ee7404ea6d4c67ab95bdfc6bb0390e39eb7603a8c73e416d1
6635,Narcissism,bad,g-663eaac9d6e1c36d,discovery,710e43b5bb4d35319b6a4b3a2ae9b68301f30edb6554c48be62897e884624c30
6636,Narcissism,bad,g-48d6492c4bedc7bd,test,28030c65335ed18933053eb576bd8e1f76dffa796838357cdbab33f546588ff9
6637,Narcissism,bad,g-093eac6da239422d,discovery,3ddcfe032b089971648ec7595db92719a5d8d6440fe8f1390d6f171e9817abd6
6638,Narcissism,bad,g-334727c1473725b9,discovery,51591dfd72eb440f0bd3f8d3a704eee9d2c3e36c4fff9e7fdc8b3ccc28a7eda0
6639,Narcissism,bad,g-aa9c3f95df4f01af,test,612f7e8ba148fe41bbb11ce0dd73563440aba9d2776d99c89a761f3df44049d4
6640,Narcissism,bad,g-25740b876236e3ca,discovery,3f9ebb75e72fee752c6466cf63633c0f06110559470d0050f244a0b61edbc250
6641,Narcissism,bad,g-b08acd0abb584a96,discovery,d14061e3c7739cda80e2fff74296b70a6d91c18a23a1f0bdc4d3979aebeab9e4
6642,Narcissism,bad,g-2fe6befb094a8f83,discovery,caf33a3fbbfbf751ea06a601c0cdfa659d87a77601d53d1121a909347b3d35b0
6643,Narcissism,bad,g-5bc0e2f7b51b46ca,test,2787c85858ae441b7fbb4f8cfcc03e119b6ce55442c4c5033ea7a7cce04116fb
6644,Narcissism,bad,g-0937bea87eebabf4,test,2b461930d36481edf8e8154d900850a7e902095b8e1b466e60055a1166246ca1
6645,Narcissism,bad,g-cbff201b74110297,discovery,72fe46b6a9048ad5324fb046637fff97eac08248dc7aeaae727eb5ae87ac5fcf
6646,Narcissism,bad,g-8c2ba4bcf2656d3e,discovery,066d08da6e7a4360b1be0c3115292fc5ddf6abfd30ec3ab9613d659999ab6bf9
6647,Narcissism,bad,g-3ce67449a35292d4,discovery,266c6ebfc2ef93049fdd52e34cc2a73a83a51ff06fc33fd3a75451e7fa5d8426
6648,Narcissism,bad,g-b435ebb69f1c0152,discovery,2518e1099687eada6e8ab1ed6e20b2cb6c019b72a6877ec171475e4db90072c2
6649,Narcissism,bad,g-da8808806722b8f6,discovery,2a0b6f486e6926032f6bd420c96b8fae0779527fcacb5bf3176cfdf4dbb9467b
6650,Narcissism,bad,g-11c70d5379e778c5,test,12e0ae942c03d4868ed8d43d68434126c13a9d7ccefe6674df05ba9cebdb3304
6651,Narcissism,bad,g-22807ad4ef9fd974,discovery,51864fbf540aad72bb4060f1ebf0d484c0a8912acae1266b380fcf47ee1a2380
6652,Narcissism,bad,g-c0fa5769dfd479f1,discovery,774ea31265d2bac18bc1fca31a13d462a42cf40b77d3652125d5cdc6cbb792e5
6653,Narcissism,bad,g-c819d4a6aeb9998b,test,0702042c3baffdbf26b5394a19002d0d4e83c327f8e7182a6528f34a0ad0f73e
6654,Narcissism,bad,g-c97146e81864f423,test,be71353a34d4f3bc415ff1459af17261f9789e74db2f7acefb9e70b9de9d9a9f
6655,Narcissism,bad,g-692ac8431b97af67,discovery,d16d587b4a8591219d974d1c638ba009b5ab360653a5a92459bc52351007b4eb
6656,Narcissism,bad,g-3a2709b797764834,discovery,381ec2116bc25dc6f6b694fc6e0dd44828efd8b7f8f675357bbf95d39d59fb96
6657,Narcissism,bad,g-e7eba3de65e26b78,test,fd95658b4a74877fdaea506ae68a0fd2d5e8973216a5fc1d6973e93f69c4748a
6658,Narcissism,bad,g-d717ceb55f535324,test,07598c463700080392174fcfeb382f4b3ba90694a8db851180acce38fcb51d5f
6659,Narcissism,bad,g-e01aac38638d6e61,discovery,4754dc1f48384b84f5e30fc3c8e36fdc8889df5ec6fe663bd901123cb70fa5a9
6660,Narcissism,bad,g-17d5a1b51f21632d,discovery,29506205c102696eda530ab385950c77d3606243e304ba3f9ff811642d16e6e3
6661,Narcissism,bad,g-c368bde437df066d,discovery,aa9ebcab61c3e1e7532d4cac35ea32e279d3ae36d99869d740fef79a6874fd04
6662,Narcissism,bad,g-ecf345ad42731447,discovery,b6b4130452d32005881e4ec03ccb3e483c8a7771e6e077d32e03ffd996d4e30f
6663,Narcissism,bad,g-c206b17392a93a27,discovery,fd7efad29e335b4a27f28e48ada123e4a7c2fcd1dc573d0ed588e4ae1fbf6bf8
6664,Narcissism,bad,g-7dfa33f524632da3,discovery,01b4373ec5a0d191405eb0bf053c1cd69337da4f8ba26eb776d9bd073327a00e
6665,Narcissism,bad,g-e140821c474e9cb7,discovery,434a64f736c730b0a5c95f3d673854df264afb1646e134e9c248bf1e73ef3f2a
6666,Narcissism,bad,g-b6628d928aabd81d,test,55df610be5b20616656d4374ca04add621a6163e9559cb14dcc4940d86296d76
6667,Narcissism,bad,g-a041523bba991a7f,discovery,f72ab6103a8b412a81b795473b2844779ef03a8d3e8e128fcbf337af8897e6a2
6668,Narcissism,bad,g-7cf81f2697a9921a,discovery,eeec1c1f0763e9c8e9428b3b45e81583dbf1f874bd01e1d241475d604dbd552f
6669,Narcissism,bad,g-5b3541223ad8f110,discovery,8538577d33f28eadc6bbde1e0d72f58c2c3b84a3445c4410ef8415fc110df7a0
6670,Narcissism,bad,g-63e18d7ec258119f,discovery,74267d0fb7aae249bc9c0ad1cefad9089f6c762fb2fbfe352e5e6f866bebea11
6671,Narcissism,bad,g-dcfada8ec11c45ab,validation,d7a4d7aaeec348c1296592a7adb6855ce374ab57d04581c03c8e9f5dd2f00f88
6672,Narcissism,bad,g-8a7e412f4c1f32ef,discovery,7a5301f4be28e87150156df6f1742470a68c8e5fdc9627267ad8aefde048d991
6673,Narcissism,bad,g-a2f3409e9a7353f9,test,7d521871f563b19110ac9f71f790f73cc8e21379e90721ebfc9369d89e665a77
6674,Narcissism,bad,g-2b89d7f099081c5c,discovery,cd08deeeb80357e4bb09cd6c10d01583bab80f7d18196defec39c836113d3808
6675,Narcissism,bad,g-75ddfb5fa60692c0,discovery,ecf59db4188bb39006c203a3ddd53fd866ae7b07921ada34acb1e971c58032be
6676,Narcissism,bad,g-0ea02989af00482e,validation,63880d18257869a6adc61f311444816a5fc3cd8c29df345ee1225032745aa746
6677,Narcissism,bad,g-7dece10c252deff7,test,33cb546e4c678afb69380d622b58fa14d6f76313d1ac1d710f4b8a1c68651667
6678,Narcissism,bad,g-15b550c334ae2170,discovery,5acf9ca8d9aaea3f925f37a6e8ddcb01819d60eb9ea184712678d830c4842f84
6679,Narcissism,bad,g-d4410afeb621d6d4,validation,cfef7892d5cc93080f931c9907d2b163ef8d2bb21dba3084d02205c0d3664642
6680,Narcissism,bad,g-e4979a7c6dc1a305,discovery,f9f00c164307386a67326618abfddff977be57d41042e9cb1318496c3a0daa9d
6681,Narcissism,bad,g-3a9b36cb0987e8eb,discovery,bb3b44a87e05f5423ea996ee943370f4602cfbda6c6d620e90472ae2d55d849f
6682,Narcissism,bad,g-80d7c42b55517b75,test,fa4894ad2f58fb72389d14a39df48b20e1386f80dd6032726a099a29645d0041
6683,Narcissism,bad,g-09c47c1437c97f21,discovery,b1f717eec59caf588714a0ef7b036b384c52c01a8b571ca686576fd2c1c1024f
6684,Narcissism,bad,g-58a96e4a4c547268,discovery,595a3166cb4e0496e31581b7a90fc5c8921157000c845d4dd1b243c5bee9fcef
6685,Narcissism,bad,g-3d5d587dff1a56e3,discovery,80be2357adec5d57462a14c0c8036b24bfb27d9c71f9e620684edb47da9d9262
6686,Narcissism,bad,g-6de4d42c4c2a0d85,discovery,b70beb5ad859a9e1c53f466aeddeed5077ccc39aa18f6be92f915b3fd682cd31
6687,Narcissism,bad,g-25ab54450706d2b9,discovery,bdc51b927e20fd220cb874f469a9b2bd44a6c1e45254cec7f01ae9268ee4ccea
6688,Narcissism,bad,g-6ec263486bcbbe4b,discovery,725b1bd38eb155d8f05310dc050e45617692ad69a71187c8c9bde123456025ac
6689,Narcissism,bad,g-74669e830da8e350,discovery,77ec163dcb56b74e4facd3cd5c9c1eaddfed350a386e21891b2ad8555bbee30e
6690,Narcissism,bad,g-d12a3388ccf5ac80,test,c7c85725e27c84b19af0c3ede5aece155a2eb3f8de9deb1a2f3584b494b4f08c
6691,Narcissism,bad,g-a05272c570f9fe6c,discovery,1972e3d46cffa4bd94b3b85644f0aa56f48f795568324cd6a3a5363c822edea8
6692,Narcissism,bad,g-b0652e1317a78c20,validation,d61b74b492c830ccbf435fe9052b30c856e8dc322cffd0fcdf9ed8aab34f396b
6693,Narcissism,bad,g-ebbf822c34bfab7c,discovery,935b20b6908fff8e29f6bdda8e584e7af38eccacd13fda15979dc5a3688e0a21
6694,Narcissism,bad,g-500f045a2a950586,discovery,fc245d1a81d42badc187f1e0221309f6394b266a5766524fa082abb20a0f7778
6695,Narcissism,bad,g-a0f8991c36e815d0,validation,ee6c3148ae08d4eeddc4c3bd06aa119c71fa14f6da1c8f140495468524a5c26e
6696,Narcissism,bad,g-a8d212560bba7441,discovery,2a4207e058bcc12c965e33db06341912b2a3763fa68a06a5be55b54d6b6099e0
6697,Narcissism,bad,g-74424bc4574b54ed,discovery,2219db65686e9a0a4149f4b62cd3d938bb400b087341fbc7a789c78981943ec2
6698,Narcissism,bad,g-67b72956f6175c0b,discovery,2567491bb09419ce5098d599f8cbb5c1e76f8a51279da9a60f4c9abb0409a07a
6699,Narcissism,bad,g-8fb4c6e4bf92e4a2,validation,3fe32bf142f6edd8a43ee68243cc5f5046746ecadde11fb36a3f8f4e712642b0
6700,Narcissism,bad,g-66384d67192fe75a,discovery,bf2ea564505e9bd21990fdd43042019285ee71dc297aa8469b4efe0763ca38a1
6701,Narcissism,bad,g-fb0efd25b2740662,validation,c60f42bd125991cb959e45c2c0bd3d951ee631fb3eb61d94efde398059ba4ee8
6702,Narcissism,bad,g-d1abee2c2d2c3cb8,test,2bae826b42b3de288cc75d6cc58eaac35b799bb74d9c2ee74fa41bdca67b3eeb
6703,Narcissism,bad,g-38e73cc6f36302ed,discovery,7539a0ab69d7d1c2de1eb2efcf988a27c764531c182962bd04303f14b69c9a8f
6704,Narcissism,bad,g-29ad822dca792c7a,discovery,a6d05e5eb746d4bea5fa6bc03487d252b6877fff87b0ea50a3672e25cf120647
6705,Narcissism,bad,g-c4febe9fb5d7bbff,discovery,988044fe318277f5a3e017f51267c382fd0f31f8bcba2b6da73d890a3f99985e
6706,Narcissism,bad,g-69b6f52644c4e047,validation,0648b993b5c1dcd3d8ad5f7f1649e1dd09d0d9b520de6a1a38c0843e460c77ec
6707,Narcissism,bad,g-1a698d6a2acb94c8,test,aa92c7ac4d09a3c13bf07b19fbc508c426ff9a137866a60ff3b2ae97ace5be61
6708,Narcissism,bad,g-5a3278a007a3bd43,discovery,2c3061d3b7fe8b236a670a3f8de3e2ad01aa3742a7cf2b9f488b5a341818848f
6709,Narcissism,bad,g-54d7c58d0290b955,discovery,01f34b503271add0e6e2fb673e32efafca86bfc871b024a9fc0890f76b5a049f
6710,Narcissism,bad,g-7da96ed8d2637e19,test,5069dbdc547ea054bcee0230015bc35be1692b8b322e6388d3d71ddfbb0ade2d
6711,Narcissism,bad,g-64827fb19a8e79e8,discovery,af5af5307fec1107065ba365f2dce32f3f966eea853369fa344f4e2ece54053c
6712,Narcissism,bad,g-3e5079d2c84591e9,discovery,2eead1cadd08d48f3c370b10beed061401a28e7a0cb8eb4eab987d6b366e612c
6713,Narcissism,bad,g-c1096092e4e4779f,discovery,f0c46ffe2210edb96939b518cef5049c10d2476c3dbb03eea71425966555353a
6714,Narcissism,bad,g-ebce53bc2a868fe7,discovery,010beeadffd315422b0c902263e9d727a7fc2bd859058c9602be24df6e8f8cac
6715,Narcissism,bad,g-074878a62efab7c6,validation,f10741bebd3b786f6bbaf738593e9b55c6b0ce7208503e790162f5de6db98127
6716,Narcissism,bad,g-116cef1d066958b7,discovery,54abfe26f586b1aef1cb66aff68a1f8d2c8342b16ace40845edc25eba2d9c70b
6717,Narcissism,bad,g-a943e96c41844b42,discovery,c5d1c35ba0f9e1f96c5ee230c71de5e733de9b7c93d0544494f287db9b65d966
6718,Narcissism,bad,g-a0dc684c5551c328,discovery,09e4c6a8bbb1f83b26873f7a3606701424f7e9b66bb523d469cfff9c8757e072
6719,Narcissism,bad,g-4c7150ea2b47c1c4,discovery,f503f87d130ca48b0afc0d38d39a664723e2e9cb36447b5cc76fb4f79ae38afe
6720,Narcissism,bad,g-dccb31461e021bf9,discovery,999a531dc4695ec2a5d6b2d578083b74466a004fa5953b989c4545c25a5c710e
6721,Narcissism,bad,g-637c9103a328469a,discovery,7b3734b28e3047a36c27d6acfe872165ad5ed83697abce996dc3c741a69160f8
6722,Narcissism,bad,g-17162fd415c47e7d,discovery,cdf6414261816a2bf937ecee9ccd3f09ffe2a7bfe487b1b8a4fee1ecf7872d70
6723,Narcissism,bad,g-cf0d508397a5a986,discovery,4365a3f15274ecd498d896701d4cf38c8c734b3ea0c4b01686ebdc8c1c2838ce
6724,Narcissism,bad,g-a36cbf382a315ec3,discovery,6e86df5714f23b34df39a81df8336bbc49707460f2ffcc5f097e979d65e59ddc
6725,Narcissism,bad,g-c9b7c95794069df1,discovery,5a7d51f96037deeb02068b6ef974894feca9583694ce9b360f7786ef1fd82d5b
6726,Narcissism,bad,g-3e4d1c7a466e0aae,test,8a58db4d4dbacec1f6c803510c7deb2e6cbf21207898efdcb1e87a664c8ad319
6727,Narcissism,bad,g-af74ee106d37d381,discovery,7251caa920b0b9c476932d8cf27098e579c0041a96a792e4567a78e6cfac24e2
6728,Narcissism,bad,g-e1647fb8726a5a9f,test,5b882f1cc575528cb623c059669f9ce9472090bfffb6c89fe4a8a70420db20e2
6729,Narcissism,bad,g-c3b3163d5d7728f7,discovery,82123b2a391f65eb10b645276e02a0e36844fe6994673540f19cb741ef553f1c
6730,Narcissism,bad,g-f07724ae3ecb4b09,discovery,0c1cb75a5cae098e81b65b67db975998b67cc2faa5e6cf756c24b9fe10d4ceaa
6731,Narcissism,bad,g-860f257495b18ad4,test,a8ea9d9b01426c28b50d030a92e566ad847eeffbb246237ebe6cc60f637d219c
6732,Narcissism,bad,g-447007dfbb59028d,validation,a5d6543154a6eb01d592c12d67009dbbeeb69f0594436019cc081ef8b2c33e14
6733,Narcissism,bad,g-2dadab2309ef5877,discovery,5280ce3cba34318e821521b3598d070c7f603d5d669e924b95231431885c2826
6734,Narcissism,bad,g-a2b9d35d33ec9f64,test,01ff3eb0f8f110463e809bb5580771e5a2da3c8fe3b34d12cb22b6b0c9fd2a0e
6735,Narcissism,bad,g-654463f0916e3e58,test,26e28132b09af4a06176de66de97e5fd0bd1c60ee43898c0b3f65d8638aec5f3
6736,Narcissism,bad,g-39e617b49e5bd3b1,discovery,8da7e6ed11be0b59461bc0376a7e8a250e6c91cc53a80d83584474f7cca3e308
6737,Narcissism,bad,g-55a012f37bce7469,discovery,f507b2478a0c7cd00b73db628b91b57325c5ba41fae2f91050b4859270c6f65e
6738,Narcissism,bad,g-3b7ba3f28bd856ff,discovery,574866ad8a6bc0f536c85612a23f6692c46c3d30d5452c97a0414c6261ec722d
6739,Narcissism,bad,g-5f0cb2a0548d299a,validation,4d4921e95402e5049c6efa23b8c58b7c1cf11baba8938dc0d4573cec220ce548
6740,Narcissism,bad,g-e1fb54137b5ff1b9,test,fe47886eca69b6e6905edacef102edf1572b9d82cd914e9964199ac219e799bf
6741,Narcissism,bad,g-4039cabe8f32e563,discovery,44094b8ca5a3fdb3ed43dae8d8082cba08456150c86bc3cc814be09bd0522c1c
6742,Narcissism,bad,g-c2ff9c29b83d9da3,validation,092b5566e4c1d7fb358544b2e401dc22b2979b54629c284bab25f34d0ddbe454
6743,Narcissism,bad,g-ba5d16c0706474be,test,520b3ca5206e9913953dfc31a71c0e658e504ddb8aaeb420040df2eae72e5151
6744,Narcissism,bad,g-1d4b88f7d6036c3f,discovery,2881c24b259cedc2f02dffc74ec8dbffbed755bdab045bfd7858f771113ce00c
6745,Narcissism,bad,g-e0bbe73f82a1a14c,validation,692dd9ffa0065003cab0f996e514bdef4826ab1c415b55096594ec864335bfb3
6746,Narcissism,bad,g-67245016f80e05a1,test,4cfb061f7385493df9343c5318c5e18dcc8907bcf260b9e79aadc8ee518937de
6747,Narcissism,bad,g-40e72fae348c3f75,discovery,8683e7341d08dbe427283a530c6b6b5bd6397f03830cfdc5f2967fa7ef1f87b3
6748,Narcissism,bad,g-11fba139093cd13a,validation,03225d9a9a14d07ff516d699dbe1b232541a689806746182820fac8b599a13f8
6749,Narcissism,bad,g-ebcdebe1c54158d7,discovery,402aa310a4d6e8399d7fd41c17a44ac02f9780a733bade5009e23fd39b037ac9
6750,Narcissism,bad,g-9d7925274ec871f0,discovery,93cf904e1b80286638cbcaaee63d87a1fc74f4e32073e92fcb348a0693a59f11
6751,Narcissism,bad,g-212a3bf7a3bb482c,validation,da28e97e2925fabed86b18a63c4934a0e0bd460de36f8677ee8224ac8109b29f
6752,Narcissism,bad,g-e0071626975fabb0,discovery,f0ef0d43b696db72228a7711734a410307fba1a33edea887164550ae59769dff
6753,Narcissism,bad,g-c9c36dd1fce8d815,discovery,7b11519a6d1c8b7d9dd85141a25754898f89d5247325563b7bd378c33dda2d8f
6754,Narcissism,bad,g-383cea1b1d3bdb2b,discovery,d736f29a9033c5c1ce225ab95e6331b3c7ca7e39945990406b917b4b867b8ff0
6755,Narcissism,bad,g-2abb55f3f5671399,test,5d6f1c5df8ef0ff6bf3ef67a1f6273fd870b1d15673efd93ac37e9f4c99da7ad
6756,Narcissism,bad,g-7ffe87fedf46baf5,validation,3c5f3b1fcc3ec732a5f79e556a3f21996e81ea67b5fc34ecc06916bc64ba399b
6757,Narcissism,bad,g-3fd3f2c7339ef533,validation,6da283b9bdba1022659ae8de21ab666b5cad17b71bfd5ce4983352023fba3845
6758,Narcissism,bad,g-61c2e4553472b3c6,validation,fbd3697a34f439cb15af6066852a3d7077a1566d5f8e0ed47131ea306aad6e7f
6759,Narcissism,bad,g-3c568817fe593221,validation,9f7eba9b3a13e39993dc95b7f42e65e2131afb038779bf1573ea39b4f25a5edb
6760,Narcissism,bad,g-e789aa7fe7334757,validation,1f11ccc8aa972b41e072f17b9f56ff2cc16e91c170ed020f08afdfa379bf1447
6761,Narcissism,bad,g-8bc24f6e2f713171,discovery,d002cb47c62f2346f44dc3f92239989c109fba3ffe1af7b4227f1d35d1f57bf6
6762,Narcissism,bad,g-839aa23c36f58310,validation,0644323ad7dfd72188bb23a0f2950f6fe15bfd87d026b981d983fe2d1192b0fd
6763,Narcissism,bad,g-aeac757a8a445834,validation,1736873f05cd8a03c809ffbbbf7446ba166152b035d103971deea28baf05f9ec
6764,Narcissism,bad,g-0ad87003f311aa1c,discovery,bd18223e2111c619b06dc26085287f5c00bd5fcbe9732ea10ec3df9a220aabc6
6765,Narcissism,bad,g-d8c02bb3f1594c2c,discovery,4bd75c90be4e361beb1c2c46892a3ed95f918030f45ff1d894623391bac6c806
6766,Narcissism,bad,g-62ed564cf6981d50,discovery,1fd3398a5596a8756a6b024094ad5f48dbc64486d1ec9e24ecee20ce27da2cfe
6767,Narcissism,bad,g-6d52546464712512,test,acdaf9a2fd6809c36b9a83b1c5cfd492d8b47f3a614828990923c2af862ed59f
6768,Narcissism,bad,g-e84ed877019b84b6,test,d6f3258e5e9e078aa39d6de50a00460aa9d64d405bd3398a9f739f1da24dacb6
6769,Narcissism,bad,g-69dec57d8090c1dc,discovery,10c1b83e355712bb8c86ac6e8e0bbfc498cc25f7a0686cc4d14d180926177678
6770,Narcissism,bad,g-09104fd30bcf1422,discovery,49354578b51e75510ec55f4d44f05b0309d57d91141e0e1379415bb512434880
6771,Narcissism,bad,g-f56e2c36e69007c9,discovery,4a1962797e5c77c91fb085374b3a4989be593a38b7ea872250042721a623fd3d
6772,Narcissism,bad,g-7c7df0cf3015d42d,discovery,8d29e845b62d0fa66a9dc47f5d48ad6eb6d07c7c633f7fe9d2adb5f6fd87b6c1
6773,Narcissism,bad,g-77471dd67d3fe87a,discovery,bdb8c0b036ef37815c6a3fd2159dc217089c28bc1d5fafdf43ddc3c604198926
6774,Narcissism,bad,g-e5996d2a42ac0cc4,test,28dc60e759595a5b2b8313d6d517d4314b87adcab746b8a532079900f492c699
6775,Narcissism,bad,g-4664da6bf32eb089,discovery,1f6f2cc61cfd8f48cc06b168f10b0c8c4866b70cad47e5d425053763950fb76e
6776,Narcissism,bad,g-61bd82d7561330dc,discovery,b59660d7396ea528192b683ea844e417969147644bcdf1b48d8171bfe5e24f06
6777,Narcissism,bad,g-848eae3c4c8c331a,discovery,8231ed352c6e5c4ae5060de7207733ecca5f3e4b825c3ad14bb49581c2d419d3
6778,Narcissism,bad,g-087e7f98c0dd1244,discovery,d7e253c7c3738f29fad3b66af1670eb075ae5a98fc8a458c257fed968727c215
6779,Narcissism,bad,g-1287b66fbb1ed2de,discovery,bc0ab2582f7146a710427e02178bf026758a515b0278bbe512e718e3eacbea0e
6780,Narcissism,bad,g-bab7f1d7f0d2ef86,discovery,9b4259db3a12db58c5c912dc8624c2c019f075dde98f8fa5688a5bdac7d93fbb
6781,Narcissism,bad,g-b7a9d3e36eacf43a,discovery,18e56a985d9fc15f876cae2444405373a975ca2b151fb0595b60b7f9ba629097
6782,Narcissism,bad,g-3fc889946248dbce,validation,f03344f5853889db790f6e2b4dc331f1547f05b6c82600d19decdcd9a02d9698
6783,Narcissism,bad,g-735fcc956103af74,test,0fd22e4ca5bea4e7b4b6ed0a813b9f3ae194c205b589759e6fbf783165a082f3
6784,Narcissism,bad,g-d67ef0e9343910fa,discovery,159efdead282aebdfa0d9046309ec29b5c5e851fc3f1d9460e44baba48c8877c
6785,Narcissism,bad,g-e5de31cb2da62c43,discovery,7277893f0b0d82b65ba564bc5bc36bbd0992b682a0652ed12226af039736426d
6786,Narcissism,bad,g-7d963ae0430e908e,discovery,1811aed49c7b6579804a02da5f350e73f1068bc322bf27127dd39834e40af46d
6787,Narcissism,bad,g-321fa930ea9c48ac,discovery,96a17236eb39ce48f6ba6c60a878ec36ca1d4cb70358d8794881c25e8e5e614b
6788,Narcissism,bad,g-cd23f086cacf538e,discovery,6a0caa9ddbcc2124d3de2ee00910b765c0fe437b67d6bdc31e24fec8453e3de4
6789,Narcissism,bad,g-4f99dd07cdb879ba,discovery,2d88552898eb6155323f5928ced5a6eb983e6a53d898599e66cefbd2284557fe
6790,Narcissism,bad,g-e0bb31f2961b1d11,test,757eb0ccae1914bdbab96f0ec7516c9d428b7847bbd448c6c1e2b8435b80d5a5
6791,Narcissism,bad,g-71f9e3041360e900,validation,1e1060fdf42e279916ab51100cdf0a16113b408e112152d4b2c6b7740c0d6e9f
6792,Narcissism,bad,g-d71dd51b2185f408,discovery,ac390c0fd2ad90527c5ef14e968f01c4cd5e6444ab0765dc4b1ea0134e41def2
6793,Narcissism,bad,g-d0d42c934f0fe73a,validation,97ea2f69bc0358328cec60cef2c1a49e2df5de4436e6e034e0ec00697f8101a3
6794,Narcissism,bad,g-55c3f8ebdd2a6658,discovery,87cedd8d9780ac0d16970130b07324679620045bd340874ca4e2df1a4b6dcc37
6795,Narcissism,bad,g-e2d9b56d6f765dc1,discovery,08c05714916b27bee37fe31c6b3f2984d11811886bc5c7f9fc5c30fa101350b8
6796,Narcissism,bad,g-4de517fdc8592e88,test,a0f6e43b06e8725f9bc59d27e28f14dca358fba4841a08114413e30e0a7d7260
6797,Narcissism,bad,g-7702c19e58a0307a,test,705b1b9aef156082ed071e420fbd7cbf86355b211c0be12e625fdb63d12eb6b1
6798,Narcissism,bad,g-f6aaf903f15bc129,validation,c48426fefd175bd71f9245d1d723c8c6e5ae4275d2166da5f2342687f04dc6eb
6799,Narcissism,bad,g-84207ab1e1dc8cd6,discovery,17764bf5dcea6aaa43fad982d562ff9f35dd6fab642559b505a4fd70ef97bf3a
6800,Narcissism,bad,g-f3296e54cf29fa6e,discovery,5e928bf57f406fcc48949a3a518d4d6770f60d1f72966f3f20e7b3ba5b54a4a4
6801,Narcissism,bad,g-44d222cbcd5f67ed,test,f8cfa8a6c378a91e4dd41676874f16550545303420611941c95ab27198945ed0
6802,Narcissism,bad,g-da6af2b9aa746a91,discovery,edb76647921f7568442e3091cfedcfb00ac34cbd1e8c899a6f5f94e6b6bf94ed
6803,Narcissism,bad,g-c8e748e8de999286,test,e7307b6cebd874ec897733a84161d029917ebfee1a205e6fa90e97e504cf358a
6804,Narcissism,bad,g-818519d277c93c65,discovery,71ca2483690376a0279b6422b08f7678db62b0c3619e033968f18f163057cd18
6805,Narcissism,bad,g-8f702091325f7f59,discovery,4ff3c307df3e8bd0990bf18537624b033e6627866b2f277cbbf95d92cbfffcd5
6806,Narcissism,bad,g-f82adfd255e8cb3c,test,76a2437595deb1599f553a186a6590ab0721465f4ea7705722416b022dd43b33
6807,Narcissism,bad,g-fc853b23e4121150,test,9c5dceae99eaad0e18f2fb1cc07fac205013a0ef3dfd8f72c262add3481c00d0
6808,Narcissism,bad,g-e2a549b5028423e3,discovery,12fad5e16bdf63a3b9111e97b31ace25e000088c7d8313457cb3ee9b7800eb7d
6809,Narcissism,bad,g-961a4113022a0188,discovery,7b5aa674ddd15c3586dab93106c7aaa1ff162e48a03a64615458c89353f909d2
6810,Narcissism,bad,g-831fa69d856134d5,test,bed43445958988ca8865c879079598dd4d77c9f34947eb1af20cfcae6639d353
6811,Narcissism,bad,g-73f3f69c1f86241b,discovery,11bdb3a8ba44a87d2fbc81baa8e1aef19d53b9f4ca206bab905ecee551a71481
6812,Narcissism,bad,g-ecb558ff516c5f1d,validation,cc4551f830fbbc2da8a820980d0ba1c024008d335c9f5d7f5d25c9b1b3ae01a2
6813,Narcissism,bad,g-55461d4c9ee0de4e,discovery,30b1263dacc445e6e55fcf346b11843aac2af0bafff8a2bb34bd23f26c868377
6814,Narcissism,bad,g-6c4af1c03d45bbc3,discovery,7dac7fb912744bbf48452eaf4cda928d2cc82921e8afcf3fbd99e4e1e1a57d13
6815,Narcissism,bad,g-d27714d5570dfa9f,test,116c598a096903317c6fe0905035eccd851b06240e9b988db362d6d7b87ffe42
6816,Narcissism,bad,g-16cecb2e9504ceea,validation,ea8b65ec8436b723990f8738e7c6dceaf6c962392efd99a689a2ee40a1185470
6817,Narcissism,bad,g-293c764c9c3b0787,discovery,17e9a4865ebbf73d2fcff0be677d38c52eb3d387edc63dfd93e3b97e25102d86
6818,Narcissism,bad,g-7d4e1ffe485d5dd3,validation,0cf4f2d4fb5720fd3568f7af3e808e6ea2ccc886b2757dd5c361bcc0691f0395
6819,Narcissism,bad,g-905ad56b7b4fe58a,discovery,0fe5098378b49e97e4f4226a5d5a305687c00798a1bb1f156a198c5035948680
6820,Narcissism,bad,g-75c2f83b69192d15,discovery,19eacac5dc8cc66483fe131714426aa64043378ee22d60a5fd64bf4d7825aed1
6821,Narcissism,bad,g-80e201c46e2756f0,validation,9728f43650812385f12223e0f8c2f1ff9779431f5da40f5b02f7f103756d45b8
6822,Narcissism,bad,g-9539cadd491b8eed,discovery,98625effb317bb8c4d22016a1dd472778758d92e2a3b0f5bddf2972bce217784
6823,Narcissism,bad,g-cb07025e945d721e,test,57f9397c985b3f1e184b3d7352e7f53257c13391f63733bdacd88dc44e556535
6824,Narcissism,bad,g-726885bf314dab5c,discovery,0a00b37a8c0bb56c7c17027ca0b4d678ffd6f308ac58786f44c61a7c73de6a6e
6825,Narcissism,bad,g-bde06d0519ae96d4,discovery,fe4692b84880125778aae311ed84c7746edef0244862f2867ccc5240ba5b9717
6826,Narcissism,bad,g-2d3f706aceaf6674,discovery,bfc7301872f16c59e54f7d308e3fe30348dca1a6333eb4bae4b911b4c1fa434e
6827,Narcissism,bad,g-e1ad01ea6a8e0c35,validation,3bab970fca7827d55d49921545faccdceba8a693d967af60ef359c9687666446
6828,Narcissism,bad,g-9c4162c283e57f52,discovery,a564afde92e7c532f31cfccb32a899bbf6d8b3f96ae0bee695fe73c8823b1e5c
6829,Narcissism,bad,g-c95af5971e324a29,test,0a5c84c4a54acfbbba1a27ef10770b9d5342c2a13a86497491bbbbc8bb63a0a2
6830,Narcissism,bad,g-f9babd8d0aeada1e,test,19c7ae16416a5d85f66d6b71b5c53b88d017d0baa169d42cd0ff112802523b32
6831,Narcissism,bad,g-cb8ccc5bef692b5b,discovery,fdf4dcc44676f62a12f0a84ba646b6c37b911656d94c0e8d4c32c3adbf552bcc
6832,Narcissism,bad,g-fe127b28004ef1ab,test,2e25156c26b0cb734bfd8c790fcca9a7af640272e63a2a1801819eda1d7a14d6
6833,Narcissism,bad,g-8c8b7a527b7c5196,discovery,907815af258514f91a1c4aa1ffbb2708a2fbac2a0c6c059d030c073a687e3971
6834,Narcissism,bad,g-cf4e8f1e74506e0e,validation,43a72fef3bf423e2b1334b9256a557e4fafacda8d85d3e19ec9c0e9d267a7a0c
6835,Narcissism,bad,g-e2491e39b9982413,discovery,32584212d8fa98fc25152589b7f27d7f1becdd7209448b6500144940c40ac738
6836,Narcissism,bad,g-233f0f8e9c157be4,test,abcf3141251424486c4c826e41aeea59de52623ad5e2fcf651cbf81a340d6a3c
6837,Narcissism,bad,g-6595e7481233f885,validation,32cc80fddd53e49da5297afce70835006b2985239eb1edcd1bd86343a4af9e7f
6838,Narcissism,bad,g-18e3da44b0a0e59b,test,26a210c9893e916ac2197b79602c902c0653ae0ba7140dc18a67d696aaeec193
6839,Narcissism,bad,g-21b742e93b475075,discovery,59bec435bc9f5493c2fdbb06f6a2f8fa9a9645c0e874946ebf15805aeb292c88
6840,Narcissism,bad,g-18364a150abeda99,discovery,8ccacadc4903934f64c3723a1b2ae70e8075e7d35fbd6929b7f886a163e8e439
6841,Narcissism,bad,g-6456497a0c653132,discovery,96d3a7d91c5efccafadf859d10b2bf4dabeaab8d91286a495f9bfd0f5b32ca91
6842,Narcissism,bad,g-291dbfe11dbb31cc,discovery,9fdeea3b68980e059823f99bd2e2e0a568db4c4890b8bdc293dda424598f1662
6843,Narcissism,bad,g-2cf13a87e31e49a5,test,144867f750ca69099f4baad62d68694b7b96611034edfcbc63bbb9c78cf2bde2
6844,Narcissism,bad,g-c48832ed65995258,discovery,24ed75ddbac630bd0e953adb1131072eec37223a5fa8eb38af03e74fb19998f6
6845,Narcissism,bad,g-dd5ec0721ee64e97,test,20b564de29ee0d9f9cafe415b70a5dd087bbaafe63080e136029b822c2751778
6846,Narcissism,bad,g-a5c5150a757e724e,discovery,c08cc129ceced705fb210ba6ffb31de140a284c5228b7b919c49609d0df8e49d
6847,Narcissism,bad,g-0761d059b38e9c26,discovery,1fcc876a8a640deb0a4641b72ad40f75fa1726fafa646eab0768cd69f12ae77b
6848,Narcissism,bad,g-69356b060729c53c,discovery,6f99c3783f2914b6b5a549aaa86cdca8c38df3dfbc3ebc4ae2c24f321a9471c6
6849,Narcissism,bad,g-b97cacd85f13557c,discovery,9caf7f673e46d46f3330afb4c9750ffab09f24751863a815ae4540836766690f
6850,Narcissism,bad,g-9dd29807c0577eec,discovery,e4236287e26566b53ab26082c0834b6b85db15909e24d17a73dbaa746f229516
6851,Narcissism,bad,g-13cf04d4ec1227da,validation,74ee5902f35a3d8472a8ed83aa898891f1537fcade2a6a054cb41ae6fd58ef0e
6852,Narcissism,bad,g-bad0e7a3284d1840,validation,f410ad652bebefc393bf4a9ab636113f89cfeabfbe67205d4d483dcf20fb4353
6853,Narcissism,bad,g-c18f4630447f8eb3,discovery,5d1ffe6152fd719363e3cd095ad0af720b1be5d852955c2d2824d9f7927f3b3c
6854,Narcissism,bad,g-a3859479c3eaf844,validation,63c9b89d0ef6954d4a092359013a7a062c7d4cd11066cd515ad45aa9164073fc
6855,Narcissism,bad,g-a175f6bb53301185,validation,1f0c12e06ca97969452858830b725112f0bc02832e5fbbfe5ccec8a5bbaa6abd
6856,Narcissism,bad,g-2694aa8df74876f2,discovery,dee639efc50bd8b41ddf493d188109e87cb737814f5026ca7015c34e9bd92670
6857,Narcissism,bad,g-b1b0b233975aa674,discovery,3c3a1bcba72d3a80ec3d53a2ab97c8f701b1115dcb9098bc59f7f154ddca2eaf
6858,Narcissism,bad,g-774e87f72be76d2f,test,73dc8595298f32bb8992ea7868a38d51a8211c16bb00fabbc8a94efdd663b6a9
6859,Narcissism,bad,g-b7a4c96c30eb1144,validation,9eb8c0323aaefe924ff2a8e90882200ba7975daba9e4cf11073eb428ee148200
6860,Narcissism,bad,g-a5b28aeabed2a938,discovery,257bfc73dc24d96b2e13d2202c05f73ea7010f5326c28824cfeb45f8b13a0b00
6861,Narcissism,bad,g-79a869b3ef04028c,discovery,28f196acb4eb52677f945493075e170cbc9e6166ad31f43183dbeabf3cd5ab82
6862,Narcissism,bad,g-33589767df06a0ab,discovery,6df0cdc0297d3f13b2eaf327227e5e72d06f7513f3d6fa020874bcace7d828e7
6863,Narcissism,bad,g-a63e569401f41974,discovery,b8ad7363580ab692b2d6b20c4a2c57718684200021a05a570fc371e20fd88b31
6864,Narcissism,bad,g-feb77b1983608b1a,test,f6c2f1e59a9c8e842abc7d95fe3d82831a10cdcd3a9c9b13c6e3afd727bf4e53
6865,Narcissism,bad,g-67900336f10b9a3a,validation,f92f927f6682ccbe484923c72a4617056771bdc5564ffd7b48b40033b31724ae
6866,Narcissism,bad,g-632189000d9b47a5,validation,70c78591fdb4f82d5d231611ce108213acd44801728a5a11f84ace1b7435d9b3
6867,Narcissism,bad,g-824d115b3ccc75c2,discovery,5b379a59b980b53f12ee85c5f10b5991418b6bdff1071e47197bab7c7ae8cfd4
6868,Narcissism,bad,g-6160c1410e6c107d,test,75826e10da8ead1681762c20c95ec5004100eceefbcb8c73063630b625c93072
6869,Narcissism,bad,g-ac9352200665eb95,test,b4c25465948c0f992471c0a6fcb568fa0cc175738b7b258b0865886e1e5d12f1
6870,Narcissism,bad,g-d11f691960f7b1df,discovery,ad1c4de412513837dab43b2b162cc218820efd1a32f1313855fe884053fd058a
6871,Narcissism,bad,g-dab545b946f1312f,validation,061692f033da793207a8d296e486526dc10668933dece06d3036c877a4da2646
6872,Narcissism,bad,g-a68ab58490ea1de9,validation,17a7e2af5fe1c5b9f55146309081eebd83180b6f88089f683e9184028347080f
6873,Narcissism,bad,g-c244f53224f98614,test,d81195e820d4a9acb1902ddce8d92ce6bdd78ed854636caadd0d4c4a6db9a97b
6874,Narcissism,bad,g-4d5062d9d983610c,discovery,d07e16cd5f683f12fae7468a1c856123ef89d1632bec59df5975c333b5392688
6875,Narcissism,bad,g-c37749e9e299c560,validation,505ba8d75a050326c0c827defd5fee2cccd0ab0f12091b8d759e0bc21298a707
6876,Narcissism,bad,g-e4c2ab29004c54e7,validation,9cbbdb48b2e02e2824ca7992af494be1494a94a90b817e612c2ee8222d5a5b5f
6877,Narcissism,bad,g-6db071c71cb8c4b0,discovery,aac5460387a7b6fd1a4de8d31e7061cefde8a6abbe898fca756e00e8ab997aed
6878,Narcissism,bad,g-c826bac383e74b9f,discovery,1c2eca3904e8681e5eac97cf6526bd512fd421334e161ab809c42e4eb4078fae
6879,Narcissism,bad,g-8ac0876d2ee85302,discovery,94726a27aa3a671efc7700b13148bb5fcb62611f3ed68a60390b5d2b8567a1cd
6880,Narcissism,bad,g-c606117cb9f5724b,discovery,9a8fc5aaa6aae7ed96e8212604a246c2d0051376959e09b369c6bebbb3188584
6881,Narcissism,bad,g-487fcd082144655d,discovery,afde2e33d1265d54e801fbab0d9d8ccf00d7b38b0846bb3f451a3b1b47d652a4
6882,Narcissism,bad,g-e101e5f90781bb1d,validation,f1b5e6c345dc8fc89a7f30acc75feb903520666761648404f02aa18e8fe8c52c
6883,Narcissism,bad,g-28ee6b63542140d1,validation,c879a0038c15c9d49242a8916524409cf6f4a5ca4797d8c56085b449c76ce9a3
6884,Narcissism,bad,g-5f3c4d98b091b7a7,test,5fdb1d5e9f72f886942734983d80159418276c4d2adfaf4968c2205db216d62b
6885,Narcissism,bad,g-d6862cfba30d06a4,test,960361f09698151044545fd8cc2004caf7dd6e6c2238e3765ce95ed00f3c3eca
6886,Narcissism,bad,g-0a488849241fe8a6,discovery,1f20eedf8611cecf0b145e1e7c0cf6a7f06c447b622cb6149999038adb285ff7
6887,Narcissism,bad,g-9c252d9ee25df4fe,validation,fe53623446017847904344d3af8ab0ba72f37bb7fb119144360371935112b7ad
6888,Narcissism,bad,g-7824fc3098bc4bea,discovery,ba51b27bc82177c355e183a45173315d8df7822e12463fac206fe62c66df6393
6889,Narcissism,bad,g-d00514caa089690a,validation,869f2a461e5a7f1eec47d3699e9dcde75aa3e9a0d8ff88a9c7de3607b3fa36ea
6890,Narcissism,bad,g-5cb2b71f88e6a377,test,67892b1f6634dfb50f941b75499cc4cadd87104a2b0b00815fc14f706a368a11
6891,Narcissism,bad,g-32e634a7cfcfcec3,discovery,8730ef300abc79f2aeaf3a9ac3ba5c5ca7ec09f72583f248bfce21b861b67e31
6892,Narcissism,bad,g-461baead4534ba9b,discovery,6d6c47454d6fa20da8876d5556b2ea1d90b05d5592fc23d9ea2a411b602ce163
6893,Narcissism,bad,g-431f1bd49cb0d5c7,discovery,c1ef181936b02fc4ab8d7c5d798e5227298b711e30c64e481ef7d66ae0556678
6894,Narcissism,bad,g-7fac51500e77827d,discovery,544079e49944dc549066326effd4f83e29e17344a30fc3c7899c965f319eb131
6895,Narcissism,bad,g-ae8cff8b0500e3a0,discovery,e8687cadc8c79638d6c41be176307831b4c698999bc120ab1b74defad1f7a96d
6896,Narcissism,bad,g-0ca1408011a3cb42,validation,f392358225f12e386c7edf877366709f558e7eec89575a6651f5c59f238ce96f
6897,Narcissism,bad,g-8024931f6c973ab8,discovery,9dc540ad662127f9e074f66a59accc142c8a42387f6df9a78706a6fb3ec9d039
6898,Narcissism,bad,g-b30fbe0f2f37423e,discovery,466c8e31bc3c699261ca70a4e9aa98dc244474da082ac80ab90a9706437245f5
6899,Narcissism,bad,g-2e40d63848124fb4,discovery,a0e9bb818c8780b1208da26afbac20df3adf197f33ffb09e6bbc981324f86e4a
6900,Narcissism,bad,g-ea97cb7b82a1bd99,validation,208eec53cecb5cd705fba773822df13500dfd98cbe061c1c58dd80f6358f08ba
6901,Narcissism,bad,g-ff8dc441ce87a4b2,test,0d3269768746b2c5c5faaaf4f8d8a7a34e093021e2108136a9ae028223e5ec66
6902,Narcissism,bad,g-e87c68eeb7463ad2,discovery,8aabe930e37d8248ad78927ea973c7a2a5b4c403e0058b1d0e1c778dd53715e2
6903,Narcissism,bad,g-610fb40f81425648,discovery,83e70f25ce53a0919bb1f062fbc4f13f8ea03ce488628d27a8c016362c2bdc11
6904,Narcissism,bad,g-add58cae933c41c1,discovery,f42e3550eb2df6f5c2985ed3d368fd0e43cc11efe63db9d3053cd1eaeb885bdc
6905,Narcissism,bad,g-e3bcdaabd60ad824,discovery,0501219289c97a349b9d6d6805031f14eebda26840c6211a435798e644fb04bc
6906,Narcissism,bad,g-b0432fc47a8d04ae,validation,2810465899105444d424ab3b9601995c93cb2203a07f0ef5688dd23c09d296ac
6907,Narcissism,bad,g-b73c560d26be49c1,discovery,41a5b9c4b00d31abb8b9e1c509f6ad197029058ac88ec4c84ee6a7499587b101
6908,Narcissism,bad,g-be5da6e2c883b216,discovery,9f3d6ec696a0b460bbeec41ff0027034ac2fb6ebcbb35b7855e2fbe1b5d723cd
6909,Narcissism,bad,g-27f993be5434b2e9,discovery,ef5a2e96862f9cd31d4a5dc5b7bbdaf87651e32dd8c7488bccfad7a937f34df8
6910,Narcissism,bad,g-ffdf7f27ff3a0853,discovery,91e759a429fbfdf99f6f1ee98412f491d469dfef2744e4e9b924d2165380ec5a
6911,Narcissism,bad,g-865bf97ce2fc411d,discovery,14361932b08bd45794eada148157aa9eed960e526b4587a4041ebc5c80bad0b8
6912,Narcissism,bad,g-b586f5b7e8c57f2c,discovery,7572f453f50abb52255705a238ccb3ccc3250490f974f246e11236e9764760d4
6913,Narcissism,bad,g-6545e70d9087e5be,discovery,1df802430859365bfcbf149b2b4988bdb6f3c266eeddd423d23dedad31efd0ba
6914,Narcissism,bad,g-8ede4ac8a34ab1f0,validation,c53e526176321cc21ddb92241741e681e813acc63b4c9b980cf580ae519f6ede
6915,Narcissism,bad,g-f4a271b9c791711b,test,96a56d01005f2587e8b49d7e3f8a0ab80aca97bd2b69229e6813002783fb5a60
6916,Narcissism,bad,g-9708710fa89f81ee,discovery,056c7c7c7e5eff9ea82cee2093c1d2f2bd2e6dba7319e23dae6d2a87d8e640de
6917,Narcissism,bad,g-b3f3983792400efb,discovery,c82ca87074b3a9d7ac2e34267b77a0d7f39304bbd586e71eaf977fe8cc1fb666
6918,Narcissism,bad,g-e0a4a5f9851b26b0,discovery,340e580c5f82cc0c32a1651c8041582ccdb013b3169e25d2e1dd14bd2eb46c5d
6919,Narcissism,bad,g-f4da5fd93f606a8a,discovery,d40247ac23894c656d9c0966f6622fce8a8293d9a15299e58f625ec29418d053
6920,Narcissism,bad,g-15977ae5c7645e34,discovery,945b8d35db12ffacdf6ef93b89319055178bde49fb16dab026fb82ae902b0da3
6921,Narcissism,bad,g-9137e7121d621c68,discovery,2c7eacf7b7973953d465893e28f56be55bc8528311e2c1c37b42c5e4c4bdea4a
6922,Narcissism,bad,g-eed52b7c901ecb8c,discovery,2da8010a8d5a9127050fbe776ab7f17311194bce034e2e403347ef300b846bc4
6923,Narcissism,bad,g-b1f6aaba1cc9ee45,discovery,5cd4cd29a452ba8f6c10954624e4c51340ec0920a3914f1ada94dba3cee50f9c
6924,Narcissism,bad,g-1e2b0fac7c45a2cc,discovery,2ac3fad322f489ac5ab5a54637c1c55926c8a5ff7de91eca3337d237a97c87bc
6925,Narcissism,bad,g-35c1e43b62bc8a0f,discovery,e6c814ff5c119dd3c4f30965534c0473ab6957b05221b9d7e6be7302b5873577
6926,Narcissism,bad,g-8fbbbe0cc8220940,test,17ad2760bed62244fc464cbfbf39b2095d9ab77c6a10959d480be3634b5eab5d
6927,Narcissism,bad,g-e41a5b9e86b52a76,discovery,1f67221568a2e47d7ab35b0fce60ab600722e44159d216224c5165ad2e1c2d5c
6928,Narcissism,bad,g-47a322c547a088a4,discovery,ce1a5c8ffaee4c4f9634fde71250256191d17235d5851a66275b3231a5fe2e73
6929,Narcissism,bad,g-fa5585ab06833cea,validation,eafa96cf3b9b87e54845f8bf641d3a9f0dfb0dccc3e6d060e3d4bb35bc1a4b5e
6930,Narcissism,bad,g-0f9461a437349546,validation,2137aa20a7438710f7299c3f9b10afd85d83427e7d19e54e8af12051a123da1a
6931,Narcissism,bad,g-0687a0d6de8984fa,test,3af323e63202fccf42c9731c51566ec325020b5d4f04bbce8be49420f57c2603
6932,Narcissism,bad,g-ef526937444c8e05,discovery,2adc1a22f03f7dc5fd5f4b87caa692c0e1dfba91f866b7441b27617735468003
6933,Narcissism,bad,g-4ff22ef3090ebaf9,discovery,059a01e1e428378eab9f87865b6f0da6ce823dc28c453ef2eca12f8ff4c92045
6934,Narcissism,bad,g-7a1bb66f68501e52,test,fe80fa602a5c12bbecddeda82e612127c5f483f0f06089d68a7a0f2c8b4e0e8c
6935,Narcissism,bad,g-6bdb25bd1ecdbdb1,validation,39442d8f769684726c8a606077a1a8558a8926a7d22b6e245628b4b9b2a92f84
6936,Narcissism,bad,g-2080f4bd8a0be4c7,test,2ddad2fc03eb79a4f48d7a93eaced50b5e23a07550c1f02160d91278c5f63186
6937,Narcissism,bad,g-c0169235f1cccc91,discovery,c5db8469c29f919a53689b824a155cdb64debba99e5129774cd25a5cd16ae017
6938,Narcissism,bad,g-2d4c21f4b42ca019,discovery,b6277360fbe28f31c6d476e032a840d4ced934cbb5573d12821af82d0715cfa3
6939,Narcissism,bad,g-fcf62a0d209bb5c5,discovery,e101353c226702b718f94fa90db63fdc8b806d043410ff17513112e004a31810
6940,Narcissism,bad,g-86fdf3ed3d4f1e27,validation,87a45138592e02e7ce95779ee5be784542541037befee30dfb3ac308fac38d85
6941,Narcissism,bad,g-f25c80ccafd0d5fe,discovery,3047825f2c33f0093877e79eb82a15afa52a2087aaecb19ad07f04372bf07dd2
6942,Narcissism,bad,g-2567cb795d734009,discovery,a847cdaca3401cffb84223d2cc680cf9d099bf31ef8ac797551b9e6928268cd4
6943,Narcissism,bad,g-ab7252fbcc295062,validation,f6e2aaa572b9b1eb5e17e308988adafcb15396d5db5ab2a5d0e2b68f8143fd44
6944,Narcissism,bad,g-1909b5a23f5e378f,discovery,db412777abae8e1d994e11989f8f18fdf4c257e913f7f9be5c48dce9e7667b96
6945,Narcissism,bad,g-ebeedb435a1ffc39,test,6272c942c33200f954595001ad8a375c8c2810a134a5adbfaeef398f7e9a4864
6946,Narcissism,bad,g-ff850ea22d8beb19,validation,5a0f3c4484f8f59a0dc84d686e1c0d599ab01722acd2eab2cfac7a31882c0124
6947,Narcissism,bad,g-0b4537afbc3758a8,discovery,6052ea5d1f2c5a8394e91536909ad8c3b0123b9b9e15bbf934ab84767f892f45
6948,Narcissism,bad,g-b75ace0c6f5b72db,test,bc40fc6fc2340d3c7594102ebcd786f6eec0ab4c4198f81877716d1afeab6d46
6949,Narcissism,bad,g-291a9ccbf0760f20,discovery,654b0b655ea17822e3b9d07e1f6b52d1ac8051e038092173b4bf04e982576a17
6950,Narcissism,bad,g-9c7855a76cc838ab,validation,086636b67a83fff47449e9e0c7bb2275eecabc989ada4566289c0bfb69c625a5
6951,Narcissism,bad,g-c3e6d451f6dae097,discovery,23b39323b9e5a00a0d25316780f6a758d0c59374530ceb550c4f5f2ccbd8d317
6952,Narcissism,bad,g-f9482cd6e1712cbf,discovery,a848a63a707ae3f23d4557202d8dbaea2ee83871af71b12f0e08ff1cfa0ea1b6
6953,Narcissism,bad,g-dac199bff32ad272,discovery,ee8be401bbed46363230c5bab536247d23a31cb92dfb1174c8fb644a1f6763c1
6954,Narcissism,bad,g-d5cef238a2c8d29d,discovery,083b43e9e11c83f4e3049180f44e33d8a79e216555e9b33c85ea83bab60c7c08
6955,Narcissism,bad,g-4f6b6a3d210dc22a,discovery,086181ad57e2b4e3513d7527ce80627c9fdc7e0510a697a3c9715c5c9e04f6fc
6956,Narcissism,bad,g-e1fe4135216292e3,discovery,0b632f092ae6ce3308e1d56029a3bd6b65600b6652953b978b1b5d48aca9ff6e
6957,Narcissism,bad,g-f326203c606e57d1,validation,4d088bfd1b72f1264de67cc03e6dc1cd7a52c7f44d3e14a29f4226b53266976c
6958,Narcissism,bad,g-6d38eeeed3f1bad0,discovery,54c3f548485bed9669def5aa81cbf06aee218c19a1e99d54642850e11b658cd3
6959,Narcissism,bad,g-0f029f4711353885,discovery,ba61ce1ae1816cbafd3530b115dd7e0fe1230a9081531d4f35d77fa06a93e429
6960,Narcissism,bad,g-22c178aea913a9f1,discovery,e56c7fd1afea3ebe75acf0b7b2db044876ac130425343b1ec40439e202ea77dd
6961,Narcissism,bad,g-36e0b96290d25fa9,validation,342cfc9d9cd43f70ea7c82816a7f6a12e2995e1cf05b8e85cc19bb8de2f68b4a
6962,Narcissism,bad,g-0b68229d95a3fd5e,discovery,ae34ccd3169fe8bcce25b6f799546f25145aa8a027c3f0d933768270072132e4
6963,Narcissism,bad,g-bceb60c36ce78ef2,discovery,690c81c8b825732aafd2e0032e656c1cf5d99e18c78aa5f674624385ccbe4bd3
6964,Narcissism,bad,g-af1af1cd2b0ea086,validation,46c79b80fc2fd4bb3083f43ba2fd4cb0cde2d2d5dc30e13c07340bc6279e60db
6965,Narcissism,bad,g-f340dca1c96cf131,test,43979f4bb5bbe62dd3f59e063b15f1c84ba52dce7de9554bf7dfb1e5b643d622
6966,Narcissism,bad,g-5cb98fe1b2c7250d,discovery,02a1f2e05f762b20506b10a14c3aeb1fe028600a67b93c7a24a455b1228c39fe
6967,Narcissism,bad,g-96d22b6a8152ccad,test,0f16ac804c2f2b1b6f943d91cc9a99c2d093c70e317d16ad365234be8c34bd65
6968,Narcissism,bad,g-c0c40c61c8fe53be,validation,b52d2b609315b2c20a489c88dbf569c3435d5ff4953888ad34992aacecbc1272
6969,Narcissism,bad,g-9bb79c93d5314831,discovery,1fa2bc3c0bf621ef6baab6d7a0d46ad890ecfef9ffb77ca239e21fcfa26a3b43
6970,Narcissism,bad,g-aa5573dc3c1dd005,validation,b03f2e411758b5464a015c65462b48a2a96b85387b71927c15fd9a5713c98113
6971,Narcissism,bad,g-a69326fd756003b4,test,ef0fef4af67c9f09a00d27a9c3fda3d4c41cd256877c1e28f04640d71455b924
6972,Narcissism,bad,g-e29cf777307c3757,discovery,ba424d43b6653f1c2a8e2b92987a7edf46771635a9b359c4742079aec60ab897
6973,Narcissism,bad,g-c7c827dbfd3332df,validation,5a1b30eaa299520408f70c6e0e46d1eab349d2cca78f593f6fb7b2b12c9b7788
6974,Narcissism,bad,g-cbbf440a7f33b542,test,71eca77ce6bae77d26e67f81ec5f24d844605e21a759419fd76b79325ae06942
6975,Narcissism,bad,g-405a875c57a4eeb3,discovery,862efb3051748522ebb6f0e6f647375f6826bb5c804be00e09a5d8205e79e643
6976,Narcissism,bad,g-b5ded2484211b0af,test,2a4a1cf95d06b9a1f2df4cf64e40dde624ed81822ba572b0729d5a4423984d8f
6977,Narcissism,bad,g-95717b2f05926899,discovery,5c1167b48957a63a732054f3080013cef8cf150ec6c55fdfb8fb011d6fd1a0d5
6978,Narcissism,bad,g-fd37f4ec95e4eaf3,discovery,79768b9b37f34a22ee7368b1ac6da51f838e8bdecb8da5a665cd33770e3fa974
6979,Narcissism,bad,g-5efa3092ff6900ba,discovery,b9b0d1ffa4ae0b774353a01e65b32daa06da1520c8e01b1fc43e5caf05bb3065
6980,Narcissism,bad,g-7bfd784c0cd46c75,validation,1b9e31a7162b00a74eea98d1a3cdc106b2d196ccff221a50e0c24c5f008f0894
6981,Narcissism,bad,g-b20bc8a1d4807770,discovery,04f8904602c380df3bed0739c782e1a224505f70c42104c8a3a88a5d956dc4fb
6982,Narcissism,bad,g-47815f27f9f5a264,discovery,2644b36913e393f303229c21407475c27d07b5019ba9104dcd0a22ef2cb97db7
6983,Narcissism,bad,g-0604618ddfd60866,discovery,f1507b0ae9a8aeb478c53469cb61e87246a22e1adb84f85cd487d71e83f1ddf0
6984,Narcissism,bad,g-ed7d5c970c8064a3,test,779c5c3f6d5d21d3cdab932607e6e11a980d7f8428737970fc42495db4651252
6985,Narcissism,bad,g-dfd72a0dc453db9e,test,c7313a7f9de1366f8dc8d1eb8fbf9444bf617acaeb4c59b414f98670cbda4165
6986,Narcissism,bad,g-71cfe81290dab50d,validation,a3b187ba0264928d626a2203b918439d6fb5611560abfde8201c3f122f4c86fa
6987,Narcissism,bad,g-a98873b0fd83b43d,discovery,390f8f9db7378714d37b4c4c8e7462e81f1b50d94bd390c22f728c5ec771719f
6988,Narcissism,bad,g-3a328f39cd8ec076,discovery,25bb15b7b1766e2f60a304527e02227f5f1c671e43928a181ccbc1791238c981
6989,Narcissism,bad,g-bae8b314612fd1d6,discovery,0316c6ddc2669ff71754a78ca65ea80fdd91e5263ab3b5f5d2bb55eadaf5b12a
6990,Narcissism,bad,g-36e3dd6ac02be69d,validation,abcc35e06e556a0bb34bbccf5bd0f9fc2ba14c6cf6d8718463b44e977b87f4b2
6991,Narcissism,bad,g-a214b01cad3e713c,discovery,a3671fb189c3e9bba7a16f36be1af72f045e1471902b8e622276ecf43dd1c2c1
6992,Narcissism,bad,g-3a3093eca9c00a95,discovery,040a88c2da6c4cc41586f1bdcf9e3ddb9b6c7cb5a5908afeaac6fb2fe1fb248b
6993,Narcissism,bad,g-81085c2ddb50617c,validation,335f0b7d47a4614477f59207be4a4b291b75867207eba7a4bba08b275d09350d
6994,Narcissism,bad,g-a6bb0b8bbb072f9c,validation,585dddde407f1a6229717aa90c49a8b1d87379e90ee01d6f708dbac2e990540e
6995,Narcissism,bad,g-2e5a103ecad1f3be,test,751335ae0819d160e6b5a84290480b04c18593b1a09ba5abc817f19bf4be33b0
6996,Narcissism,bad,g-08e041f6ae35a5c3,validation,7229faffc38aa100a333b0e5df7c48c5bfe9230d38c3f1bdadff6ff551004f0c
6997,Narcissism,bad,g-6adc6ec1b58b52f4,discovery,50f2210ce737e2bd8c4f363caf8095ea7900146e5778e023c19925c0e58c0962
6998,Narcissism,bad,g-3f8fd92b99347072,test,e5cd4adb473ef6c1989c8401ee4f5a71b46d434935a364f07842e8522fea2c7d
6999,Narcissism,bad,g-42510df6eebb46d7,test,71b1208e17da99e49aef98585c246862dee5dab58c4abd0ba263d9b9280d866a
7000,Psychopathy,good,g-2e7a0c7a040342e4,validation,407c036c2c328da3017ec80a0e82ffcb7d573808f8bd1921073de1f6c8c6000d
7001,Psychopathy,good,g-e67e9fe20c28c2ee,discovery,4ded82507d4658821b7daf43222362462df12aa1a1944a98b2c1ae6e13731098
7002,Psychopathy,good,g-b24bb65aad460182,discovery,d479164e06e0b9d703c3282a21dc47cf1d5734fa9702c3c2e2aa536f28d73d7f
7003,Psychopathy,good,g-d8249ab62b8cdddb,discovery,6949d08951f3b05a3c753a86bf90bb7c3a30ed88265c7a0fa4f98ac934299db0
7004,Psychopathy,good,g-22e3035c1557dc63,discovery,9b905cbe1c42682c149060cb06c83bb80a092ffd5e367b31e362f1f6a081417d
7005,Psychopathy,good,g-46064dfbea7b5d8f,discovery,9c2188821f9abf3bdf16b37dc56bb63b5f2f49a83d38b3f22db455c6ba0ceb0f
7006,Psychopathy,good,g-7cb0018407504e0f,test,b15b9791f553bbdb6c78596fcf82ee27eb0e4d70306c1135312fb38cbe2b45cd
7007,Psychopathy,good,g-e9decfa6612967ba,discovery,9bdf32ad5ae17bf126d3f67583be0113d6f1aa73cd320b4f1931795f21ea2d49
7008,Psychopathy,good,g-24a1148e0225de5f,discovery,8f14195be36a49f5339166374c8c358a6055394d179d190e4cd057464d63da4f
7009,Psychopathy,good,g-f985a55f2d566bff,discovery,8844ef0b3efb9d0cde0f7d1176fb8f9b5cedefa482956fea9f081f57abfe4f18
7010,Psychopathy,good,g-ec1211e39a8ecb21,discovery,566b13dbe84e06ffe8a2c65b29fefeef43f7d5c90b8aac88cb087ee66f724e91
7011,Psychopathy,good,g-9cd4f15babeaf11e,discovery,8a27c9b879cb56d44eb18e33387d845939683f74a460cb51e81b3d450c9a0f51
7012,Psychopathy,good,g-e7d6af84e3068a80,discovery,72d28ba789902ab58f0f9d31bab7b052e67bc56219f7d3b47722b124e04e1527
7013,Psychopathy,good,g-c19eb9929f39283e,test,3590aa9e4e5ec2b6c34883805a919c8f406414ec61c15a4dbe5bfa2f98de8798
7014,Psychopathy,good,g-ce4abc1b9efa5970,discovery,2d9171d7881c3aea1ae96cd09bee22d6e70f3d82b2c896aa205898b60e3f6c76
7015,Psychopathy,good,g-34f00a4967b3e788,discovery,fcec39df64560141f517f6f5224ecf7a85cb3f416e88268e6af3217142920103
7016,Psychopathy,good,g-f9dc7978cdd3e066,test,757d926616f2006eb162f55fbaa2f2a923cda6c33b0c89b6e47aaf962e454c53
7017,Psychopathy,good,g-9846ae59f75c9f6e,discovery,7677274ba7940efa2455427b6f39565d7212c27025b4c48fe2b4a29bd0776f21
7018,Psychopathy,good,g-77f492318a5c99c5,discovery,d1a28bd52ce50475259feb716e30bfd78a1570f2d88962102ebd2eff168b733d
7019,Psychopathy,good,g-c991b9eb415c03ef,discovery,f66f36fbb64ae00cc994e611968381a21f3b56ae82f5c70a9fb8e3465b9cabd9
7020,Psychopathy,good,g-4cbe1e3ace817bc2,discovery,dd28ea6d582da69c1da5e3fdd108c4c29c0d370dde5fe5f5113e5d6517697617
7021,Psychopathy,good,g-b1487c329985171f,validation,0ed09eba215b2f99a4d7528f4b13b2a7040e8b7844b9918f3a833f60ab002361
7022,Psychopathy,good,g-e0b4d0050c65e8b8,discovery,50807ec8805ab3bfc93c2e377d6a420821f6c9d28f982b15c076194194634eb7
7023,Psychopathy,good,g-637eb296c8e5b929,discovery,d480e8049fe1a62510385e3910028fb05a3fa642cfcdaa1fc30b2cdc9bade9b9
7024,Psychopathy,good,g-a32c06b0055da742,discovery,c8593a4e8a6bb2f7c4947998f4418525458d905e84beb6fe27c180ce72d2b3b6
7025,Psychopathy,good,g-05cb8a628d7c9811,discovery,a38acb14ed6f8b586bf23fb846fd1ecb7634a3bfae8d97cefd38b38633f6c120
7026,Psychopathy,good,g-d4337f361a3bebcb,test,904ee3b123dd148c0a40092558f621f6376202bfbedce593a0d78695267218c2
7027,Psychopathy,good,g-080cb28dcd783198,discovery,848230679060b0dc01b704de4714f3b796402ed69ed394600f1a8b1ebe834d5c
7028,Psychopathy,good,g-e867be56ee32212e,validation,4cf66df060d3ec6e39d03780ea4384d9f5ded4b9ccf5bf0832f90db68b508397
7029,Psychopathy,good,g-906b21df94d0048c,discovery,9a69f8c9b0cea4b1b05fdf8be695498245f3410afbfa2cb170e6c897dfb12a19
7030,Psychopathy,good,g-6258bd6234248986,test,a3ac8bb92c2887e4e22014fba3cfe681e6fc64c43218f3340ee35f866f9f7bb4
7031,Psychopathy,good,g-a723afac047d2f90,discovery,e70f56a31090ca97d824c1ad71b00ab23de22b5ea1179e5b2bcfca817782221b
7032,Psychopathy,good,g-b2698154e815a559,test,dd91ad0d356e214ca9f439ceb129e9054b3df0f013fa2e0efe72e5a0b90db153
7033,Psychopathy,good,g-9fc19d7a2ae34473,discovery,07c97c9e61067da2e4ab3c258bd3f12995786c152f1c8c360847f91ffda7b799
7034,Psychopathy,good,g-90f7eb0cd9470fc9,discovery,ccdd46bba6efb60de34a33d10aee4e0406a48e79686dd0060029ac442189352c
7035,Psychopathy,good,g-aa00e8284582988c,test,7dcae0451ee29adbbbf02ed69afbc92d121793c84d62fd366768341baa52f830
7036,Psychopathy,good,g-54a757edabbd3082,discovery,8948a79e8b879518a248594f65532ffa13c3285d7638a6b31f1e90d426217c09
7037,Psychopathy,good,g-cd4e006d0bde1aef,discovery,c09ec63017baa2a163ffeb88adf86189bb41ca78fda692d89534e4e989cf739c
7038,Psychopathy,good,g-2fca67bea83c972a,discovery,de57397db7e32700589ab5d3e53c5e1ea62434b6dd3e66074224d063fb0c74ae
7039,Psychopathy,good,g-d863c171e80a05f8,discovery,b2a40b0a1492a3faf4fc7f2d98fdef13929b9b5ee087069ea0a3b38376c2fea0
7040,Psychopathy,good,g-fed96111dec8168a,discovery,8f671e1c01e4ee742725b95e7c9f6ca0fa820a4c17e466430db3e935ff7e01c8
7041,Psychopathy,good,g-5cf3ed7af93a5034,test,a1f60b517bdda1d2d4d748bd2d1b5b50917eaf53b9b2a40ca8e03b7071e921bd
7042,Psychopathy,good,g-d393bf328d9e34b6,validation,ce4f41e1da40f64d2fefdffa9844beac704386f35019fa3be902a344208eb9d4
7043,Psychopathy,good,g-fc2459688991185e,test,9eb37e1042f7eb1b0eb577c0a114d40d2ef7be1d3a36e6e50d00570a6261b0c1
7044,Psychopathy,good,g-99f61058e0a9d9dd,test,d6e3fd92af72a72557141e6a1dac32d7f68a6d7f3727db70d51629645e1ff7e3
7045,Psychopathy,good,g-175dcd458e5942bf,discovery,839ecf4c7fbb88ad2dadcca5c754d498559abe2bfd2c80961b094880a933c4e2
7046,Psychopathy,good,g-49132c4f198f02d9,discovery,4ae6117c4e630b93a59ece73561695d7a5931699c9cb66cb12699c4c04d8bedf
7047,Psychopathy,good,g-c25acc83b6d2cb50,test,719ff195e18e2b8979c82c720a57d190c740f3170248dbc5e5babc0cf68650df
7048,Psychopathy,good,g-a1dacef79b12f11b,test,fd86ebb9e3954328591c41f4f9cf9f02265a761eaada74b7d5899cc4c572952f
7049,Psychopathy,good,g-4dccb2630adca849,discovery,b4eeeb0072051e00429617fa7ff4370442bb117d87a865f82ef32e68d15a4a81
7050,Psychopathy,good,g-951caa46acb13a5d,test,9330bc295a46a8c2fb675acf5c43119ec433533cf6686c690c6224c853896308
7051,Psychopathy,good,g-f41b31912ff4f5fe,discovery,fa32f66e707a3501abca5e9988ceb130e70e1604a2c39c966433b8748e1921f4
7052,Psychopathy,good,g-82a22f5a39d59396,discovery,b65ac3bf861e83c3e6c4e2578ebd82e20c33e9b75c3d42277b28c20ab132953a
7053,Psychopathy,good,g-c6cb7600788921b6,discovery,b060d0987b3a9d05800ac502cea8f15b6d0efba0ac603ba30187070520cfd93f
7054,Psychopathy,good,g-d913f12bd1813db1,discovery,6097704ac9b463d05c6b4c98ba271966ede548e8a06b466b8558460de95eef9f
7055,Psychopathy,good,g-c70278b28a716bd6,discovery,95aaf25f3d89cd954b87ad67ead5945c0639990ce781603b152b74e033983f4d
7056,Psychopathy,good,g-63dde97361925745,test,7554b2860fd1eca4969f1cc0bfbdc5277432d0b0aa6a4e31b459e16ece366376
7057,Psychopathy,good,g-4ac13e3f94d9ca01,validation,d6f9b5b2411f418b56d012dc79a30b5f05faea742cfd2e09eb5bd0faf690e1e1
7058,Psychopathy,good,g-9308646e12bcb3ea,validation,391b7531057524e0b106f2417b22ac4b605cf5d06c44e590c2025d832b6a8660
7059,Psychopathy,good,g-421e9772a1e656b6,discovery,f6376baf2253ee824990db200ac3dcc119cce66ff28d53598b30a678bc9ffe63
7060,Psychopathy,good,g-9be3c8dd443532bf,discovery,9d020fc256a7cb17541dc043c8fa18fd7b9d838b674fa9ad0187f2bbab04822f
7061,Psychopathy,good,g-b916bb62635e060c,discovery,084ef6716c4858324ddba1a98d4c6812fd0cee5e1d668714512edc7c24f2fcf5
7062,Psychopathy,good,g-6835ff8882299be7,validation,40c13f0ea05473579568b0a6c95ccb24826c330929d6d0d47765e3cdfe89b2a6
7063,Psychopathy,good,g-2502bdffa3cd0e9b,discovery,17f00d47cb5f36a01ef89d2da17c8e56a7edb4c6596df4d32d20369bb7d00fc0
7064,Psychopathy,good,g-8ebd8f497d925852,discovery,7fc48d5f1cd8e580a3223dc4ba612eb80ae2f7bd2d8b02d37eb73467acabcea9
7065,Psychopathy,good,g-d641d44fd59df03b,validation,542637d69031062189d7464c91b9fac574cf10f2e1c40db31017b9c49eb21331
7066,Psychopathy,good,g-f11b8e9a178f64c0,discovery,2e1f04175e805aa0972465023d871695098ab426006f15189e2ff5a3865f5a8d
7067,Psychopathy,good,g-4bd4cac01cedf9a9,discovery,aed7f66cac3cec246d816a5c700ff5e00111b97fee8777e140686acbd229a466
7068,Psychopathy,good,g-32a3f91639eeabc9,discovery,b12a26d5d44b2b4239b1460d5ff450b08cf923991599f6eed32c9c795e0cc0db
7069,Psychopathy,good,g-2705b3ade79e6c84,discovery,161c27ea60325d871356a822abefb4c3b487fb653356726d042ea6b0869b2f63
7070,Psychopathy,good,g-b0555c97ff79994c,discovery,0b8deafc20be8be1ffa17de971c815f5f442289e53f07f8c5cffd4282280a83d
7071,Psychopathy,good,g-2a0b3d238894f77c,test,d91108ef4985144501444d418b48c036d4a4c971256e83ea5f3ec13a53352a84
7072,Psychopathy,good,g-f9a108ed5f4a333f,test,1c327c8fbc7d0092c8e1a916dd6e0f465d48fd7de18a1c2adaa623307b69cb5a
7073,Psychopathy,good,g-7b8c937b9652d672,validation,50140cd9f5cf74606d20c61075a36571df855e243a2223e7f0eb550d855ab84e
7074,Psychopathy,good,g-84f899c463b0ec42,discovery,ffb119bc762648857818f7450de75cde68d6fffb6d939e057497bc71fb42d1d1
7075,Psychopathy,good,g-206a937f62f27281,validation,6f2fac339cb60091d3e41b55f0929931ee832cd516faaa3046709f6a9a999ed2
7076,Psychopathy,good,g-90be764ad8021d57,discovery,ef84293fc7afadeb148b7519073d23d40ea5f9fcf34b26201e23279ad8614a88
7077,Psychopathy,good,g-3afd4e8056b929e4,test,4c37449fb2e5374a3fff326cfb86105b7ab68979436e395f158fde047dcee6a9
7078,Psychopathy,good,g-1aa20dc63a1bc94a,discovery,590fa30cee71963671ed20cdd4df55d48f232bd2b0d8b0df3a16fe0bce6f0c06
7079,Psychopathy,good,g-f9f9343d10dfed81,test,bae5123c4b834208e225c289a3f062f704b069cc907867b65718acf81dfc859c
7080,Psychopathy,good,g-c7b668a2a167b190,discovery,3c7a293bcd5c0854298b8ec690e0e9068e174a222b73b595c1afecd99aed4986
7081,Psychopathy,good,g-9cd946b9a58ada60,test,6acfef7f7031034b050bf4215dec81c507308234573b5d9e234c7ff3daae3e37
7082,Psychopathy,good,g-4d5f0bddc8cb24a5,validation,fda8de8e934201cfc5037aa3acac3a62716e3f2d7c45a0812267392ff510c6a3
7083,Psychopathy,good,g-847192f133f09bee,discovery,889a0a25c6d2a247d65ba724c423765c895ae1f3c9c6ed01e49d24fee9ad8365
7084,Psychopathy,good,g-03b6d4c259536e02,test,66f6ab5c4eea93274447f1fa5fc3f1fb65e9733387f41c3247cfd4d7d6e4a698
7085,Psychopathy,good,g-467791860d46380e,test,2c2f93ba182cc69dc37aef037a62bbb19d351355937df3b65b8823607f1ed552
7086,Psychopathy,good,g-9b9cb0dbacd0f049,discovery,481d6739c0cb789a55cd5ebdbae641141e3ed953cba0dbf4741d28da0d2b7b2e
7087,Psychopathy,good,g-616551bebca52367,discovery,0defc2d0d97d6385e12ea6a0d85cd14f1943227aba9bc94e02a80623e2f48f5a
7088,Psychopathy,good,g-e269d05ff30e59ee,discovery,553cdcf93233b1f1f34efaee1171d0a0757ddc9acfb1785e91cfe6e817be6635
7089,Psychopathy,good,g-0a6eaad9553a7b21,test,c999d4f12a2a1e69b790b30a33abd389878b3b7f810fab87ea4e9739f50721f1
7090,Psychopathy,good,g-77e7c1364fc57616,discovery,982b582c818cc339dd69ced51e1fdf513e2249b84ad8bfa217f9043859331ea9
7091,Psychopathy,good,g-fd67bccb3785fc91,discovery,1891101e56c6ec4f855a49aa0922451a0b76b0bbf2fec855cd4ec24dd54fe392
7092,Psychopathy,good,g-69d854b3903c547d,test,1d0cbf9d41cd5d60309f8385fdbaddb5d4fa84abe6e3ff8ebaa6dd02c37ebc10
7093,Psychopathy,good,g-0305cd47ab88b3b4,validation,cdfe228d2f976b2d2c06f79e82d16ea3415c76966582eedab9f6bd2261a91f51
7094,Psychopathy,good,g-d502b79c66a0d7f3,discovery,590ee4ba39cd749d643cb86d2dd51167de0eab7b43d4927e9c3bfafc324f19d6
7095,Psychopathy,good,g-97be3c423ccfac1b,discovery,372635991575fc5806e3d829039468cb905bff2e9c4192f823a2db4bc8598deb
7096,Psychopathy,good,g-dfbadc41d24e3f2a,discovery,eb11881032d539ea73bad484e0f4dde4bd4035081c1eee252e5c066cf8a43f1c
7097,Psychopathy,good,g-22a1c29742e6c651,discovery,53e069f42c83c5dce15a0fe14e876f9e543c9d1ec92e942a47dc2257a11d3274
7098,Psychopathy,good,g-f15605fa01be1382,discovery,094a55a521c1339a0a61940a6f33057ebfe76e6a3bd452b86050ade7ea906fdb
7099,Psychopathy,good,g-474611561bcd5973,test,25e1695a8f9c5463e8df2f2438a3f5f9d705ed9057fc8e328e516311ac996e2a
7100,Psychopathy,good,g-f9d18f4c1739d201,discovery,7f0072371930207404ce43a225696ca11ed5be72961339f1424845a060d48a7e
7101,Psychopathy,good,g-56bd9d77ad2db8f9,validation,281057ffab2fb25b84ebe7e6a9519b560fc29182eb4430a337d90d1c92d6e959
7102,Psychopathy,good,g-6ad640e7dd5c1183,discovery,6d6b441bb24927564a0f5e316579ac2e2144f89ca8bd21d4198d938f42f4f88b
7103,Psychopathy,good,g-97e163711af4736d,validation,5ddbb08ed81fa14316520d2c7647d4261e0b3a7ebade1cb86e6c705958150745
7104,Psychopathy,good,g-4df5a324fcfb1871,discovery,bef0f76a294bebef5483a5c5f710e4a590ed14161d471f6e2e119a7741a7eb1a
7105,Psychopathy,good,g-1c0efc853e9cc351,discovery,24feac2a6f4861c634efc2e283bb3e7ec27464c880b2c73640f9fa4b6b55c973
7106,Psychopathy,good,g-cb1277ad4d28a540,discovery,4162333cde198452f6f066ecde5ab222895d15f7c1aa00916d6146d253f53c80
7107,Psychopathy,good,g-b5fd88338c6ec1fd,discovery,bcf94e374909bfa65e146906513b3d4432079da475d9a39661e338c42e518c4c
7108,Psychopathy,good,g-bc2953f2b13c14a1,test,ba382dae11fc0cad5abf4979a4c5584a04e089fa75bd61c01967423875b26eab
7109,Psychopathy,good,g-ce9dc307e5e1dd53,test,6a72bd1bcf2f0ce9e7e8e9959dab37cd311826721aed8160bb4ae9d88feea160
7110,Psychopathy,good,g-2dd9e43a228d89d0,discovery,dba1a7afcad345b0e80097c01e480defed671379551a0fbb41b17e431183c552
7111,Psychopathy,good,g-4710947325c10beb,test,031fc3ae367b930def7d505ea15a288b8406613e72553f047a46723fa7cfcf74
7112,Psychopathy,good,g-b2fda5663cb58bd2,test,4718df4c188967fd3e7e3f1051439b1702c48dcfe344bc9809a7263abef890d9
7113,Psychopathy,good,g-65a2b18c36596095,validation,234b45a27178f023add2a2561735df75c8d0c1f9ee39818c55bb87772ce4c019
7114,Psychopathy,good,g-bfc505a820ff29df,discovery,897040afa207b005f423d8d0d3585eaf0a07bb255a4c1285b0ccf489dcd8c30d
7115,Psychopathy,good,g-7d7e3f26f72fb9fa,discovery,171dbb4ba47cb074bd88e3b1faf7f992606f5cf81d8c22f0a4664ffa5bbc27bf
7116,Psychopathy,good,g-e2a5cb3b7b61342c,validation,65c1ec9dc8ba39d787aac4d2dcaec01f5132d5f0dd4f2726472041e0594e72d9
7117,Psychopathy,good,g-25d2c33b04795ae3,discovery,62f559f37d9062dcdaab67c137c085c84283c2de871aca25ec03954d9ab8f9b6
7118,Psychopathy,good,g-72b53f34cde540d2,discovery,d894b61f5c85df2840e4db590d3f2dc27ff0f8a95d935ffea5a2e53c4d7678a9
7119,Psychopathy,good,g-be59177cfec8f0c5,discovery,f9ec9c361c307e03b51c26b1a239fe66c471b8f8f12021b498f79866a34301f0
7120,Psychopathy,good,g-4b82c1bad4db5556,discovery,c513570029cbf654f023369e9d2e114c4e9a1b2e15a209e1fec9882afca7f07a
7121,Psychopathy,good,g-c73f27714e3ef77a,discovery,fe1c8fb07656d768c38317b44bba7f1787f90491fc3ebb724de972c6134a3a58
7122,Psychopathy,good,g-a35196fc8b4ee7e4,discovery,3109642934a444ddf2c96c2f34db1aebd2def86afcefde916e658717a1636352
7123,Psychopathy,good,g-d49277540d4a04fd,validation,9e5eeda4c73b8cb06eb7ecd24688605e0c770f10c598d972a64500895919573b
7124,Psychopathy,good,g-7da5669f72e4807a,discovery,3dcbdbdc9f226b6d3d6150bd73094897e716369fe9021a05468d4b569064f9e6
7125,Psychopathy,good,g-afd96c0483de0f3f,discovery,41bce936c2ac39753957dfcd010010647157de282b3649a499a1736a2de88174
7126,Psychopathy,good,g-d31baaeffb1183ce,discovery,291627c885cbc7c9c738bc52aaac66af8b40d5f3d800dd79b5384cdeac40e662
7127,Psychopathy,good,g-3d90c66fc1556ebc,discovery,147b8de69f8d21ad78356b0078af384bd407c6c37c6c999318fe515fee90636a
7128,Psychopathy,good,g-13e88791d54afbab,discovery,63b3a5b3ce5a790e904c3d8cb16fbbd7f2e40b666fcf16c214198824541b35a2
7129,Psychopathy,good,g-b95c871d0b535891,discovery,c879cce8bd4e4e1229773cb02ee842223c9de1f357c89bd1d1c1d96a87b5e98a
7130,Psychopathy,good,g-92a3a0d57f5b145c,test,3ad0c46c3036572b2626842a874174a3bf3023f9f0acd9e622d6653e44ca8965
7131,Psychopathy,good,g-2fcea0cff8b3b3f0,discovery,5d39eddfa7a18899e69e4c614d400e9ea6b992ebd01d55bfca8ddb9bd29fd76c
7132,Psychopathy,good,g-ca3af3fe658eb773,discovery,c255a93d461cd632aaaa74f65dbd617539b5de2bce4f969d5d374660af1a02b8
7133,Psychopathy,good,g-f1dc8ba195fdf50e,discovery,5e16fc09d2e5b3e294517c62e1dd14d75c21bd5480e175bdb3ad88c9c28d84c5
7134,Psychopathy,good,g-f89ff7ef3e3b9d60,discovery,0776befb8d86408df7ad8eec1870a4721093cb9c9f0bc471dfa939a6cc3cf10e
7135,Psychopathy,good,g-439f00e45f211e68,discovery,34ac58906cc6d44d9826c00fdd931e3ad7d8f36dbec88649e0ac6127aef34f2b
7136,Psychopathy,good,g-4bffb8d0c9b8df19,discovery,4d647d1699c5ce138002a42d6cb4a17f717bb2c330a6390fd94804cb1543fbc1
7137,Psychopathy,good,g-27578d6b229d9091,validation,1945ab643f24c4d614921987fa616ad22355b1340c59aa4965639fca0c40e2c0
7138,Psychopathy,good,g-0eabfb16d9e10013,validation,29d2cf445ca3aeebd5b16e41dd21849b1ab2a67113ae0c49dc6b9bd7ef822d7b
7139,Psychopathy,good,g-b705105cdc809ec3,discovery,fa05732ec20963936523d3b8b92544a6f81e14309fd3a7222b63bb2892707d11
7140,Psychopathy,good,g-64da3e32ce50e7f3,discovery,10ffca5b23c8a28d350e664013d928c1ccb4be5475fb433da0ad3e400ed6264b
7141,Psychopathy,good,g-851c99c585d6033d,discovery,52671e8aceada965ccf55078ba31f7a6c7e229eb70b7315d1fd3133246b077f1
7142,Psychopathy,good,g-e6c294b0b8c6afa3,discovery,1798b754823843e0993e0a83cd797904c951dab72d6407fbcb7d819467ee0fa5
7143,Psychopathy,good,g-b2c97c667262fc08,discovery,eff31a1142010ec99c8bea8040b0ab81e550a5d015a5670ebdb9e534011cf72b
7144,Psychopathy,good,g-aac7d368268c11ef,test,91ecc8d0c2c1e7b1eab55d4c2b71940c2532215f570f40ef407acde16f4a7d81
7145,Psychopathy,good,g-704ce516efd2d2bb,discovery,85d738595981099a7d4c52adad6179c5326a4f4addfe3867042fb3ed172bc2d2
7146,Psychopathy,good,g-134302c1407f3088,validation,117638fd6ba1e2ccf37c610399ce0d35ae99f505b2f00b99d62fe9b57e860c44
7147,Psychopathy,good,g-1808ee23bae858e6,validation,bf7340b703ec6e51a63abeeeaea548c9993c3fcb776277ac7b85cd485a0da23e
7148,Psychopathy,good,g-cb85b49da38363de,validation,feef9c056b5b3beddba263f1577ef2c60e71ce96635a47f24a37709cb67eb148
7149,Psychopathy,good,g-9e5ca4e7af898fa0,discovery,035a696b735aa10f88eed8b79b5a8bd03ac6629e2e6041a7282fc7883c43de46
7150,Psychopathy,good,g-69fabd35558125ae,test,0f33acccf8684596182b3564e0781c1ca14f92317470ea003ce30e26ac816c14
7151,Psychopathy,good,g-67d5facebd174727,validation,c627908123b9d91315426d9c97b40989ae8a5e73f6578259f0bf1ccc62fa2d5e
7152,Psychopathy,good,g-f0d8f613e2fc3d91,validation,eaaa03d799cd65c9b9da4fe6ef8208e3061e342efb4b097258e487398a2a7965
7153,Psychopathy,good,g-c478158fdffdb3a4,test,8724f1118df747f0bda89806b7bcf57c49607474bfab6a9a7fc1424f1ddc0862
7154,Psychopathy,good,g-c7381a2750b946c4,discovery,f355ff563e1a6a47ea92ba3e5e549d065d4328a921cfa93fe1a52738d86c0e9a
7155,Psychopathy,good,g-83f6057492b4fadd,validation,af66224c80e05ff62bb71381a5098b8504d589212ab4efa2d3ff3dfd997ae6a1
7156,Psychopathy,good,g-91d0bd6af1d7f22b,discovery,53f86fd0acab2d0d5a0c85bc7a2a1fcecf7e99318118f4a41977723d566d2904
7157,Psychopathy,good,g-1f7c753c731a98b9,discovery,d1299b223ebab70a13f849ee57811a6bdf65a502a1b6e049e9a7cc3f30e5b6b9
7158,Psychopathy,good,g-0998097c9fa2df55,discovery,d52431c24db86825b5c77438e5d6100c46d5f5480fb55025a5b03243060a643a
7159,Psychopathy,good,g-155c84498edc5297,validation,1a0e8759177724adc6530f74f9c46bfb426c0a4ddf3afdb5d169a23025c7a421
7160,Psychopathy,good,g-6c1913d2a0fb1364,test,04caaad261d204653931dd8f01cff3bed0d7ab508af98a054e459bc1e8c6c28b
7161,Psychopathy,good,g-8d90922b996d632b,test,8349266da10e27a51d17b3c5898c92a3de8961b1308e07f58b56184295f8f8a6
7162,Psychopathy,good,g-449b879fc8c3842e,validation,6edca71da4f0fdbca1ce8c439e55904bee12ca709e50ef525fe39aa3cc27ed44
7163,Psychopathy,good,g-05980e701bcd35c2,discovery,d4af3e1e81c1b0b729035f9d16f247d0f1493cfcc9274d1024700fca858204bd
7164,Psychopathy,good,g-0d2127946cc1d475,validation,5e5d3620c96d939c79cc0cb1a73fd0a316b9b14beaacf87f6194ad8857939eec
7165,Psychopathy,good,g-0db9baad2fbbf024,validation,4d7d5b3a04224c734ba70d046edbe4dcf5f2b91971505f79f9cbebd0d23b54ec
7166,Psychopathy,good,g-edc95507988f7c0d,discovery,19b061e086cea12dddd66395510da34fef0f12edf9cd96be401ba40291d1fe4d
7167,Psychopathy,good,g-32dfc3b76bacba49,discovery,e768891740e9f20c9230d12760ef1ed756149cd16ebb410115f39f457b717d47
7168,Psychopathy,good,g-47606b6cac644556,discovery,f9c3e4c84eb266ae0c58df95f0ff0458144854c5117e12a472a7c86c5216d3cf
7169,Psychopathy,good,g-04ce0f925eaf1394,validation,434ac7e30610920c9ea8637f0ba080d874d5b59453530e6fdd4516fb416b2ba7
7170,Psychopathy,good,g-b771f632524d3a27,discovery,dee9bcc6e692d00e5b1f7c216528ed3454d30a17e27fc081b2cf36129c27cf33
7171,Psychopathy,good,g-0afb0c257bac38a5,discovery,05279779dcaded4efb37c1645e21014e0398123798998f8194314b7f6b116d5b
7172,Psychopathy,good,g-400b59357aacff76,validation,61f56ce7cfff6f4d192ced5f8bd6154705843a256054ddf0505db84d479bf330
7173,Psychopathy,good,g-915204dd98747971,test,fd4cb479079ca138beb189b8745461add7a4a4133a40e1fc24aca234f594e82d
7174,Psychopathy,good,g-0d58c833f9247802,discovery,34e36073e9b46576cfb583d501991c6a3347bfe9ce82a06e93aa5203a73dae81
7175,Psychopathy,good,g-b38a32566a1dafed,discovery,796645a0f2150bb76f372bd9e431e8d23df10786326c148ecc58b21f03d01c2b
7176,Psychopathy,good,g-eff5819c22c5592d,test,18afe7ae17aa9b188a77384c7aa36773ee519df334de6f84d95f13f773870471
7177,Psychopathy,good,g-6c7b14a61cd70379,test,ae2d18e571e4205d245aa3d199e61f59d755cec15c80e9a9e73a61f6766f7b18
7178,Psychopathy,good,g-de7eb7fc07e5aeb7,validation,5a5dc7bf59240d743ddd62fe58d9815e56a4ab1634757ec57d279bfc913ec271
7179,Psychopathy,good,g-8937d3a69b4a0d14,validation,c09d0694c5fb5cd790387c9629a6d84dab893170cd24145d9d2529202bdf7ea3
7180,Psychopathy,good,g-4142cb3629e71168,discovery,277793c4866b2a58e402e398ca75da0c12e61ead242cae81af32fde4965cc440
7181,Psychopathy,good,g-cc6df2e3f8dc4793,validation,d282996f7797d7f5534cbee3c5b8f61ef331afe9e91f1bdc66415091bd9615e1
7182,Psychopathy,good,g-3ff2459a031c2d72,validation,b88d616ecdfbbb3afea5f05c70b87318de4276d870d9a2e516e79e58f2fe2a34
7183,Psychopathy,good,g-e250bb9dfc96be7e,validation,f1d3be1bdbe0613d659e9d2004997f82cfc55c4d370b2d30ef4334fa26b39e5b
7184,Psychopathy,good,g-b7ab55d6e1008611,validation,ea1a145567cde58a6dfdb55366594ebeaba93d13123ceb75f2a9653082d47798
7185,Psychopathy,good,g-52e2d0d5df10532f,discovery,3ccd7d5e5b8d54dd7d5730eafcc795341c6b512e90a3619ad87788ddbf623cd3
7186,Psychopathy,good,g-914065477d6fd012,discovery,acf27a0bd294f538c7690df9ee29755b4162cd23b904f0aec72074b57106d31d
7187,Psychopathy,good,g-df8ca09b03144a96,discovery,0ec5c9c3127b4449af256a3b5f18b8b79140faf9e1e93f8c9a006e44fc60cb1b
7188,Psychopathy,good,g-444347f646c8a3fc,discovery,d59bab6ad9b87ce2a2d5193c787e148d9dc24d30d7166cd11c563df000e25389
7189,Psychopathy,good,g-97434857737470be,discovery,205f6478370d4e0b44917ec226ad3ed2076d386003a7bd299aea9a755f1c8f34
7190,Psychopathy,good,g-11c3ba2877bd601e,discovery,aeb17d2014c5e1b8f3bddc058f7a62d4fc88872a67fc8e4fd6678375d0932482
7191,Psychopathy,good,g-ff0d51835591a607,test,62908d6c08f109c50a81884a0c6fd72c8bea12bf561974b6da0e4b1ac50396b0
7192,Psychopathy,good,g-2ff8db9b17c3a469,validation,2a62c46913f12b6945087229ed89e08017a9ba2fe2b2e3a2d122cdbdd1f85712
7193,Psychopathy,good,g-a5c635358429c853,test,1a68441a4a063337e2cd0f40337af3b27b202169a8d9eed250b524d518a5f606
7194,Psychopathy,good,g-77ff094bbb222d77,discovery,53bd1e64890af244a61bd9a2f5de16b24953f198be710102f2f0c023fda1ecbe
7195,Psychopathy,good,g-3a4ea0c9d904bf7d,discovery,6559b85e14cf7511585ba9707a7eed654970476c22f9f6ccba97037eab7f78a5
7196,Psychopathy,good,g-5699ad084453b244,validation,0793a990f817e56d0c25d9ee286cfd2ce1cfcfe7355c821e830c0f3e80ebfc09
7197,Psychopathy,good,g-a2142eb7457624b3,discovery,2ee430695b489f2b4ccf5d10aa04c73e2c1a41eaa0b3935111fe627dd2166159
7198,Psychopathy,good,g-d8d17883207c66bd,test,eb25d09095b18dfd8cba3afd0e38b63efb94ecc204434b8131b1ece6018b50e5
7199,Psychopathy,good,g-8c64a7f952e06f9c,validation,53683dcba3330e99955851b3d089c90a9e77042cebe6309d25a96c8b45309f7b
7200,Psychopathy,good,g-58e41d44c0f1f685,discovery,e873be8dc121c10c0e3daef30d311700478231921b626cc9c6e953e0eae0c6bc
7201,Psychopathy,good,g-9b588ecf3279ce3e,test,a44f147b7aac4ac1300857399c566cd4875963243486b2e2b8990033500838cd
7202,Psychopathy,good,g-3076aa4aff4b89e3,discovery,51f4664242c82b4fb3fbd502890635619a2879367dbf6d2a26fe8c36633f1b18
7203,Psychopathy,good,g-06c710a916dc563a,test,ef65fc6732788e12dfd7f3e4b004d362ef91a58ccc32004a06dc7486809dc943
7204,Psychopathy,good,g-1c415142ffdc8a3c,discovery,0b6ffb09e8a4926e4473b828bf1aad0641da81786d4e1e020f22c4d165430b80
7205,Psychopathy,good,g-25870d60cdc4b903,test,c517ab55ee9acc1372bac56ec670e1576e89971856c20ed6fc74ddf4c03a5108
7206,Psychopathy,good,g-32f55ec09ebfbbd9,discovery,925b3d981adcdfbd41ced8f0c9449a47b673733062fd6b7771aa53bf6f428b1e
7207,Psychopathy,good,g-f32c9c06e7492878,discovery,c183935329df7bf01039043c6655f1cd1e78299f07e4f9a58ac96c20d5a6cd32
7208,Psychopathy,good,g-4631097ef34ac9f7,discovery,a79339163daf6cbf668273b9ae6b3e9be69ce718c154c571169ef624bccf2ec1
7209,Psychopathy,good,g-6221260fd0c56ead,discovery,070794d007c1a0cb30648735544f929783897d158753e425da7cf8b44f24d1af
7210,Psychopathy,good,g-c6a81c7c2cb3998f,validation,d973cb0b9e46ea20a444fb6f614f37de45e6c38092400845526eda0cfbe30835
7211,Psychopathy,good,g-7c3fbe18871a2e14,discovery,cf6ceb525055a6dd8230b23c827a48514029d8425f2401d4e5d014d6556fc0e2
7212,Psychopathy,good,g-47fcb017d321bf27,test,655d7a2f1c1c28f73a8f0d55fe9f952d2b48a311767830923517517919dc0404
7213,Psychopathy,good,g-9d981bf61563641a,discovery,6d8e7202934df540deca8f0a0e014074b92b9647315cbf808a098ab2528b2c43
7214,Psychopathy,good,g-c6900cd446d34931,discovery,d1d6d48dcc56b8ca94b01f2b0cb78976ef2989d57173b87a4da481012c612fbe
7215,Psychopathy,good,g-447f7d9efd2df312,discovery,e8fe9aa2bea18fee1b07c45a9b121c60191a5af0527b29ef0b5c3b6e987ffdf7
7216,Psychopathy,good,g-a8d6bfeb04f5ea3d,validation,22c51d1e73393a90cc152c0e1c60f8d10d4da4be623b83f2f27f76f04f7fa804
7217,Psychopathy,good,g-6959f37d3eb44339,discovery,23a6250eeb4efd84a86acff810a59c7ad5f51037ec1a982c09bcf5359f16c1be
7218,Psychopathy,good,g-061e291f66d1c96d,validation,e00ee77e63f206ce8eb315d968bc207178d0eef552a89f65d98b75beb8124f95
7219,Psychopathy,good,g-4463bbd72c62fda3,validation,5e8f45da8032859b16f0d8febac1e09ba141fb9dd4574cbdd056c5e3d3698d1f
7220,Psychopathy,good,g-6f99662a06541404,validation,93ef89aaedbc5d92649fc8373684f00a9527bc27814d00ace5bb83ac5e8434c3
7221,Psychopathy,good,g-19380d4cabe3bee0,test,8da61da7cdd434231c8b5585c40138a279fe2dd26fe97de67aeadf65ae91ae66
7222,Psychopathy,good,g-ff7e575f4a93f11e,validation,eb5ee035e2037041edd786c9aef15bc2b84e9afb9c672a1cb350c397c67f5670
7223,Psychopathy,good,g-de99175eab8c1448,validation,0fed336d42009c32c8ca46336d4e78cf8e2abeb64e1ad17dd16e1fa9c77e000d
7224,Psychopathy,good,g-3d53b1979b8110b0,test,c2320646275383b97a8bc5fca0c273e460fc525b374b0184aa0f0e16215e072c
7225,Psychopathy,good,g-8e15ed93fc8f3cfd,test,0cc2ffc2721ac4742740aab889f5aa26a76785dd129de024353ba0b7db4dd33c
7226,Psychopathy,good,g-2052d54f451f8f82,discovery,b68ddbd4191e569c8b4c1c72d3db02d0de808ef501a99fc77c56dec45b376243
7227,Psychopathy,good,g-eb5e3d4ebfe10881,test,7ba0c336bdcd9264b9a52935349f1f26e89bd2422dad423b8721628b3300b6c7
7228,Psychopathy,good,g-d877c59fb6465eb3,discovery,ce4189227078ed24ad0ec7331e4497b5ebc8629695c5fff28817fdeb91efb81a
7229,Psychopathy,good,g-7f18dbf2782f4ae2,validation,f4610f304fb362b6fd7b04d45027534dfecdfed8bfad506a64d836c42befd93b
7230,Psychopathy,good,g-39ae90c842e0de04,discovery,a7b24b5dadc39c920d5ecf915494f787cab1c4cbe651446bae0f215c2663ca91
7231,Psychopathy,good,g-5d2e11640c379dfc,validation,3007c516ab7e444137488d29d109c13dc3761dbdf73acf1e430d9d10d5627235
7232,Psychopathy,good,g-a126cbf5bedcc74b,discovery,46e2a460a5bde38ceaf736effb3e39512aae228b8f0b666b65216667b585063f
7233,Psychopathy,good,g-7b85efdd053acfd8,discovery,0258876856f6045ddc56bf7d96d5914df553a11cb33c0f0a202ed05076eae3bc
7234,Psychopathy,good,g-63cb1d59d7407e4b,discovery,7502f8beb1f8a496184dbf0c07ee0fd988056aea2a146b686be9369343038a17
7235,Psychopathy,good,g-216819b380544619,discovery,2574af0b1decbf5d6d2db67a1c1cbde651edbd24bb23eac97e9c979fa51ba4f7
7236,Psychopathy,good,g-15f9196926fce697,test,5bdd633b2ba4396e284316bdf3c0eb9785106bb28fcb62e1693ea412bbb05dff
7237,Psychopathy,good,g-85654fdd9abed202,discovery,27272757bdfb4ba1539a690522a40efff4d5515cdd8f457b0f17f96a8cc086bb
7238,Psychopathy,good,g-480c79b658d23fee,discovery,5f54eae28374792b329a9e8b3fccc84ec26b331596ebb3beac96c4031fdfc756
7239,Psychopathy,good,g-7593e2607410810e,discovery,23871b1207347451f8a08ce6966f9b4e58fe1f88448acd9f3816e32a22abe960
7240,Psychopathy,good,g-1f85291d513dc9b3,test,6dd00a25269ff8e261f683b6c578c2b09ba829cdbaeaee14f89b4db1a7dd3ddb
7241,Psychopathy,good,g-6673fc788f2141d6,discovery,0e10c2177a398990061aff839e7e902a3c9a9726a3e70f9de840aa0ba65919c1
7242,Psychopathy,good,g-b0b26730e2e79c5a,test,5558e2dee541c91e4e02e14aeb7ce70cdfa7a597a4f65572e787cb28a9e6e448
7243,Psychopathy,good,g-367922bd40cdb403,discovery,bdbeff3c88ebd096fb2e494ec966d3d35d5a10a7fc39a8839f17316977de8f46
7244,Psychopathy,good,g-95c2c2ca00936180,validation,67ae0abc310ab8d319843ffa06020dde5edb33dd14842b86b39529c8fb512a13
7245,Psychopathy,good,g-617fafd3c073b050,test,d5275777bb7379b452ae29543016963e8041163188aa3742f76ed395eb67d741
7246,Psychopathy,good,g-892e714fc5f449bc,discovery,90453b9eaaa77d6270876c9c5fe14b3fca41c77d1255db2046d66902ca2b8407
7247,Psychopathy,good,g-008bbabef2fb42e1,test,961d47433b6cabfc5414d73c130d3faf1dda40619499fffc16f3a923409571ed
7248,Psychopathy,good,g-df1b66b0df43eaaa,validation,b6acbd632fedb09611ae0b94c5f0c0cf1e42316928c74679e2d7810682dcff19
7249,Psychopathy,good,g-b437b56229d5ed10,discovery,274f59e4ae3233a692879d91941a576f6ccfd465e6d4c2313ffc3cf1223ffca4
7250,Psychopathy,good,g-26809f3cdb17411f,discovery,adb21a19530eb4e62a078679e2d96405cb500c7fb15faa9bd2afee2dcdd1c0dc
7251,Psychopathy,good,g-381377ab09cd7fb2,discovery,97a66e4609e1b8b1956be9a38dcf16f0bbf586a4ea778c9079dc873ecb245051
7252,Psychopathy,good,g-62190e7e425ac318,discovery,68eff91cef24a14672c893e8e9ff2e8075d1ecf11c50449a2ef7c34749bfe6e5
7253,Psychopathy,good,g-74e6a0e9de0d246c,test,701eeaa5b70ae02ca27fc977a047c092f2650bcb316bce2c849c7080ad4b1da1
7254,Psychopathy,good,g-8eeff6754c63f0dc,validation,668be2684f51f0fa67e22e7681cc84086dfeaaf2ebca3130316f4ba218a4ae70
7255,Psychopathy,good,g-4d4b4d6898c0a98b,discovery,ab122363ed24689f13acddd1ee86432049963f6037f62c26dd2c9eef3dcd2a51
7256,Psychopathy,good,g-9e956c024de8fe62,validation,919b2e970e304dac3459ea06da98f2ad63e1cdf78a3d2040ec00a9f832c74350
7257,Psychopathy,good,g-6b0338890b9fb695,validation,388369b65a016400318830856394555ae219204ee682173c680ffe79132f3681
7258,Psychopathy,good,g-855c8ac7edded6f1,discovery,0de4ef6991cb79494f54eeb2bb398808e18c2a12022597fb1a4ed709f9fa321d
7259,Psychopathy,good,g-ed3db57f40f25963,discovery,2ef0de3e767e60cf31256676c79372fd5c63ada2638f32cdddf192515729f3b3
7260,Psychopathy,good,g-29a11eefdd5bdb97,discovery,b16e40509ac0b89127dc8830f96e2b4a4ede69089a10319552e5536be28b81f9
7261,Psychopathy,good,g-1ce3dc15ef4b1eaa,discovery,d411d02fb3af08db1bbe82ae7458425ebf23f6c7589a670e68e98cbd0e5ca3a5
7262,Psychopathy,good,g-9377202c712eafec,validation,dd069925c106837f0455a37b000331064f90ed5370627f4487945ea382435c25
7263,Psychopathy,good,g-891066c26bc4d16a,discovery,1243f6673d54888689a7b7dc279ce903578e7e25aace20d73f429ec755c446a4
7264,Psychopathy,good,g-d70a488622c4a0bd,discovery,b6f2680cedde4738cb0579e344196393ae4401fee39f6a0d6095133a85e4a3b9
7265,Psychopathy,good,g-d911657e7a7a02ea,validation,9a8946f65cea288014f1d46cefa52c8488ac328022f0fe4bf9f2d65f35c7f742
7266,Psychopathy,good,g-05b56acad8f7f83a,validation,3804e6d0a0c691ae9fa6e61ff2ccfc5271f6a10a553dbe721c3a874a4546e3c9
7267,Psychopathy,good,g-df0b02fc73f62817,validation,da4fa1fff0b82fcd241b2eadc49a7d65153597d0b4534a8abde1a01235b1ec3d
7268,Psychopathy,good,g-bc9ca06e9f0c3b3e,discovery,79353fef5321d190d9d46b9e611c35997970a168b4e12b2f5d49babbc5f71911
7269,Psychopathy,good,g-13bf4ec064e53b9a,test,0b75fe1467eea269f1532a24fdf2d6331c9b45f47384445347d28756e96aa230
7270,Psychopathy,good,g-76629a01971e2ccc,test,930bdd22a983617af57e18a55ae5edb1d73df5f7f6e3bc14799b749ee5f7ba4d
7271,Psychopathy,good,g-9ef1c3b729fb2caf,discovery,5d3d54070fa867888417a53fa6b242bef0c3160c411ea28a0847a3415f853000
7272,Psychopathy,good,g-dc5dc1aae92f9fe3,discovery,326e88526174316056be21f58e92f2f445f5f8dc6dfe7b5068e7b21e4fd8d15b
7273,Psychopathy,good,g-7c5a8911b0e5690d,discovery,f0d435b8a8c460bf990c234606cb91c2f1360a39f874d9dd97b39724c2a66d5e
7274,Psychopathy,good,g-4233a48eb0fab057,discovery,af9a46aeb290561e4d4f7b02b29646571cf5f271e9e6947097eb264c1248c38a
7275,Psychopathy,good,g-a3bec5b9ff857c95,test,8cbaf40b51a5ef7eaec6ef5e8d7e47c49bef30ee88c18faa9c029caa64afa206
7276,Psychopathy,good,g-0236bdbbadb1e7bc,discovery,1bb4b73837c7b27484dd4bb90d5214ac3dc93d9e552de2d23f0aa1082c224832
7277,Psychopathy,good,g-debb470de19756d9,discovery,5de8c2c9a9088b27ad31bceb2c3c2dd86044dc8587fef706f351165b67a1afda
7278,Psychopathy,good,g-f24170859bd914de,discovery,5db15161b0c0c1517b5aec03ce94e88e302696ce32a9256bd8150b86e1afe28a
7279,Psychopathy,good,g-fd28ce03f5036d5f,validation,33d92192d6553e16e43adebc3917142185dd793f929ce613034b8aee30fed37e
7280,Psychopathy,good,g-ea9bbfa9924e2894,validation,ae9fa6e8772566c8a353887616a9da430a617b1c15baf5c8cd20f971bd542ec7
7281,Psychopathy,good,g-4b1c90273f21b08d,discovery,d1d7771806e12675efb60c0c80e6f69711fd1d4156103204a1d018ee3c67339b
7282,Psychopathy,good,g-cbc5b4fb0f9f0144,validation,e03266104035eabeabd95c22347eae7893e48d17086190d039017e5e37f9adcf
7283,Psychopathy,good,g-4a46b1ca72ed4cd9,test,f8bc76a60e0156ac61bc878374ce82357922a3908dc8c5d502df0c19211e9b19
7284,Psychopathy,good,g-0991b762b90f3acf,discovery,e0e6ad17bacd95c4fcc6ac39f8312343e595c83f2b6c5c2f0a0cb76fb3ef2575
7285,Psychopathy,good,g-e5beac40198cbe7e,discovery,0624dc54fd2689530fbcbdc20dc615c08b1d6f853298c4c332aec0530914c64c
7286,Psychopathy,good,g-b997f4adb2b4e710,test,76bb9a06ecb6f9c58ed4bace6b0b22049763e12182bca98a46494af7050bf437
7287,Psychopathy,good,g-2c0edef0bfcec4cf,test,08513f3940f3319804e755ecbbe8b993850cdebfd947a7b610e52ca5a45898e9
7288,Psychopathy,good,g-4e23a535531e149c,discovery,0876da271b1f01bb18668acb0493218eeca326841aeab53d82accbfb8ea5294e
7289,Psychopathy,good,g-bbff7fbf48168225,discovery,916b7604fc06f1a7c615c40838effe1df02adc0351dd9d0bb744e926faeed177
7290,Psychopathy,good,g-5139d8c0dcddfb0d,discovery,765b67466b394b00ec229cb73cefec2a89501749d7956eef6bf90c52aa6197b3
7291,Psychopathy,good,g-355d7de8a2494699,discovery,15fd0319d08e46299bea48a08c9c091e1741964da737481e0557e56392782187
7292,Psychopathy,good,g-4cfbed43e897321f,discovery,f5b126e51e4688527d3e7524532715ce4bf8644f57d816452af0d47a1b2c2a19
7293,Psychopathy,good,g-c9eb75ec699eb169,discovery,c22a369f695d1d09f6f2eff3b20eabd24c580cecba448c262320395ddda33299
7294,Psychopathy,good,g-4bd507183df1326d,discovery,7b4a58e2970a9dbffa58cb37a1ca162ff08b419498399662bed8978e7466381a
7295,Psychopathy,good,g-627386c23d896e26,discovery,d62865a28fcedc08a2944aff1cb0fc054196862b0d39e6fd5f1096ef5b722cf0
7296,Psychopathy,good,g-2aff3f4ccd1976cb,test,5ade29cb46fb4304de63f804004c2f22b4e71169d586843c8058e7795125f996
7297,Psychopathy,good,g-405689e4813feda8,discovery,7b972b64afa83e8aebb8156aabe83e46ad228bb12063fe9cbca703014c596a5d
7298,Psychopathy,good,g-7bd930040ff3cbd4,discovery,b383fc721095e778a860597dad00daf31f96b1e665423d1d81c1919df4c6336c
7299,Psychopathy,good,g-111b96414c76ddec,discovery,e09d50678a93fa20cf37f7456048c3d63dc9b018882226bd63cc85a5e8d96975
7300,Psychopathy,good,g-ec7625e2c02da71f,validation,2bdc1476c72da5bc10deaca56a467b77562b32d263f6c0876276756d4dc6e01d
7301,Psychopathy,good,g-50042853ea6270c5,discovery,060151b3cba307119f8de03def1b578862c13fe25dcddabdcfdedf2c25250a5e
7302,Psychopathy,good,g-6e47e31a919e7348,validation,8e044ad48e5264388b1fb8b6c7b7d403411bdb48ea40e95828b12bf1ab1121f7
7303,Psychopathy,good,g-00ca51ce1c318dbd,validation,f3d82c54fd1c2b4a90abd23d15716ed072ae1ee5a8aa8e8d72e0feb9bc08f15e
7304,Psychopathy,good,g-33091b221d7483ef,discovery,119823c980f65b53eb1155f077ffb85f2ed53e98e9dbfe72b9d82bfd99531977
7305,Psychopathy,good,g-46c936ead66f1287,discovery,5584a736d4d12e493767487bfb4e107cf4bc443c4eb40c44a9e062480dff0b6e
7306,Psychopathy,good,g-d152e979d0492f3f,discovery,3fabed2acdfba66c925eb76e559a35473aa4d6a9f533d9b86d0c447f9a7cf6c1
7307,Psychopathy,good,g-8b132dfbf2e07ee1,discovery,b6cf3001c1a4f148013c71d89d04edd5c4c003847203c287556007d3734e46b3
7308,Psychopathy,good,g-d86a7179295a1326,test,8e25e60c538af0444c292cb995007a9858f3071cda84aab88b349127404382c0
7309,Psychopathy,good,g-bd881db4ac1213e2,discovery,f2212028a3b08281def1ab6ed337f0a03a3bf34c27665deaec7f2757e0d76c2e
7310,Psychopathy,good,g-ceef261014fda73d,test,50cd3ab1f4b50bd7c6d25b107e2d66b06bc714712c93913dcb98f17b797f082f
7311,Psychopathy,good,g-f50a05525294e699,discovery,bc9ecc9bac9ebf446cbd5fdf02aac0564d7473153a1f1421491a628472367575
7312,Psychopathy,good,g-b1ec36feb55e0291,discovery,00c9e35fcf3ff0170a3dc1f5302d34177698f1503c2e8219e4ceb7101a9578cf
7313,Psychopathy,good,g-227a9f5c03e73e9f,discovery,0e3cea604b26d251dc03ffffbf92c9dc271b1559eeab67377123a9b655c3dc0f
7314,Psychopathy,good,g-6842d32c6f9607ba,discovery,1f1f16ec49882240d38af4ce8ab6020f97540bca762544fc4dc71e7ed4353e77
7315,Psychopathy,good,g-3c4700ed10c3b3e0,validation,a451bc0e1b1abf8fcba8ef49fbf3b5a9d57118c0a0489a73549705b88ec7f00c
7316,Psychopathy,good,g-62bd18d2842e6c62,discovery,f583f0f6c67dcc01a43144f470a7d5c27ca4b7d371b8c8de0d911c74c054d255
7317,Psychopathy,good,g-ea7af0b8b39ad49c,discovery,1271a38bea87e9074a55ebea86e9812e0c01ddea410854c9bfb01e6323673b41
7318,Psychopathy,good,g-4328debe47a45c64,discovery,e2a40880dde81208afd12adc65d25cfe8baadb79f8694828c5f2a792ac44d2ad
7319,Psychopathy,good,g-0643d74e69d871e5,discovery,0175b830cb09abe7c8cefbb6753a11a061cde2272aba6c46d161ef54dc9edeaa
7320,Psychopathy,good,g-cd872765b95b833a,discovery,6a0dabf864d2b03064ea0e21527d447dee35859c455726dd8c984428c31da679
7321,Psychopathy,good,g-d6c4d8d394455d4c,discovery,a5bbf22fc98f06ade586a941e6e5622a3a076561aae5de4340828e6ae6e85ee2
7322,Psychopathy,good,g-7029bf1052b3e685,discovery,55650dae6e36c10dfd9636c1efc1fb1952f8113f1171795de3b1d26b8e050728
7323,Psychopathy,good,g-0bc30ac77c572913,discovery,5d9ac1364d85a9d30d6a120b01d75acd0ebf7c28fdee7792eb2730ecb02b37e9
7324,Psychopathy,good,g-bac53b509fe7c008,discovery,416d11df84517992ae7948a8889d9ccc52ac99e1f1c86928fbc1e4a23b59623e
7325,Psychopathy,good,g-593996bd1ab7099c,validation,2fe6b16d190c1355ee1a92bad887a852ae510df09efa7a33b207431eb8c29dcf
7326,Psychopathy,good,g-a6b2669f596a2601,discovery,8cb362a4790a42eefa98ae47135f194cf2eebd209777b1bb12a0ed2f61dbf1a1
7327,Psychopathy,good,g-9d40120eaef9e338,discovery,6c6ae732590cc871ccb456c672b1d29b0739f5add5c76d3b23fd11bfdd1a838a
7328,Psychopathy,good,g-dfa4eb47455dea54,validation,0ff768a5f67fcee83c82f66d6ba51b68822da5f0446f60465613c1e031ed6731
7329,Psychopathy,good,g-8cc43a670f3d19af,discovery,2cc253b7c676ec4ce807a1b88ad4535016e0829bd8971512352cadce919a1a18
7330,Psychopathy,good,g-2cbf716c08b1e0ce,discovery,9c315361c55d7e8ee9ab160a1ce643485aef1723a7cd04b844f60287924c9021
7331,Psychopathy,good,g-cc76e3b38cb6bf93,discovery,e935df91a84d93d2d9b9c7624cd0c2fc1333d9df0f33ead3411d745d3e89dff1
7332,Psychopathy,good,g-b5e039ffab8619ce,discovery,c2bad5aa499d308df1d8aeee324e4243a979a1ccceab8a578aa7a0ea91a03058
7333,Psychopathy,good,g-93015ab11ba8f77b,discovery,fbe63276c65fbd2f7d8706e504a0e5a0aa07256213016bb5f302431acca4582b
7334,Psychopathy,good,g-610cc4857d9018a1,validation,223bac3f2ebdf898d55517b2e540ee5b393861e639375a75049c7a74b1b478b3
7335,Psychopathy,good,g-b94b627be900f6c5,discovery,8136d6c9718082bdee65d22cfc946b052469faa6c64e67f3f6eac123defc6b52
7336,Psychopathy,good,g-b33efb3afc78976a,discovery,50dbe9d546b22aaf5cbfe6791411dd06f1a60a3642d7eecf724d3dd4ab01215b
7337,Psychopathy,good,g-0200b0f2531d4ff1,test,ed4bbf44377b59584b2c023e797c7cb2877c99fda793caf321f522ab9c21c7f0
7338,Psychopathy,good,g-34af766935df59ea,discovery,f0edd4e9d2203478d25145c57003eccba896df9de6f3fb8d88297001aba9ca3b
7339,Psychopathy,good,g-3c9b6dd4b801dda4,discovery,475797f58fc3b7a4f4036ce116c54e693577bcb5c582925728d5c6939e860faf
7340,Psychopathy,good,g-29c7d9b169c010f2,discovery,375d9c186a9e5d8329ecacc751cde6849ec16de3d5bc01f9efcc246435ccfc5f
7341,Psychopathy,good,g-e32905645753424b,validation,31d92f6dc0670f234914598277986cee9f81210b32b694c37521d92e2c6f9dee
7342,Psychopathy,good,g-add0b70ae8916683,test,1f6bdc309f80b011e673e20ca1f11aa0094f7801bca40ef85d67c1c62eba91f2
7343,Psychopathy,good,g-e556cbdd9d4441ed,test,f11cc6158243bc065bc4f9aa6198364c9393c5bdef38078385b3757132157897
7344,Psychopathy,good,g-bd89baa77d426e0f,discovery,88db57346508a75f0a5091c8b935898d48b1f265d07f0f30d81774adf15bb4d6
7345,Psychopathy,good,g-034cdfd7f7221704,discovery,cc762f014171b1885e138dcf29c63a4d4ea5bcd0c2380b44778598fea3558eb2
7346,Psychopathy,good,g-c57c34655cb6f929,test,5152c8fe59aca9f884ee7ceae806d08ac944e4c18ada1fc189380e821264f253
7347,Psychopathy,good,g-fd5d042a2849907f,discovery,e8745c4a843249d97f90af95967943090cc72e9e90f08014b4c00b0833ecd37b
7348,Psychopathy,good,g-580922e6cf4e4ac2,discovery,2e620a0ffcb1c6a34aa00fd7358046d3eaf5084b1620e6c081ae1848ae81ec1f
7349,Psychopathy,good,g-4931e997f14e2393,discovery,8cfdbe888d083af1e2e10364ecb8503fef51dc39a8ae54471e55c21e91afd8d4
7350,Psychopathy,good,g-e54bc309361a6dc3,discovery,6066a7d7ce4f138c4f135e2e6b494d8455572fd3b38ecca55201366204cc45a9
7351,Psychopathy,good,g-d5378ef9a59f3806,validation,8dd0200fd6b78157c6c8e6edd77be77d5a6309bf7bb82bc370c6c446f82e99e7
7352,Psychopathy,good,g-bdc8437b5fd929b0,validation,ab89138a90e03b590c1e4f5e995e4bdebc03c0990f2e7586f04dfa640d9dae38
7353,Psychopathy,good,g-da624ab8a3707eb1,discovery,7e0514234f695eac9702e7526c4b924287d3e49ce1e7379759db118d66debf33
7354,Psychopathy,good,g-53f1d0b5ef46b372,test,582c2dec4549e1cb801638bce61ac63b0b605e49a73dd43e10617c98c351d589
7355,Psychopathy,good,g-429ec42d1e9cde4f,discovery,20c55f03110dd543eb0851cb1bde35fb3927ebaddf41dc68ac6b9608bed3b412
7356,Psychopathy,good,g-0b51c5759468d32f,validation,0c812e1c18de9fb84ebe754c310b33af6db004f93e407bf809cd4c2e73bc5085
7357,Psychopathy,good,g-45d42b3b058a43d9,test,78815c63fa4badfbc4e671c0b6cb1116ed2f2a3ca615805a9cc1007349a4374f
7358,Psychopathy,good,g-61b89fe6436ad5bb,discovery,32489227c23a35852d3fc50e35a9263b780f4a4a679d82d937167733c1ddd835
7359,Psychopathy,good,g-c93e674c7418c9c8,discovery,6f348b915c17f372b320143743214ea96823f757dedcb9a9cb5f43b54aab39dc
7360,Psychopathy,good,g-693d6ce37b117cc7,test,35c271c6a65d19517da58db40e5efa4b65012c2493926ba79edeeaea8e05a7bc
7361,Psychopathy,good,g-533237e575283886,discovery,2f87adebb720f77fa540620a3238482b723c4c4ab5e725318099324907dca353
7362,Psychopathy,good,g-9b711209ba999019,discovery,5711ab47a6a38001a6e7238c86dfce6877c530a6958e9062257635dd55477072
7363,Psychopathy,good,g-e679eee8e761ec00,discovery,670d77e765c8ae77e73b7d8576cf52f0a22aaba47a1986752fd9fb8085fb6313
7364,Psychopathy,good,g-5f45cfaa31c4557b,validation,cb879dbb135d22e995acb53618bdc9a0f1fb9fd2ac37654d7815f25c670f4af6
7365,Psychopathy,good,g-a59a31d2090b8e37,validation,2d6f7e6e2068af58eb8d5a485d37d2bc8f6b1139e9a7dd8c2e62b5bbc4d61e1f
7366,Psychopathy,good,g-4260cd74e829576e,discovery,a64ec396276b5de1ba261fa84037fcbf35d0673b7c2dc5f9bc0282b81e393cc5
7367,Psychopathy,good,g-3a8aab7614118dd5,validation,b81ead35fb14163be8c90cae423819ab10906637db06108adc416d10ea30b372
7368,Psychopathy,good,g-818452f4ae22678e,discovery,6fbaf1bb34e3d0730ec24ca72bdf1f9385dca85a07b0bc6d26a5e8c386b40393
7369,Psychopathy,good,g-bc84b6506b56a188,discovery,fbe78b34471f36d2bb2b3d306e8c36376bcbe80238ee48ff25b54c3d67d55332
7370,Psychopathy,good,g-134e02b3fb2739e0,test,5f2bb98225a4b1967ce10ae12e37250acc53950583d5788a611967ae14e724da
7371,Psychopathy,good,g-ccf3b049cbda803e,discovery,0d842e4906bc88167feee1beefda10af07885e05c5fadbe9f92a8b89e0927792
7372,Psychopathy,good,g-3dc82b6d0513c0c7,discovery,29eb57346afe36db768a591795ba1b744a188774158054c5bfdf4507bde94e4c
7373,Psychopathy,good,g-8d8b497400c6a420,discovery,9b8186e8275d178c8936276922996e9b58bba5238b3d718f2a054194f156a801
7374,Psychopathy,good,g-16a88c0ee41a5f45,discovery,3b2551298d1875b03c1cc1dda837a91cee5f48b1b4270dfef93c42f46623efe1
7375,Psychopathy,good,g-1d67414dd2e0cbaf,discovery,2b0979943c30cf642a89cc7b0d778c5b2508c40bd29615bbc0e2b5eb9aa89b73
7376,Psychopathy,good,g-b016ec10d2128f3e,test,09041307631bb931d275d40e4580017e3f8554c1563f6b15c4bc451cb9f18104
7377,Psychopathy,good,g-727a1150eccad087,test,2e4509ce2f44ffda85e2a089bceacb0435205031f16df332a817dbc584a66340
7378,Psychopathy,good,g-6dda7f2248373cd9,discovery,41c43ed6b9f7f1437382f8152833d68efd6c946b09698d8ea19d1f3367355e72
7379,Psychopathy,good,g-73b9716cbce3dc77,discovery,13822d161c99989ddc1b62184c18200a9058be8f3e28bc1ff30ee7dce600e03d
7380,Psychopathy,good,g-bb2152d5c68270e9,discovery,074f457b2a14ddf0960061bfe14b63f8aebb3d03cbe8109363a660480a2f4afc
7381,Psychopathy,good,g-ce64aadc0a8e61df,test,ce913b04a609bdeb0eb389c541818d5d297bf5474edff2067d9535e2522ba7a1
7382,Psychopathy,good,g-1e313c1dc2762fdc,test,77339d2712d073a2e6fc1eb8f11511cbca72c83ce524bcdb2e04311449e21f3f
7383,Psychopathy,good,g-24020038c92d6ee1,discovery,12b5c0c1585b9efa4cb8a9d8bc3320e3db793c5fdc9ff3224e52a6d6e6a7a24b
7384,Psychopathy,good,g-dab4249390205b8c,discovery,c0ae80ebf1169e965aaabacf8ab2cf3d28d528685f0e843b3a63fccaadd8c2e9
7385,Psychopathy,good,g-3c3175427b07ad80,validation,6756d5164229455cea27cc921ea703172a2d6ac619f7573245392e44c41f1902
7386,Psychopathy,good,g-ca899ced9d4b7978,discovery,d2a15401cdebf1db3077874a84cf5aea3c6ba23c4959e62ac8de2384d1b91cd9
7387,Psychopathy,good,g-f2ca89f13b3527a0,test,6df840f87c9ee7c2c25082a491d93c516b9b04d4e5d6a891dccda0b183ed424d
7388,Psychopathy,good,g-58ead675b86433d7,discovery,73019dd24ea899322c9dea392a859be083a8c511196d36d348d56275525240d9
7389,Psychopathy,good,g-b6be462b86325fe5,discovery,738f1017d2f8a55a369d9ae2b94191cbb3a5d3c8294c72f71c930bef5885c1bc
7390,Psychopathy,good,g-606e2564b5b961c9,test,3ff7877d23a2cf24e2b984070ecc8c45d7fd5fbb17b82d46f0a8f91ae5126c5d
7391,Psychopathy,good,g-524fcadfd3d491e3,discovery,d1832951d1921a5142c6e9511404d54a6c8b927a55361913ba6ed59a3d47c3ad
7392,Psychopathy,good,g-0859cc87492faef8,discovery,030d06f8240a93645749831b5e6ce5a4cba0cad95cfa03ca36ecd6c07b603298
7393,Psychopathy,good,g-2af1b0e986ac3d09,test,01df96d89ecf1e18fb9afd855a97fa1629c171914873caa368800b98a9bffdce
7394,Psychopathy,good,g-79d7ad814e862fb2,discovery,bc5eb750234cd390c10dc7ea7fdba3b03b1c67dd457febc5ebc6db07d88496e3
7395,Psychopathy,good,g-a93eef34fa1917ec,discovery,3a8c8a8d4f506e99533497da77b7fe368ccf866a23b5d74ce9aeaed65ee71e5c
7396,Psychopathy,good,g-6c159f63289588d9,test,cf39ab3dd2d740db15a620d13bebbe8dc18643984aafcec85fd90c23eb7c9310
7397,Psychopathy,good,g-3f632503c1d3e9a0,discovery,8411851b515adbeac4069fab051c531112b30cab84e06b3c375b318031377672
7398,Psychopathy,good,g-a78d20705cbbb762,discovery,55cc73a56031c4f1dcba027c7cbacdc932554dc9651730edd8a3f825268e9592
7399,Psychopathy,good,g-6a081d758de479ec,test,a3a2831d71a506a951c05a0391bf671ad7aefc62e46f67e1d95984ebe39cb138
7400,Psychopathy,good,g-d69a2e603dc382a2,discovery,e9116750083a2b6d881b2253173a4c18a5fa40909cfb97519796c148ebb2a416
7401,Psychopathy,good,g-39861ee8e75b7ba2,discovery,5c8faa651ab6a57f3ce39c0b70e1148d6017ca76febbb9c0122d575071625d21
7402,Psychopathy,good,g-9515a3c716f4257f,discovery,f8c3ee6e06392053de6384ccee95190a881b3d1b53b67dbdad6b6d0dd9c73bd1
7403,Psychopathy,good,g-1bb8ea63e6c452a2,discovery,ef0801e27630c12adbcd483fbf7c9a51623190f5af1f2dc0d6e47430a8a2141a
7404,Psychopathy,good,g-c62edf1d807b4384,validation,02e04c7d26be9a28c26c8e4d9a0602118e8932696e227f5f7b001799634c9132
7405,Psychopathy,good,g-1f22bb3c5156dd45,test,f36167ad42baa37864b7744a187283cbd1b9779b3e4a2b8d485cc9f4eabe6149
7406,Psychopathy,good,g-dce1649492906348,discovery,b0c6e8253807e026d5fab07b3e3b0d50b3daa0acb65459e2c2ac31ac64a23d07
7407,Psychopathy,good,g-e1748b426b9c7f3e,test,13b0c2d4091baaa43906be1ca47e080041d9630df793b56f36255954c20d98c4
7408,Psychopathy,good,g-ff62c4ee9841ae48,validation,2d72a663bdf867b76dd87ee5d296722d40b4bb6936d9c871646cc09448031017
7409,Psychopathy,good,g-7cccc29b07be6ab2,discovery,805246b9b26eaa80fe763f694e60ab2dcbcf929f90ad7c2c0c818dc216c0a80f
7410,Psychopathy,good,g-369120fdc75cc670,discovery,9edf3c89056012833fdff424fd919c3cff696110399e02af8ae9b84a43999244
7411,Psychopathy,good,g-050d938abb83f488,discovery,dddbcd127d10b6de51ec9b07b981048d4e12098f5dfaf1e79d4ed1550a15bb41
7412,Psychopathy,good,g-a66e78491e3b3940,validation,b518c47c1d60d4e3e2d494d31139a7950592517389d424c01d1d27d67f24375e
7413,Psychopathy,good,g-555b62b4c086291e,validation,a2d43ea2778c79621269446c40f4b570c107c1ff38f5069c27980b7879435f1c
7414,Psychopathy,good,g-ba57fddaf41ec289,validation,81dcfbbe06276bf465dded9bd9e46bc8467bf5828bf78df1b8dc668e2f6da891
7415,Psychopathy,good,g-63a56d4d602deafe,discovery,32ff522b8846d32e3c088fc84c251af0e60e8ba9a63671a4d293df551aeab6d7
7416,Psychopathy,good,g-10068eef2cc6741c,discovery,cd1b949290a2ca7ef8ff9f38aee7e859ffe446233fcad4693eb805d91ef57e02
7417,Psychopathy,good,g-bb615294fdb79b03,discovery,5883c04ae03702ea22f4774c5650b1729c070f32c6cf8a1c693df1663f5a7d8b
7418,Psychopathy,good,g-aa2a241c665fc3de,discovery,211057e84dad2ebc660d4107b0c8ea10709d72b4682d03ffd5d5f3cf416282e0
7419,Psychopathy,good,g-4cb49bdb92db7555,validation,94d645bffbabac0d4243af5fb7812e5080c2ce36f0da64be8751818b31121aea
7420,Psychopathy,good,g-eb998434a49bade9,discovery,23faae5f4172f9435440e3d0b4acb74ce8415429cea133dbb7679cae282cc4b9
7421,Psychopathy,good,g-c7f6e8c66c50421e,discovery,ea41efca7560c44e694e2b890743b8bfb1804baed989e13e1c3c280d74ccedc4
7422,Psychopathy,good,g-f0012f776889fc14,test,c1797bbdae48d131457c86252db5c0337d4e9130e0fa5d3359818a859f8eb835
7423,Psychopathy,good,g-6e27f50dca5f7c85,validation,3e362520c48d1e76caee469cb6b5a52b9984900f0eee67653d8c89f594266cdf
7424,Psychopathy,good,g-ef7a19921d48a3c3,discovery,92da22a652691428cb20208a5eb9bfca5666c1415f5d368dd539bb08f34faf06
7425,Psychopathy,good,g-dae569f13cd982e2,test,7e094bb6e5babb8a48b0604bb5089517ba664b668bd8cd72e74910602e528855
7426,Psychopathy,good,g-a7b749bda3c0a4d6,discovery,30bbaa2d2c82b4128c406adafe2de5e527fdbeb425eef3d1f56f32dd69f20bc2
7427,Psychopathy,good,g-016567e963535edf,discovery,4a5554c53343f1ba912a7825678d017856e1246d332129067dd91fdd76b48d07
7428,Psychopathy,good,g-19153f682042d71d,discovery,3fae6466e2d32a7751501dc6897219298de05501890a449f1eaea017bfab1a2c
7429,Psychopathy,good,g-18cb6f833100da50,discovery,f5940efcc00350d17f7924f4422aaefea4eec3aaae4c7296c47ca8cbe8d9e4c4
7430,Psychopathy,good,g-e1a5b35b48dbabd5,discovery,c11acceffb7c9a6bf804275331337d3953bc09347af42ae40c0f1d338a28dd38
7431,Psychopathy,good,g-fdad8599f36a110c,test,40527a383b9a6bb05d98259f72b8da94dd0a1bb195abb84c36a1dbf2636757f8
7432,Psychopathy,good,g-e2700fb4fea8640a,discovery,f6b0fa1c11973fec826dc05d028df99e26ac5f68adf4c0173d0fa8836f6b777c
7433,Psychopathy,good,g-838cd07d3f6dd0ac,discovery,1c99f4b1d0940a90a7453583a95487e151996c967165a9bde66a06e264b2c6b2
7434,Psychopathy,good,g-9e3bacd6558ecdee,discovery,d7b12d501d37f9b631def9837da9971761b60e4e91150656aee47f14568fb03d
7435,Psychopathy,good,g-beadcac18033d224,discovery,5b9605df352e29763d71720aa3cb0972a5ef68f1382cb133ff95425d05a98b40
7436,Psychopathy,good,g-e720355307c1f0d7,discovery,423c2d9e1949eba3df619544375d3ce198d38724553032533ca6dd425e145caa
7437,Psychopathy,good,g-6d4e368141f8d40a,discovery,d8624bad11d250921eb4ff25f1700463610b6d1b6f77ff4bc6d9a9e8b20ef584
7438,Psychopathy,good,g-f21474e7707e6df0,validation,6897e0f1381d9579a0a8d7039dbf33ae3a4769419a450eb70f3d0c675fd0dcea
7439,Psychopathy,good,g-00b5a8cfd4a482db,test,52bf3e108837af28685f4f2b100b4bc4befcccfce76d90072bca1115f31be894
7440,Psychopathy,good,g-2d85e228cb3411f7,discovery,b3c4699e278df8bfaca7b7c6e8ed04424c4fd902922540df75576f0e8e8fde62
7441,Psychopathy,good,g-feeba7cad4a4d514,test,987e966ca9778d8f64e6c032fd9b44a6f9cb38d33a90fa0efccdeed43d82a379
7442,Psychopathy,good,g-e91ab556ab4b0622,discovery,9180a9866ff57851369db8181e7b1e33010d9492d95d4082c679f7340624c141
7443,Psychopathy,good,g-ae1aee541ab68ff5,validation,44e7865775a43be2aa20d7a00c9be38f8b395fa42814063563da963f752c595f
7444,Psychopathy,good,g-a3bb1f95bf1a1482,test,db06b10bc41f7609f99c3c42cba61d59b73f7df744a66d1d16fdf1f41a122b9d
7445,Psychopathy,good,g-b33c43ae6f1d79f6,validation,81aaefdd3146553751988893f0ecbd96ffb31e66b39d7745bf6a56068b61999b
7446,Psychopathy,good,g-76da5b26596139ed,validation,8488a1da97c479c906e961518d06ee796becccd37e5be12f65369dbdd7e80f71
7447,Psychopathy,good,g-a38f0401199d4ee0,discovery,8a8387c1ed32ea7faffbed80460ba2eb837c03589987e1f30a55e811d71a2dd4
7448,Psychopathy,good,g-1898501f5fd787fe,test,7b5e8324aa3d2b477b0cd8e5c961c5de65c498b85117d11875b786760d11a98f
7449,Psychopathy,good,g-e99e7d64aaedce9e,discovery,7304ad7246f953909d9c8480b72c918b63b165c6917b556dd60c8371fc6ff954
7450,Psychopathy,good,g-45ccddaf0ea702ab,discovery,b91b79c99262d1986418c6d8ac6885b012ca79e7bca9bd0274b1a422d965bc6a
7451,Psychopathy,good,g-48a900dcb043a358,validation,f89313e39c5d7d3a05e8be6d7b99a043069ecef9cf7352976a9dac018cf629f8
7452,Psychopathy,good,g-64f5a1e1b591aee3,discovery,dcae24f3bc7471e8585c7ec13f37a655db4f23988a2ef6ebe4ab474ce12e30d8
7453,Psychopathy,good,g-b1c5dd206e39390a,test,288f4e8155f13245a0e9a414e9d1a61baeac21870c8e4a8bb01260379de79f6a
7454,Psychopathy,good,g-719198ac07ceac76,test,a16f30ab15a45cfd1e35d16387420dc755dd276f0b91d2f675223c5d9cb79283
7455,Psychopathy,good,g-2b28ba6698beedf8,validation,f7db0c4e88ad9e1d60d1fdd4facc321bbcd7cfd7f0989071b61cf8009e1c350b
7456,Psychopathy,good,g-aeeb0742317d614a,discovery,05c6677dff0b7eb8b049f32ef0a9976411e3855f91e21fbeddee22bff2592c76
7457,Psychopathy,good,g-03269a462a350fc3,discovery,edbeb37a863de9d2c0b846628cd62ce8393250660ddc3fd9ab58284d651f37c3
7458,Psychopathy,good,g-b3092dcb3156d782,validation,bd0212a680d26fbd23cd2de4637fc97ac6e83e66fc6bab722c6db247cf0be1ea
7459,Psychopathy,good,g-00dae6a26177f36d,test,ef5b76d2141774509be639b8115a79e1156a3c6caa869bd75293ca6ffa3f4158
7460,Psychopathy,good,g-4d21d83e1c46613a,validation,51f17e496b4cde5f9c367244b0a561a65176971f2e446605c2a8ecb83acb8ba0
7461,Psychopathy,good,g-67e03007994164db,discovery,85cb1d9bf6e54dcebfb642ddcc2f399ea83136d5bc5e6a40c0ccb51dc4dea22e
7462,Psychopathy,good,g-a5b9b580fbbcebf3,discovery,1b4202bf1ee57b0271a0794a34af684b944160cd9873087fb4a55a4107d2f0e8
7463,Psychopathy,good,g-14d556147d46334c,test,5bc53e5976512ffa26e1e3124aaad39cd0f16a6ee4e2c40656c394f48b51ad01
7464,Psychopathy,good,g-ceacf765b979f126,validation,581a4ed9ce6fa6ee2817c1578ef8450283c10b092ea7068558a633a0a411fe97
7465,Psychopathy,good,g-d3c59a1128f0bf32,validation,6772570d44d0aabe8ca5b7b8340e4c1da8d5fd16c7ea82722b67f4c5554ca73c
7466,Psychopathy,good,g-6002e476ac5c05ce,discovery,cf7e4b31d31c8c9ece19ca9584722a9137475135ebf5af5bbc57ccf8d2eff14b
7467,Psychopathy,good,g-2cc4a90526ed5ba1,discovery,a116b618401398cfad7ab69714106ea71cbc46dea81647fdbe11c1b11360de26
7468,Psychopathy,good,g-42141d1d3f17ab04,discovery,018ecdc61093a7b9dc8388ca8fba6b7fee643d10b2c6bc27743d7d7c8537d2f2
7469,Psychopathy,good,g-5f0d1b07c43cba5f,discovery,3ba24ab9de44fece838c3ff503c256a376f3389fc87eeec8be39b459aceaa46f
7470,Psychopathy,good,g-f46f5f5d74a2815c,discovery,2abbe77625efc725639b131ab40299d40259ea98cf2f033dc08ef166d44af1a8
7471,Psychopathy,good,g-fcd85a0b3bf6d746,discovery,79c9594240592e3afc8de31a57076462fd381bdd866f8da9432d06fb616bc916
7472,Psychopathy,good,g-fd5351ec173b55aa,validation,9ccb5f8d0a2f377b6ed5b4f8edaaf526f5e710454175826dac9eb1d9ae9769ed
7473,Psychopathy,good,g-891a7fc3181729fd,validation,282051294cc5c63c868bcba58f4b9b8d8c18a52a3e6a24fb2d72b558e77379c0
7474,Psychopathy,good,g-6f72685fd796b2c8,validation,4495ae86cf4b3335da7491a86d51dad17f3efbc80c8de56d01c07a233ab1fdab
7475,Psychopathy,good,g-be91356c8ac1dfb0,test,dfafb97aa43da968faf0d3032907bcaf143932e91f5135480006f09fa107c127
7476,Psychopathy,good,g-8bab49223fe61857,discovery,93291a7753fd6681f00773f44144521e5b21a34f98e29341f90f855496ad75bc
7477,Psychopathy,good,g-d53e38b69be406b7,discovery,d39355be4f099d97374c39301bf3c904f1cfde4c49e9615b7758a1a38dc1fad2
7478,Psychopathy,good,g-026e2c4f95b71286,discovery,c696f3b7f836e39b48bbdb49344e774b2ce4935c11e7fb25b1424610532c5985
7479,Psychopathy,good,g-568f079f1d4a0796,discovery,2bf830a7ca8e48567ca24406c2b8a6de6366d6a7a773f647f6d052796b2669b1
7480,Psychopathy,good,g-26b99fbf57a8c9e0,discovery,a40f5b9c61b98a53f3b9e5715beaf519f2959b6c87227669dd172b119d8f672c
7481,Psychopathy,good,g-4ebb2ac609009f76,discovery,3e0a1110734c687150c0743f5479a7ab988f97b919e69524bc5abd59fd5b8dd0
7482,Psychopathy,good,g-eb0ed0b0ecc3dc5b,test,72d04a7de5aa03fdd7385d4031100a83c45896380e3b582445441c2b25172df3
7483,Psychopathy,good,g-81fcd768d58d6028,discovery,60b456ef51848d73fdd78f0192721bac0025a147718f4c7cd311af015a2a6f1c
7484,Psychopathy,good,g-981f67d186b0fdde,discovery,ba6952889efe3728a9f69f11632d2cc1fa5519adda817709890db0a9723662f7
7485,Psychopathy,good,g-8b95a056844e96af,validation,fc0bfcdaba50cf8980d2de17cd74aba105ee808595b8551c48c7d0f484130c19
7486,Psychopathy,good,g-28174e72afc815f3,discovery,67ed0f5c99a66063415e94f7cd44a801cce6d8b57582cf4af8dc4370d03056e9
7487,Psychopathy,good,g-c74a1b53ac34ca89,test,b03dbba23ef1df758568e0066fbd6a5600dff5fc31b9f67ff822dd3bc051c564
7488,Psychopathy,good,g-b0830d64119ecbfe,test,8c887f07f99db8776a0e810f7dcd29a3731c20111722292b4e818f34126e5dde
7489,Psychopathy,good,g-4c49461fbd861147,discovery,ab340b8e7cf219e876289fe0590fc7b18400696aad82b10a7cf5dc9a17b55c01
7490,Psychopathy,good,g-e7522ef50bb01362,validation,4e012f36dd0385220aa6139c343392cb5de23267d21ea71e2b2c67ca1f4f2f83
7491,Psychopathy,good,g-39594df6f248aa3f,discovery,007faca9943b974b83640e7d26a8e9a72bc5868f59c4299a969e8b778617aed3
7492,Psychopathy,good,g-18e9c206e0894287,discovery,ae83d12c45748317c33626e9fc2d3b54daf6804f2cd2668cdde40cba0dd4a29f
7493,Psychopathy,good,g-71a1f94ec7fbf59e,test,4a3d707d11b4ab48524dd915f6727088545881b10ce4a1d4de07e0b5350f6488
7494,Psychopathy,good,g-70b91eaff47c091b,validation,b60e9c1d95e4546f1b86ac55220ec9f94104a3bb9baac2f0d08475353fe2b678
7495,Psychopathy,good,g-8b1f9ed23c87b884,validation,bac67b25f5a97e59e762156ce8415ffec7ffce7af3e20ae1f2e6f6127e1cddbc
7496,Psychopathy,good,g-e0f8092521668185,discovery,065a3b625a3bce4821cf8f8fff9423857a36708d86e844084ec774d67485d003
7497,Psychopathy,good,g-4feb089c12ba91d7,discovery,62ccb8bce14bdab0f26c46ee588873d654e05238e54e0fa5265d364a2bd5e8d7
7498,Psychopathy,good,g-b5cf9bd2ec0779bf,test,3184c03b66ca1e6f59d9474b168644e81de2cd9867026a5b53c3c86cba73a659
7499,Psychopathy,good,g-7e297e1b754445c3,test,737e11c78febca07e0f987787ee7b80d3ee9f75d31debe781027795a88f620f2
7500,Psychopathy,bad,g-3bf6f309709b789b,discovery,4332371e4e9f7a394a9b58e311be54d2bd111766f3088bf217c9c663eabbbd41
7501,Psychopathy,bad,g-4f8432ce9efc2479,test,b71cb84c32752dbcf77b18b53a564c66f2e96876a44cf652a81180e7ac8bd59d
7502,Psychopathy,bad,g-9881c4ccd13be188,validation,154b6ed25c4ef3c4213e9fe1f42c69814349948291eafdee9a1cec8140ff37fc
7503,Psychopathy,bad,g-59f9353c2af0ab42,discovery,b585b3f66b77d29107f003ea7fcdb9d4aa494716801fdd000b78a58ca53a7239
7504,Psychopathy,bad,g-db88b24b601351c5,discovery,661a5db87e47842ca744a3403aca5674bb59cb61d180b808984044d4037b62d5
7505,Psychopathy,bad,g-1b94699baeb499b2,validation,be9ecedab541658b8068dbaaeb01abf0844f10030729f2688387c86d7bf3b255
7506,Psychopathy,bad,g-551d6fa2f18d2d24,discovery,6806c5113ef9d68ef5efa4234a7fd75d295cd404944209c41e21cd5871abe8cb
7507,Psychopathy,bad,g-bb4e1ee3dda36883,validation,224cdd0f9548056e47741762518215464de0a5aa78d27c0cb83663cd2d00d1a0
7508,Psychopathy,bad,g-f1dbf595c79c9fad,test,b64b556d34458890dbcf488b3fbabc51e35e361840023448b675fcae52dd4bbb
7509,Psychopathy,bad,g-7f2629491c3fe036,test,5260ba330ff6d17b01522da6f1f68d73d99807b9ffa898d13e99c9d73fae8ea7
7510,Psychopathy,bad,g-0dd23002997870a1,test,2d1484b7b102dea0cdfeab872e0fb0afec57b6a81770b1ba3a95204373237585
7511,Psychopathy,bad,g-c556d095239e7783,discovery,7490e8ea1d1335697c769b47ad3baff29bdcf4180e41a67b99a89b357c9a0fcf
7512,Psychopathy,bad,g-b4fdad34be4f74b1,discovery,e5861f83e1c35f05c04ac75e40b7b15d93bb2e5c63492aa12e066474169d546a
7513,Psychopathy,bad,g-08f8a15fb28835fb,discovery,07b239b302ae1687ef9d99caa868920611e747dbf9763e5d2dc0b54badcf49d6
7514,Psychopathy,bad,g-be9b0b5c643cbc1d,test,826141cd6adcda8e5fe4e873e8fafa89b12b045c465ec44d5a2a8847557be502
7515,Psychopathy,bad,g-a998e01a4ee115b3,test,56b4e0ff11311998874838b68fcaf67b40505e19323be8bb6a382c245a183e41
7516,Psychopathy,bad,g-581381d2045ab8de,validation,52ea286484a2ab5ffa9f026ca3fc6455fee8946ee9e0d18fe3cee01f0723f352
7517,Psychopathy,bad,g-343c8b6536254874,test,cf96bdf0fdf25446cbeae1cc20d9bf58ada00f4abb2eba314d3837018e0e63fa
7518,Psychopathy,bad,g-d70d0e79d8a89a7c,test,1d63d78c2f28d772830fad08f09415859fa5bf15fbc006250211915abc257409
7519,Psychopathy,bad,g-80036947140372cc,test,c4e6055596971b18214b570040926baa8113f2ff7b42e65546d8b8751fd2c821
7520,Psychopathy,bad,g-1a2746a844fc6ba6,test,b32894a4afd7e7fd9dba51bdc427f5c326eb88a5568b3b0f529b91cc42970f90
7521,Psychopathy,bad,g-04c7ad268ba0d362,discovery,2169d4e525219d40db9e39046fe4cfdd3767e69e71736777657b95c93eb850dd
7522,Psychopathy,bad,g-5b13a35a776fb3bb,test,6e124288c89434cc05129b4a74c660b5f2893e5c010f578c07c4d2ec4e95e898
7523,Psychopathy,bad,g-2b2bd6c6090bc301,test,c4d2ab78b66c2de561a66c26e868624526f52eb7e4c7af2555b210e848f4ae1b
7524,Psychopathy,bad,g-217ec6fbc6338b0b,validation,1059d698c34ef2e5dea49a64e4b001906347548f0a4ba1dfe975a7be770a3952
7525,Psychopathy,bad,g-85cf40dbf4155d7e,validation,16a6e44c153712c4b89dc04c330e1fd71cfde137d9bb73ddc596a4dc28c05c7e
7526,Psychopathy,bad,g-5ab38f7fed5d15fc,discovery,691c9a23f88731ae56a562e33439279dcddcf8d671ee0485d04c29ea242b0539
7527,Psychopathy,bad,g-319cc3104c372d5e,discovery,953ef744837d86fab87eb2164c2e62c5d37796b8e2df2dbca712ad3505623011
7528,Psychopathy,bad,g-d1e3f04dcc26ecd3,discovery,6cbb5d9185ae88a22d70673e3f5bfd5c56efb805bea21491fd9fb9fa35982630
7529,Psychopathy,bad,g-ec23bd4043cac7e2,discovery,21d682a02fbb04fe697b00cde21d90084496370e05c529d7100c1d94616cad11
7530,Psychopathy,bad,g-6f81af84dab2a6c7,validation,862d45a3402894cd43be4119e7ddc25ec2f867d9b4c5d454ff7795cdd419477d
7531,Psychopathy,bad,g-010e73596f67f2d9,discovery,df2a55c3dba52a71ff3b2dad81b9ecdef1ca6271ff0f4984de3c39d70ca77f9c
7532,Psychopathy,bad,g-dc7ee99741ee7894,validation,3b491cfb66c6580702168e3d7eaf1ab84b2761941c156a96c07afdd422d39d86
7533,Psychopathy,bad,g-c834b323f3ad21fb,validation,c61e66e29985a533d6457858d81ea9ba0e7811b2612c6b38a20d818a87417a4e
7534,Psychopathy,bad,g-358f9d82400ced36,validation,51b65e17b657c5abe07f52b1c911410b0f9b3615d12319228362daf8053eaa04
7535,Psychopathy,bad,g-b2210b92b191ffc2,test,a05592d830c920458281d949f1b52856c088a1044a64a72112ea8313657b4890
7536,Psychopathy,bad,g-e11300d299d948ae,discovery,c560acfaa74c8336dbc367b1d2a4e52d669bbfd696df5494dcb4b831ceb44ccd
7537,Psychopathy,bad,g-46f21778c6f4f79a,discovery,81b1632ce042b54143faa7449ea77ca6217c8ca38471a3caa16b48eb9356acb2
7538,Psychopathy,bad,g-3f2e326662add0ba,test,14b6bf91aefe98b9d02e04fea1b09d7fb3ddfe83d710de22576ae1e3b52c62c4
7539,Psychopathy,bad,g-cc79590d43ff9d64,test,b8a08b0b80db68bc35f6a3191c83308a6fa1041422ea1e108be2c8e1e1d909f4
7540,Psychopathy,bad,g-9e7277dba8430423,discovery,3070bbbbd20755a0ea8199150401c21a1103420ccb4c980b6914d3ad144a46cc
7541,Psychopathy,bad,g-42d838d80be648eb,validation,5a6cb064fd687f756103359134a50b9294ee88e0307691d20b6a68168640987d
7542,Psychopathy,bad,g-6493b535f648ec44,discovery,88354db32e85e2811934f4d5c7e13775d930cde391e1cf6b4e39a752ed4b8507
7543,Psychopathy,bad,g-6d69f398ee131806,discovery,07d7f01341f75455dd722cd3a1700d264b4a628251e944bef0b5583c1fa53792
7544,Psychopathy,bad,g-34448f8876048a2c,discovery,b90df03175bfb18159a1a5a68a6db434d2f85fdb580280b6441b97c1e83a355f
7545,Psychopathy,bad,g-127b1d6f9df1d207,validation,5e08a0a0aa2a7aec60695437705a262ea5b0aedb7d2ae2f4724c0c2332c40ebc
7546,Psychopathy,bad,g-bc876ad4e916bf37,discovery,d65543d69f8504e391731f2055cd8b90acfd1c2a9280ae9d30662270a5c8bf6b
7547,Psychopathy,bad,g-127a92667556ec09,discovery,592b5ae0680013b9d5581bc66292bf66f12f950f48ddea38ab0ac6f4c0a0bf70
7548,Psychopathy,bad,g-9d4d45c7cf8914ec,discovery,c413ce551d70c8fa59bb53cadfa14af9f850063c0d75b29e1e31b5627893086c
7549,Psychopathy,bad,g-d41491e05e2cfa05,test,a29951e998321640b1e9d2cd380d911e275e42263b98d4e7d5b76ac92dea8e8b
7550,Psychopathy,bad,g-0094b51c8e244d1f,validation,9245c84a5487f79d52ad6bad5cc76ce124b4c44a8a7a95ce3cccbb1f1ed56400
7551,Psychopathy,bad,g-747c419a7affc40c,test,239f748d9f79c9d8cf70039de7d392acd62f107a5b05ab8c6e17ca923f4aafae
7552,Psychopathy,bad,g-623b43b593356c21,discovery,c0a1ef62fef210fe68af484d3920dbb6deca4b96be9f07c86bc7447abd7773af
7553,Psychopathy,bad,g-6b4db4ba70be0cb3,discovery,bc3a255771c5050afb5d006818fd7d40751079354b01c2ebdde9fe8b7ea4dddb
7554,Psychopathy,bad,g-12f338aee6849a6c,validation,b44202c6cccc4633d8428b7960a0389e08a0edeb676bd9583a1ae720410185d1
7555,Psychopathy,bad,g-cf261f95062d83dd,validation,6a39d7dd40205735537bfc24ce6660c3dd2b6dbdf16436d48546d411b16a72ad
7556,Psychopathy,bad,g-3a3caffe16faddfa,discovery,6eaa521bac2579ce411cec9aeeb09ecef7c8bfcf103c7a4ce20d5b4f93f0dc2f
7557,Psychopathy,bad,g-ab3bd63e035c4eda,test,66bf91c8220ca9bf7c987c047232167a1c9ea88fe4afd54865e8881a1afea6a0
7558,Psychopathy,bad,g-8db386633cd3a4d3,discovery,c8cf73a8c4afdabe84e0a2191b97ea986bb4c4908b6a2c951e17ea3891da0f65
7559,Psychopathy,bad,g-149f350cd773bdae,discovery,bdf39d834bf729028a758418d9aa4429638cc7b4d822daf06691dee4b82abd03
7560,Psychopathy,bad,g-7f497558e1b1d8e8,discovery,b68b6880751c11e3ddb0a6eb8353520cf7d0b12f2f9378d442d348fb34a8b6ab
7561,Psychopathy,bad,g-5897ae5695050af6,test,dc7397b695b68364bbb2b5970c7a5bae0b2f89bdb45f89c6f32a0cc39b6e0765
7562,Psychopathy,bad,g-81a20f6233b8cba1,discovery,9e1353cc4bb889f28ed55c70d14cb80cf14e385cb8392110a0925e6dca573433
7563,Psychopathy,bad,g-ba9d3b57acfc8d2d,validation,63984c30658b40476aedf04ee93f70b8fedf0d4fe8a0b3cabe8784d87c02e75e
7564,Psychopathy,bad,g-6b0f5b77a47a2658,discovery,522b654e527c2fb3af79e18868edecf43b728ccb4a9de125ea6269e576d2d9cf
7565,Psychopathy,bad,g-7f6b44006ab06e66,discovery,7008880934bbd52394f7d45aad84543850aaf970fb26fb21d83e1d760eb63fed
7566,Psychopathy,bad,g-30168395fe8a3f8e,discovery,d463b04ee36bbcd5382c8e56156c3cf12d7124c1c6b20348c817d2b79521dfe5
7567,Psychopathy,bad,g-dfd293847a003282,validation,8a3bcda7532ae3a504c4a403ac3b3d9be16fe9e7cba9601469e0d9afe1249039
7568,Psychopathy,bad,g-9ccd2b90bb85ebde,test,71a1a6ed03f34b1b4d690cc3e994e113a22ed0fb889bde1680cfb7066a082475
7569,Psychopathy,bad,g-ae45d211a2a4d068,validation,b88333ca1432a950f947ab155e1a27806550d3393a25552cad10de4258450176
7570,Psychopathy,bad,g-22fc95b5c0262c97,discovery,c542237d20706ffa78e8e0542eadaad066c6d9082dc8b3adf9e26ae294dcf047
7571,Psychopathy,bad,g-952d751a7dedbdd6,test,6c7a0bfb240c1c2927a5c9b96603b7bfd024a59694c651fd48a41301d9f075e3
7572,Psychopathy,bad,g-69ffd0d9bace62ce,discovery,c5c016b1f2468e8bb6d8029ec4fe2cd8ad7daa3352c94daac575fea31dca4fae
7573,Psychopathy,bad,g-9f3de73b956b6953,discovery,039f965716b6e865a8b2bc625a2ac3b9339ed699d9318afe2a901c18d80541c5
7574,Psychopathy,bad,g-c55b6df8e084fd75,discovery,e8604353e8eeed33cd055ffc3bf60b735bf41ce7ecea17e8425681ed282f6f8f
7575,Psychopathy,bad,g-bc1250ef5986493e,discovery,c7449df88c4e9e4516e8b9816e55f3dcb70cd03315db92b43c73945f56d9d6c8
7576,Psychopathy,bad,g-8b00316748224443,validation,9c1cbf48dcf299270ab12ab59cc323361570d2f92e68dc7f2a3278d735938d4a
7577,Psychopathy,bad,g-22c59e2c89baffee,validation,e1e7581070feae6d26662e58972cfa71c5ae1d07fab2977173240dd19e512d41
7578,Psychopathy,bad,g-372485d5829843a2,discovery,d9244d9eedccade1a56c0bdbe27a1dd5b2aeb488f2ba4a3a3d84fe7325f105f7
7579,Psychopathy,bad,g-2a683addb72728a1,discovery,65869974304c05fe79015bdddc492a7bcef1b9e6f447bda43434afb900871707
7580,Psychopathy,bad,g-7465a16afabd384c,discovery,8193efb05fdb0b4ddbfde3a558e13da38d0dcfeece2af53a577c0b5dfcdef48f
7581,Psychopathy,bad,g-c8f9f0f87d8cbc6c,validation,7ed05a9769c03c9f1db0848c0c31be57eac39055abcebae94a5bf71a6b042601
7582,Psychopathy,bad,g-d3030d499881c840,discovery,4edeecb647d7dafe4548712e7be7f25eb3cce0d133f14c093ca662a35e082044
7583,Psychopathy,bad,g-502c7c988452cb90,validation,96582d74db0fdadb7775f5fbaf6b94bcd7d4c78b3067b9a330ea02985e3d4857
7584,Psychopathy,bad,g-0c2288f5cc620b1a,discovery,cff71c71368b91da90a42946149b4bb3db7e0ce7233d47c1c712c80b2cc6d3db
7585,Psychopathy,bad,g-90f0ac8e029e4e19,discovery,f787fe87386d8d592ce56a4dcca79d1a2d87e8f8997d77e999ce08c9ca86bf67
7586,Psychopathy,bad,g-2fe8237c95690e6d,discovery,dc5bf7f5d02fbb486e517d07472ac38b5cb06a372324c4ed7d29f18bed87ee75
7587,Psychopathy,bad,g-978f0629256341d7,test,324bc2b6eab4c2e400386fabbe37c9c25d354b4fb920d4e3ec2617bc5a46460e
7588,Psychopathy,bad,g-49a72d31c7ec80c2,validation,812e40d19422e129470bba3456756e4b2d1d7716a3955325b006333102104019
7589,Psychopathy,bad,g-e04199c657f318e2,validation,dc5f8f6f2ed5b7a6397a8a6769aa50c1a3d24ccfdca91c092311f7f3969c51fd
7590,Psychopathy,bad,g-7f2dadb83fd283cf,validation,dd9bcd6170e2f6ef1a919ca82e29e92680b29c55d92a3362e0f4bdc8f5dfe901
7591,Psychopathy,bad,g-0e336b847374396c,validation,795916f6b5903b181f70f60e4811234f984fe0e60aa7d49b4c8d5dd611ccc234
7592,Psychopathy,bad,g-48bea3020f293cf0,test,9377fe00fd27bea684df53fdcf804f8a812d17f488622fcbb654d5231eb96942
7593,Psychopathy,bad,g-cbfe275faa888c12,discovery,9f79a569543b8a782a8c1836137133c074698d771617181570533b034d07eb9e
7594,Psychopathy,bad,g-aa5818acba10b6df,discovery,6565c51a02b63a9a30bc60e91cdab9386e7423089053b74457d86c6e1d8e74f4
7595,Psychopathy,bad,g-ea40d02d31983301,discovery,6f5d180627c55507e2e0e728057f4665b776c97d3698f68b5d867546f491ade1
7596,Psychopathy,bad,g-08427d2e17c2e9eb,test,964d2f260ae2608f465a30905801496b0c4ef18aebbfd46b119218b068f95679
7597,Psychopathy,bad,g-d8b0263dff1f9f57,discovery,cd960c9b0d0c06c0871d0e05812361692bb67009d81bcca45a592e27ff564e40
7598,Psychopathy,bad,g-761bc09a6f772db4,discovery,d5efff845b5f653a00625584ccf893dda5c94cdf948f281646b1e3e3752d679e
7599,Psychopathy,bad,g-adc83fe026b3f9f9,test,3e14c0b06c17cedb37abadfde96685e9d7bf2a7956a5d8976fe5215b419fd594
7600,Psychopathy,bad,g-12046cb20643abc5,validation,d6a9a3be5adee6b6425f05c0335daf08e7404f349f189ff42b7dc06fcf8492f3
7601,Psychopathy,bad,g-31a6f9264165485e,validation,a17bf91305ea2a4eb5303784953a7b828c5bb7b2a6f8abc0aa27f8539b78a155
7602,Psychopathy,bad,g-6e226dedacfa33b6,discovery,edbf7fce72e1ccc60643351d7b6091db42d4570b32677845f2b3ad7dd87fee45
7603,Psychopathy,bad,g-56f7b55f3ca7d25e,discovery,863505d37c4de563af37eb50986d44b317f6bce8a321aba7a2e55f5ad690ad21
7604,Psychopathy,bad,g-368d44fdfa6e060e,discovery,7973a3bdc610c0d33e6303f0cc7cbe52c60395e8d9677748f08e763d53ec76f5
7605,Psychopathy,bad,g-ed842b81123cc154,discovery,631a2f7877d49f92319906b83d9529ae503226da8b646de6b9a08cb5099f84aa
7606,Psychopathy,bad,g-a7e0d0f095bc8b2f,discovery,a6ded0a055e50e4d8fd0a46338c5b64733e1bebc5235012d5e485e1b0bf55680
7607,Psychopathy,bad,g-c72336b6e8ce2737,discovery,09d454ab8c892e122657d12976a1f83d6876fa5e74dba6433e2abf45d464cac9
7608,Psychopathy,bad,g-f5856d6af6d50cd6,discovery,7c97f26937d552127aeb8c6533061555bd65ed046c279dfcef36f2ae076d411b
7609,Psychopathy,bad,g-097f1bca18d865b6,validation,30dd52fb236981c392586d6016d6c67eeb601e08d0877da29a32f2789e28cd14
7610,Psychopathy,bad,g-bf7da3780c1ed8c0,validation,f515e9c2e0444835bfb3ca95421d3d995a810d6695a233ba65784ae15c955a08
7611,Psychopathy,bad,g-52f7960da8d4768f,discovery,653fd00445854e02b93505fd38d2bedebd1b5fd39a0d4f41711c57e1ca7ab409
7612,Psychopathy,bad,g-d800468b7c61bc55,discovery,c2521e5978b90592ee123a054a0380eb29779a791ce6caf170eba64267c1f80f
7613,Psychopathy,bad,g-c95f350adc92a3a3,test,ccebe8c5a6767bf045ab5d95e416dfad6bb3e80918e52bfcf47012798adbb473
7614,Psychopathy,bad,g-e9613f0b4c54308f,test,851ce91afad83923e67ff24c7326a598fd6d9650f851456c0675730fce6c88fb
7615,Psychopathy,bad,g-b18a981340465757,test,3d8eac7577af49a19cc2bfead2f2c25b1663f5cd302c1dd8d14f93a83c6c3739
7616,Psychopathy,bad,g-32e61ca5f1b5dc58,validation,b5bbd0a6e7cd1bff27147f8a545e048ba5bbd87ed9539a8490c2849eb9373203
7617,Psychopathy,bad,g-8929449e61a5def0,test,94bfb38dfbb58e849f7821bacbfd3513c85847d4f86711860e552081e496836a
7618,Psychopathy,bad,g-5526a3096339f9aa,discovery,cc13162d68daa630a92e55bffc6992076c2ec2c2c694a0115cf56ac847c76b7f
7619,Psychopathy,bad,g-2b061ebb5fafdb20,validation,0863088b05cd5042eaab41f41471dca1954275364b6acac91443ef45af19d644
7620,Psychopathy,bad,g-f2b3d8f8b4e75152,validation,0c90e55185a83dbcb90b05a96830d79705acd8a6224a4175288a492fca6e3e90
7621,Psychopathy,bad,g-8270929ebd725059,discovery,d3645ab3ec17a653107523fb6cc8462e0d6d7ab424defb26e5ae42697bfae915
7622,Psychopathy,bad,g-b8170b5ce017da78,discovery,a2c1ede0e9a4db3e5c0945be15391f8925580b2350912672d6d8ddb0285afd13
7623,Psychopathy,bad,g-0e1eed3aa472f5ce,discovery,81dab7dd3c3092397cf507de28c60b094c35bff924a8f5d32cc179c567c26eb1
7624,Psychopathy,bad,g-27a1057d0053c6f8,discovery,46d0de262e1602ac744da779668b1990c5177f87113bd27b1bb0f481ae0db84f
7625,Psychopathy,bad,g-93d40fa420901026,test,03bc76f286d87fbe3ec01732885a806cc675113964a9f7ede4fa9ea485fb2a63
7626,Psychopathy,bad,g-939ba6fd5675d224,discovery,4ea8ba78aac8ab30f1d8173fe6f7c0b1ef4c52252a4a59c61056ef432211b952
7627,Psychopathy,bad,g-99298d6f8ba3fb52,discovery,26fd5db6dafb3a1b05cbdfd3f99584747f37d59ceef2aa73bafdb0eb326f54ea
7628,Psychopathy,bad,g-43d72fe8ee4982ad,validation,38d060003abadd31fb004cf6fb13eb9252883e0170fede212865e093a442a9ff
7629,Psychopathy,bad,g-c080cb6e97abf5f8,discovery,2da7037260e67ecb134eccdc43a48d63e3598b31343632d071358b021b3cf499
7630,Psychopathy,bad,g-b61e32dc4ebf6abd,validation,ccf5488712a9e46e9ac44796846ce34d5e52651cc045ade969dc144358672fba
7631,Psychopathy,bad,g-c2227e004ef3593c,discovery,fe0dd77ddceabf16cc54faad8bb078cab54101693c4d79e867dbb9d6c5a4768f
7632,Psychopathy,bad,g-219dfec21b352d55,test,9fe951f07f1662a25a786dc10b7bfebd71e12e76e71751b46174fafd8e0b457f
7633,Psychopathy,bad,g-eea8e6251536974c,discovery,5979ffed61462e74274b391cf80d18824a2abd5a072a4c6762d9052e772b2179
7634,Psychopathy,bad,g-b0e94e86351b1207,discovery,ce9742b850f98bab695b4b5900ec22b3d2f47182a13abc93ea0342efd193fd6e
7635,Psychopathy,bad,g-aa1dd6623dc2f53d,discovery,74a66bee126c842311d615e303d300c49b1fd5bde6b0cd94f9ef6ef9341713e3
7636,Psychopathy,bad,g-421a64442fd3d5af,discovery,398609a290c2e2e62da7c38f2e8ebe598e406d48dd33a582fe672fe109113a3b
7637,Psychopathy,bad,g-84395d356d45f5c8,test,8bd7705878f0d07a871afe550fc76d648929d9a86cc4f03698d194e28d302e9b
7638,Psychopathy,bad,g-f8cca8b880b0e1cf,discovery,6cf7466d7c6548b6aeecd1201d0f0f137bd4438044f5c6b46edc935270992cb5
7639,Psychopathy,bad,g-277ad31083742bab,validation,2c63d9be4b05c5e65649075120425b2201a80aa94cafc4c216b41a019ec63d06
7640,Psychopathy,bad,g-f345a1943e441141,discovery,8a77da82e5281f72565415e9dee15f718c72f99497e538db898a34f856f56f89
7641,Psychopathy,bad,g-5c3a1c6a1e9ef7a5,discovery,70378bf6eadcc25356996215a8375e352086ede6a69fadb59ae9288d4d88d9e7
7642,Psychopathy,bad,g-6f832ed881dd1755,validation,5dcdd5e1e9f2685245bd5ce6bdb37063432be2f49fd7b74545d2535f05f6208e
7643,Psychopathy,bad,g-cbf4bc1ba7f8a8c4,discovery,b7c33b5fa5e1344bbdf111e775806f55440b9cd03f072d00bc5f5582d8853b1c
7644,Psychopathy,bad,g-4270605793107dc5,discovery,7abbe09741628149ffec94874c86535a26698fd1d91c5cc0bd33513d13dbb03d
7645,Psychopathy,bad,g-d7ddfd748f37fdb1,discovery,2c1581d43f35c0aaa64b0bb64163903a69f44ad116bc650b3da213bd053b0e1e
7646,Psychopathy,bad,g-3079b15d3a590f60,test,01486a03c2368d74a7aaf9c220bb4c636bcd0810d235f42dcc129dcf0050beb9
7647,Psychopathy,bad,g-9b438ad2cbfe5516,discovery,34f9ab729300ffaf8e71ed9a929da6cd427fa55666469a693b3ef53b3dd37426
7648,Psychopathy,bad,g-ba22fa7a76540ef4,validation,24ce8fd4578132844c407b06e6afda12c91c85da99a95a9da7bd46a5a86f5c2b
7649,Psychopathy,bad,g-07f86b8b4b6a6f57,discovery,5420eae1ef0e69a8e8ef3a459227fa259aea370da680c26556872d1b1a32bb65
7650,Psychopathy,bad,g-4098fb46f468b255,discovery,ae7066793720d10c1cd3f86c1c7bbdb10828f48a783b620c9f591d1e23431171
7651,Psychopathy,bad,g-712594d2e385807f,test,d0e5c36e19ee88b2e3d6249760fb3edf3cb8afb0fa3c05d29d7fdc3beefe7f9e
7652,Psychopathy,bad,g-9b7e56670515c4a1,discovery,f3a19f7d41042e6ce8dac5c781c1c785c01ecdaee5ed2804fb1fe23908421894
7653,Psychopathy,bad,g-4a9e9625a77a0cda,validation,3751b259993e8be17a414d720bfcb5218dffa84d09a4f876b4842c576344bf7a
7654,Psychopathy,bad,g-b288593a946aac9c,test,f3c3e2550a7a4f39845108bee4a39df2b0dbe04af71514833ddb4f396e2c5854
7655,Psychopathy,bad,g-7e527d3dfca2e2b7,discovery,5ad712cd8f9ca3e65227bdef99ba5d3110e1b81a77f5aab4d6c36481ef46e793
7656,Psychopathy,bad,g-22c536fe06e2c1ed,discovery,6d2d18f5850c19cbdac30a39dbc493f0ae969c661f9f1e8eef59313a3d30dd8e
7657,Psychopathy,bad,g-7a30ed5f1cb02460,discovery,194614f6549d9a171e510b7cc69a0d60f48fad5c2994fb5b6dc45172a7e85125
7658,Psychopathy,bad,g-32d4ac50b0afb54a,discovery,6f61ed69f38381a0599f4f389b7a9b474766677a51f732655f5e047f73d31d0c
7659,Psychopathy,bad,g-44e71e0c7050db42,test,5e47edc27d81eb6907201d97a513814c168f727da0f6f004738b8adfba92f254
7660,Psychopathy,bad,g-573f33e63772d542,validation,44a5dbcef1c56cb86ee129762049e6df16937dc673408e85add70b235845894a
7661,Psychopathy,bad,g-ef8a24588917c83e,discovery,9a4ba65a6669f4d1af1060471bc76bd4524a89429b6a8230947576507dc9b1f6
7662,Psychopathy,bad,g-8c9fde39b55eccdd,discovery,d4e2d0aefb6caac2f80c34b9d3d39d75a7d6d542e2325576201cd25e49018ae8
7663,Psychopathy,bad,g-be19c441b53fa459,discovery,5f1c7a4813fdcdb85de59c992af86c49ee9ccffd085234f2f58bdc6d9c57db40
7664,Psychopathy,bad,g-0865fb5561102b02,discovery,dd8a958c5c110c90375220a8b0feb3732fee82eea9425cf2362f928cba0e861a
7665,Psychopathy,bad,g-2a0aaccab756d362,discovery,7bad1abe048c630fb6e232f29a63a14d7d3e8f017ebe0d84787e254e7d7e5744
7666,Psychopathy,bad,g-e48982ea46e55e6d,discovery,643511edbe10b51417e77dc6290a48ffacc3981cafed83a07ba6b3b19e50a6e4
7667,Psychopathy,bad,g-bd1718005ba3df63,discovery,eaea5692fa9c426ca9a6d342b8cc96d854bf39eaa2ad102e445ce18d7250d321
7668,Psychopathy,bad,g-3e3e39e61f43f924,discovery,36eaa4dae9066ee256b89e61e5bca24ba5bb1482a6ac1401a6a08e88cdea6dc3
7669,Psychopathy,bad,g-f4f9125af628f3af,discovery,987f97ff2ba4732d0a1cc4fde6909615425573c68457f5cc837baf5907cd3862
7670,Psychopathy,bad,g-776bdfca6c37f2f5,validation,5bff7248d417199ea2d314238031c7522d1bc036456cabf60c2456851cb549cd
7671,Psychopathy,bad,g-705956151932a8b7,discovery,4dc055d8c2b75b39d56cb868f3baeb84e839d3bb39a60dac4b7a021c3d33c411
7672,Psychopathy,bad,g-b0774be7c4b630d2,validation,79db3bac4ef0d0b38bc8ba0f913975e335a84ff406828b509e836b2b736e593e
7673,Psychopathy,bad,g-f0162e4f4da1dc1c,discovery,cdcf3da4f0714dc083526664918fb939cf9d85a30ce65922fbd7d1115323e687
7674,Psychopathy,bad,g-c875f30883f9acb6,validation,d9826a8bebe2337f8a8abeb281755b88ca1467471de2e82eab6b8be24cb965f9
7675,Psychopathy,bad,g-57c590c5ca085b9b,discovery,b26ed5535108ee7d26d8ade297be62e3b84335913be735da167cc08c82fa07d2
7676,Psychopathy,bad,g-854b58c0c7a3f176,test,5cf45ca7a0bebe5fb46b829aa2d21cd640a4ff870c6b8eda7c900688ad4dc999
7677,Psychopathy,bad,g-f90e4c766b3ed2d8,discovery,af8f1bae8f43d7a83503dd8a34e0c6e238ea8cc7ad410986f4bdc38697de4ba8
7678,Psychopathy,bad,g-a9ae289f400df958,discovery,41243124ef65284ff2438f2587fd2fc8710e5972766a860ba04b931023c74f33
7679,Psychopathy,bad,g-afea9a6322b665e2,discovery,8063ea8376732cb652c6c68d901d510bdea06d57a280b3a7f83553e4150acd93
7680,Psychopathy,bad,g-e2e4476993c96525,discovery,0c939f5e366aa131e9b3a3fc6e85fab6ca3231449d64733649b8722aa724bb0f
7681,Psychopathy,bad,g-cac7f34d6039c95a,validation,ab28dd3211059ade793925acce627e49a9cb6d151d6dc36bfbd6eb20fcb8638c
7682,Psychopathy,bad,g-900377897eda7c9c,discovery,04b3e9112580a55d35b50c7e7e59dc56489bea7e829119bca048d91c0df44789
7683,Psychopathy,bad,g-b8afb502e95c0e92,discovery,5fde3c813a417aa99e201e6b8a51b1b8d6767927a838559586d16f1c05586bcb
7684,Psychopathy,bad,g-9fa9b2d8e93e7767,validation,2af760f873cd5baa75ee530207fe34d4c21f8607aba61a24237a71b07d3b3359
7685,Psychopathy,bad,g-d8c129324ca1bfeb,discovery,cd5923fd01374593cea54f26460451cb0a2aee8a0833faa4ba7d65bf0323a1ea
7686,Psychopathy,bad,g-6cc86082aacfbf5d,discovery,d23ecaa5b130f015b717c084e8eb1aa504df882d50c4ec59307d88c5ed549531
7687,Psychopathy,bad,g-b5417f1432a6add5,discovery,23871abf697c9a7529817c1e5e97f2ddb6c9d67a6b2339d8fe588307eb22ad11
7688,Psychopathy,bad,g-cb76f44be0531e2c,discovery,8ed37aa6afd0b66196a4a1a20f71a3663bca31b5da3e0417f8c4e5f18eb340a4
7689,Psychopathy,bad,g-b5176059b5fce08d,validation,873e06ce5e6a7e8654a4948f2a500e214ae0d906e4635f14df060f4f42a6b47d
7690,Psychopathy,bad,g-77d26ff31ece2f48,discovery,bad49943adb8448235148c51bf09717c3f4e1bacc0e63cfd4fa6a981c6d6b653
7691,Psychopathy,bad,g-1428cf852979beb0,discovery,ee48913a7675fb34490c98579a4497d6a6f9e4b0877b8097a4bb122a642636ec
7692,Psychopathy,bad,g-04787f89e0312f93,discovery,7e1f70c04d38354acc7855bb4990689a3423d940eca214fbbe53aafbb1dbe263
7693,Psychopathy,bad,g-6bc4893cf1aff4dd,test,59b39cd34ac5536355a0beb414b24afe5ea472182b237f89df65267f3281a283
7694,Psychopathy,bad,g-e2ced1c1df81c8aa,discovery,8f89f59f326cc2e1d234e86fed36d57faa6225cb258ccb225c163360822b1f6e
7695,Psychopathy,bad,g-b036199499e7c8da,test,200450a4939e7d113e6a77d3d8d980c34c2294b6a64943132381d84667b994c7
7696,Psychopathy,bad,g-1ce80b957a1d7f72,test,73d6e4cf572530783b28fe9434f957e5a7be98976f443d684a953df3a07b48d9
7697,Psychopathy,bad,g-eaf1c1a370a0d5ae,discovery,7ea9affe17e847bb846c78afe9e3faf2489380f3e5c3736c57578a3d084f9c62
7698,Psychopathy,bad,g-57b919b25940d691,validation,bc44109b12f22ced6993220443a8bb1a5e67bda4f5df09fe7b88187dfc162b83
7699,Psychopathy,bad,g-bbd5e86cbc3a3c5e,discovery,389a9abe22d0ac6a136d26892706086ad6f2a332540808498a13fe399dfedf9a
7700,Psychopathy,bad,g-0db2efa8b5df0b17,discovery,ab086d310f17ebbfab28b9f729349e989a29031b0ef1bc8e5f6486780cd0a26e
7701,Psychopathy,bad,g-b47d7ec86c8cc059,discovery,941f0a2414901d7527c08db7d0dbfb1338fa2c163bf45e7dd4352e42f83913f7
7702,Psychopathy,bad,g-fbad1ab1b5f57c8a,validation,74fddf0c91a2040216719e102760c146ea4a82075c931605e5be860861857173
7703,Psychopathy,bad,g-fa4c4dc6346f16ad,validation,4ecf4d07de622b7f5c7f54e06cc62378f6efdb0c418b397595c443811d30127e
7704,Psychopathy,bad,g-de6d9f78e2aaf6b3,validation,fa0ad5323297709048e71b4482488dfcd048f50412d7380de22061456e7e7937
7705,Psychopathy,bad,g-0aa73de270e093ed,discovery,86417c7a470c5494b3418b0e83f43ace8b123cc0c9cd8b542e4047b5cd0ef02a
7706,Psychopathy,bad,g-f1bebafb707ff9f5,test,ef31a96ba1ddb5e370c30ecd1f577a8d78052032742612b5413f8d381b37db2e
7707,Psychopathy,bad,g-e8979203136b62a4,test,99f859f16b088a4a550560a3e6259e8339617a230e34e434fecfc5f70c64a112
7708,Psychopathy,bad,g-2b6205c7d9ca228a,discovery,1e72e6145aca06558c02410da944cd8147d362a57e603108cc042c845dff51a7
7709,Psychopathy,bad,g-21376f5327e9e6c2,discovery,bcf4f033c5b83e48620568b455c4e975398db02ae4a54f428e01ca70aa4a5f31
7710,Psychopathy,bad,g-595b7f33184c338c,discovery,cc7efd2d519990b341d4b965a54b5f33dd87f11ffc6ad320919ebfbbc37cef50
7711,Psychopathy,bad,g-5aa5ca13a3957107,validation,c646296b8eea34de99d1dbad34be7cceded30203fa90df02a376b726a995e59c
7712,Psychopathy,bad,g-06b48078f9fa313d,test,e0843a66fc878c70ce09a6e45ae1ac2c9f98b52ce690cc80ca10dc2664c186bc
7713,Psychopathy,bad,g-d3d29f53fdf1df89,discovery,df3d44f2c050d877501fbeb656bd534ceeb90e41b8f42c1840d7126850b39c3f
7714,Psychopathy,bad,g-c1a4f50ce0aacefa,discovery,4f52d5ff3776211108ad6238626e685b2f2dfd57c5deaa78737680f8d3f696fd
7715,Psychopathy,bad,g-10dbb95e5b1b3802,test,c60ed1a0acd8c65ed0e3d662b531e94c7bd5a59bfeff943f17146670ec2b1fb4
7716,Psychopathy,bad,g-4ec553ed85f489d0,test,39295c5dbebe7f2eec1b7a5c0615828a78a35c05385daced3baf26b19d4681eb
7717,Psychopathy,bad,g-a8c59d1a14898ef7,test,ee449dad3c82fd78141729f06776bd4dcd6fab5b0ee6b847a627cc312ec384ca
7718,Psychopathy,bad,g-4e94519ae999250b,discovery,a5f49eb304130d67ebae01e46deb986d908e1cdc2f77b3e1d7c5bf125781a376
7719,Psychopathy,bad,g-b58cd3020cace85b,discovery,53de00a9b68cd5f795742425b26a58169e45e128489cff399127deb3d34cfc4b
7720,Psychopathy,bad,g-06868f6420218d26,discovery,c0fdfe9f752c8baf55845fbbf27aef014b602edc1e2252a92bc42ccdc3ec7500
7721,Psychopathy,bad,g-751a4bea765c4999,discovery,31b7a8dcb788f5c73e12a8971ddc7bf68b536fcb17d25ccd2a84a9ae91a486e6
7722,Psychopathy,bad,g-c8cb136be6bbc5a1,discovery,6983f2a6b1074487b0ba9d060ec8660adbca1706277b1d956ec33ee8defe964f
7723,Psychopathy,bad,g-3a47eefce2a7859a,validation,3e1a1ab26b082e7afaf016369e938238cba3c2d0039b1546e35dc7b9d8f3227f
7724,Psychopathy,bad,g-c60dfa5227b9cd68,discovery,9701b8561ef4f28d117e11cd7f30dfc391a2a83d424b9d3a4f27f3a7f2f299d2
7725,Psychopathy,bad,g-a36d546b3400eb9d,discovery,8590a82d2815a720097d38b7c93ed5fc8546b0f8cef3f708da3ec34565e869c5
7726,Psychopathy,bad,g-066381520d1a8de3,test,11b1229749750958d31be64ecd6071286ecd30f04365ae7311ffacceb27f87a3
7727,Psychopathy,bad,g-18b444add384bef7,discovery,0e2443f263615c0193cd90c825c254adc90a428256a3d6d2c8e451697a93b421
7728,Psychopathy,bad,g-4701a3d043642f8e,discovery,e4530ef701ebf378810003022274587eabd50f2043c282b31ecf618f1db77caa
7729,Psychopathy,bad,g-82315b14243919d4,discovery,fbb978c77520e42521a51f806adcd99c4ebb791d2083be286967cab072387337
7730,Psychopathy,bad,g-ebc8ce439fd1aba4,discovery,ddefff388ae998db53bc3d71c7f1228e41c151035f3c044e4e8fedd8c66d863c
7731,Psychopathy,bad,g-06b0be9c9ea3964d,discovery,11ea3b6210b430649d658e52ce2364e5932f251bbcd53fa4049a9fb8f30127cd
7732,Psychopathy,bad,g-937de0267ba7822d,discovery,d1c8595e3c27bdd181fbd1020910938f70144db2dea0b8f8d32977ed7750b07a
7733,Psychopathy,bad,g-90d7815f963c0d59,discovery,0c22782a7ffe8bdfddff31183e12c505b8f8d10e33cf597a52fdcb45e921622c
7734,Psychopathy,bad,g-110ff940a905c4da,discovery,47134d2f9d21cdc20c91909952dd2d7d6a5f0f7d361cb7957fd659b05c1893b1
7735,Psychopathy,bad,g-9097c93674b8b3c9,discovery,89e8c0fbea1902b834b7c6d1ce4da44f43266d5eeb84bb5ae1740591ff3553bf
7736,Psychopathy,bad,g-c23d13f4469fba99,discovery,6dc8481723a11def2b8dcf6923ab0bcdf5fc038cf5bf97423ff08c67ec320da4
7737,Psychopathy,bad,g-c10a21264342db49,test,4fdb5f1fd307d7a3db22556a48f265ffae78a35481c1961c098cc8711b2e9a06
7738,Psychopathy,bad,g-8d0ab19b5c3b4545,validation,307b1ca052ac956b3377cda5d4d5f288d126584577c518921fd093baa4cdce4b
7739,Psychopathy,bad,g-7bb88edcc3968f9d,discovery,95e651eea488ca1ef61617a1c70ab5187640f2292c6b6f01baf20eecbe81a02a
7740,Psychopathy,bad,g-2868a73b768109a3,discovery,3a5d5ece8a458979a2d34b88e654b7c8dd5b89af8069c02b189866cf7bc19bd7
7741,Psychopathy,bad,g-ccac1445c9ad8748,validation,e5cbd63e872bb4b52b0e864a66beb9a377c38f41d1f5e0dd1092b043a2b14b76
7742,Psychopathy,bad,g-079a10c3880d9403,test,252395f64fe275d2c9809665e1383189024baab6d43a4080793cd8515af2496e
7743,Psychopathy,bad,g-23610f93710f66aa,discovery,7a9aef31ab006b3b4bff72dd593be1fa7f5a7f6e727e9cda4f7dbcf423d7d6a3
7744,Psychopathy,bad,g-e6bbe562c847c490,discovery,cb091df2e1a0090be9601038fa328fe89f47b674de023856b20719292263e652
7745,Psychopathy,bad,g-d7603e54f280b4e5,validation,aeed4dcd603622656691817c714ce0261a579e822f6fc55857cfc4ac746b60c0
7746,Psychopathy,bad,g-4e69380513bb71f0,validation,20fb28bb3579b8e7954c848495093254d3621113ea025d56bb7b67b6bc68e40b
7747,Psychopathy,bad,g-79c5c921b84f8eac,test,77504956d441f9108b29cb1a9f0d5e1a3a2a8e68127165f01b6bc83c25b99bfd
7748,Psychopathy,bad,g-28d42364c946494d,discovery,f2001a01aefe022ca09f692dbb741f4ab52e6d62bf6ba86e415392b0398f4dae
7749,Psychopathy,bad,g-c7db5467c52c093f,discovery,5a1eb5a2c24d5933154ee51e4caf8d7952007d586ddee62e6a30dac50ef4fe9d
7750,Psychopathy,bad,g-2ff29b743a837307,test,2601ca2aeb60905ac0e409c925e295bc49a94ebd4831b05b10a53febb3a62e14
7751,Psychopathy,bad,g-eb575701f22161c0,discovery,10698f61466c5bba6cc86de55e8c36c8cdecf6e1c2c5e4fc1650315ea0d08bc8
7752,Psychopathy,bad,g-8aaa6b7b56109e56,discovery,556ef0c2adf42a8e3e7e268fb99471c13776eca410ec80102c922fe8a2b1e849
7753,Psychopathy,bad,g-ef93db5fd91284d7,discovery,cc76eccf1807f5a0ecf8bf7e1d3d15646a05f69f053968049a15b4979e303892
7754,Psychopathy,bad,g-d1df0af3cd5dbd0b,discovery,0d0308e3aebf72c337f6b72cbc17c97ab9d37b1669e924d6affd9b0376dab15f
7755,Psychopathy,bad,g-ca6178444804b11a,validation,61471350be53f690f84b9d09d4885f3e6e321de13ffb0b8824886c1158e5c488
7756,Psychopathy,bad,g-2dc9d2c852cfbc12,validation,ea48c783327e93e009a099ac7add2539f8e90c4ee1f44b1f7b01cb51229cba77
7757,Psychopathy,bad,g-a81e2af110693805,validation,e52fa222f03aa902014115f886cf407387b80701849a2ff8d73e13c0c3c4ec4b
7758,Psychopathy,bad,g-c7bd4542e9b01598,validation,fbb0a618fd17a627edadf3e9ba82efbbf77e32e560603c4d4fcb04adf2d78a4c
7759,Psychopathy,bad,g-9dfe9899dd336ed6,discovery,4ca840be28a6fc221e6ffc75358f4efead204789bedce63635f710bb23acf89f
7760,Psychopathy,bad,g-a49217183d6f21cc,test,3ee47f7e8e15a7d79aef6f752dfaa8d18400ff0163ccac1e3787231d736d115a
7761,Psychopathy,bad,g-0f7458ae6436da2f,test,8c08700e2984d2e56ec58c925b30e3a150bd11eb01867ef241d0785081087264
7762,Psychopathy,bad,g-df6a8ccba8cc25db,discovery,f3a4bac7870dd0c09be01d093e7a6b23a0ee0ec8f67d6bd4ce01cb845c44a750
7763,Psychopathy,bad,g-f6cd526f5b4d17a8,validation,d0aeb4d6e94449aa9580c75923581008e1a216cc455a19a05fd5b803fd35ded3
7764,Psychopathy,bad,g-4267098b0fe35fa7,test,c7dd59558c688bbd8eea7aa1d08364d1d0c7d85f7e4c5213fd3b4e342acc560c
7765,Psychopathy,bad,g-e3e05adb76d9dc25,discovery,c8a02d47d046b71896230107e192857d6d1de6bd3012505d695027e4034e0e93
7766,Psychopathy,bad,g-80f0a37104e5564c,validation,64d5c5c051e9b2ac2f22fd26dee342080b6b22a6891e2ee29d797e3b3e94e439
7767,Psychopathy,bad,g-619eac240ad07803,discovery,00d56520cf977b7ec6e57d9fcf393fb502eb6e5afce9f3c0cb851f8dbf7f3aa0
7768,Psychopathy,bad,g-e7ea3b55c18f1f5c,test,8c5062dd62aef5b008f7724d371ba0bef7296233b2a14d5417931fa161f8274c
7769,Psychopathy,bad,g-72e7f9b206dfa047,discovery,64ca293f880942cf3923099c03b3246bb6140749e8bd776df4bd4e1ce88a7a42
7770,Psychopathy,bad,g-d520786b32245a99,discovery,23f39e3cb90cd7f19cc096985a2f52eecab4e611897c82eafdce45cda1d74764
7771,Psychopathy,bad,g-3081bb55853cf569,test,82f12570ed756acc28cecbbb229383e70e31f1707f5e92fa5fef3f848820b9fc
7772,Psychopathy,bad,g-c5de9d34af15134f,discovery,ccf799634cefd7d4b810e9b8f3cca0edc09cc55fddabfd4d9971c28d31affa0e
7773,Psychopathy,bad,g-b9eb21b23d7ddbae,discovery,c7a6b980ea09d3fc4c13ede32d96ef79c10758e8c2ccbea83bda7ca45ce577b3
7774,Psychopathy,bad,g-4609f89f87bfdbd8,test,1e7200d6ad2971290c388b6bae41bad73697d01d6251c10d31a0d51c5fa19f99
7775,Psychopathy,bad,g-382447452adf16c0,discovery,665248e3cf98eb2fb34efd8caec08c292483e5f1d4926c922f6f8fc6925f3215
7776,Psychopathy,bad,g-8738f48e1c8a36de,discovery,a43f8c9da7b78a03ff172b4fe09f4dcfcf47f7de97176500a01cf4d6704a8732
7777,Psychopathy,bad,g-1faa00a695a550df,discovery,5d6ee1f7410dcac483db55ad3d1acfa77cb5884029ab68d1f9063baec3959caf
7778,Psychopathy,bad,g-3c5de99eb06a3100,discovery,b7d84400cd6b45e5275c7d82ca0c0ce1ef5a9f4c6b24c5a42e47479a527e25b1
7779,Psychopathy,bad,g-3c0ccc3bc26b7348,discovery,be860f19185ed742908a5ea79e08578898610b6afcffb49cc61d25f519d3fa8b
7780,Psychopathy,bad,g-db27bf03dca2d8b9,discovery,8d52be4846f8aa2bdf03ab79058a6f396b5234e15ef2da247dfa1c382b8bc856
7781,Psychopathy,bad,g-5e2fce6c6b25a219,test,2f932cbe1cdbc35b4fb47a42ba34ff848b01dac54002639de6aa094b7fff454f
7782,Psychopathy,bad,g-1cd64564d58fcd3b,test,de428e4c6d2adc7279a854547ddb28e796ed5f1ceee7eac29e7d81f50513bc14
7783,Psychopathy,bad,g-d28fda57ee913693,test,4d2308f3ee7a4eb564298d87fb1b21d35e6c91a9fe3bb60b124cbb67adea8c46
7784,Psychopathy,bad,g-4cc3b2d127b75e66,discovery,c560379dd473ff1adbf98c584d40d00b6f7cf8d7c8588c1748806c94d9168193
7785,Psychopathy,bad,g-3bbd76bf261acd85,discovery,b86d7687b624d5d30062c899359c12a48e599e6a9fbff7005da6b39f75ac2b8f
7786,Psychopathy,bad,g-91517bfe99d573d4,test,eab716ffec90bb92f99a38fb860970baf24979d351c485aea92010f9dffcf21e
7787,Psychopathy,bad,g-920d44253ec9647c,discovery,999d2db9325207c0d67435f559d6ba6ed6468fa95cfdacafabd5795334878daa
7788,Psychopathy,bad,g-9cc21d99f499d27b,discovery,9e23beb7ed81f78223ffa8dc31ac779c02af77da72f8b513dd9c014d0aed8ac8
7789,Psychopathy,bad,g-bc663586c9ad8299,discovery,72932b10a706942152610d540f5a42cd3eeb122d7b96a8dfd5a995b5e856f825
7790,Psychopathy,bad,g-d43d051f030b6f55,discovery,3249db02b259e1f466eb71382ef5ed96fc0f3efb1d9b1841970e3102f31655d7
7791,Psychopathy,bad,g-6be9e7aaa3eb747b,validation,8e22b204a6d0fb493d420a0c91443394617137cb88a187eb9815512305f0d5e5
7792,Psychopathy,bad,g-f7f1209e9b33cac2,validation,f55b8b11cb99086a152c54a19a408aeffbe803b51385d34942e72aa573714dfa
7793,Psychopathy,bad,g-31e11b6614ac2c78,discovery,5bd6076330f4edbc3ff5ea81115c804575ea39ce36d62ba39758fad2c4ff9ac9
7794,Psychopathy,bad,g-37a30b50ec36575e,test,f040c3846c71068de22b850c182451164611b1e69623bf92f14ce70f5887de5f
7795,Psychopathy,bad,g-f2829395cf2c9c4c,discovery,d95bcfa2f40e90060f857cb60e1e7995b9658578fb677986b4819e652f0bec8d
7796,Psychopathy,bad,g-d22a50c3a7012b75,validation,f09fa689c9a9c7ac567a138de0ea2828f9c5b608f1c1db5f142842eb20f43ff8
7797,Psychopathy,bad,g-be2db102d6a430f2,test,ae6abfadc54ddcc5e7fc228c4ab63a552b53e455c14aec2a016bc67f3745523a
7798,Psychopathy,bad,g-bee77f58413c3e98,test,d11f55a3cea995c46c652cc94747d7e725406c562455abde00a6857c97452f83
7799,Psychopathy,bad,g-26038c97ce49587d,validation,ae73e87f52680fe8d85f5472413f4785d1b3b2f685dd58f7c0070467aee084d6
7800,Psychopathy,bad,g-edee5265171c82e0,discovery,1564e4db5f302ed1f8b155ab42f76c2694306649a777bb55b973eeac7c0bfdb3
7801,Psychopathy,bad,g-308b6edb144a0a7f,test,80e519729a84241566b55126d4d5c574336533e53931f8ae8822c7ec89071500
7802,Psychopathy,bad,g-5d6fc3c9050d3c07,discovery,c7ecc97cf6d7d58f4d22be2fe9a8b74b30f0812bc4d5657db473a86f5e5b7107
7803,Psychopathy,bad,g-2ce88001d9042207,discovery,f580ead673f3f3f2b9cedb6d4bfc7aa1dc0dbc34c579bbff54dd98b5da6c0c40
7804,Psychopathy,bad,g-683ba20dfa1874ef,validation,c78e3e28398aa6da204b34558014be1cad9ee8e4e2819d9534d539281b4edafc
7805,Psychopathy,bad,g-3c985ad1716feabb,discovery,aafb0e4797401aa25bfda4c6705beeace5a39e88c6cf3009dc27bb529d6091cd
7806,Psychopathy,bad,g-9f49c189e66bc9ff,validation,ac8737bdba9f1b7d7b0de06f45a46efe4df45c9492ced5b4aaf377fd8307fd40
7807,Psychopathy,bad,g-4cf2628c9e91e948,discovery,def1f333bf859e342b46236960e412530651ea25668ebfa1f75882b3eed059de
7808,Psychopathy,bad,g-2da3557fa5764a9e,test,1abf35d3a3e976a5561aab992380e8b1de8f0d6ed7a8fc723ef61b8c022b3563
7809,Psychopathy,bad,g-9c641a60bc057d43,test,4540dbfb8c9e53a58f17b1a9e5538c6265f5cd8aa7c0550afc3eb2ab52eca4bc
7810,Psychopathy,bad,g-ef85c03b69dc37ef,discovery,c5024cad8465d144d95aa75c1d128c899d084b595ab063942e481b9d002e009e
7811,Psychopathy,bad,g-596bce57c6e2b9eb,discovery,a639e00bf860e021cca56701c04d7e4c30b5a838f9fe2238a45aedec7c81772d
7812,Psychopathy,bad,g-64ca19c080f60b3b,discovery,dbfdf461d7a621c47e730e8a7b5c81c00a6a0adaf0ff7850eb2991765bc451b8
7813,Psychopathy,bad,g-01fbddd0449ba2f1,discovery,d021d56a6b8f1b7f23f3c7c24b8a33b8c744535ba6c94fb8a13af406826bf7ef
7814,Psychopathy,bad,g-57605a667e486878,discovery,c388096dd226deaeee54894e51eb428baaa81d76f39e69389040cb8fa21dd896
7815,Psychopathy,bad,g-3f34a5282d1c4346,discovery,8ec078b010a39e7280d2a27d296cba4d642748444094df4f08f6b440df5da38d
7816,Psychopathy,bad,g-b0f8f9aa693fc61d,validation,18f87720abaa3a799a5ec20a7d45a26a81f8f792c456d949fbbb3bbcdbd59300
7817,Psychopathy,bad,g-2e2d8ef65c287551,discovery,c9e1b54003bc297f8b8e62baec9f0aa639f9bbfc18f19f311c53c9beb9baca3e
7818,Psychopathy,bad,g-dae20e357c8ce7c3,discovery,fc35df3e14149e24c713ddcbafcc32b17cc30f8ae70a3a367559940e1255b7b1
7819,Psychopathy,bad,g-c3f219d62ad79173,discovery,e699048c99960ea17813c0cd922dd6a36612e7d01c45d8de053ba4110f57bca4
7820,Psychopathy,bad,g-0c288f9cfdec8e54,discovery,8b87a6754a829879ea1a13d48e736c1578fb12a879aabb69a864b6ed73090b51
7821,Psychopathy,bad,g-eab381ef262a01f5,discovery,f651e7bdc714864f3678212a08f1d9be0ca0b25fcfcd11058abfdd420dbda10e
7822,Psychopathy,bad,g-f8c6bf4b3bcddb03,test,db24915e7e73c4be5238264586dac68c6f1c443c187c52650c7d5218c3521e96
7823,Psychopathy,bad,g-4ee949ec7f50bae3,discovery,29437c9d8b94d40339f56c1579b88776c357d8cba8c2f7f509c9981ea66b7b39
7824,Psychopathy,bad,g-4b6cc59310a327e1,discovery,b32b235f8b9aef2d1a3a2de64c26bbbba29f2981eff9e7407e520a2e2ef3ded1
7825,Psychopathy,bad,g-7ec03c2e25d499d6,validation,e3274e31e9201c3361d17e22ee4a083a3f351a8e4c01586063cba83fbf1cc1f0
7826,Psychopathy,bad,g-7c1db82083ffe804,test,f1c133ce3f768f6e78425a819adf0490c7c863973c25243837b701a7daf88b4f
7827,Psychopathy,bad,g-dc36459737f05c35,test,eed48cf9c77d522396166d154142c5b4bbda70d8a658ab87a71e793e1a1875ad
7828,Psychopathy,bad,g-6af2594f7233f3ed,discovery,0fe9ba57623a6328b21a8828adfa689bd448bf3795f7e65866f1b8e31f583e91
7829,Psychopathy,bad,g-42e210e42be232b3,discovery,10f25892030c2f5ff48bcc5f7f02711bbe547a726ae8630693db23965b1f061e
7830,Psychopathy,bad,g-896a497ccba1fc06,discovery,55e7d2a38468f964479daab5320d3d8d62b72481ebe0a690435d68c38f9fd9cf
7831,Psychopathy,bad,g-20327e5729d8d3a6,discovery,04ff7603dbc7830cac8544c3e5adc1aff153d0aabe997ad704a99afc9a2f3dd4
7832,Psychopathy,bad,g-cfd3cc1c19b813e0,validation,cf3be5d0cd5e9f7b30f9aba1e3e7a8f5e22a92983faf85297f0d8c060c2847f5
7833,Psychopathy,bad,g-ab631096ac433f72,test,24d5b43227e0850e5c9ca706e2b94dc11064791855e2de6d0f4f10cdfe8c3910
7834,Psychopathy,bad,g-8024fca7c5286da6,validation,a503750e4e53fa40f33159e8e19876ea1ca8f904f22ca51c49cf34a2098310a3
7835,Psychopathy,bad,g-02c6722d0e0d2806,discovery,a04cc770589435fcda2cb18206575d2f13ba009d7b8b6bf408d82b75e6dffd82
7836,Psychopathy,bad,g-362b8cce6c51d305,discovery,92b2e0c2c2767d177c9dccc418e279cf6c57364e98c022d20e7bc7a6013bc87a
7837,Psychopathy,bad,g-67bbb6a9a83eaac6,discovery,ba1514edf6aa0560b55e5575e5e7b36a5aa65ba0355a05abe1c529338ffd701d
7838,Psychopathy,bad,g-1db556ed2185f676,discovery,f39cf41744ea1110110d207cf1c4dab6debbebbacb4d7889698f73b5ddcf2c00
7839,Psychopathy,bad,g-f90428d154738ef8,discovery,efe2f20e4e932b7ebd10488d8f4ab16c0392edf36b9a55b1408958727b4363e8
7840,Psychopathy,bad,g-d3f46d231eada42d,discovery,9ffa3f4590f2ea283fe65dc2c7e4c1e61eb76ddb34144fbcbfba710a13030e60
7841,Psychopathy,bad,g-e7e1c36b12efcc1d,discovery,285d4749b3dc7c12c80ac83055cacdddff0306b35d08dc9fcc64948ec1eb486c
7842,Psychopathy,bad,g-ec36448ce189010e,discovery,d84be37b708a57db196497d339722711f35a36a5e1ae28af99476072158aa01c
7843,Psychopathy,bad,g-d06640a5849be0ed,discovery,063800c2f5af34d3e9eab4f3b6c7a6a63efa9dec5780795a946b445b3788db5a
7844,Psychopathy,bad,g-1f4d28dea01ca425,discovery,b377fa404e67dde9279a608edf5915cfb80c1e41a15b890ad42809239ea1b361
7845,Psychopathy,bad,g-d0e9131be1a9adf5,discovery,975879700a8265c0c92c9ff19f20cf72ebc15c75871ee92e6573bb44c5991f94
7846,Psychopathy,bad,g-0c9184c527b8da88,discovery,d68aff257043c2b3ff55668a5c75f9325f095dcb69697cc76400ae66bcb49fb2
7847,Psychopathy,bad,g-1d4f92505b55db49,test,7a4af390c0199341f3fe2a9bd8665d4f8434cbfe99d641bd7d86e4aa145bc5e5
7848,Psychopathy,bad,g-e740e3d074b47c9f,test,b33bea25b793b315317a9a54ce818fb6f45f340324f089aa84fa2b81146fb59b
7849,Psychopathy,bad,g-106bc4cfb5a6ef30,discovery,9fd01bd407fa2ac5908e6a556e1c89968885933509eb37be8381f8f95eea5ee8
7850,Psychopathy,bad,g-ad613b8d4ce70ac9,discovery,45b11c24c7b15a0b3b2980e20e6ae2632c23cb6501455a410aa61ed36a2512e9
7851,Psychopathy,bad,g-0c4ecf4f72f2d17d,discovery,50cf0097ab2ac69311ebd8f8002d008b031c8dcc75df14c535d236408b2dc4ab
7852,Psychopathy,bad,g-a1def4839b45fca5,validation,96bd0e7cb95cc13c0245574ee84f0b1887e59c8e962486aefd1ea790b5963d0d
7853,Psychopathy,bad,g-d784689b6d226305,discovery,c8749918924df4dade83164f8ed7711dac26e8ae0fc4a91b769ab51f4d3dbc2a
7854,Psychopathy,bad,g-c35275823619dd1a,discovery,1be631ea83a531171f5bb86d8ac9f37d71cf3228bd0f6e529f26ad0403c2f222
7855,Psychopathy,bad,g-9cebca62dc4d87c7,discovery,96d8d5f33ca4118b4cb0fab8faf3cdcf445634c9a30a0273221c60cd2f098efb
7856,Psychopathy,bad,g-e693ae8adef0bee8,discovery,90d0c1fc2628054801b016afaf1f38ec1f884423173b704416d5a94f21f61f97
7857,Psychopathy,bad,g-109b711168513d9a,validation,fa80996d6fc72ef250bee873aacc8c04d868f472b76d71a708916c87f6fa88da
7858,Psychopathy,bad,g-61093b8b16117838,validation,8e477dc6c631788e6c5c299cd4d600a37957db5595f32a25629dda0880867347
7859,Psychopathy,bad,g-88bbaee419f92231,validation,a3bf41a94dab24f25cf9bfc080518e0d16a627eac998673bb097e720070d7e08
7860,Psychopathy,bad,g-c229a7adca7be6c9,discovery,194ae1eb8e54e6b08ee417630498868e2c636ebabbef9ded74ba7bd905c49488
7861,Psychopathy,bad,g-f220eb5dc9a721bd,discovery,96d3d01f79c7b11942897178a295df950d799b6b77b062a3e4c1a42a6477a1c6
7862,Psychopathy,bad,g-b8279c08f20cc666,discovery,79ad9296ac2601c9197c22a693b7eebcda2152eb1ec211c692b1133eef62d7c9
7863,Psychopathy,bad,g-f607acf51f8ad788,discovery,ac361775a89917f500b5cd09f8527333e6cbca67e501de3988812f29c6449703
7864,Psychopathy,bad,g-7e5f8a9bd56f72a4,test,892ab5b3ea0f5ea078c68a6375d9ee0e5e9f1d75dd4b5e373d6901cc0ed7d8f2
7865,Psychopathy,bad,g-d5d345224d210f90,discovery,ede1b6b252a83f733f3295587b44d4eaf2773628d64671494a04f6ead8721ceb
7866,Psychopathy,bad,g-0af10dac56d8a078,test,b530a0e094d9b56c93019b86dfa23853c8ad1ebc2b77490869cdb9f947ee59b7
7867,Psychopathy,bad,g-87b801061f53fd51,discovery,9fec665dec537081504ad9a0bcb3562146b0a6969a25fdea62f13da8d853df9f
7868,Psychopathy,bad,g-f9b287d55b432c46,discovery,af005760b0e6f7bad4c12c5a70174b19a1faaaffe1e5ef2618016d88199029ec
7869,Psychopathy,bad,g-dbbb621485281a0d,test,6863333395607a2f6e663b508a0b7edc72d16bcd022a5c4e79af2d8e424146b8
7870,Psychopathy,bad,g-5ce52f6d55b7ce0e,test,16fb3e9a98dfc220fca2a357b41041d68124951bd0fd0c9fd7bcdbcaf7b49e78
7871,Psychopathy,bad,g-6e81db87da8b2e33,discovery,12139364fe5df55789ad4e0619c0c0343dcca18c9243de7f3075745e0dcaa121
7872,Psychopathy,bad,g-602085400e3601ef,test,688ef0f931d2789f46155726ede3bd7159822fe120901af047315f1ac6c30738
7873,Psychopathy,bad,g-ef71536f8f950067,discovery,3ef8952c6b85014ee620ee691ed4014f57905a3353ba63bf1d9f1b103fcdd809
7874,Psychopathy,bad,g-0d6d9d734d49d890,discovery,f41c52b993120e92debe1780098bb4f7073cfdbb0c12b4d3728e6983db376cbe
7875,Psychopathy,bad,g-4c8430c634ba50cd,discovery,72ceaf4aa944c924169b7e656535e59f7a804c10cd980d6ebf84eb14c1ae69b6
7876,Psychopathy,bad,g-5294fd24928e4f96,test,dbedfbabb09e8a4f7a95ee3243479c7ec61b625e8b5c09150d984525ab527dd3
7877,Psychopathy,bad,g-533fb0b2799cb6ca,test,1e0864d03a41bd5af89cd0b1a35da59b064be8da0affa55eeefed98b7cb5ec07
7878,Psychopathy,bad,g-d2cd3bf84bf19ec0,discovery,50eee995e334b2eb3ddac12a06a574730b21c6d02d93df6b99af7110aea5e2ab
7879,Psychopathy,bad,g-cd75b877b3e4a279,discovery,d0d0836e84e25be5ae02f6c239dc6e85d2dca6b62e0447efa74fd5a54b86c46b
7880,Psychopathy,bad,g-f8acd015884ffc1f,discovery,81b1c525c5a05c3991b20224ad1165a009708f3ccaba956f40fa3ce3f8ff3dcd
7881,Psychopathy,bad,g-5ed0ae31791f6fd5,validation,e74d3fc124e25fa6701045e9fab4df2ca6f6de57ff88f86c66ddf7454e2650f5
7882,Psychopathy,bad,g-f1766ed12166864e,discovery,f35d07b5efa037ac606066d4b8397f4b53ee55bc6a94912329ef7a8f584da9c4
7883,Psychopathy,bad,g-b31015a0507cb590,discovery,593933b37a448e5e446ccf9b5d9bb0e7f86c60e3d2bb9496f315e48a1ff2c1ba
7884,Psychopathy,bad,g-3bc85c95b54fcee2,validation,a90972921e0379bfa48d9cc674e4adf5be98b69646ee1f1035d918a88910a63c
7885,Psychopathy,bad,g-f780587bcd124624,test,24b6d53ee148a3000c518fd591761ce59b8c9d66d1766a516bf5b3c78b5c6867
7886,Psychopathy,bad,g-5c476f1909c3d05b,discovery,6b6d3e0bd4a2c5de68c82e85f3dd7fe2149db0346035f0527ff52895f5d8f803
7887,Psychopathy,bad,g-1a1355516cce45e5,validation,6adc867fa9b22a35025bf8f9af822bab7fb84dc00448c9f28da37fd35f0cdb3f
7888,Psychopathy,bad,g-b26c9b2ebc4cf728,discovery,a32dc2c82fff5c92741b42e0f7d234d4a53cca5e6a19f493f0afe1da7da61e1a
7889,Psychopathy,bad,g-9b8594e940bb7813,discovery,44de94fe05dfb16c475fe9e790b0d6142f2b058cd8dc9df53a088edbc9f12db6
7890,Psychopathy,bad,g-294e79c55612ed04,discovery,d543a3875de4e328af1a238317d2684ea49a63ff8c435544c48de354b9b587bc
7891,Psychopathy,bad,g-175c7c3435187948,validation,06089275a6fd639cc0b7ed6b7bc1cd7d837c99ff8e6e26db0f0930686acdf090
7892,Psychopathy,bad,g-a512a00d9544effb,discovery,8d0ed05d852655aa2c5c367418a9852417552e1be8594bbc1cd002a68164d4c0
7893,Psychopathy,bad,g-1d05179773a22572,discovery,ffd5a9e4a6a8b0e3c8cc6b1ac1a8be583e012922b973e0a8f5bed9379a49be72
7894,Psychopathy,bad,g-e8408388ec4e267b,discovery,94b0ea188f44738493cf6a2ca71fd07fb46cf123f16d3fa0bc41c00ed21a1067
7895,Psychopathy,bad,g-2e45737b20f06963,discovery,45b3b547d515d9a1d6ecdba6b2dbe0a86d4cb708ab9293cea08695387e22035d
7896,Psychopathy,bad,g-0ee1595e5cdc2607,discovery,7093e95eb175cb2e0c497f80423ce33ed423bc21cc31b8aa8a737f5f9c5580af
7897,Psychopathy,bad,g-0de58cba1c690a45,discovery,2dce484cebbc3d982c3d7574df3ad7335828976fb428f5bce657f112deaa6785
7898,Psychopathy,bad,g-1b3cdc437cf27415,discovery,61cf34783b8ed8f5034e0248e4b015a798b767abadfe407fdf7573fb319640ca
7899,Psychopathy,bad,g-8245fb411e2a252f,test,d3d9aeb61e709087296965fb50817311f2e50b991bb3aada8d2c2f78c43eb1d8
7900,Psychopathy,bad,g-cce3828f677a7f01,discovery,343a33a92ff3cb4e510b2247da9ef78db0838efe25b99e16e9cd162e1f7f6812
7901,Psychopathy,bad,g-71bf9ed1dab5f455,discovery,d1549efd4ba48456f2cac1ee0dd7da4d77562e66244e54d156632fd12dcdf8a1
7902,Psychopathy,bad,g-e4cad22428f28c84,discovery,28bbe2711a65aa9537eacb8277431890aaae5fc37d7d9d6d252d62554fd26e42
7903,Psychopathy,bad,g-8e5dda710f2772b3,discovery,eae08e223d5e9d36d67fed09cf99bf24c0246aabd383e329e87c3057b5f46835
7904,Psychopathy,bad,g-34ec88eb9c422451,test,5b64daf3f2e5ebdffba34fd7a3db7578c25a31d9a2e6e75d019e92693330c24e
7905,Psychopathy,bad,g-e7e2bac0d2bd9417,discovery,8aff91e4be38bf1d80c89bbddcc9c30dda7cf8dd472699671f7a4715c1139288
7906,Psychopathy,bad,g-47f3a288ee2d0058,discovery,5868cf59f38c22acbe7bf209bb3ba01e05ee8177aa213c77f011fe9f43eb07a8
7907,Psychopathy,bad,g-835b4c01fa0e72c7,discovery,1d845ba3fc6bf4db9fc91adf4dd899aaf19b854e620491196cefc17cf07cc8fe
7908,Psychopathy,bad,g-ad0f88acf3236b73,discovery,d2383f5889b3a583b6ed2bac762ad5c530dade3445940378985c09f5dfb493ed
7909,Psychopathy,bad,g-809140f35bd5b5e9,discovery,a1b4f4fb86f872acda75f9c8e7572a84318314edd669a5e2b760fc3a6fbdf7dd
7910,Psychopathy,bad,g-9ac91bd1b0f44422,discovery,7aeeb00d021194999256e43ea18ab4ef8c5a11ce7782f1f749ae94be98e5d137
7911,Psychopathy,bad,g-2c55d2b084f5389a,validation,cdfefca4868c4d7bdd1343ce56eb9b46ffa72f1f06894e001f98ad165f33f55b
7912,Psychopathy,bad,g-596cf68bc0b10973,discovery,dddc8e510d108bf8443a0318ed89e1e839615cc0fef582a7323f2e5262411f97
7913,Psychopathy,bad,g-43cbe8ace9d272c2,discovery,2f92998fc32aab7e0a91619b6ee55ddd5d69bd8557a948d0f2b77450356a9d3c
7914,Psychopathy,bad,g-2d78cc2a169e2c3d,discovery,8f5c5436f54bd8b446c7d6abfa8f2c03a09fbfc7791ee2932e367b2b38176e3e
7915,Psychopathy,bad,g-ce25a24a6756b4b4,test,651a1ef493f1ed4d839201b6d2b7194fecb34c037463ff61242f273749706dea
7916,Psychopathy,bad,g-36c02bbbc3d9dbe5,discovery,2b243bec422cb37b7caa538b48ec4fb760a943224eb1ce71b8164aaccc4aa7d0
7917,Psychopathy,bad,g-6ab3c54d75bff1b3,discovery,47a26b7522db26b04da238701ab55ea0dbfa3744fcaf5804a7cd51ab3b442664
7918,Psychopathy,bad,g-66b62be65ab7e733,discovery,20531603930c81ec9cd48440bdcd55c36120faef33f451566033d0a444d2b595
7919,Psychopathy,bad,g-12c514fb61044e77,discovery,80a5e897db2c04031d64e9577dba10ae4f573c46dc42349e94424d7f2f6560d3
7920,Psychopathy,bad,g-8e41264f36e18046,validation,cc130beb850f8917e94c0e9656b06e0c567e744c194ef9129c8736b030a00d7d
7921,Psychopathy,bad,g-d89948755ab0dda7,discovery,9ea94392ed5a1b217a0db8a4c40794eba6e639ca9c72c47a7170de797a928c73
7922,Psychopathy,bad,g-bb253b72d894bdf4,discovery,710a62af557a394fb009e8a469be16a23ed03045632095bea345638897d4ac12
7923,Psychopathy,bad,g-b4141636d433ae11,discovery,9a1c40b228d23883e9a886daed13857313fbc1fbc23252f4e1fdf50fc65cd5d0
7924,Psychopathy,bad,g-9b04732e6f0f0d5c,discovery,d68a268a0412983a09ccecc6db9330ba23852e95760e6110656601409924f4b5
7925,Psychopathy,bad,g-53d4a9b0976cf8a7,discovery,b8f2c66ef447d0489b105b98048cc57b90aea415c9d88bf05a471f61135fb631
7926,Psychopathy,bad,g-01a977c6907d22a8,test,13332a1101583299ea3b6213b98610b90b378dd29880b7dc65d2d85de5648243
7927,Psychopathy,bad,g-244897a08cfe9868,discovery,c6d7c208cfe6f03a901b84552ba19ffdf7dea1a06093e14c20a1d1b1fffe6da5
7928,Psychopathy,bad,g-76316817e941339d,discovery,3f72046625300889037e69d022ec8c630c91b9af147900083d9d74135243247f
7929,Psychopathy,bad,g-360ea61e74380bf4,test,7e7735b93a07456ba270659b28cd6b0adc5b2cf85742af14e7e150f3f75eecdd
7930,Psychopathy,bad,g-1e2f7519103ff4b5,test,49adb330733ddf24ff8f3b927a61ab050a06d035365d36dda3180c907ddcb363
7931,Psychopathy,bad,g-887f393e5cf1e063,discovery,68cf091e71c18a42a11dc1acae846bc288b1b7f066912fdf6cd82c2ff88e5d16
7932,Psychopathy,bad,g-7317bf179bcd335c,discovery,f70fdc61c74542802b7495e673329126931b7e222cc740fe5cbc3dd9d6d56e69
7933,Psychopathy,bad,g-a1e0873fe168af12,test,5723b74bce1665a3a296f1c11842f97177e61cd6bed70b29caf69edbf781d249
7934,Psychopathy,bad,g-cbdedfe019142896,validation,8c5565bf8bc45fdaa99bbab961e32e804f0fc340e8b6dedd8f72a0d353179d0a
7935,Psychopathy,bad,g-82771857af9fe9cf,discovery,73a49b3a6dff18f45893276b7f01df952118377c9319cab807f5318f105d4103
7936,Psychopathy,bad,g-61610f312c70fe74,validation,04959aa0c39ee4b340056e0aa70ae6c7027c77c4250924714aa1f0f894e06a25
7937,Psychopathy,bad,g-ff096a965770154b,discovery,b28b30e3e2fbd9a2d8ce0cadeb2748fd36dc0a1c0f4f069b573ec5ecacd2edf1
7938,Psychopathy,bad,g-332b2584df572883,discovery,920bf625c1a24d096e21990bb17095531921170a3a98ce9c5bff3f749648bc02
7939,Psychopathy,bad,g-6361b78636ff3226,discovery,438bd984e7d2dc7f04a67b12d9624c71df6511ad53ac7607d99880889ead4f29
7940,Psychopathy,bad,g-72424c0a70fd2188,discovery,f9b5313f0bae695b7220454abb30b03c3994a68dc2f99223bd21c5fb61b9cdc3
7941,Psychopathy,bad,g-2cdc75f12e6b8e80,validation,492162665e8f34e83efa55d55aa5ad7b9a1fed59a28cda6c828c42590c6b6428
7942,Psychopathy,bad,g-7bbb52675c57c2db,discovery,beff26d843076a6f76aff0e0771a4f2b66b458814fe7e7de87fa095740508c88
7943,Psychopathy,bad,g-e7e8e5c28508773a,discovery,4290f259bdebace115e3545e4bb2b48dd02873fb3828be44b8f989e3a985e1e1
7944,Psychopathy,bad,g-33494b9ac9faeeec,discovery,455e2f30730678cad37326fd3bf3c7bbac406628cb01992c56402d734a074887
7945,Psychopathy,bad,g-0c6d5d4b938ba64b,validation,cd17dfedd8c5775c8b1374674656da6462f64a220e8e0e020c47259de0cc279e
7946,Psychopathy,bad,g-23b8a5ff648481f0,discovery,5391b989e5abbdd67998588b46c68e5f58ae17fc613c2a0fcaacf98612e1e5a1
7947,Psychopathy,bad,g-cbc65a9ef8d166c2,validation,7337b576d8dd538f98addb7bd4d0bdae8d27a64fcc6a6403c41d406beaee129d
7948,Psychopathy,bad,g-c02c1ddc79fd5f3b,discovery,14796d4062cd54b157923adf2a4f7f999e8da0781b902bba8e448c32a4444cd4
7949,Psychopathy,bad,g-033a3845f6bb32fa,discovery,48d58a2615b75c68e1b03ed28323b3d3cbf071d1ea5a5cd46188167f27bf1d52
7950,Psychopathy,bad,g-9b39a9d9f6c5a80b,validation,9de9ceec62d97a98e8424d45b194f820c08664c18853aea9f9b6bcfee6ec5326
7951,Psychopathy,bad,g-1d4bb07c99cda991,discovery,6662921d42c868d73934c5469198877b4625f94f44ba4c048b2d4781e863e73f
7952,Psychopathy,bad,g-8bcaf85108490a3b,test,ffa83d76e1b4c95c3a9b72043b4132e5bfe5360e65dd833cb962405db80f0bfa
7953,Psychopathy,bad,g-39ea9dffdfbe6e41,discovery,e9ca527ee9625536b1790683aa4f45906870f2138ee981303fabbad2b5617c1a
7954,Psychopathy,bad,g-4bb78ab549fa2dd8,validation,3d7577b3a066b3e584ae7b0b0695566d17dee062746f44f739cca801c14c810c
7955,Psychopathy,bad,g-34e29739dbc9a3fd,validation,0a800c9bd87c831797c30eb867cc3a0c6b7738d839e31a35ee1f7deb61db5444
7956,Psychopathy,bad,g-8eb32d9c793f09ed,discovery,58ad7351c665c3a1895f1787bb292c951adf93a11f49d089314e0c9a5434363d
7957,Psychopathy,bad,g-aa81a7d6ef19e679,discovery,f0db4dadc3a98715069430760b8227ee7ec2c452b062aa369080814296485c26
7958,Psychopathy,bad,g-4f1bf530dfb32654,discovery,21240d9401d7c98e1683105c41c64a2533979b37279abb4409a26960851bd225
7959,Psychopathy,bad,g-f6ded94a577002b6,validation,b18a2346ec1bcad6c828e5051b68dfb26fde87869cffdd1189b0b4f436fcf52a
7960,Psychopathy,bad,g-6f7517239682eb17,validation,3e886131ee55e9a4a64deda69a01a3be9e4f2cde394e03b85018b21d191307b3
7961,Psychopathy,bad,g-f1e0bbb239fe8f60,discovery,147d08be943868b3cd968a8765b4afaf1848eabd2969925504becea6aaf4a9bb
7962,Psychopathy,bad,g-5213a24d14634467,test,f3891da9897ba642c9969c93eb78b0a66dbfb21cdad70294cd488ec2728a2c80
7963,Psychopathy,bad,g-b781bcb89353e48a,discovery,eaf9e7de841cae92d7ebb8c76221d793c45c8feff221dec3495b9bf803849721
7964,Psychopathy,bad,g-1d3cc5a811cba709,discovery,515155ede22e53ff7d7c8fe50e68c1929ccc57c7ec36087d57e8beddb1f5171f
7965,Psychopathy,bad,g-26b026ee5908d150,test,9fae57aa7a36f7ba991654ebab7f3c2fbd1442539c54f8e993ae771b595f23ea
7966,Psychopathy,bad,g-e0f45e054d9f5d6b,discovery,75a42d80ef15f1ce2f5fa64acc64a521a0aceb617ce64e45cee3e70b5d451ffb
7967,Psychopathy,bad,g-70491778b85dcc50,test,8d479295b337535c93074001cecdef2c1573561606682ccf7ddb0e70d17d71ee
7968,Psychopathy,bad,g-04fe434d82c2b4a2,discovery,49b32bd6270478be326c3b66112a890b2c9b497596a3cfa176524cf89474a43e
7969,Psychopathy,bad,g-32ad7147b896e907,test,333d8d3e244bc8a2ec57dd387e99d567a298b35772f1d2959bf5ca5fdb0e68cd
7970,Psychopathy,bad,g-945a2c708d0063f9,discovery,daa27c3b674d1a4266b4ecd016e17d8dd26993532bd0a96fba3a9c7ebe365de9
7971,Psychopathy,bad,g-fd53dde02eaa8ee3,discovery,5cfe4604eb311ac6a8661e7d3aed97bb444c4f1af469c16495e6fad73380fd4d
7972,Psychopathy,bad,g-584eb8b00e017c7d,test,0b9d1177aaf1d3cfeb7d1b43abcbbbc9051e9003118d558b08301268f06a98b7
7973,Psychopathy,bad,g-6cf1dca483c0030c,discovery,594c4c906f13306a7e30cb86aa7ad7110c61441fcfe84516f794ace10558ffc4
7974,Psychopathy,bad,g-4486031158301cec,discovery,6d5d7d026853350eaf4354af2ed8e92331d3972000df6c00eae12d0793c290cd
7975,Psychopathy,bad,g-bb7c350d78da8aa5,discovery,aeb8955f90a68e59dc09453a86cdb9ca810630cffdcc937bc80c590829083dd2
7976,Psychopathy,bad,g-ef9f00004f64d307,validation,69d76dc47c96495fc3483b9d356afd70d7f1cab02657d563edb31ceb4b10a73d
7977,Psychopathy,bad,g-b4b11adbe772d5e1,test,5b6f366de54bb0f08708ad44d55b37301840b60ee52f831f1f8615b7301c3d84
7978,Psychopathy,bad,g-7d8a550ba0542154,discovery,45eb2613473fcdcefd58ef749f862f9fc9ee81f6425733ca0198bf34bbf4a40a
7979,Psychopathy,bad,g-448610adbd6def97,validation,e33e67cd410476d451d8edf3fadbf05a05fd9a548a023b5be2ef2ba18b849634
7980,Psychopathy,bad,g-9a8c5e58aaf25001,discovery,1f1a759a11bdfa405ea952a9cc15421756004c6df0b58d687d962de3c29c39f6
7981,Psychopathy,bad,g-6696d792a5ac9bd3,test,7726eb821cb42bdbbfbc69508a99676f64b8c4466e8590488b77ecfe87df1ca8
7982,Psychopathy,bad,g-9d30172be303ea3b,test,7d8a4d2d26f920187cdd6cc4fb4d686363b55c2064ed0c786ec709e0fb60f805
7983,Psychopathy,bad,g-5781bc8e38e34433,discovery,8e7e61d3a805f1fad7fd5a40bc962a02b9cdfdb842562cfa01b011380bb6ab22
7984,Psychopathy,bad,g-56609f5d4dbd00aa,discovery,e660acf3141b86fdef342ce0e6cc5b7f8ef98e6f96badbd7cc3f19c055702402
7985,Psychopathy,bad,g-76aaf93c358d2e94,discovery,870e220807cb8d6e48af441447ff2581faee110efae75bba259fc06249b302c0
7986,Psychopathy,bad,g-ac26b7452e316e22,validation,7eed10f6db61e542545b025ed37ea08ad45e1de90a9fed57438bab138b68c882
7987,Psychopathy,bad,g-a12fe998e83b7956,validation,8c45e9165ad79ca2e69da3313cb58ec77bef46647092a77d5a1e4d42238863a5
7988,Psychopathy,bad,g-d51480c0c6f9211e,test,9cfc80bc9f2e175a966083738b1c1b4e3491f4c4bd2a7c13b4cc96a59fe7d60a
7989,Psychopathy,bad,g-5f08ed707d5f7d2c,discovery,35ebd12d428d6e99f2433dd7e30c30713f31b1a893ff592f602c354fa6d83f82
7990,Psychopathy,bad,g-e73bcf1928b7e838,discovery,4ce0dbe77beb7f07615237f2ececc2c1b2b21ab0a145f21c463491219ac70a14
7991,Psychopathy,bad,g-72f2f0c4e41349bc,validation,50a0a02ecf211d7f0195ef41e58f4132fb8fa4ad70a4ca2733d0a5b00dc512b6
7992,Psychopathy,bad,g-e2a4213c3af4e01d,test,f6462c9c73c9519a05a2518aaf2ea0a123ed6463bf16a6e14fc6489bf53d004f
7993,Psychopathy,bad,g-69b897d5d8341bae,test,5b1b265284f467c8bd6e81511e00c2636ab60d41f6c0aa34ea05884483cb2ce4
7994,Psychopathy,bad,g-9da9e9d4f72b6c2d,validation,b038f1df91e36ebd59a71ae110f92354ce2a308407194bc77d71662688852977
7995,Psychopathy,bad,g-34af569bbc543b15,discovery,b53511aaf0070a9aaecdf16a7f0831d777652ee755a44d81c9b01094445ee65d
7996,Psychopathy,bad,g-4708dfa7d98ad7c7,validation,529ea65125328ab3ea72e9d14cc5cd6be1e38ba92ed59d5c937d9748f3a429bc
7997,Psychopathy,bad,g-16cb397dfb8a8eee,validation,60b268e16257d54e96c7a9c867c6dbdee8f4fd90ee5864023ecfd8da5e8007db
7998,Psychopathy,bad,g-3e58e7e91ff418c8,discovery,db756eac43ea14f8d3e6f9fa7923a88144d918f2d8f4b9241d51b51d92c2ff50
7999,Psychopathy,bad,g-f18546e2db498e95,discovery,54dd3e2313683aa620e78e61beafcb8ee4abbd06bab334fda64635b94b096824
